ticker,precio,vcp_score,calidad_patron,num_contracciones,contracciones,profundidad_base,etapa_analisis,trend_score,volumen_score,breakout_potential,listo_comprar,sector,market_cap,razon
MRNA,198.8800048828125,92.0,Excellent,3,35.2% → 17.4% → 16.6%,35.20887766797753,Stage 2 Strong,85.0,82.5,100.0,False,Healthcare,79400042496,VCP 3 contracciones (Excellent) | Base: 35.2% | Stage 2 Strong
ANET,206.5500030517578,91.13333333333334,Excellent,3,13.0% → 13.5% → 12.1%,13.535112570464108,Stage 2 Strong,85.0,81.66666666666667,93.0,True,Technology,260505960448,VCP 3 contracciones (Excellent) - PATRÓN SÓLIDO | Base: 13.5% | Stage 2 Strong
APH,84.08999633789062,90.23076923076923,Excellent,13,24.4% → 17.2% → 17.9% → 5.2% → 8.5% → 23.8% → 9.0% → 7.6% → 18.2% → 12.7% → 5.4% → 12.3% → 4.8%,24.443241004533785,Stage 2 Strong,85.0,73.65384615384616,100.0,True,Technology,207363145728,VCP 13 contracciones (Excellent) - PATRÓN SÓLIDO | Base: 24.4% | Stage 2 Strong
SWKS,89.33999633789062,89.80555555555556,Excellent,18,33.2% → 9.9% → 14.3% → 6.1% → 12.6% → 17.8% → 7.8% → 9.8% → 15.5% → 7.9% → 18.6% → 10.7% → 30.0% → 6.5% → 12.2% → 5.0% → 10.4% → 5.3%,33.17620435739958,Stage 2 Strong,85.0,71.52777777777777,100.0,True,Technology,13443237888,VCP 18 contracciones (Excellent) - PATRÓN SÓLIDO | Base: 33.2% | Stage 2 Strong
MSFT,516.1699829101562,89.47619047619048,Excellent,21,10.9% → 9.3% → 3.7% → 4.4% → 4.1% → 10.4% → 18.9% → 9.7% → 4.3% → 13.7% → 4.7% → 5.1% → 7.4% → 6.3% → 5.1% → 25.1% → 5.6% → 7.0% → 7.1% → 4.6% → 5.8%,25.115801612190538,Stage 2 Strong,85.0,69.88095238095238,100.0,True,Technology,3832843862016,VCP 21 contracciones (Excellent) - PATRÓN SÓLIDO | Base: 25.1% | Stage 2 Strong
NVDA,225.07000732421875,89.25,Excellent,22,15.7% → 13.5% → 3.5% → 9.4% → 3.5% → 6.6% → 6.7% → 12.1% → 7.5% → 11.6% → 4.9% → 9.1% → 9.4% → 10.2% → 11.7% → 14.1% → 4.5% → 11.3% → 7.4% → 11.4% → 9.1% → 6.7%,15.684054411653092,Stage 2 Strong,85.0,71.25,95.0,True,Technology,5434765213696,VCP 22 contracciones (Excellent) - PATRÓN SÓLIDO | Base: 15.7% | Stage 2 Strong
DE,690.4600219726562,88.92307692307692,Excellent,13,18.2% → 6.7% → 8.8% → 6.8% → 5.4% → 13.3% → 7.9% → 9.8% → 5.7% → 8.4% → 7.7% → 6.6% → 4.9%,18.230758998254608,Stage 2 Strong,85.0,67.11538461538461,100.0,True,Industrials,186165559296,VCP 13 contracciones (Excellent) - PATRÓN SÓLIDO | Base: 18.2% | Stage 2 Strong
QCOM,201.97000122070312,88.55882352941177,Excellent,17,18.3% → 11.2% → 6.2% → 4.1% → 28.0% → 3.3% → 12.7% → 6.1% → 6.3% → 4.7% → 22.9% → 26.6% → 26.3% → 16.0% → 20.0% → 4.6% → 6.4%,28.040118590612533,Stage 2 Strong,85.0,65.29411764705883,100.0,True,Technology,215716184064,VCP 17 contracciones (Excellent) - PATRÓN SÓLIDO | Base: 28.0% | Stage 2 Strong
DHR,224.49000549316406,88.54347826086956,Excellent,23,11.6% → 3.7% → 3.2% → 4.4% → 5.1% → 5.4% → 11.0% → 5.8% → 9.0% → 12.9% → 7.8% → 5.3% → 5.0% → 12.7% → 12.1% → 5.8% → 7.9% → 4.1% → 4.3% → 19.8% → 8.2% → 4.7% → 5.6%,19.76862242211104,Stage 2 Strong,85.0,65.21739130434783,100.0,True,Healthcare,157813342208,VCP 23 contracciones (Excellent) - PATRÓN SÓLIDO | Base: 19.8% | Stage 2 Strong
HPE,62.939998626708984,88.42857142857143,Excellent,7,30.4% → 9.2% → 18.9% → 14.4% → 12.8% → 19.1% → 18.1%,30.365755960808915,Stage 2 Strong,85.0,72.14285714285714,85.0,False,Technology,83550633984,VCP 7 contracciones (Excellent) | Base: 30.4% | Stage 2 Strong
FTNT,173.4600067138672,88.3,Excellent,4,15.6% → 10.1% → 8.0% → 10.6%,15.603170460060312,Stage 2 Strong,85.0,70.0,88.0,True,Technology,127269978112,VCP 4 contracciones (Excellent) - PATRÓN SÓLIDO | Base: 15.6% | Stage 2 Strong
INTC,123.0,88.0,Excellent,8,22.9% → 22.4% → 16.2% → 37.1% → 23.5% → 8.0% → 20.9% → 8.5%,37.063580964835644,Stage 2 Strong,85.0,62.5,100.0,True,Technology,650190913536,VCP 8 contracciones (Excellent) - PATRÓN SÓLIDO | Base: 37.1% | Stage 2 Strong
MU,1082.280029296875,87.72857142857143,Excellent,7,21.6% → 28.9% → 22.4% → 27.1% → 17.3% → 11.7% → 10.3%,28.94046760781658,Stage 2 Strong,85.0,64.64285714285714,93.0,True,Technology,1222319669248,VCP 7 contracciones (Excellent) - PATRÓN SÓLIDO | Base: 28.9% | Stage 2 Strong
TECH,72.61000061035156,87.6923076923077,Excellent,13,19.1% → 8.4% → 14.3% → 14.5% → 22.4% → 7.6% → 17.7% → 5.7% → 6.0% → 18.3% → 24.2% → 5.9% → 5.8%,24.223811540287993,Stage 2 Strong,85.0,60.96153846153846,100.0,True,Healthcare,11386572800,VCP 13 contracciones (Excellent) - PATRÓN SÓLIDO | Base: 24.2% | Stage 2 Strong
NTAP,201.14999389648438,87.6,Excellent,5,20.5% → 9.3% → 11.7% → 8.0% → 23.0%,22.988614809068796,Stage 2 Strong,85.0,63.0,95.0,False,Technology,39508701184,VCP 5 contracciones (Excellent) | Base: 23.0% | Stage 2 Strong
SMCI,43.2599983215332,87.43478260869566,Excellent,23,12.2% → 16.3% → 42.6% → 19.1% → 8.8% → 10.6% → 14.9% → 16.0% → 12.3% → 10.9% → 8.6% → 40.6% → 14.4% → 13.0% → 13.7% → 19.0% → 46.1% → 31.0% → 19.7% → 21.2% → 8.7% → 19.4% → 9.7%,46.089497545012314,Stage 2 Strong,85.0,59.67391304347826,100.0,True,Technology,28420321280,VCP 23 contracciones (Excellent) - PATRÓN SÓLIDO | Base: 46.1% | Stage 2 Strong
MRVL,261.94000244140625,86.21428571428572,Excellent,7,24.7% → 24.1% → 40.7% → 24.2% → 9.4% → 12.7% → 21.2%,40.66869794346717,Stage 2 Strong,85.0,61.07142857142857,85.0,False,Technology,235402199040,VCP 7 contracciones (Excellent) | Base: 40.7% | Stage 2 Strong
BE,288.70001220703125,85.5,Excellent,8,17.8% → 22.0% → 28.6% → 29.5% → 50.8% → 15.8% → 26.6% → 13.4%,50.83312511444091,Stage 2 Strong,85.0,50.0,100.0,True,Industrials,85030051840,VCP 8 contracciones (Excellent) - PATRÓN SÓLIDO | Base: 50.8% | Stage 2 Strong
KDP,31.950000762939453,83.8529411764706,Excellent,17,17.5% → 6.8% → 3.8% → 5.9% → 3.1% → 4.7% → 3.2% → 3.4% → 3.9% → 7.7% → 10.2% → 6.5% → 7.3% → 4.7% → 13.5% → 6.5% → 3.6%,17.460322373594895,Stage 2 (Uptrend),65.0,71.76470588235294,100.0,True,Consumer Defensive,43478392832,VCP 17 contracciones (Excellent) - PATRÓN SÓLIDO | Base: 17.5% | Stage 2 (Uptrend)
PANW,374.739990234375,83.83333333333334,Excellent,3,14.5% → 16.3% → 17.8%,17.769756321487318,Stage 2 Strong,75.0,71.66666666666667,70.0,False,Technology,306537299968,VCP 3 contracciones (Excellent) | Base: 17.8% | Stage 2 Strong
DELL,562.8900146484375,83.8,Excellent,6,23.9% → 14.7% → 12.0% → 20.6% → 21.1% → 14.3%,23.94188828316784,Stage 2 Strong,75.0,72.5,68.0,True,Technology,357892653056,VCP 6 contracciones (Excellent) - PATRÓN SÓLIDO | Base: 23.9% | Stage 2 Strong
COIN,195.11000061035156,83.51428571428572,Excellent,28,21.0% → 12.3% → 24.0% → 28.8% → 9.9% → 20.8% → 8.4% → 44.8% → 17.0% → 7.8% → 9.9% → 25.8% → 8.8% → 13.9% → 17.8% → 12.5% → 23.9% → 22.9% → 8.0% → 21.1% → 11.0% → 9.4% → 15.3% → 18.0% → 6.3% → 5.4% → 11.2% → 13.0%,44.820770281422476,Stage 2 Strong,75.0,68.57142857142857,73.0,True,Financial Services,51477221376,VCP 28 contracciones (Excellent) - PATRÓN SÓLIDO | Base: 44.8% | Stage 2 Strong
BDX,183.82000732421875,82.67857142857143,Excellent,14,15.0% → 5.9% → 4.4% → 3.8% → 4.0% → 10.6% → 8.7% → 5.0% → 8.2% → 4.6% → 7.1% → 6.8% → 3.4% → 8.1%,15.019843477263981,Stage 2 (Uptrend),65.0,68.39285714285714,95.0,True,Healthcare,50070147072,VCP 14 contracciones (Excellent) - PATRÓN SÓLIDO | Base: 15.0% | Stage 2 (Uptrend)
HOOD,119.4000015258789,82.21304347826087,Excellent,23,18.2% → 13.8% → 8.0% → 30.1% → 16.7% → 21.0% → 8.4% → 13.6% → 35.5% → 21.9% → 9.2% → 19.1% → 14.8% → 8.4% → 12.9% → 25.1% → 10.7% → 16.4% → 17.5% → 9.4% → 29.9% → 8.9% → 10.5%,35.51946587392881,Stage 2 Strong,75.0,64.56521739130434,68.0,True,Financial Services,107350425600,VCP 23 contracciones (Excellent) - PATRÓN SÓLIDO | Base: 35.5% | Stage 2 Strong
LITE,941.6500244140625,81.4090909090909,Excellent,11,16.6% → 15.7% → 16.3% → 22.2% → 17.5% → 26.1% → 31.9% → 22.5% → 33.7% → 21.5% → 15.6%,33.685615735176285,Stage 2 Strong,75.0,62.04545454545455,65.0,False,Technology,84466008064,VCP 11 contracciones (Excellent) | Base: 33.7% | Stage 2 Strong
SNDK,1777.800048828125,79.33333333333333,Excellent,6,18.6% → 36.9% → 32.1% → 41.2% → 19.6% → 22.5%,41.15729438067254,Stage 2 Strong,75.0,54.166666666666664,60.0,False,Technology,260303716352,VCP 6 contracciones (Excellent) | Base: 41.2% | Stage 2 Strong
CRWD,252.1300048828125,79.26666666666667,Excellent,3,19.9% → 5.4% → 20.3%,20.334063519488325,Stage 2 Strong,85.0,61.666666666666664,85.0,False,Technology,258164703232,VCP 3 contracciones (Excellent) | Base: 20.3% | Stage 2 Strong
EXPD,187.4600067138672,78.83333333333334,Excellent,3,10.4% → 5.9% → 4.2%,10.445726745126263,Stage 2 Early,50.0,69.16666666666667,100.0,True,Industrials,24368044032,VCP 3 contracciones (Excellent) - PATRÓN SÓLIDO | Base: 10.4% | Stage 2 Early
SNPS,425.760009765625,78.43181818181819,Excellent,22,12.3% → 18.6% → 6.8% → 6.2% → 3.3% → 8.0% → 6.1% → 21.3% → 8.8% → 10.9% → 8.4% → 14.1% → 4.2% → 6.6% → 8.8% → 17.5% → 8.6% → 8.3% → 19.4% → 8.0% → 4.6% → 8.8%,21.343543804440422,Stage 2 (Uptrend),55.0,67.1590909090909,85.0,True,Technology,81591214080,VCP 22 contracciones (Excellent) - PATRÓN SÓLIDO | Base: 21.3% | Stage 2 (Uptrend)
ULTA,545.2000122070312,78.42,Excellent,25,10.9% → 6.8% → 4.0% → 9.3% → 5.1% → 6.0% → 3.3% → 10.1% → 5.8% → 7.2% → 12.5% → 21.5% → 7.5% → 6.3% → 10.6% → 13.7% → 13.0% → 7.0% → 10.2% → 4.5% → 4.6% → 13.0% → 5.3% → 8.0% → 6.6%,21.49485432559691,Stage 2 Early,50.0,69.6,95.0,True,Consumer Cyclical,23311374336,VCP 25 contracciones (Excellent) - PATRÓN SÓLIDO | Base: 21.5% | Stage 2 Early
ETN,439.9800109863281,77.44444444444444,Excellent,9,15.3% → 5.0% → 12.1% → 8.8% → 9.3% → 8.8% → 14.2% → 14.9% → 10.1%,15.335188721268157,Stage 2 Early,40.0,77.22222222222223,100.0,False,Industrials,170888232960,VCP 9 contracciones (Excellent) | Base: 15.3% | Stage 2 Early
ICE,154.30999755859375,75.36842105263158,Excellent,19,10.6% → 3.2% → 3.4% → 3.4% → 18.1% → 3.7% → 8.2% → 6.4% → 6.2% → 8.1% → 5.6% → 3.9% → 13.2% → 14.4% → 5.1% → 4.7% → 7.0% → 3.9% → 5.9%,18.102814314228077,Stage 2 Early,40.0,74.34210526315789,85.0,False,Financial Services,86628786176,VCP 19 contracciones (Excellent) | Base: 18.1% | Stage 2 Early
CVX,204.4499969482422,75.33333333333334,Excellent,9,17.2% → 3.3% → 7.5% → 9.3% → 3.1% → 14.5% → 5.5% → 5.9% → 5.3%,17.21857376227735,Stage 2 Early,40.0,74.16666666666667,85.0,False,Energy,401049780224,VCP 9 contracciones (Excellent) | Base: 17.2% | Stage 2 Early
VRTX,526.1900024414062,75.26923076923077,Excellent,13,15.1% → 6.3% → 7.9% → 5.0% → 6.7% → 6.7% → 4.3% → 4.3% → 12.0% → 6.4% → 5.7% → 8.0% → 4.2%,15.142148690514624,Stage 2 Early,40.0,68.84615384615384,95.0,False,Healthcare,133368602624,VCP 13 contracciones (Excellent) | Base: 15.1% | Stage 2 Early
REGN,788.0399780273438,75.19444444444444,Excellent,18,12.5% → 5.0% → 12.5% → 5.8% → 5.7% → 5.6% → 4.9% → 6.1% → 5.9% → 5.6% → 4.6% → 5.4% → 12.8% → 18.9% → 7.2% → 4.3% → 7.7% → 8.0%,18.91436786688411,Stage 2 Early,40.0,75.97222222222223,80.0,False,Healthcare,81132650496,VCP 18 contracciones (Excellent) | Base: 18.9% | Stage 2 Early
APA,42.7400016784668,74.70833333333334,Excellent,12,11.6% → 24.5% → 16.4% → 14.0% → 8.2% → 17.9% → 6.5% → 9.5% → 7.7% → 5.2% → 10.2% → 5.3%,24.503155681152382,Stage 2 Early,40.0,71.04166666666667,85.0,False,Energy,14974024704,VCP 12 contracciones (Excellent) | Base: 24.5% | Stage 2 Early
COP,127.30000305175781,74.625,Excellent,8,17.4% → 4.3% → 11.4% → 10.6% → 15.5% → 7.5% → 5.1% → 5.8%,17.413704203867102,Stage 2 Early,40.0,78.125,70.0,False,Energy,152930271232,VCP 8 contracciones (Excellent) | Base: 17.4% | Stage 2 Early
TER,398.3800048828125,74.025,Excellent,4,39.2% → 20.6% → 11.1% → 26.6%,39.16500803173676,Stage 2 Early,40.0,68.125,100.0,False,Technology,62283030528,VCP 4 contracciones (Excellent) | Base: 39.2% | Stage 2 Early
RMD,222.0,73.8,Excellent,22,16.0% → 5.3% → 7.9% → 7.7% → 4.2% → 5.3% → 6.0% → 11.3% → 4.6% → 15.7% → 6.1% → 4.2% → 14.5% → 7.0% → 14.8% → 4.2% → 6.5% → 4.9% → 14.5% → 6.7% → 10.7% → 11.0%,15.958149303048733,Stage 2 Early,40.0,75.0,68.0,False,Healthcare,32024010752,VCP 22 contracciones (Excellent) | Base: 16.0% | Stage 2 Early
EBAY,107.9000015258789,73.625,Excellent,12,10.3% → 6.1% → 9.6% → 5.5% → 5.9% → 4.2% → 4.0% → 7.0% → 7.5% → 9.9% → 12.7% → 5.9%,12.737692217372146,Stage 2 Early,40.0,65.625,85.0,False,Consumer Cyclical,48015499264,VCP 12 contracciones (Excellent) | Base: 12.7% | Stage 2 Early
DDOG,268.1300048828125,73.52000000000001,Excellent,5,21.4% → 10.9% → 8.6% → 14.1% → 25.2%,25.184476944956074,Stage 2 Early,40.0,67.5,85.0,False,Technology,96278781952,VCP 5 contracciones (Excellent) | Base: 25.2% | Stage 2 Early
NEM,121.43000030517578,73.39999999999999,Excellent,15,19.9% → 6.8% → 17.0% → 21.6% → 5.9% → 11.6% → 11.6% → 14.3% → 6.2% → 16.6% → 18.2% → 7.8% → 9.6% → 8.2% → 10.2%,21.60545345991886,Stage 2 Early,40.0,73.0,68.0,False,Basic Materials,127949856768,VCP 15 contracciones (Excellent) | Base: 21.6% | Stage 2 Early
STX,916.8300170898438,73.37142857142857,Excellent,7,17.1% → 31.3% → 25.3% → 25.4% → 17.4% → 23.7% → 12.8%,31.303891217170637,Stage 2 Early,40.0,60.357142857142854,93.0,False,Technology,208480731136,VCP 7 contracciones (Excellent) | Base: 31.3% | Stage 2 Early
JPM,343.05999755859375,72.88461538461539,Excellent,13,11.7% → 14.5% → 5.3% → 4.4% → 7.2% → 4.8% → 4.1% → 5.4% → 4.6% → 4.6% → 4.3% → 4.4% → 3.9%,14.491414730945829,Stage 1-2 Transition,30.0,76.92307692307692,85.0,False,Financial Services,911917383680,VCP 13 contracciones (Excellent) | Base: 14.5% | Stage 1-2 Transition
PYPL,55.040000915527344,72.68,Excellent,25,15.4% → 18.2% → 14.5% → 6.4% → 8.2% → 6.4% → 4.9% → 32.4% → 9.2% → 8.3% → 7.8% → 7.8% → 5.3% → 4.0% → 6.0% → 14.5% → 6.2% → 12.3% → 6.9% → 4.7% → 4.9% → 3.5% → 4.8% → 17.2% → 10.6%,32.44135482511285,Stage 1-2 Transition,30.0,71.9,93.0,False,Financial Services,47084568576,VCP 25 contracciones (Excellent) | Base: 32.4% | Stage 1-2 Transition
PH,978.3300170898438,72.45454545454545,Excellent,11,14.8% → 8.6% → 4.1% → 16.4% → 5.2% → 6.2% → 7.4% → 7.4% → 4.4% → 5.8% → 9.7%,16.37610011745258,Stage 1-2 Transition,30.0,67.27272727272727,100.0,False,Industrials,123379564544,VCP 11 contracciones (Excellent) | Base: 16.4% | Stage 1-2 Transition
AMAT,485.0,72.375,Excellent,4,28.7% → 18.5% → 24.3% → 24.3%,28.66683455682549,Stage 1-2 Transition,20.0,81.875,100.0,False,Technology,384894763008,VCP 4 contracciones (Excellent) | Base: 28.7% | Stage 1-2 Transition
MPWR,1367.4300537109375,72.36363636363636,Excellent,11,10.5% → 6.2% → 15.7% → 12.0% → 17.2% → 26.0% → 9.2% → 12.4% → 12.7% → 16.8% → 14.3%,25.96362343718558,Stage 1-2 Transition,30.0,66.81818181818181,100.0,False,Technology,67199614976,VCP 11 contracciones (Excellent) | Base: 26.0% | Stage 1-2 Transition
GOOGL,343.9200134277344,72.35714285714286,Excellent,14,15.1% → 7.9% → 3.5% → 12.9% → 3.4% → 3.2% → 6.6% → 12.0% → 12.2% → 5.9% → 16.1% → 11.9% → 5.3% → 4.9%,16.087082882408062,Stage 1-2 Transition,30.0,74.28571428571429,85.0,False,Communication Services,4206119354368,VCP 14 contracciones (Excellent) | Base: 16.1% | Stage 1-2 Transition
WAB,288.0,72.2,Excellent,5,11.0% → 6.2% → 3.6% → 4.7% → 9.3%,11.017512631114235,Stage 1-2 Transition,30.0,68.5,95.0,False,Industrials,48646324224,VCP 5 contracciones (Excellent) | Base: 11.0% | Stage 1-2 Transition
FLEX,114.68000030517578,72.1125,Excellent,8,17.7% → 17.4% → 9.4% → 32.9% → 24.4% → 9.1% → 20.3% → 12.0%,32.859124924218854,Stage 1-2 Transition,30.0,76.5625,78.0,False,Technology,42363133952,VCP 8 contracciones (Excellent) | Base: 32.9% | Stage 1-2 Transition
P,126.0,71.9,Good,2,20.2% → 20.5%,20.45696621958549,Stage 2 Strong,85.0,47.5,85.0,False,Technology,41986633728,VCP 2 contracciones (Good) | Base: 20.5% | Stage 2 Strong
PKG,237.17999267578125,71.74117647058823,Excellent,17,12.4% → 4.4% → 13.4% → 3.7% → 6.6% → 3.5% → 7.0% → 6.3% → 12.3% → 6.0% → 3.8% → 7.1% → 6.3% → 6.0% → 3.8% → 4.8% → 10.9%,13.42020495250572,Stage 1-2 Transition,30.0,69.70588235294117,88.0,False,Consumer Cyclical,21132333056,VCP 17 contracciones (Excellent) | Base: 13.4% | Stage 1-2 Transition
ITW,274.32000732421875,71.5,Excellent,13,15.5% → 4.8% → 3.0% → 4.6% → 10.0% → 6.8% → 5.1% → 3.1% → 4.4% → 5.3% → 6.6% → 6.5% → 8.7%,15.51325761964703,Stage 1-2 Transition,30.0,65.0,95.0,False,Industrials,78126342144,VCP 13 contracciones (Excellent) | Base: 15.5% | Stage 1-2 Transition
EOG,140.35000610351562,71.2,Excellent,10,17.5% → 9.8% → 9.3% → 5.2% → 9.4% → 5.9% → 6.3% → 10.2% → 7.1% → 4.2%,17.5115695572828,Stage 1-2 Transition,30.0,68.5,85.0,False,Energy,73617670144,VCP 10 contracciones (Excellent) | Base: 17.5% | Stage 1-2 Transition
USB,59.33000183105469,71.0,Excellent,13,17.8% → 3.8% → 4.6% → 4.6% → 8.3% → 4.3% → 3.6% → 4.4% → 3.4% → 3.6% → 7.0% → 3.8% → 3.1%,17.764346627116094,Stage 1-2 Transition,30.0,67.5,85.0,False,Financial Services,92439199744,VCP 13 contracciones (Excellent) | Base: 17.8% | Stage 1-2 Transition
LUV,42.68000030517578,70.95454545454545,Excellent,11,30.6% → 7.1% → 14.3% → 12.0% → 18.0% → 12.2% → 8.1% → 11.2% → 11.8% → 19.9% → 10.2%,30.58512515212117,Stage 1-2 Transition,30.0,59.77272727272727,100.0,False,Industrials,20879405056,VCP 11 contracciones (Excellent) | Base: 30.6% | Stage 1-2 Transition
SWK,91.4000015258789,70.66666666666666,Excellent,6,10.8% → 6.6% → 6.7% → 7.3% → 4.9% → 6.8%,10.823879737281567,Stage 1-2 Transition,30.0,68.33333333333333,80.0,False,Industrials,13802920960,VCP 6 contracciones (Excellent) | Base: 10.8% | Stage 1-2 Transition
AMCR,42.5099983215332,70.46875,Excellent,16,10.2% → 4.0% → 3.2% → 24.4% → 6.6% → 5.8% → 5.8% → 13.7% → 12.4% → 5.1% → 5.3% → 8.7% → 6.9% → 5.4% → 4.3% → 6.6%,24.38368865241288,Stage 1-2 Transition,30.0,67.34375,80.0,False,Consumer Cyclical,19654313984,VCP 16 contracciones (Excellent) | Base: 24.4% | Stage 1-2 Transition
BAX,23.3700008392334,69.625,Excellent,4,13.2% → 8.1% → 3.3% → 5.9%,13.233326622918193,Stage 1-2 Transition,20.0,80.625,75.0,False,Healthcare,12082196480,VCP 4 contracciones (Excellent) | Base: 13.2% | Stage 1-2 Transition
XYZ,76.41999816894531,69.05555555555556,Excellent,27,12.0% → 30.3% → 9.2% → 11.1% → 4.2% → 6.3% → 13.5% → 21.3% → 17.6% → 9.7% → 9.8% → 15.7% → 10.2% → 8.8% → 9.9% → 5.0% → 11.0% → 6.6% → 15.7% → 6.1% → 7.7% → 9.9% → 4.4% → 11.0% → 5.7% → 11.5% → 8.1%,30.281516264244885,Stage 1-2 Transition,30.0,67.77777777777777,65.0,False,Technology,45912752128,VCP 27 contracciones (Excellent) | Base: 30.3% | Stage 1-2 Transition
NWS,31.75,69.0,Excellent,4,10.1% → 6.1% → 9.1% → 8.9%,10.057735684344381,Stage 1-2 Transition,30.0,70.0,60.0,False,Communication Services,17132903424,VCP 4 contracciones (Excellent) | Base: 10.1% | Stage 1-2 Transition
RF,27.6200008392334,68.5,Excellent,13,20.8% → 5.0% → 4.1% → 3.5% → 4.1% → 8.4% → 4.0% → 3.8% → 4.8% → 7.3% → 3.6% → 8.0% → 3.5%,20.844760734150004,Stage Unknown,15.0,77.5,85.0,False,Financial Services,23530295296,VCP 13 contracciones (Excellent) | Base: 20.8% | Stage Unknown
GOOG,341.0799865722656,68.39285714285714,Excellent,14,15.2% → 7.9% → 3.6% → 12.6% → 3.0% → 6.5% → 9.1% → 7.0% → 10.7% → 6.0% → 15.9% → 12.0% → 5.4% → 4.4%,15.88352965668033,Stage Unknown,15.0,76.96428571428571,85.0,False,Communication Services,4171386060800,VCP 14 contracciones (Excellent) | Base: 15.9% | Stage Unknown
Q,124.69000244140625,68.0,Excellent,6,17.5% → 19.0% → 27.2% → 12.8% → 10.7% → 22.7%,27.1858103347124,Stage Unknown,15.0,67.5,100.0,False,Technology,26086213632,VCP 6 contracciones (Excellent) | Base: 27.2% | Stage Unknown
PSA,287.9700012207031,67.94736842105263,Excellent,19,16.1% → 5.2% → 6.9% → 8.1% → 3.6% → 3.3% → 3.8% → 5.2% → 14.5% → 6.9% → 7.6% → 5.4% → 5.3% → 3.4% → 5.2% → 6.5% → 8.3% → 3.3% → 3.1%,16.1303769204277,Stage Unknown,15.0,74.73684210526316,85.0,False,Real Estate,53807853568,VCP 19 contracciones (Excellent) | Base: 16.1% | Stage Unknown
WDAY,189.4499969482422,67.9,Excellent,20,10.9% → 7.8% → 12.3% → 5.8% → 18.3% → 39.3% → 16.3% → 11.4% → 16.8% → 14.6% → 7.6% → 15.6% → 12.4% → 29.7% → 10.7% → 15.2% → 12.2% → 23.2% → 7.3% → 8.9%,39.30209501032629,Stage 2 Early,30.0,64.5,60.0,False,Technology,45657448448,VCP 20 contracciones (Excellent) | Base: 39.3% | Stage 2 Early
CFG,65.52999877929688,67.76666666666667,Excellent,15,19.3% → 5.1% → 3.0% → 4.8% → 3.1% → 9.5% → 5.9% → 3.4% → 6.8% → 5.5% → 3.5% → 4.0% → 8.0% → 4.7% → 3.8%,19.334202003654127,Stage Unknown,15.0,73.83333333333333,85.0,False,Financial Services,27599714304,VCP 15 contracciones (Excellent) | Base: 19.3% | Stage Unknown
PNC,225.63999938964844,67.75,Excellent,12,19.0% → 4.1% → 5.9% → 3.4% → 7.2% → 3.5% → 4.2% → 4.1% → 3.0% → 3.3% → 7.3% → 4.0%,19.012876273295205,Stage Unknown,15.0,73.75,85.0,False,Financial Services,90017652736,VCP 12 contracciones (Excellent) | Base: 19.0% | Stage Unknown
KLAC,187.9199981689453,67.625,Excellent,4,31.4% → 31.4% → 17.8% → 10.6%,31.39863414859229,Stage Unknown,15.0,65.625,100.0,False,Technology,245236809728,VCP 4 contracciones (Excellent) | Base: 31.4% | Stage Unknown
CDNS,326.1300048828125,67.45454545454545,Excellent,22,15.6% → 6.8% → 8.9% → 6.6% → 5.7% → 7.2% → 19.2% → 11.0% → 6.8% → 9.0% → 6.5% → 10.2% → 3.6% → 9.6% → 9.2% → 10.4% → 11.1% → 5.6% → 18.1% → 7.3% → 8.5% → 6.6%,19.201083050717983,Stage Unknown,15.0,72.27272727272727,85.0,False,Technology,89813917696,VCP 22 contracciones (Excellent) | Base: 19.2% | Stage Unknown
FTV,56.09000015258789,66.93333333333334,Excellent,15,11.9% → 11.2% → 5.8% → 4.7% → 8.0% → 6.8% → 4.6% → 7.4% → 5.1% → 5.4% → 4.3% → 7.6% → 11.0% → 6.5% → 10.9%,11.935268096456998,Stage Unknown,15.0,75.66666666666667,73.0,False,Technology,16940136448,VCP 15 contracciones (Excellent) | Base: 11.9% | Stage Unknown
NOC,510.5199890136719,66.83333333333334,Excellent,18,10.9% → 9.3% → 6.3% → 3.2% → 3.9% → 5.7% → 7.0% → 5.1% → 5.1% → 11.1% → 23.9% → 6.4% → 4.1% → 11.6% → 13.3% → 8.1% → 10.4% → 6.8%,23.929147468962494,Stage Unknown,15.0,74.16666666666667,75.0,False,Industrials,72526012416,VCP 18 contracciones (Excellent) | Base: 23.9% | Stage Unknown
SLB,51.540000915527344,66.75,Excellent,10,10.9% → 6.0% → 5.1% → 7.8% → 8.2% → 23.3% → 7.3% → 9.2% → 4.4% → 4.8%,23.27941851463464,Stage Unknown,15.0,73.75,75.0,False,Energy,76492742656,VCP 10 contracciones (Excellent) | Base: 23.3% | Stage Unknown
ORLY,86.12000274658203,66.42857142857143,Excellent,21,13.3% → 9.1% → 5.3% → 4.0% → 3.4% → 10.8% → 5.6% → 6.0% → 9.3% → 3.3% → 3.2% → 4.7% → 12.4% → 9.0% → 7.8% → 11.6% → 6.2% → 5.8% → 7.6% → 4.8% → 8.5%,13.338456255106548,Stage Unknown,15.0,62.142857142857146,95.0,False,Consumer Cyclical,69663653888,VCP 21 contracciones (Excellent) | Base: 13.3% | Stage Unknown
GEV,957.6300048828125,66.35,Excellent,10,11.4% → 8.4% → 10.1% → 21.8% → 10.4% → 17.9% → 21.3% → 8.0% → 16.2% → 10.7%,21.82557297727775,Stage Unknown,5.0,80.25,88.0,False,Industrials,255049023488,VCP 10 contracciones (Excellent) | Base: 21.8% | Stage Unknown
ON,77.19999694824219,66.33333333333334,Excellent,9,12.6% → 10.3% → 19.7% → 34.7% → 18.8% → 19.7% → 17.1% → 4.8% → 8.7%,34.70019452017952,Stage Unknown,5.0,74.16666666666667,100.0,False,Technology,30055397376,VCP 9 contracciones (Excellent) | Base: 34.7% | Stage Unknown
WDC,456.80999755859375,66.3,Excellent,8,17.4% → 20.2% → 36.2% → 28.4% → 26.8% → 29.7% → 23.5% → 12.3%,36.19338155890134,Stage 1-2 Transition,20.0,62.5,78.0,False,Technology,164698701824,VCP 8 contracciones (Excellent) | Base: 36.2% | Stage 1-2 Transition
PGR,205.5,66.2,Excellent,20,18.6% → 5.5% → 7.8% → 3.5% → 8.7% → 8.1% → 5.7% → 4.6% → 7.0% → 4.6% → 7.7% → 3.6% → 8.0% → 8.5% → 15.2% → 4.3% → 7.7% → 5.9% → 3.9% → 5.7%,18.62075123334545,Stage Unknown,15.0,66.0,85.0,False,Financial Services,119272202240,VCP 20 contracciones (Excellent) | Base: 18.6% | Stage Unknown
FANG,186.6699981689453,65.9909090909091,Excellent,11,14.5% → 11.2% → 13.0% → 10.1% → 10.1% → 9.9% → 10.0% → 9.7% → 9.3% → 9.3% → 3.5%,14.52833491939968,Stage Unknown,15.0,72.45454545454545,70.0,False,Energy,52271292416,VCP 11 contracciones (Excellent) | Base: 14.5% | Stage Unknown
ZTS,71.05000305175781,65.73809523809524,Excellent,21,20.7% → 6.3% → 10.8% → 3.5% → 6.8% → 5.6% → 8.5% → 10.2% → 13.5% → 7.5% → 4.5% → 41.3% → 9.1% → 8.8% → 10.6% → 5.9% → 5.1% → 5.7% → 11.4% → 5.1% → 8.3%,41.307172053528014,Stage Unknown,15.0,68.69047619047619,75.0,False,Healthcare,29359538176,VCP 21 contracciones (Excellent) | Base: 41.3% | Stage Unknown
CEG,263.2699890136719,65.45454545454545,Excellent,22,16.8% → 18.2% → 13.7% → 12.7% → 7.5% → 12.2% → 15.0% → 18.5% → 17.0% → 7.0% → 11.5% → 13.9% → 14.6% → 9.5% → 7.6% → 22.0% → 22.5% → 19.1% → 7.9% → 8.4% → 7.6% → 6.0%,22.528596197926724,Stage Unknown,15.0,69.77272727272727,70.0,False,Utilities,93278502912,VCP 22 contracciones (Excellent) | Base: 22.5% | Stage Unknown
IBM,225.50999450683594,65.42105263157895,Excellent,19,12.5% → 7.3% → 11.3% → 6.2% → 6.8% → 7.4% → 30.6% → 6.0% → 9.5% → 7.8% → 14.2% → 4.9% → 8.0% → 26.7% → 36.1% → 6.2% → 6.0% → 4.1% → 4.9%,36.11609600275523,Stage Unknown,15.0,69.60526315789474,70.0,False,Technology,212460716032,VCP 19 contracciones (Excellent) | Base: 36.1% | Stage Unknown
EQT,50.810001373291016,65.18421052631578,Excellent,19,10.2% → 10.8% → 10.0% → 15.2% → 7.6% → 9.9% → 7.3% → 5.9% → 5.6% → 17.6% → 9.1% → 9.0% → 9.8% → 10.8% → 6.5% → 4.7% → 5.0% → 3.8% → 5.0%,17.555683889991354,Stage Unknown,15.0,65.92105263157895,75.0,False,Energy,31782469632,VCP 19 contracciones (Excellent) | Base: 17.6% | Stage Unknown
ARES,122.01000213623047,65.15,Excellent,20,10.0% → 7.6% → 12.0% → 10.4% → 32.8% → 20.1% → 12.9% → 19.8% → 8.5% → 9.3% → 10.1% → 11.9% → 6.0% → 8.1% → 8.9% → 24.7% → 8.2% → 7.7% → 7.9% → 8.5%,32.817553787089274,Stage 1-2 Transition,20.0,65.75,60.0,False,Financial Services,40479981568,VCP 20 contracciones (Excellent) | Base: 32.8% | Stage 1-2 Transition
SBUX,94.86000061035156,65.125,Excellent,12,13.5% → 7.0% → 5.4% → 16.4% → 4.5% → 4.3% → 13.5% → 4.8% → 5.4% → 6.7% → 6.1% → 6.3%,16.438891364313115,Stage Unknown,15.0,73.125,60.0,False,Consumer Cyclical,108140404736,VCP 12 contracciones (Excellent) | Base: 16.4% | Stage Unknown
MAS,68.8499984741211,65.03846153846155,Excellent,13,23.3% → 7.5% → 5.3% → 10.1% → 14.9% → 5.2% → 5.2% → 9.3% → 7.1% → 15.2% → 6.8% → 5.0% → 5.4%,23.2617341088741,Stage Unknown,5.0,72.6923076923077,90.0,False,Industrials,13576353792,VCP 13 contracciones (Excellent) | Base: 23.3% | Stage Unknown
HAL,32.7599983215332,64.5625,Excellent,8,12.5% → 8.2% → 8.5% → 11.5% → 21.4% → 4.8% → 13.8% → 8.5%,21.394110677750273,Stage Unknown,15.0,70.3125,60.0,False,Energy,27293349888,VCP 8 contracciones (Excellent) | Base: 21.4% | Stage Unknown
CCI,67.83999633789062,64.25,Excellent,22,12.7% → 6.7% → 4.6% → 7.7% → 6.8% → 8.0% → 11.8% → 6.6% → 5.3% → 5.8% → 14.4% → 3.6% → 5.3% → 7.1% → 7.9% → 5.5% → 21.5% → 9.0% → 12.8% → 3.2% → 3.4% → 6.9%,21.520368989020824,Stage Unknown,15.0,68.75,60.0,False,Real Estate,29646077952,VCP 22 contracciones (Excellent) | Base: 21.5% | Stage Unknown
CBRE,134.5500030517578,63.981818181818184,Excellent,22,14.2% → 5.2% → 3.6% → 4.8% → 3.9% → 4.7% → 4.7% → 6.7% → 27.8% → 7.5% → 14.5% → 6.2% → 4.9% → 12.1% → 18.3% → 5.0% → 6.9% → 8.5% → 7.4% → 6.2% → 6.1% → 12.3%,27.824642396492273,Stage Unknown,15.0,70.9090909090909,53.0,False,Real Estate,38962356224,VCP 22 contracciones (Excellent) | Base: 27.8% | Stage Unknown
MRSH,171.1199951171875,63.86666666666666,Excellent,15,16.2% → 3.6% → 4.7% → 4.2% → 5.8% → 11.9% → 12.2% → 6.9% → 13.8% → 7.4% → 6.0% → 7.2% → 5.3% → 4.8% → 10.3%,16.191121708496638,Stage Unknown,15.0,70.33333333333333,53.0,False,Financial Services,81660387328,VCP 15 contracciones (Excellent) | Base: 16.2% | Stage Unknown
CARR,56.369998931884766,63.83125,Excellent,16,11.8% → 14.6% → 10.7% → 5.4% → 11.2% → 4.3% → 7.8% → 5.7% → 8.9% → 5.8% → 6.0% → 14.3% → 6.8% → 15.4% → 4.9% → 12.8%,15.445177241994651,Stage Unknown,5.0,72.65625,78.0,False,Industrials,46467203072,VCP 16 contracciones (Excellent) | Base: 15.4% | Stage Unknown
AJG,231.10000610351562,63.8,Excellent,21,15.8% → 9.8% → 3.2% → 11.4% → 24.0% → 5.2% → 11.8% → 5.4% → 5.9% → 10.5% → 12.9% → 5.0% → 4.4% → 4.9% → 7.5% → 5.7% → 8.0% → 10.8% → 4.0% → 5.0% → 11.2%,24.006233155029207,Stage 1-2 Transition,20.0,62.5,53.0,False,Financial Services,59240402944,VCP 21 contracciones (Excellent) | Base: 24.0% | Stage 1-2 Transition
MOS,23.010000228881836,63.369565217391305,Excellent,23,19.7% → 18.8% → 11.0% → 7.2% → 10.8% → 8.2% → 8.4% → 8.1% → 13.9% → 11.8% → 28.5% → 6.9% → 13.3% → 8.9% → 11.3% → 11.4% → 19.2% → 14.2% → 9.6% → 7.2% → 7.9% → 13.1% → 7.5%,28.496124583945498,Stage Unknown,15.0,64.34782608695652,60.0,False,Basic Materials,7314779136,VCP 23 contracciones (Excellent) | Base: 28.5% | Stage Unknown
EXR,133.35000610351562,63.333333333333336,Excellent,21,15.8% → 4.7% → 6.5% → 3.8% → 9.9% → 3.5% → 5.5% → 7.4% → 6.5% → 11.0% → 6.3% → 3.6% → 3.4% → 6.1% → 5.0% → 4.9% → 3.2% → 4.9% → 5.6% → 8.3% → 4.8%,15.782606640797376,Stage Unknown,5.0,66.66666666666667,85.0,False,Real Estate,29430685696,VCP 21 contracciones (Excellent) | Base: 15.8% | Stage Unknown
SO,82.87999725341797,63.3125,Excellent,16,10.8% → 3.7% → 8.0% → 3.1% → 3.3% → 3.1% → 3.1% → 6.4% → 7.0% → 5.9% → 6.1% → 3.1% → 4.8% → 5.2% → 7.9% → 6.8%,10.78936256926525,Stage Unknown,5.0,71.5625,75.0,False,Utilities,95342084096,VCP 16 contracciones (Excellent) | Base: 10.8% | Stage Unknown
CMCSA,21.90999984741211,63.1,Excellent,20,14.2% → 4.7% → 6.6% → 5.8% → 5.2% → 6.3% → 4.9% → 6.3% → 5.0% → 7.4% → 7.3% → 4.9% → 5.1% → 23.5% → 10.5% → 10.2% → 14.7% → 4.6% → 13.8% → 3.9%,23.534915252041923,Stage Unknown,5.0,73.0,70.0,False,Communication Services,77750632448,VCP 20 contracciones (Excellent) | Base: 23.5% | Stage Unknown
TPL,341.07000732421875,62.85714285714286,Excellent,14,10.3% → 6.7% → 6.3% → 20.7% → 19.2% → 11.9% → 17.5% → 12.5% → 15.8% → 13.3% → 13.6% → 18.6% → 9.9% → 5.1%,20.721093220640988,Stage Unknown,5.0,71.78571428571429,70.0,False,Energy,23525193728,VCP 14 contracciones (Excellent) | Base: 20.7% | Stage Unknown
FDX,285.8500061035156,62.80769230769231,Excellent,13,12.0% → 10.9% → 3.4% → 5.1% → 4.4% → 12.3% → 6.0% → 6.5% → 11.6% → 5.2% → 4.5% → 5.9% → 5.1%,12.34808900388096,Stage Unknown,5.0,71.53846153846153,70.0,False,Industrials,67652243456,VCP 13 contracciones (Excellent) | Base: 12.3% | Stage Unknown
F,12.710000038146973,62.714285714285715,Excellent,7,14.9% → 20.7% → 11.4% → 8.7% → 15.6% → 5.4% → 3.7%,20.697413043412983,Stage Unknown,5.0,71.07142857142857,70.0,False,Consumer Cyclical,50682343424,VCP 7 contracciones (Excellent) | Base: 20.7% | Stage Unknown
CF,114.66999816894531,62.32142857142857,Excellent,14,12.6% → 12.4% → 12.3% → 21.3% → 5.7% → 12.2% → 6.8% → 13.6% → 15.1% → 8.4% → 14.4% → 6.4% → 7.8% → 7.1%,21.326634794180265,Stage Unknown,5.0,74.10714285714286,60.0,False,Basic Materials,17353943040,VCP 14 contracciones (Excellent) | Base: 21.3% | Stage Unknown
BX,118.41999816894531,62.175,Excellent,20,14.4% → 9.1% → 5.5% → 4.1% → 10.0% → 24.1% → 18.6% → 13.1% → 13.4% → 9.3% → 6.9% → 11.2% → 6.7% → 9.1% → 11.1% → 13.7% → 6.2% → 8.5% → 7.2% → 8.1%,24.143151908750824,Stage Unknown,5.0,73.375,60.0,False,Financial Services,141547159552,VCP 20 contracciones (Excellent) | Base: 24.1% | Stage Unknown
LII,373.7699890136719,62.09090909090909,Excellent,22,14.7% → 8.6% → 11.1% → 7.4% → 12.5% → 6.4% → 7.5% → 17.9% → 5.7% → 11.2% → 6.7% → 10.8% → 4.0% → 7.4% → 13.8% → 7.3% → 7.5% → 7.3% → 9.9% → 7.4% → 26.3% → 18.6%,26.287782405016753,Stage Unknown,0.0,75.45454545454545,70.0,False,Industrials,12917743616,VCP 22 contracciones (Excellent) | Base: 26.3% | Stage Unknown
IP,35.02000045776367,62.026315789473685,Excellent,19,28.0% → 7.8% → 5.8% → 5.5% → 4.5% → 5.7% → 14.3% → 32.5% → 5.9% → 7.1% → 4.6% → 15.6% → 14.0% → 14.2% → 8.0% → 9.9% → 7.4% → 10.7% → 4.1%,32.527507310985285,Stage Unknown,5.0,65.13157894736842,75.0,False,Consumer Cyclical,18545537024,VCP 19 contracciones (Excellent) | Base: 32.5% | Stage Unknown
AKAM,113.94000244140625,61.7,Excellent,12,10.3% → 25.1% → 6.0% → 16.5% → 5.6% → 22.6% → 21.1% → 11.6% → 16.0% → 14.5% → 18.1% → 10.3%,25.10789424446525,Stage Unknown,15.0,54.5,63.0,False,Technology,16375070720,VCP 12 contracciones (Excellent) | Base: 25.1% | Stage Unknown
RDDT,149.83999633789062,61.519999999999996,Excellent,25,11.8% → 9.4% → 13.8% → 24.9% → 16.3% → 11.2% → 10.5% → 51.5% → 7.2% → 12.1% → 14.6% → 19.1% → 12.8% → 15.2% → 16.2% → 13.6% → 15.5% → 16.3% → 8.8% → 20.4% → 27.3% → 7.3% → 21.8% → 13.5% → 10.9%,51.53510366942896,Stage Unknown,5.0,66.1,68.0,False,Communication Services,28828692480,VCP 25 contracciones (Excellent) | Base: 51.5% | Stage Unknown
APP,310.75,61.02272727272727,Excellent,22,11.2% → 27.5% → 10.0% → 19.3% → 25.1% → 36.8% → 25.5% → 15.7% → 20.1% → 22.5% → 18.9% → 12.5% → 13.6% → 10.6% → 24.1% → 21.1% → 32.9% → 10.3% → 30.7% → 8.8% → 9.0% → 9.6%,36.81218312817822,Stage Unknown,0.0,65.11363636363636,80.0,False,Communication Services,104393203712,VCP 22 contracciones (Excellent) | Base: 36.8% | Stage Unknown
VST,138.4600067138672,60.979166666666664,Excellent,24,17.3% → 13.3% → 15.9% → 14.2% → 6.5% → 10.9% → 17.0% → 15.8% → 17.5% → 7.8% → 14.2% → 8.1% → 16.2% → 11.1% → 8.5% → 9.1% → 21.2% → 17.6% → 13.3% → 11.9% → 16.3% → 14.2% → 10.4% → 6.3%,21.21859724764816,Stage Unknown,5.0,67.39583333333333,60.0,False,Utilities,46472052736,VCP 24 contracciones (Excellent) | Base: 21.2% | Stage Unknown
CHRW,147.10000610351562,60.94117647058823,Excellent,17,26.5% → 9.5% → 13.3% → 8.7% → 3.6% → 8.5% → 5.1% → 16.3% → 12.7% → 6.1% → 4.6% → 8.9% → 7.5% → 3.7% → 31.9% → 10.4% → 6.2%,31.935526659475933,Stage Unknown,0.0,67.20588235294117,75.0,False,Industrials,17188820992,VCP 17 contracciones (Excellent) | Base: 31.9% | Stage Unknown
BRO,60.81999969482422,60.92,Excellent,25,10.1% → 15.6% → 4.8% → 6.6% → 4.1% → 5.3% → 6.1% → 12.2% → 12.8% → 3.7% → 8.5% → 10.3% → 8.1% → 5.1% → 22.1% → 7.9% → 5.0% → 4.8% → 5.5% → 9.2% → 8.4% → 3.2% → 4.3% → 4.7% → 11.6%,22.068237842710612,Stage Unknown,5.0,70.6,53.0,False,Financial Services,20351002624,VCP 25 contracciones (Excellent) | Base: 22.1% | Stage Unknown
KKR,96.66999816894531,60.45,Excellent,20,10.3% → 10.4% → 10.0% → 6.4% → 12.1% → 29.1% → 22.7% → 14.0% → 7.3% → 6.0% → 9.5% → 8.7% → 9.4% → 11.4% → 12.7% → 5.8% → 9.6% → 7.1% → 7.6% → 9.1%,29.071969809749053,Stage Unknown,5.0,64.75,60.0,False,Financial Services,89283493888,VCP 20 contracciones (Excellent) | Base: 29.1% | Stage Unknown
CVNA,65.05999755859375,60.4,Excellent,25,14.9% → 23.4% → 11.7% → 8.1% → 17.7% → 9.3% → 26.0% → 25.4% → 15.8% → 13.1% → 13.9% → 12.4% → 8.5% → 10.9% → 12.4% → 25.5% → 18.7% → 13.3% → 12.7% → 10.8% → 10.6% → 18.8% → 19.1% → 14.9% → 8.0%,25.958635734678083,Stage Unknown,5.0,64.5,60.0,False,Consumer Cyclical,72116649984,VCP 25 contracciones (Excellent) | Base: 26.0% | Stage Unknown
EFX,148.11000061035156,60.0,Excellent,26,10.2% → 7.2% → 15.5% → 5.4% → 3.9% → 3.8% → 6.2% → 7.2% → 27.4% → 9.0% → 6.3% → 21.1% → 8.3% → 15.3% → 6.3% → 12.2% → 6.4% → 3.5% → 16.1% → 6.0% → 8.0% → 15.0% → 9.8% → 4.9% → 3.6% → 7.3%,27.397557527041766,Stage Unknown,5.0,70.0,45.0,False,Industrials,17400688640,VCP 26 contracciones (Excellent) | Base: 27.4% | Stage Unknown
CIEN,356.9100036621094,59.958333333333336,Excellent,12,19.1% → 11.5% → 12.7% → 16.7% → 10.9% → 34.5% → 11.5% → 18.2% → 26.1% → 22.2% → 10.0% → 21.7%,34.53593042541841,Stage Unknown,5.0,67.29166666666667,50.0,False,Technology,50612883456,VCP 12 contracciones (Excellent) | Base: 34.5% | Stage Unknown
GNRC,208.13999938964844,59.65,Excellent,6,14.0% → 19.4% → 36.7% → 8.8% → 15.4% → 15.1%,36.73255920012733,Stage Unknown,15.0,50.75,50.0,False,Industrials,12293567488,VCP 6 contracciones (Excellent) | Base: 36.7% | Stage Unknown
DECK,78.66999816894531,59.23478260869565,Excellent,23,24.2% → 4.6% → 7.5% → 7.5% → 8.7% → 6.0% → 6.7% → 8.0% → 5.2% → 18.3% → 13.8% → 5.7% → 3.9% → 15.0% → 12.9% → 9.2% → 15.2% → 6.5% → 4.4% → 16.8% → 7.7% → 13.3% → 11.6%,24.197882018484243,Stage Unknown,0.0,67.17391304347827,58.0,False,Consumer Cyclical,10713425920,VCP 23 contracciones (Excellent) | Base: 24.2% | Stage Unknown
ODFL,173.3000030517578,59.175,Excellent,12,20.6% → 5.5% → 5.3% → 4.1% → 8.9% → 20.1% → 14.3% → 6.8% → 3.3% → 4.7% → 13.5% → 10.7%,20.56581022260295,Stage Unknown,0.0,66.875,58.0,False,Industrials,36040904704,VCP 12 contracciones (Excellent) | Base: 20.6% | Stage Unknown
ORCL,137.10000610351562,59.023809523809526,Excellent,21,16.5% → 26.8% → 20.7% → 6.3% → 21.4% → 4.0% → 7.7% → 17.9% → 27.0% → 16.2% → 20.3% → 9.8% → 15.3% → 9.6% → 10.9% → 45.0% → 19.2% → 11.1% → 6.7% → 13.7% → 9.3%,45.034968122234396,Stage Unknown,5.0,57.61904761904762,60.0,False,Technology,414554226688,VCP 21 contracciones (Excellent) | Base: 45.0% | Stage Unknown
MGM,32.58000183105469,58.85714285714286,Excellent,7,10.5% → 7.4% → 8.8% → 7.1% → 5.7% → 6.2% → 4.1%,10.52529616033234,Stage Unknown,0.0,66.78571428571429,55.0,False,Consumer Cyclical,8335633408,VCP 7 contracciones (Excellent) | Base: 10.5% | Stage Unknown
CSGP,28.09000015258789,58.855555555555554,Excellent,18,19.3% → 6.2% → 6.6% → 10.6% → 9.4% → 17.4% → 37.9% → 17.1% → 29.1% → 23.6% → 9.1% → 6.1% → 23.3% → 13.7% → 17.5% → 5.2% → 7.7% → 12.2%,37.933967087330245,Stage Unknown,5.0,60.27777777777778,53.0,False,Real Estate,11382000640,VCP 18 contracciones (Excellent) | Base: 37.9% | Stage Unknown
PSKY,9.960000038146973,58.85294117647059,Excellent,17,13.5% → 12.3% → 8.0% → 17.8% → 15.6% → 19.0% → 15.4% → 10.4% → 38.5% → 8.2% → 9.0% → 15.0% → 9.6% → 13.1% → 12.2% → 14.8% → 26.7%,38.549143092484215,Stage Unknown,15.0,49.26470588235294,45.0,False,Communication Services,11174579200,VCP 17 contracciones (Excellent) | Base: 38.5% | Stage Unknown
ALB,109.7300033569336,58.833333333333336,Excellent,18,11.5% → 7.5% → 8.9% → 10.7% → 16.8% → 11.1% → 14.3% → 23.7% → 10.7% → 8.9% → 14.5% → 25.0% → 18.6% → 26.9% → 17.4% → 9.5% → 5.4% → 9.1%,26.857108019816682,Stage Unknown,5.0,64.16666666666667,45.0,False,Basic Materials,12948695040,VCP 18 contracciones (Excellent) | Base: 26.9% | Stage Unknown
FSLR,177.7100067138672,58.5,Excellent,4,22.5% → 29.9% → 24.3% → 7.2%,29.851708046527335,Stage Unknown,0.0,62.5,60.0,False,Technology,19098458112,VCP 4 contracciones (Excellent) | Base: 29.9% | Stage Unknown
CBOE,258.0299987792969,58.400000000000006,Excellent,3,27.1% → 25.8% → 12.1%,27.117346919972956,Stage Unknown,5.0,60.0,53.0,False,Financial Services,26946334720,VCP 3 contracciones (Excellent) | Base: 27.1% | Stage Unknown
COO,55.380001068115234,57.92777777777778,Excellent,18,11.8% → 3.7% → 4.4% → 13.6% → 4.8% → 5.8% → 6.0% → 3.6% → 18.3% → 4.8% → 5.1% → 3.3% → 18.9% → 6.6% → 5.9% → 8.2% → 5.9% → 3.4%,18.917800335071508,Stage Unknown,0.0,59.638888888888886,60.0,False,Healthcare,10530800640,VCP 18 contracciones (Excellent) | Base: 18.9% | Stage Unknown
CHTR,112.91000366210938,57.73809523809524,Excellent,21,14.7% → 22.8% → 5.3% → 5.1% → 4.6% → 14.8% → 7.4% → 10.5% → 5.1% → 11.9% → 7.3% → 37.8% → 19.0% → 12.1% → 15.8% → 16.1% → 24.0% → 18.6% → 9.1% → 7.2% → 17.0%,37.82220313230615,Stage Unknown,0.0,73.69047619047619,30.0,False,Communication Services,14673513472,VCP 21 contracciones (Excellent) | Base: 37.8% | Stage Unknown
AON,277.989990234375,57.59047619047619,Excellent,21,12.4% → 5.0% → 4.3% → 5.4% → 5.3% → 8.3% → 14.9% → 5.2% → 8.9% → 5.5% → 5.1% → 7.0% → 5.7% → 6.7% → 4.6% → 4.7% → 8.0% → 4.4% → 6.7% → 8.4% → 5.1%,14.928497071081473,Stage Unknown,0.0,60.45238095238095,55.0,False,Financial Services,58968748032,VCP 21 contracciones (Excellent) | Base: 14.9% | Stage Unknown
COHR,295.8299865722656,57.0625,Excellent,8,20.2% → 18.5% → 23.8% → 42.0% → 32.7% → 19.4% → 27.5% → 17.0%,41.971432942188045,Stage Unknown,5.0,55.3125,45.0,False,Technology,57933049856,VCP 8 contracciones (Excellent) | Base: 42.0% | Stage Unknown
AXON,430.1099853515625,56.0625,Excellent,16,15.2% → 33.4% → 7.7% → 10.3% → 39.0% → 10.4% → 17.7% → 34.4% → 5.5% → 9.1% → 10.8% → 16.6% → 9.8% → 22.1% → 27.0% → 8.2%,39.003524484592965,Stage Unknown,0.0,57.8125,45.0,False,Industrials,34941022208,VCP 16 contracciones (Excellent) | Base: 39.0% | Stage Unknown
CASY,598.4600219726562,54.18571428571428,Excellent,7,18.0% → 5.0% → 17.8% → 7.4% → 8.3% → 7.3% → 15.1%,17.960046635108583,Stage Unknown,0.0,53.42857142857143,35.0,False,Consumer Cyclical,22119182336,VCP 7 contracciones (Excellent) | Base: 18.0% | Stage Unknown
