Ticker,Sector,CurrentPrice,Min52w,Max52w,DistanceFromMin,RSI,Estado,Classification,DataPoints,AnalysisDate
DJUSFR,Dow Jones U.S. Forestry & Paper Index,825.11,703.58,952.75,17.273089058813493,56.475984889368604,🟡,CERCA,251,2025-10-07 07:43:09
DJUSAE,Dow Jones U.S. Aerospace & Defense Index,2895.0,1861.2,2898.3,55.544809800128945,27.613046701260174,🔴,FUERTE,251,2025-10-07 07:43:09
DJUSAF,Dow Jones U.S. Delivery Services Index,1053.7,916.9,1383.0,14.919838586541614,26.978417266187023,🟡,CERCA,251,2025-10-07 07:43:09
DJUSAG,Dow Jones U.S. Asset Managers Index,401.22,273.77,426.58,46.553676443730154,61.062487278648426,🔴,FUERTE,251,2025-10-07 07:43:09
DJUSAI,Dow Jones U.S. Electronic Equipment Index,1723.77,913.78,1739.67,88.64168618266979,33.64011265338969,🔴,FUERTE,251,2025-10-07 07:43:09
DJUSAL,Dow Jones U.S. Aluminum Index,115.43,73.62,163.19,56.79163270850312,48.30345710627401,🔴,FUERTE,251,2025-10-07 07:43:09
DJUSAM,Dow Jones U.S. Medical Equipment Index,2920.3,2589.3,3151.1,12.783377746881397,48.83208461877475,🟡,CERCA,251,2025-10-07 07:43:09
DJUSAP,Dow Jones U.S. Automobiles & Parts Index,1675.19,845.49,1748.7,98.13244390826623,39.84190476190475,🔴,FUERTE,251,2025-10-07 07:43:09
DJUSAR,Dow Jones U.S. Airlines Index,229.81,137.83,259.72,66.73438293550024,48.07168784029039,🔴,FUERTE,251,2025-10-07 07:43:09
DJUSAS,Dow Jones U.S. Aerospace Index,3080.9,1883.9,3084.3,63.53840437390519,33.59253499222396,🔴,FUERTE,251,2025-10-07 07:43:09
DJUSAT,Dow Jones U.S. Auto Parts Index,443.16,288.25,447.84,53.741543798785784,41.025641025640994,🔴,FUERTE,251,2025-10-07 07:43:09
DJUSAU,Dow Jones U.S. Automobiles Index,1528.4,758.25,1613.6,101.56940323112431,39.97503665253398,🔴,FUERTE,251,2025-10-07 07:43:09
DJUSAV,Dow Jones U.S. Media Agencies Index,430.23,346.44,702.93,24.186006234845866,41.631037212984985,🟡,CERCA,251,2025-10-07 07:43:09
DJUSBC,Dow Jones U.S. Broadcasting & Entertainment Index,1219.7,962.0,1294.9,26.787941787941794,54.010695187165766,🔴,FUERTE,251,2025-10-07 07:43:09
DJUSBD,Dow Jones U.S. Building Materials & Fixtures Index,2415.0,1876.9,2557.1,28.669614790345776,49.789029535864955,🔴,FUERTE,251,2025-10-07 07:43:09
DJUSBE,Dow Jones U.S. Business Training & Employment Agencies Index,107.33,104.12,152.72,3.0829811755666476,70.80103359173131,🟢,OPORTUNIDAD,251,2025-10-07 07:43:09
DJUSBK,Dow Jones U.S. Banks Index,769.65,521.55,799.76,47.56974403221169,53.043744264301026,🔴,FUERTE,251,2025-10-07 07:43:09
DJUSBS,Dow Jones U.S. Basic Resources Index,452.48,274.91,457.72,64.59204830671855,43.330153971930784,🔴,FUERTE,251,2025-10-07 07:43:09
DJUSBT,Dow Jones U.S. Biotechnology Index,2951.0,2297.4,3062.1,28.449551667101936,29.744023693674663,🔴,FUERTE,251,2025-10-07 07:43:09
DJUSBV,Dow Jones U.S. Beverages Index,903.25,875.4,1054.94,3.1814027872972384,51.922057264050885,🟢,OPORTUNIDAD,251,2025-10-07 07:43:09
DJUSCA,Dow Jones U.S. Gambling Index,661.14,513.6,786.57,28.72663551401868,73.88085699355513,🔴,FUERTE,251,2025-10-07 07:43:09
DJUSCC,Dow Jones U.S. Commodity Chemicals Index,721.62,647.09,855.73,11.517717782688647,61.5245827695084,🟡,CERCA,251,2025-10-07 07:43:09
DJUSCH,Dow Jones U.S. Chemicals Index,1965.93,1497.87,2050.51,31.248372689218705,56.32192387134848,🔴,FUERTE,251,2025-10-07 07:43:09
DJUSCM,Dow Jones U.S. Personal Products Index,368.14,345.1,459.35,6.67632570269486,71.91691908264822,🟢,OPORTUNIDAD,251,2025-10-07 07:43:09
DJUSCN,Dow Jones U.S. Construction & Materials Index,2069.49,1484.39,2099.78,39.41686484010265,40.18371562126323,🔴,FUERTE,251,2025-10-07 07:43:09
DJUSCP,Dow Jones U.S. Containers & Packaging Index,426.42,397.01,541.01,7.407873857081693,67.02750146284377,🟢,OPORTUNIDAD,251,2025-10-07 07:43:09
DJUSCR,Dow Jones U.S. Computer Hardware Index,12974.0,8364.8,13107.0,55.10233358837032,22.080121466946977,🔴,FUERTE,251,2025-10-07 07:43:09
DJUSCS,Dow Jones U.S. Specialized Consumer Services Index,2717.8,2671.9,3402.3,1.7178786631236231,43.89423076923073,🟢,OPORTUNIDAD,251,2025-10-07 07:43:09
DJUSCT,Dow Jones U.S. Telecommunications Equipment Index,2656.27,1708.47,2675.99,55.47653748675715,31.350946625307543,🔴,FUERTE,251,2025-10-07 07:43:09
DJUSCX,Dow Jones U.S. Specialty Chemicals Index,1074.63,863.05,1205.27,24.51538149585773,50.3013604270707,🟡,CERCA,251,2025-10-07 07:43:09
DJUSDB,Dow Jones U.S. Brewers Index,466.02,447.85,659.78,4.057161996204077,59.59468017732743,🟢,OPORTUNIDAD,251,2025-10-07 07:43:09
DJUSDN,Dow Jones U.S. Defense Index,838.6,598.11,839.56,40.20832288375048,20.109289617486283,🔴,FUERTE,251,2025-10-07 07:43:09
DJUSDR,Dow Jones U.S. Food & Drug Retailers Index,1533.83,1241.15,1615.62,23.581356000483407,54.212770862148496,🟡,CERCA,251,2025-10-07 07:43:09
DJUSDS,Dow Jones U.S. Industrial Suppliers Index,966.87,683.22,994.97,41.516641784491085,48.04402310123132,🔴,FUERTE,251,2025-10-07 07:43:09
DJUSDT,Dow Jones U.S. Diversified REITs Index,58.61,45.49,60.0,28.841503627170802,49.39759036144578,🔴,FUERTE,251,2025-10-07 07:43:09
DJUSDV,Dow Jones U.S. Computer Services Index,282.78,231.08,304.29,22.373204085165295,17.98350625166266,🟡,CERCA,251,2025-10-07 07:43:09
DJUSEC,Dow Jones U.S. Electrical Components & Equipment Index,1026.64,562.61,1055.56,82.47809317289064,43.015647226173506,🔴,FUERTE,251,2025-10-07 07:43:09
DJUSEE,Dow Jones U.S. Electronic & Electrical Equipment Index,1187.64,643.85,1202.21,84.45911314747224,39.7053738156165,🔴,FUERTE,251,2025-10-07 07:43:09
DJUSEH,Dow Jones U.S. Real Estate Holding & Development Index,68.56,50.8,72.61,34.96062992125986,24.62825278810412,🔴,FUERTE,240,2025-10-07 07:43:09
DJUSEN,Dow Jones U.S. Oil & Gas Index,754.0,623.85,813.7,20.862386791696718,48.695652173913025,🟡,CERCA,251,2025-10-07 07:43:09
DJUSES,Dow Jones U.S. Real Estate Services Index,349.24,268.15,392.49,30.240537012865946,75.00794912559616,🔴,FUERTE,251,2025-10-07 07:43:09
DJUSEU,Dow Jones U.S. Electricity Index,447.67,340.99,448.3,31.28537493768146,11.124232404345733,🔴,FUERTE,251,2025-10-07 07:43:09
DJUSFA,Dow Jones U.S. Financial Administration Index,557.79,532.41,685.16,4.767002873725136,58.47696095673583,🟢,OPORTUNIDAD,251,2025-10-07 07:43:09
DJUSFB,Dow Jones U.S. Food & Beverage Index,685.01,668.77,803.36,2.428338591743052,51.84587813620078,🟢,OPORTUNIDAD,251,2025-10-07 07:43:09
DJUSFC,Dow Jones U.S. Fixed Line Telecommunications Index,153.78,125.98,175.95,22.066994761073182,89.76857490864796,🟡,CERCA,251,2025-10-07 07:43:09
DJUSFD,Dow Jones U.S. Food Retailers & Wholesalers Index,1222.09,1057.25,1346.72,15.591392764246859,72.97183690626312,🟡,CERCA,251,2025-10-07 07:43:09
DJUSFE,Dow Jones U.S. Industrial Machinery Index,1268.47,969.18,1325.15,30.880744546936594,41.02706299911266,🔴,FUERTE,251,2025-10-07 07:43:09
DJUSFH,Dow Jones U.S. Furnishings Index,477.47,319.67,507.6,49.36340601245034,61.24144672531763,🔴,FUERTE,251,2025-10-07 07:43:09
DJUSFI,Dow Jones U.S. Financial Services Index,2483.3,1907.9,2532.3,30.158813354997644,50.50206733608972,🔴,FUERTE,251,2025-10-07 07:43:09
DJUSFO,Dow Jones U.S. Food Producers Index,379.0,367.79,447.59,3.047934962886424,51.178614823815344,🟢,OPORTUNIDAD,251,2025-10-07 07:43:09
DJUSFP,Dow Jones U.S. Food Products Index,532.66,523.45,645.1,1.7594803706180002,50.305028854080795,🟢,OPORTUNIDAD,251,2025-10-07 07:43:09
DJUSFT,Dow Jones U.S. Footwear Index,1518.7,1186.7,1942.6,27.976742226341955,61.6161616161616,🔴,FUERTE,251,2025-10-07 07:43:09
DJUSGF,Dow Jones U.S. Financial Services Index,2783.5,2138.5,2838.4,30.16132803366846,50.50184891706288,🔴,FUERTE,251,2025-10-07 07:43:09
DJUSGI,Dow Jones U.S. General Industrials Index,701.48,613.23,783.86,14.391011529116318,61.32911392405062,🟡,CERCA,251,2025-10-07 07:43:09
DJUSGT,Dow Jones U.S. General Retailers Index,3439.7,2720.3,3649.5,26.44561261625554,83.37742504409178,🔴,FUERTE,251,2025-10-07 07:43:09
DJUSGU,Dow Jones U.S. Gas Distribution Index,380.96,304.15,384.47,25.253986519809306,22.36842105263159,🔴,FUERTE,251,2025-10-07 07:43:09
DJUSHB,Dow Jones U.S. Home Construction Index,2681.79,1872.38,3170.03,43.22893857016203,54.855649011138915,🔴,FUERTE,251,2025-10-07 07:43:09
DJUSHC,Dow Jones U.S. Health Care Index,1538.84,1344.15,1638.55,14.484246549864213,24.966178821793136,🟡,CERCA,251,2025-10-07 07:43:09
DJUSHD,Dow Jones U.S. Durable Household Products Index,116.71,94.51,179.28,23.489577822452638,89.16728076639656,🟡,CERCA,251,2025-10-07 07:43:09
DJUSHG,Dow Jones U.S. Household Goods & Home Construction Index,1036.01,999.49,1219.68,3.653863470369887,72.21610805402705,🟢,OPORTUNIDAD,251,2025-10-07 07:43:09
DJUSHI,Dow Jones U.S. Home Improvement Retailers Index,850.47,705.04,958.3,20.627198456825155,92.11866282931149,🟡,CERCA,251,2025-10-07 07:43:09
DJUSHL,Dow Jones U.S. Hotel & Lodging REITs Index,88.43,65.02,103.03,36.004306367271624,72.05414012738851,🔴,FUERTE,251,2025-10-07 07:43:09
DJUSHN,Dow Jones U.S. Nondurable Household Products Index,1164.16,1163.97,1420.24,0.016323444762326743,74.3572104222202,🟢,OPORTUNIDAD,251,2025-10-07 07:43:09
DJUSHP,Dow Jones U.S. Health Care Providers Index,2721.9,2106.6,3475.6,29.208202791227578,21.446839605407433,🔴,FUERTE,251,2025-10-07 07:43:09
DJUSHR,Dow Jones U.S. Commercial Vehicles & Trucks Index,5685.3,3916.0,5753.9,45.18130745658836,26.500962716611212,🔴,FUERTE,251,2025-10-07 07:43:09
DJUSHV,Dow Jones U.S. Heavy Construction Index,2184.84,1138.85,2202.82,91.8461606006059,24.31609988706228,🔴,FUERTE,251,2025-10-07 07:43:09
DJUSIB,Dow Jones U.S. Insurance Brokers Index,772.39,729.23,891.38,5.918571644062911,20.80129502225816,🟢,OPORTUNIDAD,251,2025-10-07 07:43:09
DJUSID,Dow Jones U.S. Diversified Industrials Index,918.6,767.22,1017.95,19.730976773285366,55.10267579340382,🟡,CERCA,251,2025-10-07 07:43:09
DJUSIG,Dow Jones U.S. Industrial Goods & Services Index,1485.68,1094.74,1489.68,35.71076237280085,31.28986917504602,🔴,FUERTE,251,2025-10-07 07:43:09
DJUSIL,Dow Jones U.S. Life Insurance Index,1291.67,1077.94,1380.29,19.827634191142366,24.304468264482452,🟡,CERCA,251,2025-10-07 07:43:09
DJUSIM,Dow Jones U.S. Industrial Metals & Mining Index,497.31,350.58,568.14,41.85349991442753,64.75293641150265,🔴,FUERTE,251,2025-10-07 07:43:09
DJUSIO,Dow Jones U.S. Industrial & Office REITs Index,104.89,79.12,117.65,32.57077856420626,44.66446644664465,🔴,FUERTE,251,2025-10-07 07:43:09
DJUSIP,Dow Jones U.S. Property & Casualty Insurance Index,1974.13,1755.13,2065.57,12.477708203950703,24.599406528189846,🟡,CERCA,251,2025-10-07 07:43:09
DJUSIQ,Dow Jones U.S. Industrial Engineering Index,4567.5,3318.0,4616.6,37.65822784810127,31.18570655116413,🔴,FUERTE,251,2025-10-07 07:43:09
DJUSIR,Dow Jones U.S. Insurance Index,1370.0,1264.26,1458.0,8.363785930109312,19.09615620778581,🟢,OPORTUNIDAD,251,2025-10-07 07:43:09
DJUSIS,Dow Jones U.S. Support Services Index,842.13,764.29,981.89,10.184615787201198,52.80241555010383,🟡,CERCA,251,2025-10-07 07:43:09
DJUSIT,Dow Jones U.S. Industrial Transportation Index,1493.0,1243.5,1746.8,20.06433453960595,16.901408450704437,🟡,CERCA,251,2025-10-07 07:43:09
DJUSIU,Dow Jones U.S. Reinsurance Index,549.54,467.58,599.38,17.528551263954828,16.129511361948687,🟡,CERCA,251,2025-10-07 07:43:09
DJUSIV,Dow Jones U.S. Business Support Services Index,1136.09,1092.82,1443.42,3.9594809758240133,45.16184278129818,🟢,OPORTUNIDAD,251,2025-10-07 07:43:09
DJUSIX,Dow Jones U.S. Nonlife Insurance Index,1357.73,1246.37,1458.15,8.934746503847183,18.709200640473185,🟢,OPORTUNIDAD,251,2025-10-07 07:43:09
DJUSLE,Dow Jones U.S. Leisure Goods Index,1183.07,724.03,1249.95,63.40068781680317,48.772993223050065,🔴,FUERTE,251,2025-10-07 07:43:09
DJUSLG,Dow Jones U.S. Hotels Index,4199.5,3245.4,4663.6,29.398533308683056,57.70428015564197,🔴,FUERTE,251,2025-10-07 07:43:09
DJUSMC,Dow Jones U.S. Health Care Equipment & Services Index,2313.7,2083.0,2553.7,11.075372059529515,31.431897555296715,🟡,CERCA,251,2025-10-07 07:43:09
DJUSME,Dow Jones U.S. Media Index,835.27,662.35,936.97,26.107043104099038,52.78252611585951,🔴,FUERTE,251,2025-10-07 07:43:09
DJUSMF,Dow Jones U.S. Mortgage Finance Index,12.17,9.98,13.76,21.943887775551097,70.25862068965517,🟡,CERCA,251,2025-10-07 07:43:09
DJUSMG,Dow Jones U.S. Mining Index,203.19,84.25,205.06,141.17507418397625,19.351032448377538,🔴,FUERTE,251,2025-10-07 07:43:09
DJUSMR,Dow Jones U.S. Mortgage REITs Index,29.88,24.64,32.68,21.266233766233757,73.02798982188294,🟡,CERCA,251,2025-10-07 07:43:09
DJUSMS,Dow Jones U.S. Medical Supplies Index,1658.59,1469.4,1749.93,12.875323261195032,35.64846112791321,🟡,CERCA,251,2025-10-07 07:43:09
DJUSMT,Dow Jones U.S. Marine Transportation Index,273.83,268.84,433.97,1.8561226008034555,54.31093007467754,🟢,OPORTUNIDAD,251,2025-10-07 07:43:09
DJUSMU,Dow Jones U.S. Multiutilities Index,293.54,249.55,293.64,17.627729913844924,24.183215887251777,🟡,CERCA,251,2025-10-07 07:43:09
DJUSNF,Dow Jones U.S. Nonferrous Metals Index,539.35,372.55,684.69,44.77251375654275,65.09288627095606,🔴,FUERTE,251,2025-10-07 07:43:09
DJUSNG,Dow Jones U.S. Personal & Household Goods Index,1025.8,909.61,1081.16,12.773606270819354,68.01992792028821,🟡,CERCA,251,2025-10-07 07:43:09
DJUSNS,Dow Jones U.S. Internet Index,6359.9,3842.4,6645.5,65.51894649177596,64.13465688390163,🔴,FUERTE,251,2025-10-07 07:43:09
DJUSOG,Dow Jones U.S. Oil & Gas Producers,853.7,707.01,914.32,20.74793850157707,52.12747017981127,🟡,CERCA,251,2025-10-07 07:43:09
DJUSOI,Dow Jones U.S. Oil Equipment & Services Index,261.49,198.86,294.15,31.49451875691441,45.971914264597224,🔴,FUERTE,251,2025-10-07 07:43:09
DJUSOL,Dow Jones U.S. Integrated Oil & Gas Index,750.85,645.42,807.01,16.335099625050365,56.37013426060076,🟡,CERCA,251,2025-10-07 07:43:09
DJUSOS,Dow Jones U.S. Exploration & Production Index,1046.7,821.29,1123.35,27.445847386428678,46.041325024598244,🔴,FUERTE,251,2025-10-07 07:43:09
DJUSPB,Dow Jones U.S. Publishing Index,800.15,663.16,874.35,20.657156643947165,70.12105107764984,🟡,CERCA,251,2025-10-07 07:43:09
DJUSPC,Dow Jones U.S. Waste & Disposal Services Index,652.68,609.51,708.03,7.082738593296248,49.90942028985515,🟢,OPORTUNIDAD,251,2025-10-07 07:43:09
DJUSPG,Sector PG,514.13,426.49,649.12,20.549133625641865,60.157932519741514,🟡,CERCA,251,2025-10-07 07:43:09
DJUSPL,Dow Jones U.S. Pipelines Index,1059.16,925.07,1229.95,14.49511928827008,35.51181764656404,🟡,CERCA,251,2025-10-07 07:43:09
DJUSPM,Dow Jones U.S. Gold Mining Index,229.78,94.85,232.29,142.25619399051135,18.065359477124133,🔴,FUERTE,251,2025-10-07 07:43:09
DJUSPN,Dow Jones U.S. Pharmaceuticals & Biotechnology Index,1195.47,960.01,1254.05,24.52682784554328,27.78850278850284,🟡,CERCA,251,2025-10-07 07:43:09
DJUSPR,Dow Jones U.S. Pharmaceuticals Index,926.16,765.56,982.74,20.97810752912901,26.614561908679576,🟡,CERCA,251,2025-10-07 07:43:09
DJUSRA,Dow Jones U.S. Apparel Retailers Index,1868.57,1490.78,1889.65,25.341767396933147,32.314015618577955,🔴,FUERTE,251,2025-10-07 07:43:09
DJUSRB,Dow Jones U.S. Broadline Retailers Index,4665.8,3641.4,5034.6,28.132037128576926,78.12263436790298,🔴,FUERTE,251,2025-10-07 07:43:09
DJUSRD,Dow Jones U.S. Drug Retailers Index,1187.4,848.36,1220.21,39.96416615587723,37.42548023846325,🔴,FUERTE,251,2025-10-07 07:43:09
DJUSRE,Dow Jones U.S. Real Estate Index,364.8,311.91,396.19,16.956814465711258,58.50622406639004,🟡,CERCA,251,2025-10-07 07:43:09
DJUSRH,Dow Jones U.S. Real Estate Investment & Services,732.42,563.1,822.79,30.069259456579633,74.92039423805917,🔴,FUERTE,251,2025-10-07 07:43:09
DJUSRI,Dow Jones U.S. Real Estate Investment Trusts Index,147.1,126.8,161.13,16.009463722397474,52.53664036076674,🟡,CERCA,251,2025-10-07 07:43:09
DJUSRL,Dow Jones U.S. Retail REITs Index,100.96,83.32,106.75,21.171387421987518,56.58227848101271,🟡,CERCA,251,2025-10-07 07:43:09
DJUSRN,Dow Jones U.S. Residential REITs Index,218.54,212.75,264.7,2.721504112808457,65.9246575342466,🟢,OPORTUNIDAD,251,2025-10-07 07:43:09
DJUSRP,Dow Jones U.S. Recreational Products Index,373.56,305.34,496.77,22.34230693652978,75.68027210884358,🟡,CERCA,251,2025-10-07 07:43:09
DJUSRQ,Dow Jones U.S. Recreational Services Index,193.62,110.98,215.97,74.46386736348892,62.785171102661636,🔴,FUERTE,251,2025-10-07 07:43:09
DJUSRR,Dow Jones U.S. Railroads Index,3559.6,2788.9,3607.9,27.634551256767892,10.005040322580612,🔴,FUERTE,251,2025-10-07 07:43:09
DJUSRS,Dow Jones U.S. Specialty Retailers Index,4621.2,3185.9,4908.8,45.05163376126055,63.3516232281665,🔴,FUERTE,251,2025-10-07 07:43:09
DJUSRT,Dow Jones U.S. Retail Index,3085.4,2453.4,3267.5,25.760169560609764,83.15575849822429,🔴,FUERTE,251,2025-10-07 07:43:09
DJUSRU,Dow Jones U.S. Restaurants & Bars Index,2975.1,2686.2,3265.8,10.754969845878941,51.81006111894694,🟡,CERCA,251,2025-10-07 07:43:09
DJUSSB,Dow Jones U.S. Investment Services Index,3015.6,2060.8,3066.3,46.331521739130416,47.795414462081126,🔴,FUERTE,251,2025-10-07 07:43:09
DJUSSC,Dow Jones U.S. Semiconductors Index,27487.0,12938.1,27831.9,112.45005062567147,31.69922410997181,🔴,FUERTE,251,2025-10-07 07:43:09
DJUSSD,Dow Jones U.S. Soft Drinks Index,880.5,835.84,999.65,5.343127871362936,52.26522255976751,🟢,OPORTUNIDAD,251,2025-10-07 07:43:09
DJUSSF,Dow Jones U.S. Consumer Finance Index,791.93,619.26,809.9,27.883280043923385,49.370889333714615,🔴,FUERTE,251,2025-10-07 07:43:09
DJUSSP,Dow Jones U.S. Specialty Finance Index,744.34,663.1,803.35,12.251545769868798,40.59580913910615,🟡,CERCA,251,2025-10-07 07:43:09
DJUSSR,Dow Jones U.S. Specialty REITs Index,261.34,229.18,287.27,14.032638101055925,46.445221445221506,🟡,CERCA,251,2025-10-07 07:43:09
DJUSST,Dow Jones U.S. Iron & Steel Index,587.42,416.26,642.02,41.11853168692644,56.922077922077996,🔴,FUERTE,251,2025-10-07 07:43:09
DJUSSV,Dow Jones U.S. Software & Computer Services Index,8581.7,5509.7,8710.2,55.75621177196582,45.800430725053836,🔴,FUERTE,251,2025-10-07 07:43:09
DJUSSW,Dow Jones U.S. Software Index,8762.4,5758.2,8972.9,52.17255392310097,34.88782455255868,🔴,FUERTE,251,2025-10-07 07:43:09
DJUSTB,Dow Jones U.S. Tobacco Index,1080.95,824.94,1210.02,31.033772153126282,63.61075544174137,🔴,FUERTE,251,2025-10-07 07:43:09
DJUSTC,Dow Jones U.S. Technology Index,8675.9,5115.5,8707.3,69.60023458117486,31.40889167188469,🔴,FUERTE,251,2025-10-07 07:43:09
DJUSTK,Dow Jones U.S. Trucking Index,1386.73,1244.48,2071.67,11.430476986371819,55.89018828735267,🟡,CERCA,251,2025-10-07 07:43:09
DJUSTL,Dow Jones U.S. Telecommunications Index,176.16,155.76,199.75,13.097072419106324,80.50570962479617,🟡,CERCA,251,2025-10-07 07:43:09
DJUSTQ,Dow Jones U.S. Technology Hardware & Equipment Index,9828.9,5326.7,9914.1,84.52137345823868,26.025028816071156,🔴,FUERTE,251,2025-10-07 07:43:09
DJUSTR,Dow Jones U.S. Tires Index,9828.9,5326.7,9914.1,84.52137345823868,26.025028816071156,🔴,FUERTE,251,2025-10-07 07:43:09
DJUSTT,Dow Jones U.S. Travel & Tourism Index,1399.94,957.74,1432.9,46.171194687493475,47.59951382558487,🔴,FUERTE,251,2025-10-07 07:43:09
DJUSTY,Dow Jones U.S. Toys Index,1949.34,1098.6,2064.11,77.4385581649372,47.39619122410915,🔴,FUERTE,251,2025-10-07 07:43:09
DJUSUT,Dow Jones U.S. Utilities Index,446.61,353.79,447.07,26.235902654116845,12.364096080910215,🔴,FUERTE,251,2025-10-07 07:43:09
DJUSVE,Dow Jones U.S. Conventional Electricity Index,448.95,341.92,449.58,31.302643893308367,11.160924964606082,🔴,FUERTE,251,2025-10-07 07:43:09
DJUSVN,Dow Jones U.S. Distillers & Vintners Index,281.74,268.56,503.18,4.907655644921062,42.47996228194248,🟢,OPORTUNIDAD,251,2025-10-07 07:43:09
DJUSWC,Dow Jones U.S. Mobile Telecommunications Index,392.89,360.57,458.56,8.963585434173668,71.07993850883929,🟢,OPORTUNIDAD,251,2025-10-07 07:43:09
DJUSWU,Dow Jones U.S. Water Index,2873.0,2432.7,3135.8,18.099231306778485,36.27920067548552,🟡,CERCA,251,2025-10-07 07:43:09
