Ticker,Sector,CurrentPrice,Min52w,Max52w,DistanceFromMin,RSI,Estado,Classification,DataPoints,AnalysisDate
DJUSFR,Dow Jones U.S. Forestry & Paper Index,862.53,703.58,952.75,22.591602944938728,38.10259579728056,🟡,CERCA,252,2025-07-08 15:43:05
DJUSAE,Dow Jones U.S. Aerospace & Defense Index,2592.0,1861.2,2625.0,39.26499032882012,37.85917271866119,🔴,FUERTE,252,2025-07-08 15:43:05
DJUSAF,Dow Jones U.S. Delivery Services Index,1081.8,916.9,1417.0,17.98451303304613,40.370370370370445,🟡,CERCA,252,2025-07-08 15:43:05
DJUSAG,Dow Jones U.S. Asset Managers Index,386.71,273.77,416.27,41.253607042407864,18.562066306861908,🔴,FUERTE,252,2025-07-08 15:43:05
DJUSAI,Dow Jones U.S. Electronic Equipment Index,1390.59,913.78,1411.86,52.17995578804526,26.00947439657115,🔴,FUERTE,252,2025-07-08 15:43:05
DJUSAL,Dow Jones U.S. Aluminum Index,104.84,73.62,163.19,42.4069546318935,42.74886306215259,🔴,FUERTE,252,2025-07-08 15:43:05
DJUSAM,Dow Jones U.S. Medical Equipment Index,2989.5,2553.2,3151.1,17.088359705467656,41.75213675213676,🟡,CERCA,252,2025-07-08 15:43:05
DJUSAP,Dow Jones U.S. Automobiles & Parts Index,1171.2,768.67,1748.7,52.367075598111036,58.19631736929348,🔴,FUERTE,252,2025-07-08 15:43:05
DJUSAR,Dow Jones U.S. Airlines Index,200.59,126.73,259.72,58.28138562297798,38.316400580551544,🔴,FUERTE,252,2025-07-08 15:43:05
DJUSAS,Dow Jones U.S. Aerospace Index,2773.7,1883.9,2825.3,47.23180635914856,37.323358270989175,🔴,FUERTE,252,2025-07-08 15:43:05
DJUSAT,Dow Jones U.S. Auto Parts Index,391.53,288.25,441.96,35.830008673026875,31.45894051088635,🔴,FUERTE,252,2025-07-08 15:43:05
DJUSAU,Dow Jones U.S. Automobiles Index,1054.2,666.09,1613.6,58.266900869251906,58.6499766027141,🔴,FUERTE,252,2025-07-08 15:43:05
DJUSAV,Dow Jones U.S. Media Agencies Index,487.99,346.44,702.93,40.85844590693915,38.30436824800373,🔴,FUERTE,252,2025-07-08 15:43:05
DJUSBC,Dow Jones U.S. Broadcasting & Entertainment Index,1269.7,962.0,1293.1,31.98544698544699,33.137089991589434,🔴,FUERTE,252,2025-07-08 15:43:05
DJUSBD,Dow Jones U.S. Building Materials & Fixtures Index,2359.9,1876.9,2557.1,25.733922958069154,33.82581648522546,🔴,FUERTE,252,2025-07-08 15:43:05
DJUSBE,Dow Jones U.S. Business Training & Employment Agencies Index,119.29,104.12,152.72,14.569727237802537,50.45356371490279,🟡,CERCA,252,2025-07-08 15:43:05
DJUSBK,Dow Jones U.S. Banks Index,730.68,520.01,752.87,40.512682448414445,24.962056959200112,🔴,FUERTE,252,2025-07-08 15:43:05
DJUSBS,Dow Jones U.S. Basic Resources Index,384.77,274.91,394.51,39.96216943727036,39.9370026525199,🔴,FUERTE,252,2025-07-08 15:43:05
DJUSBT,Dow Jones U.S. Biotechnology Index,2637.8,2297.4,3119.9,14.816749368851747,40.753112663225025,🟡,CERCA,252,2025-07-08 15:43:05
DJUSBV,Dow Jones U.S. Beverages Index,936.94,875.4,1070.16,7.029929175234188,44.39867261700419,🟢,OPORTUNIDAD,252,2025-07-08 15:43:05
DJUSCA,Dow Jones U.S. Gambling Index,724.15,513.6,765.15,40.994937694704035,12.619861126419096,🔴,FUERTE,252,2025-07-08 15:43:05
DJUSCC,Dow Jones U.S. Commodity Chemicals Index,751.83,647.09,855.73,16.186311023196158,44.70842332613387,🟡,CERCA,252,2025-07-08 15:43:05
DJUSCH,Dow Jones U.S. Chemicals Index,2006.96,1424.81,2021.61,40.85807932285709,19.878770523100386,🔴,FUERTE,252,2025-07-08 15:43:05
DJUSCM,Dow Jones U.S. Personal Products Index,415.78,345.1,483.97,20.481019994204562,50.12421173323147,🟡,CERCA,252,2025-07-08 15:43:05
DJUSCN,Dow Jones U.S. Construction & Materials Index,1960.28,1484.39,2065.78,32.05963392369929,32.24818077364992,🔴,FUERTE,252,2025-07-08 15:43:05
DJUSCP,Dow Jones U.S. Containers & Packaging Index,479.41,397.01,541.01,20.75514470668246,26.720447810339152,🟡,CERCA,252,2025-07-08 15:43:05
DJUSCR,Dow Jones U.S. Computer Hardware Index,10543.8,8364.8,12829.5,26.049636572302987,27.317554240631168,🔴,FUERTE,252,2025-07-08 15:43:05
DJUSCS,Dow Jones U.S. Specialized Consumer Services Index,2867.0,2537.0,3402.3,13.0074891604257,69.51735817104154,🟡,CERCA,252,2025-07-08 15:43:05
DJUSCT,Dow Jones U.S. Telecommunications Equipment Index,2278.32,1652.5,2354.08,37.87110438729199,30.01864066532839,🔴,FUERTE,252,2025-07-08 15:43:05
DJUSCX,Dow Jones U.S. Specialty Chemicals Index,1127.69,863.05,1218.81,30.66334511326112,30.650380197378908,🔴,FUERTE,252,2025-07-08 15:43:05
DJUSDB,Dow Jones U.S. Brewers Index,504.51,479.19,659.78,5.2839166092781555,51.671035386631736,🟢,OPORTUNIDAD,252,2025-07-08 15:43:05
DJUSDN,Dow Jones U.S. Defense Index,741.64,598.11,775.57,23.99725802945946,39.7188705062819,🟡,CERCA,252,2025-07-08 15:43:05
DJUSDR,Dow Jones U.S. Food & Drug Retailers Index,1588.91,1149.77,1607.14,38.19372570166208,34.90684793554884,🔴,FUERTE,252,2025-07-08 15:43:05
DJUSDS,Dow Jones U.S. Industrial Suppliers Index,896.9,683.22,966.01,31.27543104710049,30.84166026133741,🔴,FUERTE,252,2025-07-08 15:43:05
DJUSDT,Dow Jones U.S. Diversified REITs Index,53.66,45.49,56.83,17.95999120685864,52.64900662251656,🟡,CERCA,252,2025-07-08 15:43:05
DJUSDV,Dow Jones U.S. Computer Services Index,300.7,209.35,304.29,43.63506090279436,40.276625172890775,🔴,FUERTE,252,2025-07-08 15:43:05
DJUSEC,Dow Jones U.S. Electrical Components & Equipment Index,929.52,562.61,941.24,65.21569115372992,24.9161005156749,🔴,FUERTE,252,2025-07-08 15:43:05
DJUSEE,Dow Jones U.S. Electronic & Electrical Equipment Index,1037.91,643.85,1051.01,61.20369651316301,24.002000166680517,🔴,FUERTE,252,2025-07-08 15:43:05
DJUSEH,Dow Jones U.S. Real Estate Holding & Development Index,57.45,49.5,72.61,16.060606060606066,54.337464251668244,🟡,CERCA,252,2025-07-08 15:43:05
DJUSEN,Dow Jones U.S. Oil & Gas Index,741.8,623.85,813.7,18.906788490823104,46.96471018467727,🟡,CERCA,252,2025-07-08 15:43:05
DJUSES,Dow Jones U.S. Real Estate Services Index,335.25,242.06,348.14,38.49871932578699,35.16045912391658,🔴,FUERTE,252,2025-07-08 15:43:05
DJUSEU,Dow Jones U.S. Electricity Index,400.37,334.02,406.65,19.864079995209877,45.33577214528353,🟡,CERCA,252,2025-07-08 15:43:05
DJUSFA,Dow Jones U.S. Financial Administration Index,612.37,501.02,685.16,22.224661690152097,43.239766081871316,🟡,CERCA,252,2025-07-08 15:43:05
DJUSFB,Dow Jones U.S. Food & Beverage Index,706.73,668.77,816.7,5.676091929960979,46.70087976539588,🟢,OPORTUNIDAD,252,2025-07-08 15:43:05
DJUSFC,Dow Jones U.S. Fixed Line Telecommunications Index,167.05,107.93,172.38,54.776243861762254,45.58823529411763,🔴,FUERTE,252,2025-07-08 15:43:05
DJUSFD,Dow Jones U.S. Food Retailers & Wholesalers Index,1288.39,954.7,1303.18,34.95234104954436,35.944072516144274,🔴,FUERTE,252,2025-07-08 15:43:05
DJUSFE,Dow Jones U.S. Industrial Machinery Index,1242.59,969.18,1325.15,28.21044594399389,29.63707064160728,🔴,FUERTE,252,2025-07-08 15:43:05
DJUSFH,Dow Jones U.S. Furnishings Index,407.55,305.07,412.14,33.59229029403089,25.501191644469444,🔴,FUERTE,252,2025-07-08 15:43:05
DJUSFI,Dow Jones U.S. Financial Services Index,2422.3,1812.0,2448.9,33.681015452538645,27.749181094992878,🔴,FUERTE,252,2025-07-08 15:43:05
DJUSFO,Dow Jones U.S. Food Producers Index,387.22,367.79,460.77,5.282906006144812,50.404194887480834,🟢,OPORTUNIDAD,252,2025-07-08 15:43:05
DJUSFP,Dow Jones U.S. Food Products Index,551.56,529.4,667.01,4.185870797128819,48.832951945080104,🟢,OPORTUNIDAD,252,2025-07-08 15:43:05
DJUSFT,Dow Jones U.S. Footwear Index,1599.6,1186.7,2012.4,34.793966461616236,26.478679504814323,🔴,FUERTE,252,2025-07-08 15:43:05
DJUSGF,Dow Jones U.S. Financial Services Index,2715.0,2031.0,2744.9,33.67799113737075,27.78473091364212,🔴,FUERTE,252,2025-07-08 15:43:05
DJUSGI,Dow Jones U.S. General Industrials Index,773.13,613.23,780.5,26.07504525218922,24.871337044428074,🔴,FUERTE,252,2025-07-08 15:43:05
DJUSGT,Dow Jones U.S. General Retailers Index,3424.9,2540.2,3560.4,34.827966301866006,37.32565191024864,🔴,FUERTE,252,2025-07-08 15:43:05
DJUSGU,Dow Jones U.S. Gas Distribution Index,354.1,269.1,375.77,31.586770717205496,47.19673802242605,🔴,FUERTE,252,2025-07-08 15:43:05
DJUSHB,Dow Jones U.S. Home Construction Index,2243.54,1872.38,3170.03,19.8228991978124,37.36847379496941,🟡,CERCA,252,2025-07-08 15:43:05
DJUSHC,Dow Jones U.S. Health Care Index,1438.58,1344.15,1663.54,7.025257597738335,46.681994767303614,🟢,OPORTUNIDAD,252,2025-07-08 15:43:05
DJUSHD,Dow Jones U.S. Durable Household Products Index,143.53,94.51,179.28,51.867527245794086,20.211515863689783,🔴,FUERTE,252,2025-07-08 15:43:05
DJUSHG,Dow Jones U.S. Household Goods & Home Construction Index,1054.75,999.49,1229.25,5.528819698046003,44.13027916964929,🟢,OPORTUNIDAD,252,2025-07-08 15:43:05
DJUSHI,Dow Jones U.S. Home Improvement Retailers Index,798.88,705.04,958.3,13.309883127198463,31.425910596026455,🟡,CERCA,252,2025-07-08 15:43:05
DJUSHL,Dow Jones U.S. Hotel & Lodging REITs Index,86.2,65.02,103.03,32.57459243309752,39.06020558002937,🔴,FUERTE,252,2025-07-08 15:43:05
DJUSHN,Dow Jones U.S. Nondurable Household Products Index,1254.59,1228.94,1421.48,2.0871645483099144,52.734948604992674,🟢,OPORTUNIDAD,252,2025-07-08 15:43:05
DJUSHP,Dow Jones U.S. Health Care Providers Index,2473.5,2283.3,3545.2,8.33004861384837,57.10576015108589,🟢,OPORTUNIDAD,252,2025-07-08 15:43:05
DJUSHR,Dow Jones U.S. Commercial Vehicles & Trucks Index,5220.0,3916.0,5350.0,33.299284984678245,32.514941043450136,🔴,FUERTE,252,2025-07-08 15:43:05
DJUSHV,Dow Jones U.S. Heavy Construction Index,1851.1,1138.85,1895.56,62.54115994204681,32.50068732571388,🔴,FUERTE,252,2025-07-08 15:43:05
DJUSIB,Dow Jones U.S. Insurance Brokers Index,786.52,693.99,891.38,13.333045144742716,49.02528977871442,🟡,CERCA,252,2025-07-08 15:43:05
DJUSID,Dow Jones U.S. Diversified Industrials Index,998.56,767.22,1003.17,30.153019994264994,24.422150882825136,🔴,FUERTE,252,2025-07-08 15:43:05
DJUSIG,Dow Jones U.S. Industrial Goods & Services Index,1431.9,1094.74,1442.13,30.798180389864267,28.5430956119328,🔴,FUERTE,252,2025-07-08 15:43:05
DJUSIL,Dow Jones U.S. Life Insurance Index,1250.0,1077.94,1380.29,15.96192738000259,39.96521963158567,🟡,CERCA,252,2025-07-08 15:43:05
DJUSIM,Dow Jones U.S. Industrial Metals & Mining Index,518.15,350.58,568.14,47.79793485081865,28.98712359322721,🔴,FUERTE,252,2025-07-08 15:43:05
DJUSIO,Dow Jones U.S. Industrial & Office REITs Index,98.13,79.12,119.27,24.02679474216379,50.40058266569555,🟡,CERCA,252,2025-07-08 15:43:05
DJUSIP,Dow Jones U.S. Property & Casualty Insurance Index,1926.87,1628.3,2065.57,18.336301664312472,57.61978470414413,🟡,CERCA,252,2025-07-08 15:43:05
DJUSIQ,Dow Jones U.S. Industrial Engineering Index,4330.9,3318.0,4522.4,30.52742616033754,30.30362776025244,🔴,FUERTE,252,2025-07-08 15:43:05
DJUSIR,Dow Jones U.S. Insurance Index,1349.35,1178.02,1458.0,14.543895689377084,53.28511517656359,🟡,CERCA,252,2025-07-08 15:43:05
DJUSIS,Dow Jones U.S. Support Services Index,895.26,764.29,981.89,17.136165591594818,45.319343065693445,🟡,CERCA,252,2025-07-08 15:43:05
DJUSIT,Dow Jones U.S. Industrial Transportation Index,1489.2,1243.5,1746.8,19.75874547647769,34.64268812115468,🟡,CERCA,252,2025-07-08 15:43:05
DJUSIU,Dow Jones U.S. Reinsurance Index,522.73,467.58,599.38,11.79477308695839,50.98009650180937,🟡,CERCA,252,2025-07-08 15:43:05
DJUSIV,Dow Jones U.S. Business Support Services Index,1270.23,1092.82,1443.42,16.234146520012455,51.14210526315787,🟡,CERCA,252,2025-07-08 15:43:05
DJUSIX,Dow Jones U.S. Nonlife Insurance Index,1341.64,1165.38,1458.15,15.124680361770407,55.4971988795518,🟡,CERCA,252,2025-07-08 15:43:05
DJUSLE,Dow Jones U.S. Leisure Goods Index,1031.57,699.23,1045.41,47.529425224890225,35.69597069597067,🔴,FUERTE,252,2025-07-08 15:43:05
DJUSLG,Dow Jones U.S. Hotels Index,4384.9,3245.4,4663.6,35.11123436248227,14.89126428308144,🔴,FUERTE,252,2025-07-08 15:43:05
DJUSMC,Dow Jones U.S. Health Care Equipment & Services Index,2262.5,2186.6,2559.1,3.471142412878446,50.23534445870773,🟢,OPORTUNIDAD,252,2025-07-08 15:43:05
DJUSME,Dow Jones U.S. Media Index,879.82,662.35,936.97,32.8330942854986,33.2724157624214,🔴,FUERTE,252,2025-07-08 15:43:05
DJUSMF,Dow Jones U.S. Mortgage Finance Index,11.94,9.98,12.71,19.639278557114217,43.69747899159667,🟡,CERCA,252,2025-07-08 15:43:05
DJUSMG,Dow Jones U.S. Mining Index,132.88,84.25,142.44,57.72106824925815,59.86463620981392,🔴,FUERTE,252,2025-07-08 15:43:05
DJUSMR,Dow Jones U.S. Mortgage REITs Index,29.96,24.64,32.23,21.59090909090909,39.60113960113959,🟡,CERCA,252,2025-07-08 15:43:05
DJUSMS,Dow Jones U.S. Medical Supplies Index,1732.22,1469.4,1749.93,17.886212059343944,36.47295850909771,🟡,CERCA,252,2025-07-08 15:43:05
DJUSMT,Dow Jones U.S. Marine Transportation Index,384.09,275.54,433.97,39.39536909341654,37.73294908741595,🔴,FUERTE,252,2025-07-08 15:43:05
DJUSMU,Dow Jones U.S. Multiutilities Index,267.8,230.61,286.25,16.126794154633362,50.02261420171866,🟡,CERCA,252,2025-07-08 15:43:05
DJUSNF,Dow Jones U.S. Nonferrous Metals Index,604.1,372.55,702.28,62.15273117702323,35.20887195536807,🔴,FUERTE,252,2025-07-08 15:43:05
DJUSNG,Dow Jones U.S. Personal & Household Goods Index,1045.89,909.61,1069.74,14.982245138026196,40.74786324786316,🟡,CERCA,252,2025-07-08 15:43:05
DJUSNS,Dow Jones U.S. Internet Index,5196.3,3842.4,5640.3,35.235790131168024,48.42509603072981,🔴,FUERTE,252,2025-07-08 15:43:05
DJUSOG,Dow Jones U.S. Oil & Gas Producers,846.5,707.01,918.73,19.729565352682425,46.402251105453566,🟡,CERCA,252,2025-07-08 15:43:05
DJUSOI,Dow Jones U.S. Oil Equipment & Services Index,244.21,198.86,306.45,22.804988434074218,47.09035222052066,🟡,CERCA,252,2025-07-08 15:43:05
DJUSOL,Dow Jones U.S. Integrated Oil & Gas Index,744.59,645.42,807.01,15.365188559387699,45.28467795119807,🟡,CERCA,252,2025-07-08 15:43:05
DJUSOS,Dow Jones U.S. Exploration & Production Index,1037.78,821.29,1143.44,26.359751123232968,48.01843317972353,🔴,FUERTE,252,2025-07-08 15:43:05
DJUSPB,Dow Jones U.S. Publishing Index,832.56,663.16,843.72,25.544363351227457,36.457455770850956,🔴,FUERTE,252,2025-07-08 15:43:05
DJUSPC,Dow Jones U.S. Waste & Disposal Services Index,676.17,602.49,708.03,12.229248618234319,60.515021459227455,🟡,CERCA,252,2025-07-08 15:43:05
DJUSPG,Sector PG,541.71,426.49,649.12,27.01587376022885,30.160731169240435,🔴,FUERTE,252,2025-07-08 15:43:05
DJUSPL,Dow Jones U.S. Pipelines Index,1057.68,801.91,1229.95,31.895100447681173,51.6019935920256,🔴,FUERTE,252,2025-07-08 15:43:05
DJUSPM,Dow Jones U.S. Gold Mining Index,149.53,94.85,160.36,57.648919346336335,59.945913461538446,🔴,FUERTE,252,2025-07-08 15:43:05
DJUSPN,Dow Jones U.S. Pharmaceuticals & Biotechnology Index,1084.83,960.01,1277.87,13.001947896376073,45.089856059960816,🟡,CERCA,252,2025-07-08 15:43:05
DJUSPR,Dow Jones U.S. Pharmaceuticals Index,852.76,765.56,1006.37,11.390354772976652,50.94092784542619,🟡,CERCA,252,2025-07-08 15:43:05
DJUSRA,Dow Jones U.S. Apparel Retailers Index,1641.18,1490.78,1826.93,10.088678409959893,45.529755283648456,🟡,CERCA,252,2025-07-08 15:43:05
DJUSRB,Dow Jones U.S. Broadline Retailers Index,4678.4,3388.9,5034.6,38.05069491575436,42.58962011771005,🔴,FUERTE,252,2025-07-08 15:43:05
DJUSRD,Dow Jones U.S. Drug Retailers Index,1194.58,821.62,1209.83,45.393247486672664,42.61161846778287,🔴,FUERTE,252,2025-07-08 15:43:05
DJUSRE,Dow Jones U.S. Real Estate Index,362.1,311.91,396.67,16.091180148119648,50.43387712599792,🟡,CERCA,252,2025-07-08 15:43:05
DJUSRH,Dow Jones U.S. Real Estate Investment & Services,702.43,509.5,730.22,37.8665358194308,35.47373147732377,🔴,FUERTE,252,2025-07-08 15:43:05
DJUSRI,Dow Jones U.S. Real Estate Investment Trusts Index,146.48,126.8,162.95,15.520504731861193,52.521739130434845,🟡,CERCA,252,2025-07-08 15:43:05
DJUSRL,Dow Jones U.S. Retail REITs Index,96.36,83.32,106.75,15.650504080652913,42.274412855377015,🟡,CERCA,252,2025-07-08 15:43:05
DJUSRN,Dow Jones U.S. Residential REITs Index,236.96,212.75,271.87,11.379553466509993,56.41316685584561,🟡,CERCA,252,2025-07-08 15:43:05
DJUSRP,Dow Jones U.S. Recreational Products Index,361.34,305.34,511.66,18.340210912425494,35.90643274853805,🟡,CERCA,252,2025-07-08 15:43:05
DJUSRQ,Dow Jones U.S. Recreational Services Index,195.5,95.65,200.06,104.39100888656559,12.855113636363654,🔴,FUERTE,252,2025-07-08 15:43:05
DJUSRR,Dow Jones U.S. Railroads Index,3381.6,2788.9,3607.9,21.25210656531248,30.171242185376457,🟡,CERCA,252,2025-07-08 15:43:05
DJUSRS,Dow Jones U.S. Specialty Retailers Index,4767.1,2840.4,4884.3,67.83199549359246,32.93707402123951,🔴,FUERTE,252,2025-07-08 15:43:05
DJUSRT,Dow Jones U.S. Retail Index,3077.6,2288.1,3175.9,34.50461081246449,36.794107330761136,🔴,FUERTE,252,2025-07-08 15:43:05
DJUSRU,Dow Jones U.S. Restaurants & Bars Index,3127.4,2472.2,3265.8,26.502710136720342,40.00706214689268,🔴,FUERTE,252,2025-07-08 15:43:05
DJUSSB,Dow Jones U.S. Investment Services Index,2911.8,2026.7,2951.9,43.67197907929147,17.27330779054924,🔴,FUERTE,252,2025-07-08 15:43:05
DJUSSC,Dow Jones U.S. Semiconductors Index,23129.8,12938.1,23306.3,78.7727718907722,26.90391285232772,🔴,FUERTE,252,2025-07-08 15:43:05
DJUSSD,Dow Jones U.S. Soft Drinks Index,906.1,835.84,1016.29,8.405915007656967,45.77472841623785,🟢,OPORTUNIDAD,252,2025-07-08 15:43:05
DJUSSF,Dow Jones U.S. Consumer Finance Index,786.18,563.33,801.93,39.55940567695665,41.21079504011673,🔴,FUERTE,252,2025-07-08 15:43:05
DJUSSP,Dow Jones U.S. Specialty Finance Index,722.49,603.52,803.35,19.71268557794274,57.224606580829764,🟡,CERCA,252,2025-07-08 15:43:05
DJUSSR,Dow Jones U.S. Specialty REITs Index,262.08,229.18,287.27,14.355528405620028,54.68750000000007,🟡,CERCA,252,2025-07-08 15:43:05
DJUSST,Dow Jones U.S. Iron & Steel Index,587.19,416.26,642.02,41.06327775909289,23.903330625507678,🔴,FUERTE,252,2025-07-08 15:43:05
DJUSSV,Dow Jones U.S. Software & Computer Services Index,7736.0,5509.7,7826.4,40.40691870700764,40.67618156293873,🔴,FUERTE,252,2025-07-08 15:43:05
DJUSSW,Dow Jones U.S. Software Index,8311.5,5758.2,8395.1,44.34198186933418,35.810577255444144,🔴,FUERTE,252,2025-07-08 15:43:05
DJUSTB,Dow Jones U.S. Tobacco Index,1170.86,730.7,1210.02,60.2381278226358,56.900761166164,🔴,FUERTE,252,2025-07-08 15:43:05
DJUSTC,Dow Jones U.S. Technology Index,7509.6,5115.5,7588.4,46.80089922783697,29.584694353709764,🔴,FUERTE,252,2025-07-08 15:43:05
DJUSTK,Dow Jones U.S. Trucking Index,1509.54,1244.48,2071.67,21.298855746978653,33.86875612144958,🟡,CERCA,252,2025-07-08 15:43:05
DJUSTL,Dow Jones U.S. Telecommunications Index,186.79,142.12,199.75,31.43118491415704,44.38891412994094,🔴,FUERTE,252,2025-07-08 15:43:05
DJUSTQ,Dow Jones U.S. Technology Hardware & Equipment Index,8186.3,5326.7,8276.9,53.684269810576914,23.499865458785493,🔴,FUERTE,252,2025-07-08 15:43:05
DJUSTR,Dow Jones U.S. Tires Index,8186.3,5326.7,8276.9,53.684269810576914,23.499865458785493,🔴,FUERTE,252,2025-07-08 15:43:05
DJUSTT,Dow Jones U.S. Travel & Tourism Index,1403.48,861.39,1425.35,62.9320052473328,25.062588192452992,🔴,FUERTE,252,2025-07-08 15:43:05
DJUSTY,Dow Jones U.S. Toys Index,1683.41,1033.39,1713.26,62.90171184160867,38.808664259927774,🔴,FUERTE,252,2025-07-08 15:43:05
DJUSUT,Dow Jones U.S. Utilities Index,403.14,338.93,411.37,18.944914879178583,46.31875881523269,🟡,CERCA,252,2025-07-08 15:43:05
DJUSVE,Dow Jones U.S. Conventional Electricity Index,401.46,334.94,407.64,19.860273481817632,45.17223382045932,🟡,CERCA,252,2025-07-08 15:43:05
DJUSVN,Dow Jones U.S. Distillers & Vintners Index,336.13,309.98,523.8,8.436028130847143,31.914514692787165,🟢,OPORTUNIDAD,252,2025-07-08 15:43:05
DJUSWC,Dow Jones U.S. Mobile Telecommunications Index,409.52,344.98,458.56,18.70833091773435,44.03892944038928,🟡,CERCA,252,2025-07-08 15:43:05
DJUSWU,Dow Jones U.S. Water Index,2821.1,2432.7,3135.8,15.965799317630621,52.970606629143205,🟡,CERCA,252,2025-07-08 15:43:05
