Ticker,Sector,CurrentPrice,Min52w,Max52w,DistanceFromMin,RSI,Estado,Classification,DataPoints,AnalysisDate
DJUSFR,Dow Jones U.S. Forestry & Paper Index,780.09,703.58,911.76,10.87438528667671,57.272254034357054,🟡,CERCA,251,2025-11-12 07:45:24
DJUSAE,Dow Jones U.S. Aerospace & Defense Index,2874.1,1861.2,3004.0,54.42187835804856,50.51089918256132,🔴,FUERTE,251,2025-11-12 07:45:24
DJUSAF,Dow Jones U.S. Delivery Services Index,1150.8,916.9,1383.0,25.509870214854395,20.282542885973783,🔴,FUERTE,251,2025-11-12 07:45:24
DJUSAG,Dow Jones U.S. Asset Managers Index,380.03,273.77,426.58,38.81360265916645,61.98593073593078,🔴,FUERTE,251,2025-11-12 07:45:24
DJUSAI,Dow Jones U.S. Electronic Equipment Index,1852.98,913.78,1873.46,102.78185121145134,32.177998404396746,🔴,FUERTE,251,2025-11-12 07:45:24
DJUSAL,Dow Jones U.S. Aluminum Index,128.04,73.62,163.19,73.92013039934798,44.29640445336742,🔴,FUERTE,251,2025-11-12 07:45:24
DJUSAM,Dow Jones U.S. Medical Equipment Index,3025.1,2589.3,3151.1,16.83080369211755,47.4763920547053,🟡,CERCA,251,2025-11-12 07:45:24
DJUSAP,Dow Jones U.S. Automobiles & Parts Index,1646.87,845.49,1748.7,94.7829069533643,48.94357838094485,🔴,FUERTE,251,2025-11-12 07:45:24
DJUSAR,Dow Jones U.S. Airlines Index,221.79,137.83,259.72,60.91562069215698,53.08914386584291,🔴,FUERTE,251,2025-11-12 07:45:24
DJUSAS,Dow Jones U.S. Aerospace Index,3141.2,1883.9,3261.9,66.73921121078612,45.008807985907225,🔴,FUERTE,251,2025-11-12 07:45:24
DJUSAT,Dow Jones U.S. Auto Parts Index,419.57,288.25,447.84,45.55767562879445,55.305947796320055,🔴,FUERTE,251,2025-11-12 07:45:24
DJUSAU,Dow Jones U.S. Automobiles Index,1505.37,758.25,1613.6,98.53214638971313,48.86832127423549,🔴,FUERTE,251,2025-11-12 07:45:24
DJUSAV,Dow Jones U.S. Media Agencies Index,378.22,346.44,702.93,9.173305622907293,79.21970116214717,🟢,OPORTUNIDAD,251,2025-11-12 07:45:24
DJUSBC,Dow Jones U.S. Broadcasting & Entertainment Index,1189.8,962.0,1294.9,23.679833679833674,50.14031805425629,🟡,CERCA,251,2025-11-12 07:45:24
DJUSBD,Dow Jones U.S. Building Materials & Fixtures Index,2368.0,1876.9,2557.1,26.165485641216897,46.68452779638311,🔴,FUERTE,251,2025-11-12 07:45:24
DJUSBE,Dow Jones U.S. Business Training & Employment Agencies Index,100.19,95.19,152.72,5.2526525895577265,69.44777911164469,🟢,OPORTUNIDAD,251,2025-11-12 07:45:24
DJUSBK,Dow Jones U.S. Banks Index,785.34,521.55,799.76,50.57808455565145,16.99855177407659,🔴,FUERTE,251,2025-11-12 07:45:24
DJUSBS,Dow Jones U.S. Basic Resources Index,457.82,274.91,478.98,66.53450220072021,43.73536895674302,🔴,FUERTE,251,2025-11-12 07:45:24
DJUSBT,Dow Jones U.S. Biotechnology Index,3118.4,2297.4,3121.5,35.73604944720118,29.31384490458794,🔴,FUERTE,251,2025-11-12 07:45:24
DJUSBV,Dow Jones U.S. Beverages Index,951.58,875.4,1013.26,8.702307516563865,57.272282076395655,🟢,OPORTUNIDAD,251,2025-11-12 07:45:24
DJUSCA,Dow Jones U.S. Gambling Index,654.86,513.6,786.57,27.503894080996883,48.885415250781584,🔴,FUERTE,251,2025-11-12 07:45:24
DJUSCC,Dow Jones U.S. Commodity Chemicals Index,665.54,636.46,809.05,4.569022405178632,61.66903953564785,🟢,OPORTUNIDAD,251,2025-11-12 07:45:24
DJUSCH,Dow Jones U.S. Chemicals Index,1874.63,1497.87,2050.51,25.153050665278045,64.51281240113883,🔴,FUERTE,251,2025-11-12 07:45:24
DJUSCM,Dow Jones U.S. Personal Products Index,360.55,345.1,458.91,4.4769631990727285,58.8406265138059,🟢,OPORTUNIDAD,251,2025-11-12 07:45:24
DJUSCN,Dow Jones U.S. Construction & Materials Index,2054.18,1484.39,2140.56,38.385464736356326,41.70785670573843,🔴,FUERTE,251,2025-11-12 07:45:24
DJUSCP,Dow Jones U.S. Containers & Packaging Index,404.95,388.62,541.01,4.202048273377589,70.69705093833778,🟢,OPORTUNIDAD,251,2025-11-12 07:45:24
DJUSCR,Dow Jones U.S. Computer Hardware Index,13892.0,8364.8,13998.5,66.0768936495792,14.325113562621794,🔴,FUERTE,251,2025-11-12 07:45:24
DJUSCS,Dow Jones U.S. Specialized Consumer Services Index,2449.4,2392.7,3402.3,2.369707861411806,79.60829493087559,🟢,OPORTUNIDAD,251,2025-11-12 07:45:24
DJUSCT,Dow Jones U.S. Telecommunications Equipment Index,2583.41,1708.47,2774.98,51.21190304775617,60.189161123740554,🔴,FUERTE,251,2025-11-12 07:45:24
DJUSCX,Dow Jones U.S. Specialty Chemicals Index,1043.68,863.05,1169.99,20.92926249927584,51.10129296342015,🟡,CERCA,251,2025-11-12 07:45:24
DJUSDB,Dow Jones U.S. Brewers Index,481.44,438.36,659.78,9.827539009033668,47.12336892052195,🟢,OPORTUNIDAD,251,2025-11-12 07:45:24
DJUSDN,Dow Jones U.S. Defense Index,781.57,598.11,850.34,30.673287522362113,65.01757910597692,🔴,FUERTE,251,2025-11-12 07:45:24
DJUSDR,Dow Jones U.S. Food & Drug Retailers Index,1638.25,1311.44,1641.35,24.919935338254128,33.997611114603615,🟡,CERCA,251,2025-11-12 07:45:24
DJUSDS,Dow Jones U.S. Industrial Suppliers Index,916.73,683.22,994.97,34.17786364567782,64.98885369001522,🔴,FUERTE,251,2025-11-12 07:45:24
DJUSDT,Dow Jones U.S. Diversified REITs Index,58.37,45.49,60.0,28.313915146185963,48.38709677419355,🔴,FUERTE,251,2025-11-12 07:45:24
DJUSDV,Dow Jones U.S. Computer Services Index,303.63,231.08,306.8,31.3960533148693,30.210940293171276,🔴,FUERTE,251,2025-11-12 07:45:24
DJUSEC,Dow Jones U.S. Electrical Components & Equipment Index,1047.77,562.61,1092.13,86.2338031673806,42.10988153853657,🔴,FUERTE,251,2025-11-12 07:45:24
DJUSEE,Dow Jones U.S. Electronic & Electrical Equipment Index,1232.65,643.85,1263.86,91.44987186456474,38.39871468737448,🔴,FUERTE,251,2025-11-12 07:45:24
DJUSEH,Dow Jones U.S. Real Estate Holding & Development Index,68.56,50.8,72.61,34.96062992125986,14.989517819706549,🔴,FUERTE,215,2025-11-12 07:45:24
DJUSEN,Dow Jones U.S. Oil & Gas Index,769.95,623.85,813.7,23.419091127674925,32.453703703703724,🟡,CERCA,251,2025-11-12 07:45:24
DJUSES,Dow Jones U.S. Real Estate Services Index,336.08,268.15,392.49,25.332836099198214,72.1878623888675,🔴,FUERTE,251,2025-11-12 07:45:24
DJUSEU,Dow Jones U.S. Electricity Index,443.71,340.99,471.47,30.1240505586674,54.21097405359423,🔴,FUERTE,251,2025-11-12 07:45:24
DJUSFA,Dow Jones U.S. Financial Administration Index,488.93,475.0,685.16,2.93263157894737,77.61961612636608,🟢,OPORTUNIDAD,251,2025-11-12 07:45:24
DJUSFB,Dow Jones U.S. Food & Beverage Index,698.14,668.77,770.54,4.391644362037772,61.48192771084339,🟢,OPORTUNIDAD,251,2025-11-12 07:45:24
DJUSFC,Dow Jones U.S. Fixed Line Telecommunications Index,149.98,127.84,175.95,17.318523153942415,54.317311782220344,🟡,CERCA,251,2025-11-12 07:45:24
DJUSFD,Dow Jones U.S. Food Retailers & Wholesalers Index,1172.49,1099.62,1346.72,6.626834724723098,70.72676773521587,🟢,OPORTUNIDAD,251,2025-11-12 07:45:24
DJUSFE,Dow Jones U.S. Industrial Machinery Index,1298.53,969.18,1325.15,33.982335582657505,26.77399597515101,🔴,FUERTE,251,2025-11-12 07:45:24
DJUSFH,Dow Jones U.S. Furnishings Index,490.96,319.67,507.6,53.58338286357805,43.28029141104296,🔴,FUERTE,251,2025-11-12 07:45:24
DJUSFI,Dow Jones U.S. Financial Services Index,2464.6,1907.9,2532.3,29.178678127784462,43.820224719101155,🔴,FUERTE,251,2025-11-12 07:45:24
DJUSFO,Dow Jones U.S. Food Producers Index,362.35,353.81,428.42,2.413724880585631,68.80520688052059,🟢,OPORTUNIDAD,251,2025-11-12 07:45:24
DJUSFP,Dow Jones U.S. Food Products Index,506.05,492.31,625.15,2.790924417541795,66.59498207885312,🟢,OPORTUNIDAD,251,2025-11-12 07:45:24
DJUSFT,Dow Jones U.S. Footwear Index,1333.3,1186.7,1942.6,12.35358557343894,73.12830071450762,🟡,CERCA,251,2025-11-12 07:45:24
DJUSGF,Dow Jones U.S. Financial Services Index,2762.5,2138.5,2838.4,29.17933130699088,43.80679100908657,🔴,FUERTE,251,2025-11-12 07:45:24
DJUSGI,Dow Jones U.S. General Industrials Index,704.81,613.23,783.86,14.934037799846699,55.19950013389275,🟡,CERCA,251,2025-11-12 07:45:24
DJUSGT,Dow Jones U.S. General Retailers Index,3592.9,2720.3,3649.5,32.07734441054295,33.82607026300636,🔴,FUERTE,251,2025-11-12 07:45:24
DJUSGU,Dow Jones U.S. Gas Distribution Index,389.7,309.31,390.51,25.990107012382396,45.558145558145554,🔴,FUERTE,251,2025-11-12 07:45:24
DJUSHB,Dow Jones U.S. Home Construction Index,2478.27,1872.38,2981.07,32.35935013191766,65.37745151747555,🔴,FUERTE,251,2025-11-12 07:45:24
DJUSHC,Dow Jones U.S. Health Care Index,1603.4,1344.15,1604.44,19.287281925380352,26.41960549910347,🟡,CERCA,251,2025-11-12 07:45:24
DJUSHD,Dow Jones U.S. Durable Household Products Index,107.3,94.51,179.28,13.532959475187804,56.0704022988506,🟡,CERCA,251,2025-11-12 07:45:24
DJUSHG,Dow Jones U.S. Household Goods & Home Construction Index,1001.27,976.12,1216.79,2.5765274761299817,65.47847809377404,🟢,OPORTUNIDAD,251,2025-11-12 07:45:24
DJUSHI,Dow Jones U.S. Home Improvement Retailers Index,823.99,705.04,958.3,16.871383183932835,63.90009815683284,🟡,CERCA,251,2025-11-12 07:45:24
DJUSHL,Dow Jones U.S. Hotel & Lodging REITs Index,95.51,65.02,103.03,46.89326361119657,34.16149068322983,🔴,FUERTE,251,2025-11-12 07:45:24
DJUSHN,Dow Jones U.S. Nondurable Household Products Index,1138.06,1108.37,1420.24,2.678708373557572,64.21498277841566,🟢,OPORTUNIDAD,251,2025-11-12 07:45:24
DJUSHP,Dow Jones U.S. Health Care Providers Index,2581.1,2106.6,3400.0,22.524446976170132,70.56641108088054,🟡,CERCA,251,2025-11-12 07:45:24
DJUSHR,Dow Jones U.S. Commercial Vehicles & Trucks Index,6143.1,3916.0,6241.4,56.87180796731359,32.014639247124435,🔴,FUERTE,251,2025-11-12 07:45:24
DJUSHV,Dow Jones U.S. Heavy Construction Index,2257.95,1138.85,2402.18,98.26579444176143,38.6386951169471,🔴,FUERTE,251,2025-11-12 07:45:24
DJUSIB,Dow Jones U.S. Insurance Brokers Index,692.38,658.66,891.38,5.119485015030521,64.0149742629855,🟢,OPORTUNIDAD,251,2025-11-12 07:45:24
DJUSID,Dow Jones U.S. Diversified Industrials Index,957.41,767.22,1017.95,24.789499752352643,43.958679210477776,🟡,CERCA,251,2025-11-12 07:45:24
DJUSIG,Dow Jones U.S. Industrial Goods & Services Index,1480.92,1094.74,1511.78,35.275955934742505,47.160883280757076,🔴,FUERTE,251,2025-11-12 07:45:24
DJUSIL,Dow Jones U.S. Life Insurance Index,1278.87,1077.94,1380.29,18.640184054771122,26.64027149321278,🟡,CERCA,251,2025-11-12 07:45:24
DJUSIM,Dow Jones U.S. Industrial Metals & Mining Index,509.75,350.58,548.35,45.401905413885565,47.773636720282454,🔴,FUERTE,251,2025-11-12 07:45:24
DJUSIO,Dow Jones U.S. Industrial & Office REITs Index,109.54,79.12,111.84,38.4479271991911,53.73737373737371,🔴,FUERTE,251,2025-11-12 07:45:24
DJUSIP,Dow Jones U.S. Property & Casualty Insurance Index,1929.78,1755.13,2065.57,9.95082985305931,36.59222008578616,🟢,OPORTUNIDAD,251,2025-11-12 07:45:24
DJUSIQ,Dow Jones U.S. Industrial Engineering Index,4808.8,3318.0,4852.8,44.93068113321279,28.06666666666665,🔴,FUERTE,251,2025-11-12 07:45:24
DJUSIR,Dow Jones U.S. Insurance Index,1311.11,1239.53,1458.0,5.774769469072949,45.22137163601929,🟢,OPORTUNIDAD,251,2025-11-12 07:45:24
DJUSIS,Dow Jones U.S. Support Services Index,776.89,760.94,981.89,2.0960916760848334,76.45417915073874,🟢,OPORTUNIDAD,251,2025-11-12 07:45:24
DJUSIT,Dow Jones U.S. Industrial Transportation Index,1507.6,1243.5,1746.8,21.238439887414547,36.56413232733608,🟡,CERCA,251,2025-11-12 07:45:24
DJUSIU,Dow Jones U.S. Reinsurance Index,518.49,467.58,599.38,10.887976389067116,50.24575513851651,🟡,CERCA,251,2025-11-12 07:45:24
DJUSIV,Dow Jones U.S. Business Support Services Index,1090.25,1069.65,1443.42,1.9258636002430614,62.24866260837481,🟢,OPORTUNIDAD,251,2025-11-12 07:45:24
DJUSIX,Dow Jones U.S. Nonlife Insurance Index,1291.03,1215.03,1458.15,6.254989588734435,47.22182545350665,🟢,OPORTUNIDAD,251,2025-11-12 07:45:24
DJUSLE,Dow Jones U.S. Leisure Goods Index,1079.2,724.03,1249.95,49.05459718519952,79.05579399141624,🔴,FUERTE,251,2025-11-12 07:45:24
DJUSLG,Dow Jones U.S. Hotels Index,4422.8,3245.4,4663.6,36.279041104332286,41.18761844598858,🔴,FUERTE,251,2025-11-12 07:45:24
DJUSMC,Dow Jones U.S. Health Care Equipment & Services Index,2325.3,2083.0,2543.4,11.632261161785895,58.77265238879732,🟡,CERCA,251,2025-11-12 07:45:24
DJUSME,Dow Jones U.S. Media Index,807.33,662.35,936.97,21.888729523665738,57.40763173834032,🟡,CERCA,251,2025-11-12 07:45:24
DJUSMF,Dow Jones U.S. Mortgage Finance Index,12.67,9.98,13.76,26.953907815631258,44.21768707482993,🔴,FUERTE,251,2025-11-12 07:45:24
DJUSMG,Dow Jones U.S. Mining Index,204.22,84.25,223.28,142.39762611275964,42.35626207101471,🔴,FUERTE,251,2025-11-12 07:45:24
DJUSMR,Dow Jones U.S. Mortgage REITs Index,30.92,24.64,32.68,25.487012987012992,44.11764705882349,🔴,FUERTE,251,2025-11-12 07:45:24
DJUSMS,Dow Jones U.S. Medical Supplies Index,1861.99,1493.05,1867.75,24.710491946016546,23.901164172012415,🟡,CERCA,251,2025-11-12 07:45:24
DJUSMT,Dow Jones U.S. Marine Transportation Index,363.28,261.01,433.97,39.18240680433699,3.4151306117833684,🔴,FUERTE,251,2025-11-12 07:45:24
DJUSMU,Dow Jones U.S. Multiutilities Index,295.07,249.55,299.75,18.240833500300532,52.84025924513916,🟡,CERCA,251,2025-11-12 07:45:24
DJUSNF,Dow Jones U.S. Nonferrous Metals Index,549.39,372.55,655.27,47.46745403301569,48.4714780964387,🔴,FUERTE,251,2025-11-12 07:45:24
DJUSNG,Dow Jones U.S. Personal & Household Goods Index,980.88,909.61,1081.16,7.835226085904947,74.16981925178659,🟢,OPORTUNIDAD,251,2025-11-12 07:45:24
DJUSNS,Dow Jones U.S. Internet Index,6702.6,3842.4,6853.4,74.43785134291069,38.701544279861324,🔴,FUERTE,251,2025-11-12 07:45:24
DJUSOG,Dow Jones U.S. Oil & Gas Producers,875.06,707.01,914.32,23.76911217663116,32.81293560078058,🟡,CERCA,251,2025-11-12 07:45:24
DJUSOI,Dow Jones U.S. Oil Equipment & Services Index,280.58,198.86,294.15,41.09423715176504,31.837807396283083,🔴,FUERTE,251,2025-11-12 07:45:24
DJUSOL,Dow Jones U.S. Integrated Oil & Gas Index,774.32,645.42,806.96,19.97149143193581,37.88642088390196,🟡,CERCA,251,2025-11-12 07:45:24
DJUSOS,Dow Jones U.S. Exploration & Production Index,1063.54,821.29,1123.35,29.496280242058226,29.55665024630541,🔴,FUERTE,251,2025-11-12 07:45:24
DJUSPB,Dow Jones U.S. Publishing Index,818.84,663.16,874.35,23.475481030218962,30.512084452264062,🟡,CERCA,251,2025-11-12 07:45:24
DJUSPC,Dow Jones U.S. Waste & Disposal Services Index,605.9,589.23,708.03,2.8291159649033415,72.5393494228752,🟢,OPORTUNIDAD,251,2025-11-12 07:45:24
DJUSPG,Sector PG,475.85,426.49,649.12,11.573542169804687,70.68985507246379,🟡,CERCA,251,2025-11-12 07:45:24
DJUSPL,Dow Jones U.S. Pipelines Index,1019.85,925.07,1229.95,10.245711135373536,51.79739580088464,🟡,CERCA,251,2025-11-12 07:45:24
DJUSPM,Dow Jones U.S. Gold Mining Index,233.64,94.85,251.35,146.32577754348972,41.00930291831274,🔴,FUERTE,251,2025-11-12 07:45:24
DJUSPN,Dow Jones U.S. Pharmaceuticals & Biotechnology Index,1274.21,960.01,1275.33,32.72882574139853,19.783504321835366,🔴,FUERTE,251,2025-11-12 07:45:24
DJUSPR,Dow Jones U.S. Pharmaceuticals Index,995.68,765.56,996.76,30.059041747217723,17.697211767416846,🔴,FUERTE,251,2025-11-12 07:45:24
DJUSRA,Dow Jones U.S. Apparel Retailers Index,1940.5,1490.78,1951.92,30.166758341271017,31.979307506907276,🔴,FUERTE,251,2025-11-12 07:45:24
DJUSRB,Dow Jones U.S. Broadline Retailers Index,5070.9,3641.4,5185.7,39.25687922227713,29.897228277795108,🔴,FUERTE,251,2025-11-12 07:45:24
DJUSRD,Dow Jones U.S. Drug Retailers Index,1476.56,878.77,1485.14,68.02576328277024,6.998842176707711,🔴,FUERTE,251,2025-11-12 07:45:24
DJUSRE,Dow Jones U.S. Real Estate Index,366.76,311.91,396.19,17.5852008592222,58.184357541899445,🟡,CERCA,251,2025-11-12 07:45:24
DJUSRH,Dow Jones U.S. Real Estate Investment & Services,704.82,563.1,822.79,25.167820990942996,72.18945816439359,🔴,FUERTE,251,2025-11-12 07:45:24
DJUSRI,Dow Jones U.S. Real Estate Investment Trusts Index,148.45,126.8,161.13,17.07413249211356,56.03085553997191,🟡,CERCA,251,2025-11-12 07:45:24
DJUSRL,Dow Jones U.S. Retail REITs Index,100.46,83.32,106.33,20.57129140662506,59.91861648016279,🟡,CERCA,251,2025-11-12 07:45:24
DJUSRN,Dow Jones U.S. Residential REITs Index,215.52,206.56,264.7,4.337722695584822,59.19920582395766,🟢,OPORTUNIDAD,251,2025-11-12 07:45:24
DJUSRP,Dow Jones U.S. Recreational Products Index,309.15,294.31,496.77,5.042302334273377,82.35366453516968,🟢,OPORTUNIDAD,251,2025-11-12 07:45:24
DJUSRQ,Dow Jones U.S. Recreational Services Index,168.78,110.98,215.97,52.08145611821949,76.23614663256613,🔴,FUERTE,251,2025-11-12 07:45:24
DJUSRR,Dow Jones U.S. Railroads Index,3397.5,2788.9,3604.6,21.82222381584137,54.14175918018786,🟡,CERCA,251,2025-11-12 07:45:24
DJUSRS,Dow Jones U.S. Specialty Retailers Index,4420.8,3427.2,4908.8,28.991596638655476,51.49416909620987,🔴,FUERTE,251,2025-11-12 07:45:24
DJUSRT,Dow Jones U.S. Retail Index,3226.3,2453.4,3267.5,31.503220021195077,33.243243243243214,🔴,FUERTE,251,2025-11-12 07:45:24
DJUSRU,Dow Jones U.S. Restaurants & Bars Index,2786.9,2686.2,3265.8,3.7487901124264864,69.24899744804955,🟢,OPORTUNIDAD,251,2025-11-12 07:45:24
DJUSSB,Dow Jones U.S. Investment Services Index,3031.6,2060.8,3066.3,47.10791925465837,35.48728813559322,🔴,FUERTE,251,2025-11-12 07:45:24
DJUSSC,Dow Jones U.S. Semiconductors Index,28708.7,12938.1,31044.1,121.89270449293173,41.11436089121768,🔴,FUERTE,251,2025-11-12 07:45:24
DJUSSD,Dow Jones U.S. Soft Drinks Index,931.55,835.84,972.52,11.450756125574262,56.849653808110794,🟡,CERCA,251,2025-11-12 07:45:24
DJUSSF,Dow Jones U.S. Consumer Finance Index,790.64,619.26,809.9,27.674966895972613,52.89351851851851,🔴,FUERTE,251,2025-11-12 07:45:24
DJUSSP,Dow Jones U.S. Specialty Finance Index,740.3,671.1,803.35,10.311428997168818,44.62242562929061,🟡,CERCA,251,2025-11-12 07:45:24
DJUSSR,Dow Jones U.S. Specialty REITs Index,263.12,229.18,287.27,14.809320185007415,55.111762550384796,🟡,CERCA,251,2025-11-12 07:45:24
DJUSST,Dow Jones U.S. Iron & Steel Index,599.49,416.26,655.87,44.01816172584443,48.58704793944491,🔴,FUERTE,251,2025-11-12 07:45:24
DJUSSV,Dow Jones U.S. Software & Computer Services Index,8560.5,5509.7,8975.6,55.37143583135199,47.99796403121815,🔴,FUERTE,251,2025-11-12 07:45:24
DJUSSW,Dow Jones U.S. Software Index,8390.5,5758.2,9040.0,45.71393838352263,58.622709396703215,🔴,FUERTE,251,2025-11-12 07:45:24
DJUSTB,Dow Jones U.S. Tobacco Index,1060.44,824.94,1210.02,28.5475307295076,58.64727431789597,🔴,FUERTE,251,2025-11-12 07:45:24
DJUSTC,Dow Jones U.S. Technology Index,8889.7,5115.5,9259.3,73.77968917994332,41.09204567200353,🔴,FUERTE,251,2025-11-12 07:45:24
DJUSTK,Dow Jones U.S. Trucking Index,1417.37,1244.48,2046.21,13.892549498585744,52.75508136943753,🟡,CERCA,251,2025-11-12 07:45:24
DJUSTL,Dow Jones U.S. Telecommunications Index,170.92,155.76,199.75,9.73292244478685,54.644588045234286,🟢,OPORTUNIDAD,251,2025-11-12 07:45:24
DJUSTQ,Dow Jones U.S. Technology Hardware & Equipment Index,10314.6,5326.7,10826.1,93.63958923911616,37.173040549891574,🔴,FUERTE,251,2025-11-12 07:45:24
DJUSTR,Dow Jones U.S. Tires Index,10314.6,5326.7,10826.1,93.63958923911616,37.173040549891574,🔴,FUERTE,251,2025-11-12 07:45:24
DJUSTT,Dow Jones U.S. Travel & Tourism Index,1345.62,957.74,1432.9,40.499509261386166,49.62994290547688,🔴,FUERTE,251,2025-11-12 07:45:24
DJUSTY,Dow Jones U.S. Toys Index,1787.1,1149.53,2066.13,55.46353727175454,77.53169584697024,🔴,FUERTE,251,2025-11-12 07:45:24
DJUSUT,Dow Jones U.S. Utilities Index,444.28,353.79,466.02,25.577319879024262,56.47652064292465,🔴,FUERTE,251,2025-11-12 07:45:24
DJUSVE,Dow Jones U.S. Conventional Electricity Index,444.81,341.92,472.89,30.091834347215716,54.46069082432716,🔴,FUERTE,251,2025-11-12 07:45:24
DJUSVN,Dow Jones U.S. Distillers & Vintners Index,271.95,260.67,489.82,4.327310392450213,64.64379947229551,🟢,OPORTUNIDAD,251,2025-11-12 07:45:24
DJUSWC,Dow Jones U.S. Mobile Telecommunications Index,379.87,360.57,458.56,5.352636103946532,54.16803413193302,🟢,OPORTUNIDAD,251,2025-11-12 07:45:24
DJUSWU,Dow Jones U.S. Water Index,2729.6,2432.7,3135.8,12.204546388786127,70.41068777832751,🟡,CERCA,251,2025-11-12 07:45:24
