Ticker,Sector,CurrentPrice,Min52w,Max52w,DistanceFromMin,RSI,Estado,Classification,DataPoints,AnalysisDate
DJUSFR,Dow Jones U.S. Forestry & Paper Index,851.61,703.58,886.08,21.03954063503794,19.912099739886997,🟡,CERCA,252,2026-01-23 07:51:48
DJUSAE,Dow Jones U.S. Aerospace & Defense Index,3187.0,1861.2,3291.4,71.23361272297441,29.90333645151229,🔴,FUERTE,252,2026-01-23 07:51:48
DJUSAF,Dow Jones U.S. Delivery Services Index,1328.4,916.9,1337.8,44.87948522194352,23.088307844104563,🔴,FUERTE,251,2026-01-23 07:51:48
DJUSAG,Dow Jones U.S. Asset Managers Index,406.72,273.77,426.58,48.56266208861455,41.684158538091104,🔴,FUERTE,252,2026-01-23 07:51:48
DJUSAI,Dow Jones U.S. Electronic Equipment Index,2041.2,913.78,2090.27,123.37980695572239,28.15619621342509,🔴,FUERTE,252,2026-01-23 07:51:48
DJUSAL,Dow Jones U.S. Aluminum Index,215.7,73.62,228.71,192.99103504482474,31.880369074133,🔴,FUERTE,252,2026-01-23 07:51:48
DJUSAM,Dow Jones U.S. Medical Equipment Index,2911.4,2589.3,3151.1,12.43965550534893,59.45581896551722,🟡,CERCA,252,2026-01-23 07:51:48
DJUSAP,Dow Jones U.S. Automobiles & Parts Index,1690.8,845.49,1853.16,99.97871057020188,49.57485611425595,🔴,FUERTE,252,2026-01-23 07:51:48
DJUSAR,Dow Jones U.S. Airlines Index,258.0,137.83,274.21,87.18711456141622,48.96128423040606,🔴,FUERTE,252,2026-01-23 07:51:48
DJUSAS,Dow Jones U.S. Aerospace Index,3419.7,1883.9,3572.2,81.5223737990339,36.85409252669041,🔴,FUERTE,252,2026-01-23 07:51:48
DJUSAT,Dow Jones U.S. Auto Parts Index,428.89,288.25,447.84,48.79098005203816,37.54908038851005,🔴,FUERTE,251,2026-01-23 07:51:48
DJUSAU,Dow Jones U.S. Automobiles Index,1545.91,758.25,1704.26,103.87866798549292,50.092862162433484,🔴,FUERTE,252,2026-01-23 07:51:48
DJUSAV,Dow Jones U.S. Media Agencies Index,361.8,346.44,656.63,4.433668167648082,56.13046448087432,🟢,OPORTUNIDAD,252,2026-01-23 07:51:48
DJUSBC,Dow Jones U.S. Broadcasting & Entertainment Index,1214.6,962.0,1294.9,26.25779625779625,60.04243281471007,🔴,FUERTE,252,2026-01-23 07:51:48
DJUSBD,Dow Jones U.S. Building Materials & Fixtures Index,2436.5,1876.9,2514.3,29.815120677713242,38.45433255269321,🔴,FUERTE,252,2026-01-23 07:51:48
DJUSBE,Dow Jones U.S. Business Training & Employment Agencies Index,96.84,93.84,143.02,3.1969309462915603,58.10705973622962,🟢,OPORTUNIDAD,252,2026-01-23 07:51:48
DJUSBK,Dow Jones U.S. Banks Index,812.31,521.55,869.8,55.749209088294506,56.403657297663415,🔴,FUERTE,252,2026-01-23 07:51:48
DJUSBS,Dow Jones U.S. Basic Resources Index,614.86,274.91,623.95,123.65865192244733,12.455544778532072,🔴,FUERTE,251,2026-01-23 07:51:48
DJUSBT,Dow Jones U.S. Biotechnology Index,3252.4,2297.4,3319.4,41.56872986854705,40.02501563477171,🔴,FUERTE,252,2026-01-23 07:51:48
DJUSBV,Dow Jones U.S. Beverages Index,974.43,884.01,1013.26,10.228391081548848,38.26102169349198,🟡,CERCA,252,2026-01-23 07:51:48
DJUSCA,Dow Jones U.S. Gambling Index,594.03,513.6,786.57,15.660046728971952,71.75329175329175,🟡,CERCA,252,2026-01-23 07:51:48
DJUSCC,Dow Jones U.S. Commodity Chemicals Index,703.41,608.9,794.88,15.52143209065528,24.90817263544541,🟡,CERCA,251,2026-01-23 07:51:48
DJUSCH,Dow Jones U.S. Chemicals Index,1926.04,1497.87,2050.51,28.585257732647033,48.69895721664557,🔴,FUERTE,252,2026-01-23 07:51:48
DJUSCM,Dow Jones U.S. Personal Products Index,419.42,341.42,452.45,22.845761818288324,17.888012025554346,🟡,CERCA,252,2026-01-23 07:51:48
DJUSCN,Dow Jones U.S. Construction & Materials Index,2134.62,1484.39,2163.08,43.80452576479226,32.182678229530424,🔴,FUERTE,252,2026-01-23 07:51:48
DJUSCP,Dow Jones U.S. Containers & Packaging Index,439.97,388.62,514.38,13.21342185168031,37.37033195020748,🟡,CERCA,252,2026-01-23 07:51:48
DJUSCR,Dow Jones U.S. Computer Hardware Index,12784.5,8364.8,14401.2,52.836887911247146,77.97442190931406,🔴,FUERTE,252,2026-01-23 07:51:48
DJUSCS,Dow Jones U.S. Specialized Consumer Services Index,2409.1,2307.7,3402.3,4.39398535338216,41.602787456445995,🟢,OPORTUNIDAD,252,2026-01-23 07:51:48
DJUSCT,Dow Jones U.S. Telecommunications Equipment Index,2752.42,1708.47,2800.11,61.104379942287544,45.60989467243563,🔴,FUERTE,251,2026-01-23 07:51:48
DJUSCX,Dow Jones U.S. Specialty Chemicals Index,1180.53,863.05,1185.94,36.78581773941255,17.16396375598778,🔴,FUERTE,252,2026-01-23 07:51:48
DJUSDB,Dow Jones U.S. Brewers Index,507.98,438.36,659.78,15.881923533169084,35.63596491228071,🟡,CERCA,252,2026-01-23 07:51:48
DJUSDN,Dow Jones U.S. Defense Index,906.31,598.11,912.38,51.528982963000104,21.25121070705292,🔴,FUERTE,252,2026-01-23 07:51:48
DJUSDR,Dow Jones U.S. Food & Drug Retailers Index,1643.62,1341.74,1697.13,22.499142903990332,37.44153282614823,🟡,CERCA,252,2026-01-23 07:51:48
DJUSDS,Dow Jones U.S. Industrial Suppliers Index,1043.01,683.22,1050.28,52.66092912970931,17.130300621814953,🔴,FUERTE,252,2026-01-23 07:51:48
DJUSDT,Dow Jones U.S. Diversified REITs Index,58.93,46.37,60.41,27.08647832650421,31.09243697478989,🔴,FUERTE,252,2026-01-23 07:51:48
DJUSDV,Dow Jones U.S. Computer Services Index,295.62,231.08,312.52,27.929721308637696,50.336760014179376,🔴,FUERTE,252,2026-01-23 07:51:48
DJUSEC,Dow Jones U.S. Electrical Components & Equipment Index,1097.94,562.61,1122.04,95.15117043778106,34.86071216887794,🔴,FUERTE,252,2026-01-23 07:51:48
DJUSEE,Dow Jones U.S. Electronic & Electrical Equipment Index,1312.88,643.85,1341.24,103.9108488001864,32.448979591836704,🔴,FUERTE,252,2026-01-23 07:51:48
DJUSEH,Dow Jones U.S. Real Estate Holding & Development Index,68.56,50.8,69.58,34.96062992125986,17.632552404439025,🔴,FUERTE,168,2026-01-23 07:51:48
DJUSEN,Dow Jones U.S. Oil & Gas Index,823.31,623.85,825.41,31.972429269856523,27.99999999999997,🔴,FUERTE,251,2026-01-23 07:51:48
DJUSES,Dow Jones U.S. Real Estate Services Index,350.96,268.15,392.49,30.88196904717509,41.971190295678554,🔴,FUERTE,252,2026-01-23 07:51:48
DJUSEU,Dow Jones U.S. Electricity Index,421.82,340.99,471.47,23.704507463561978,50.266903914590756,🟡,CERCA,252,2026-01-23 07:51:48
DJUSFA,Dow Jones U.S. Financial Administration Index,479.26,457.18,683.09,4.829607594382953,52.65580296056722,🟢,OPORTUNIDAD,252,2026-01-23 07:51:48
DJUSFB,Dow Jones U.S. Food & Beverage Index,714.1,667.95,770.54,6.90919979040347,36.664775950085065,🟢,OPORTUNIDAD,252,2026-01-23 07:51:48
DJUSFC,Dow Jones U.S. Fixed Line Telecommunications Index,141.08,132.7,175.95,6.314996232102506,70.10900745840495,🟢,OPORTUNIDAD,252,2026-01-23 07:51:48
DJUSFD,Dow Jones U.S. Food Retailers & Wholesalers Index,1194.73,1099.62,1346.72,8.649351594187095,40.01847290640392,🟢,OPORTUNIDAD,252,2026-01-23 07:51:48
DJUSFE,Dow Jones U.S. Industrial Machinery Index,1406.59,969.18,1419.14,45.13196723002951,28.19468075579836,🔴,FUERTE,251,2026-01-23 07:51:48
DJUSFH,Dow Jones U.S. Furnishings Index,518.6,319.67,527.08,62.22979948071449,33.01090397467462,🔴,FUERTE,251,2026-01-23 07:51:48
DJUSFI,Dow Jones U.S. Financial Services Index,2507.8,1907.9,2608.7,31.442947743592438,52.29999999999996,🔴,FUERTE,252,2026-01-23 07:51:48
DJUSFO,Dow Jones U.S. Food Producers Index,370.44,341.8,428.42,8.379169104739608,35.668569451651976,🟢,OPORTUNIDAD,251,2026-01-23 07:51:48
DJUSFP,Dow Jones U.S. Food Products Index,501.44,470.3,625.15,6.621305549649158,45.148279952550425,🟢,OPORTUNIDAD,251,2026-01-23 07:51:48
DJUSFT,Dow Jones U.S. Footwear Index,1424.0,1186.7,1942.6,19.996629308165495,44.77495107632094,🟡,CERCA,252,2026-01-23 07:51:48
DJUSGF,Dow Jones U.S. Financial Services Index,2810.9,2138.5,2924.0,31.442599953238254,52.30449003865596,🔴,FUERTE,252,2026-01-23 07:51:48
DJUSGI,Dow Jones U.S. General Industrials Index,748.03,613.23,783.86,21.981964352689847,32.187384728882364,🟡,CERCA,252,2026-01-23 07:51:48
DJUSGT,Dow Jones U.S. General Retailers Index,3530.9,2720.3,3649.5,29.798184023820895,36.78135888501737,🔴,FUERTE,252,2026-01-23 07:51:48
DJUSGU,Dow Jones U.S. Gas Distribution Index,381.01,324.1,397.36,17.55939524838012,44.69810753980176,🟡,CERCA,252,2026-01-23 07:51:48
DJUSHB,Dow Jones U.S. Home Construction Index,2574.44,1872.38,2900.07,37.49559384313012,34.7949824656056,🔴,FUERTE,252,2026-01-23 07:51:48
DJUSHC,Dow Jones U.S. Health Care Index,1679.83,1344.15,1708.01,24.973403266004524,39.46269740424761,🟡,CERCA,252,2026-01-23 07:51:48
DJUSHD,Dow Jones U.S. Durable Household Products Index,144.79,94.51,179.28,53.200719500581926,22.17090069284059,🔴,FUERTE,251,2026-01-23 07:51:48
DJUSHG,Dow Jones U.S. Household Goods & Home Construction Index,1033.56,943.49,1158.74,9.546471080774564,24.7772828507795,🟢,OPORTUNIDAD,252,2026-01-23 07:51:48
DJUSHI,Dow Jones U.S. Home Improvement Retailers Index,873.52,705.04,940.02,23.89651650970158,22.102634239162825,🟡,CERCA,252,2026-01-23 07:51:48
DJUSHL,Dow Jones U.S. Hotel & Lodging REITs Index,100.09,65.02,102.64,53.93725007689943,34.93975903614458,🔴,FUERTE,252,2026-01-23 07:51:48
DJUSHN,Dow Jones U.S. Nondurable Household Products Index,1163.48,1067.39,1420.24,9.002332793074688,32.08937198067636,🟢,OPORTUNIDAD,252,2026-01-23 07:51:48
DJUSHP,Dow Jones U.S. Health Care Providers Index,2696.4,2106.6,3374.9,27.99772144688124,37.178368948975155,🔴,FUERTE,252,2026-01-23 07:51:48
DJUSHR,Dow Jones U.S. Commercial Vehicles & Trucks Index,7094.0,3916.0,7162.4,81.15423901940756,22.85770960063475,🔴,FUERTE,252,2026-01-23 07:51:48
DJUSHV,Dow Jones U.S. Heavy Construction Index,2419.04,1138.85,2475.8,112.41076524564255,27.099484251840778,🔴,FUERTE,252,2026-01-23 07:51:48
DJUSIB,Dow Jones U.S. Insurance Brokers Index,678.05,658.66,891.38,2.943855707041567,61.63541997669742,🟢,OPORTUNIDAD,252,2026-01-23 07:51:48
DJUSID,Dow Jones U.S. Diversified Industrials Index,1000.57,767.22,1019.39,30.415004822606296,30.753704524196323,🔴,FUERTE,252,2026-01-23 07:51:48
DJUSIG,Dow Jones U.S. Industrial Goods & Services Index,1610.75,1094.74,1623.74,47.13539287867439,27.08626583551174,🔴,FUERTE,252,2026-01-23 07:51:48
DJUSIL,Dow Jones U.S. Life Insurance Index,1276.99,1077.94,1349.12,18.46577731599161,56.30457933972311,🟡,CERCA,252,2026-01-23 07:51:48
DJUSIM,Dow Jones U.S. Industrial Metals & Mining Index,685.76,350.58,706.0,95.60727936562269,24.36425442897304,🔴,FUERTE,252,2026-01-23 07:51:48
DJUSIO,Dow Jones U.S. Industrial & Office REITs Index,107.99,79.12,114.17,36.488877654196145,52.69286754002914,🔴,FUERTE,252,2026-01-23 07:51:48
DJUSIP,Dow Jones U.S. Property & Casualty Insurance Index,1883.1,1792.93,2065.57,5.029198016654295,72.4576438529284,🟢,OPORTUNIDAD,252,2026-01-23 07:51:48
DJUSIQ,Dow Jones U.S. Industrial Engineering Index,5390.3,3318.0,5439.6,62.456298975286316,24.82451804251113,🔴,FUERTE,252,2026-01-23 07:51:48
DJUSIR,Dow Jones U.S. Insurance Index,1287.31,1239.53,1458.0,3.854686857115195,68.08848692251284,🟢,OPORTUNIDAD,252,2026-01-23 07:51:48
DJUSIS,Dow Jones U.S. Support Services Index,823.43,748.64,949.87,9.99011540927548,33.881739697019086,🟢,OPORTUNIDAD,251,2026-01-23 07:51:48
DJUSIT,Dow Jones U.S. Industrial Transportation Index,1655.5,1243.5,1669.4,33.132287897064735,34.99210110584521,🔴,FUERTE,251,2026-01-23 07:51:48
DJUSIU,Dow Jones U.S. Reinsurance Index,529.21,467.58,573.95,13.180632191282788,64.51030927835052,🟡,CERCA,252,2026-01-23 07:51:48
DJUSIV,Dow Jones U.S. Business Support Services Index,1185.53,1061.45,1395.19,11.689669791323183,35.33622870233377,🟡,CERCA,252,2026-01-23 07:51:48
DJUSIX,Dow Jones U.S. Nonlife Insurance Index,1263.43,1215.03,1458.15,3.983440738088779,69.85991313390834,🟢,OPORTUNIDAD,251,2026-01-23 07:51:48
DJUSLE,Dow Jones U.S. Leisure Goods Index,980.28,724.03,1249.95,35.392179882049085,57.43712435081987,🔴,FUERTE,252,2026-01-23 07:51:48
DJUSLG,Dow Jones U.S. Hotels Index,4818.1,3245.4,4965.9,48.45935786035621,40.70305272895468,🔴,FUERTE,252,2026-01-23 07:51:48
DJUSMC,Dow Jones U.S. Health Care Equipment & Services Index,2319.0,2083.0,2541.8,11.329812770043207,47.36234116288029,🟡,CERCA,252,2026-01-23 07:51:48
DJUSME,Dow Jones U.S. Media Index,820.45,662.35,903.98,23.869555371027403,59.238472543193545,🟡,CERCA,252,2026-01-23 07:51:48
DJUSMF,Dow Jones U.S. Mortgage Finance Index,13.74,9.98,14.77,37.675350701402806,43.646408839779,🔴,FUERTE,252,2026-01-23 07:51:48
DJUSMG,Dow Jones U.S. Mining Index,274.81,94.18,278.09,191.7923125929072,12.485397196261701,🔴,FUERTE,252,2026-01-23 07:51:48
DJUSMR,Dow Jones U.S. Mortgage REITs Index,33.65,24.64,34.04,36.566558441558435,27.884615384615415,🔴,FUERTE,252,2026-01-23 07:51:48
DJUSMS,Dow Jones U.S. Medical Supplies Index,1872.37,1493.05,1967.6,25.40571313753725,43.040540540540576,🔴,FUERTE,251,2026-01-23 07:51:48
DJUSMT,Dow Jones U.S. Marine Transportation Index,429.06,261.01,433.88,64.38450634075323,10.053349140486091,🔴,FUERTE,252,2026-01-23 07:51:48
DJUSMU,Dow Jones U.S. Multiutilities Index,285.65,249.55,299.75,14.466038869965924,42.820919175911285,🟡,CERCA,251,2026-01-23 07:51:48
DJUSNF,Dow Jones U.S. Nonferrous Metals Index,787.23,372.55,830.7,111.30854918802846,28.401442307692292,🔴,FUERTE,252,2026-01-23 07:51:48
DJUSNG,Dow Jones U.S. Personal & Household Goods Index,1021.15,909.61,1081.16,12.262398170644557,29.813230930354322,🟡,CERCA,252,2026-01-23 07:51:48
DJUSNS,Dow Jones U.S. Internet Index,7292.0,3842.4,7426.7,89.77722256922756,38.23699088496597,🔴,FUERTE,252,2026-01-23 07:51:48
DJUSOG,Dow Jones U.S. Oil & Gas Producers,924.39,707.01,932.4,30.746382653710697,29.85141828005402,🔴,FUERTE,252,2026-01-23 07:51:48
DJUSOI,Dow Jones U.S. Oil Equipment & Services Index,340.92,198.86,341.55,71.4371919943679,15.89694248449861,🔴,FUERTE,252,2026-01-23 07:51:48
DJUSOL,Dow Jones U.S. Integrated Oil & Gas Index,848.01,645.42,851.15,31.388863065910577,28.336450654637446,🔴,FUERTE,252,2026-01-23 07:51:48
DJUSOS,Dow Jones U.S. Exploration & Production Index,1063.79,821.29,1095.2,29.526720159748688,36.18520875140717,🔴,FUERTE,252,2026-01-23 07:51:48
DJUSPB,Dow Jones U.S. Publishing Index,866.0,663.16,874.35,30.586887025755484,34.57404980340762,🔴,FUERTE,252,2026-01-23 07:51:48
DJUSPC,Dow Jones U.S. Waste & Disposal Services Index,667.31,589.23,708.03,13.251192233932407,32.43170862346021,🟡,CERCA,252,2026-01-23 07:51:48
DJUSPG,Sector PG,537.5,426.49,649.12,26.028746277755634,38.44180394274916,🔴,FUERTE,251,2026-01-23 07:51:48
DJUSPL,Dow Jones U.S. Pipelines Index,1091.35,925.07,1196.4,17.97485595684649,32.63946711074112,🟡,CERCA,252,2026-01-23 07:51:48
DJUSPM,Dow Jones U.S. Gold Mining Index,317.6,106.02,321.2,199.5661196000755,12.123180873180843,🔴,FUERTE,252,2026-01-23 07:51:48
DJUSPN,Dow Jones U.S. Pharmaceuticals & Biotechnology Index,1374.15,960.01,1386.88,43.13913396735452,39.279588336192106,🔴,FUERTE,252,2026-01-23 07:51:48
DJUSPR,Dow Jones U.S. Pharmaceuticals Index,1108.72,765.56,1117.37,44.82470348503058,39.60189943407268,🔴,FUERTE,251,2026-01-23 07:51:48
DJUSRA,Dow Jones U.S. Apparel Retailers Index,2083.24,1490.78,2154.58,39.741611773702346,44.79036425773115,🔴,FUERTE,252,2026-01-23 07:51:48
DJUSRB,Dow Jones U.S. Broadline Retailers Index,5009.1,3641.4,5208.1,37.55972977426265,38.9672544080604,🔴,FUERTE,251,2026-01-23 07:51:48
DJUSRD,Dow Jones U.S. Drug Retailers Index,1452.55,935.6,1533.48,55.25331338178708,39.37725972694407,🔴,FUERTE,252,2026-01-23 07:51:48
DJUSRE,Dow Jones U.S. Real Estate Index,363.58,311.91,382.25,16.565675996280966,40.65108514190324,🟡,CERCA,252,2026-01-23 07:51:48
DJUSRH,Dow Jones U.S. Real Estate Investment & Services,736.02,563.1,822.79,30.708577517314854,41.9751301330249,🔴,FUERTE,252,2026-01-23 07:51:48
DJUSRI,Dow Jones U.S. Real Estate Investment Trusts Index,146.5,126.8,155.77,15.536277602523663,41.18866620594328,🟡,CERCA,251,2026-01-23 07:51:48
DJUSRL,Dow Jones U.S. Retail REITs Index,102.4,83.32,103.89,22.899663946231414,29.403973509933778,🟡,CERCA,252,2026-01-23 07:51:48
DJUSRN,Dow Jones U.S. Residential REITs Index,214.5,206.56,263.03,3.8439194422927954,54.9738219895288,🟢,OPORTUNIDAD,251,2026-01-23 07:51:48
DJUSRP,Dow Jones U.S. Recreational Products Index,324.36,274.92,429.99,17.983413356612832,16.8386357122384,🟡,CERCA,251,2026-01-23 07:51:48
DJUSRQ,Dow Jones U.S. Recreational Services Index,180.03,110.98,215.97,62.21841773292485,53.52337514253137,🔴,FUERTE,252,2026-01-23 07:51:48
DJUSRR,Dow Jones U.S. Railroads Index,3471.4,2788.9,3616.1,24.47201405572089,50.92575275855621,🟡,CERCA,251,2026-01-23 07:51:48
DJUSRS,Dow Jones U.S. Specialty Retailers Index,3907.1,3427.2,4908.8,14.002684407096174,60.43991074274785,🟡,CERCA,252,2026-01-23 07:51:48
DJUSRT,Dow Jones U.S. Retail Index,3173.9,2453.4,3267.5,29.36740849433439,36.400302495588605,🔴,FUERTE,251,2026-01-23 07:51:48
DJUSRU,Dow Jones U.S. Restaurants & Bars Index,2974.7,2686.2,3265.8,10.740078921897105,32.95583238958103,🟡,CERCA,252,2026-01-23 07:51:48
DJUSSB,Dow Jones U.S. Investment Services Index,3210.5,2060.8,3276.0,55.789013975155264,35.58848797250859,🔴,FUERTE,251,2026-01-23 07:51:48
DJUSSC,Dow Jones U.S. Semiconductors Index,29541.5,12938.1,31044.1,128.3295074238103,39.022072796374815,🔴,FUERTE,251,2026-01-23 07:51:48
DJUSSD,Dow Jones U.S. Soft Drinks Index,947.91,848.43,972.52,11.725186520985824,40.36496350364963,🟡,CERCA,252,2026-01-23 07:51:48
DJUSSF,Dow Jones U.S. Consumer Finance Index,770.73,619.26,837.68,24.45983916287182,67.85421113117715,🟡,CERCA,251,2026-01-23 07:51:48
DJUSSP,Dow Jones U.S. Specialty Finance Index,726.45,682.16,803.35,6.492611703999074,74.98107494322457,🟢,OPORTUNIDAD,251,2026-01-23 07:51:48
DJUSSR,Dow Jones U.S. Specialty REITs Index,255.2,229.18,273.52,11.353521249672738,39.36283185840711,🟡,CERCA,252,2026-01-23 07:51:48
DJUSST,Dow Jones U.S. Iron & Steel Index,743.53,416.26,756.22,78.62153461778696,27.875059157595857,🔴,FUERTE,252,2026-01-23 07:51:48
DJUSSV,Dow Jones U.S. Software & Computer Services Index,8238.0,5509.7,8975.6,49.51812258380674,61.92264363499812,🔴,FUERTE,251,2026-01-23 07:51:48
DJUSSW,Dow Jones U.S. Software Index,7319.2,5758.2,9040.0,27.10916605883783,72.74720456040343,🔴,FUERTE,252,2026-01-23 07:51:48
DJUSTB,Dow Jones U.S. Tobacco Index,1138.0,857.76,1210.02,32.67114344338743,35.013796006173166,🔴,FUERTE,251,2026-01-23 07:51:48
DJUSTC,Dow Jones U.S. Technology Index,8710.6,5115.5,9259.3,70.27856514514711,55.1853964632059,🔴,FUERTE,252,2026-01-23 07:51:48
DJUSTK,Dow Jones U.S. Trucking Index,1748.31,1244.48,1858.35,40.48518256621239,28.463161933998478,🔴,FUERTE,252,2026-01-23 07:51:48
DJUSTL,Dow Jones U.S. Telecommunications Index,160.15,158.03,199.75,1.3415174333987245,71.99367088607595,🟢,OPORTUNIDAD,251,2026-01-23 07:51:48
DJUSTT,Dow Jones U.S. Travel & Tourism Index,1306.93,957.74,1432.9,36.45979075740807,54.90228922389725,🔴,FUERTE,251,2026-01-23 07:51:48
DJUSTY,Dow Jones U.S. Toys Index,1611.1,1149.53,2066.13,40.15293206788861,59.55761969995659,🔴,FUERTE,252,2026-01-23 07:51:48
DJUSUT,Dow Jones U.S. Utilities Index,425.38,353.79,466.02,20.23516775488283,48.25202449140827,🟡,CERCA,252,2026-01-23 07:51:48
DJUSVE,Dow Jones U.S. Conventional Electricity Index,422.73,341.92,472.89,23.634183434721574,50.408961593172094,🟡,CERCA,252,2026-01-23 07:51:48
DJUSVN,Dow Jones U.S. Distillers & Vintners Index,316.68,260.67,391.98,21.486937507192998,23.461590025472574,🟡,CERCA,252,2026-01-23 07:51:48
DJUSWC,Dow Jones U.S. Mobile Telecommunications Index,354.94,349.48,458.56,1.5623211628705447,70.28462192013595,🟢,OPORTUNIDAD,252,2026-01-23 07:51:48
DJUSWU,Dow Jones U.S. Water Index,2755.4,2472.2,3135.8,11.455383868619055,44.497228820269164,🟡,CERCA,251,2026-01-23 07:51:48
