Ticker,Sector,CurrentPrice,Min52w,Max52w,DistanceFromMin,RSI,Estado,Classification,DataPoints,AnalysisDate
DJUSFR,Dow Jones U.S. Forestry & Paper Index,752.52,703.58,911.76,6.955854344921677,53.68932038834954,🟢,OPORTUNIDAD,251,2025-11-21 07:45:32
DJUSAE,Dow Jones U.S. Aerospace & Defense Index,2735.0,1861.2,3004.0,46.94820545884376,82.27548953409857,🔴,FUERTE,251,2025-11-21 07:45:32
DJUSAF,Dow Jones U.S. Delivery Services Index,1115.9,916.9,1383.0,21.703566364925305,53.541260558804375,🟡,CERCA,251,2025-11-21 07:45:32
DJUSAG,Dow Jones U.S. Asset Managers Index,357.07,273.77,426.58,30.427000767067252,67.7052714089751,🔴,FUERTE,251,2025-11-21 07:45:32
DJUSAI,Dow Jones U.S. Electronic Equipment Index,1682.62,913.78,1874.93,84.13841406027709,66.30544413951634,🔴,FUERTE,251,2025-11-21 07:45:32
DJUSAL,Dow Jones U.S. Aluminum Index,122.4,73.62,163.19,66.25916870415648,53.03478904515173,🔴,FUERTE,251,2025-11-21 07:45:32
DJUSAM,Dow Jones U.S. Medical Equipment Index,2967.0,2589.3,3151.1,14.586954003012389,39.31128537333788,🟡,CERCA,251,2025-11-21 07:45:32
DJUSAP,Dow Jones U.S. Automobiles & Parts Index,1486.49,845.49,1748.7,75.81402500325255,68.83617304917914,🔴,FUERTE,251,2025-11-21 07:45:32
DJUSAR,Dow Jones U.S. Airlines Index,208.01,137.83,259.72,50.91779728651235,58.74058863791923,🔴,FUERTE,251,2025-11-21 07:45:32
DJUSAS,Dow Jones U.S. Aerospace Index,2967.0,1883.9,3261.9,57.49243590424119,78.43021540277368,🔴,FUERTE,251,2025-11-21 07:45:32
DJUSAT,Dow Jones U.S. Auto Parts Index,383.7,288.25,447.84,33.11361665221162,70.81138040042151,🔴,FUERTE,251,2025-11-21 07:45:32
DJUSAU,Dow Jones U.S. Automobiles Index,1357.9,758.25,1613.6,79.08341575997365,68.35594800844956,🔴,FUERTE,251,2025-11-21 07:45:32
DJUSAV,Dow Jones U.S. Media Agencies Index,347.22,346.44,702.93,0.22514721163838747,90.0322258028669,🟢,OPORTUNIDAD,251,2025-11-21 07:45:32
DJUSBC,Dow Jones U.S. Broadcasting & Entertainment Index,1106.3,962.0,1294.9,14.999999999999995,74.53001819284417,🟡,CERCA,251,2025-11-21 07:45:32
DJUSBD,Dow Jones U.S. Building Materials & Fixtures Index,2234.2,1876.9,2557.1,19.036709467739342,92.077863286555,🟡,CERCA,251,2025-11-21 07:45:32
DJUSBE,Dow Jones U.S. Business Training & Employment Agencies Index,97.38,95.19,152.72,2.3006618342262817,66.31799163179917,🟢,OPORTUNIDAD,251,2025-11-21 07:45:32
DJUSBK,Dow Jones U.S. Banks Index,751.23,521.55,802.07,44.03796376186369,65.86059743954482,🔴,FUERTE,251,2025-11-21 07:45:32
DJUSBS,Dow Jones U.S. Basic Resources Index,440.67,274.91,478.98,60.29609690444144,50.75109775826206,🔴,FUERTE,251,2025-11-21 07:45:32
DJUSBT,Dow Jones U.S. Biotechnology Index,3139.1,2297.4,3214.3,36.63706798990162,28.70466321243532,🔴,FUERTE,251,2025-11-21 07:45:32
DJUSBV,Dow Jones U.S. Beverages Index,951.66,875.4,1013.26,8.711446196024673,40.25546983685345,🟢,OPORTUNIDAD,251,2025-11-21 07:45:32
DJUSCA,Dow Jones U.S. Gambling Index,594.84,513.6,786.57,15.817757009345796,61.80979514312847,🟡,CERCA,251,2025-11-21 07:45:32
DJUSCC,Dow Jones U.S. Commodity Chemicals Index,636.59,636.26,809.05,0.05186558953887419,59.233359233359224,🟢,OPORTUNIDAD,251,2025-11-21 07:45:32
DJUSCH,Dow Jones U.S. Chemicals Index,1766.33,1497.87,2050.51,17.922783686167694,70.31417285044488,🟡,CERCA,251,2025-11-21 07:45:32
DJUSCM,Dow Jones U.S. Personal Products Index,343.44,341.42,458.91,0.591646652217205,60.4031575979701,🟢,OPORTUNIDAD,251,2025-11-21 07:45:32
DJUSCN,Dow Jones U.S. Construction & Materials Index,1930.06,1484.39,2140.56,30.0237808123202,85.67007249756196,🔴,FUERTE,251,2025-11-21 07:45:32
DJUSCP,Dow Jones U.S. Containers & Packaging Index,390.42,388.62,541.01,0.4631773969430321,57.314431974798204,🟢,OPORTUNIDAD,251,2025-11-21 07:45:32
DJUSCR,Dow Jones U.S. Computer Hardware Index,13298.5,8364.8,13998.5,58.98168515684775,66.05928289528921,🔴,FUERTE,251,2025-11-21 07:45:32
DJUSCS,Dow Jones U.S. Specialized Consumer Services Index,2382.3,2379.8,3402.3,0.10505084460879066,87.85016286644945,🟢,OPORTUNIDAD,251,2025-11-21 07:45:32
DJUSCT,Dow Jones U.S. Telecommunications Equipment Index,2505.91,1708.47,2774.98,46.67568057969995,72.88808207033395,🔴,FUERTE,251,2025-11-21 07:45:32
DJUSCX,Dow Jones U.S. Specialty Chemicals Index,1016.47,863.05,1169.99,17.776490353977184,47.391701186547756,🟡,CERCA,251,2025-11-21 07:45:32
DJUSDB,Dow Jones U.S. Brewers Index,464.19,438.36,659.78,5.892417191349572,42.819255806477535,🟢,OPORTUNIDAD,251,2025-11-21 07:45:32
DJUSDN,Dow Jones U.S. Defense Index,757.51,598.11,850.34,26.65061610740499,87.57575757575768,🔴,FUERTE,251,2025-11-21 07:45:32
DJUSDR,Dow Jones U.S. Food & Drug Retailers Index,1641.62,1311.44,1660.74,25.176904776428948,12.316501821967691,🔴,FUERTE,251,2025-11-21 07:45:32
DJUSDS,Dow Jones U.S. Industrial Suppliers Index,858.02,683.22,994.97,25.58473112613799,81.88703348845696,🔴,FUERTE,251,2025-11-21 07:45:32
DJUSDT,Dow Jones U.S. Diversified REITs Index,56.98,45.49,60.0,25.25829852714881,47.65625000000006,🔴,FUERTE,251,2025-11-21 07:45:32
DJUSDV,Dow Jones U.S. Computer Services Index,283.87,231.08,312.52,22.844902198372854,65.04486540378863,🟡,CERCA,251,2025-11-21 07:45:32
DJUSEC,Dow Jones U.S. Electrical Components & Equipment Index,962.79,562.61,1092.13,71.12920140061499,71.19025985825917,🔴,FUERTE,251,2025-11-21 07:45:32
DJUSEE,Dow Jones U.S. Electronic & Electrical Equipment Index,1128.27,643.85,1263.86,75.23802127824804,70.84439904664629,🔴,FUERTE,251,2025-11-21 07:45:32
DJUSEH,Dow Jones U.S. Real Estate Holding & Development Index,68.56,50.8,72.61,34.96062992125986,14.989517819706549,🔴,FUERTE,208,2025-11-21 07:45:32
DJUSEN,Dow Jones U.S. Oil & Gas Index,744.49,623.85,813.7,19.337981886671475,49.15841584158414,🟡,CERCA,251,2025-11-21 07:45:32
DJUSES,Dow Jones U.S. Real Estate Services Index,323.13,268.15,392.49,20.503449561812424,64.26920113023382,🟡,CERCA,251,2025-11-21 07:45:32
DJUSEU,Dow Jones U.S. Electricity Index,433.43,340.99,471.47,27.109299392944074,65.8985045354253,🔴,FUERTE,251,2025-11-21 07:45:32
DJUSFA,Dow Jones U.S. Financial Administration Index,459.42,457.18,685.16,0.4899601907345048,74.94808662118066,🟢,OPORTUNIDAD,251,2025-11-21 07:45:32
DJUSFB,Dow Jones U.S. Food & Beverage Index,696.73,668.77,770.54,4.180809545882745,43.24863883847541,🟢,OPORTUNIDAD,251,2025-11-21 07:45:32
DJUSFC,Dow Jones U.S. Fixed Line Telecommunications Index,151.89,127.84,175.95,18.81257822277846,35.246455097906875,🟡,CERCA,251,2025-11-21 07:45:32
DJUSFD,Dow Jones U.S. Food Retailers & Wholesalers Index,1175.61,1099.62,1346.72,6.910569105691058,38.67015804732078,🟢,OPORTUNIDAD,251,2025-11-21 07:45:32
DJUSFE,Dow Jones U.S. Industrial Machinery Index,1244.82,969.18,1325.15,28.44053736148084,59.979160746424235,🔴,FUERTE,251,2025-11-21 07:45:32
DJUSFH,Dow Jones U.S. Furnishings Index,455.08,319.67,507.6,42.35930803641254,44.773033707865174,🔴,FUERTE,251,2025-11-21 07:45:32
DJUSFI,Dow Jones U.S. Financial Services Index,2352.5,1907.9,2532.3,23.30310812935688,64.12071535022355,🟡,CERCA,251,2025-11-21 07:45:32
DJUSFO,Dow Jones U.S. Food Producers Index,360.08,353.81,428.42,1.7721375879709396,50.271351042559274,🟢,OPORTUNIDAD,251,2025-11-21 07:45:32
DJUSFP,Dow Jones U.S. Food Products Index,504.03,492.31,625.15,2.380613840872615,45.69254866860598,🟢,OPORTUNIDAD,251,2025-11-21 07:45:32
DJUSFT,Dow Jones U.S. Footwear Index,1303.6,1186.7,1942.6,9.850846886323406,59.56666666666667,🟢,OPORTUNIDAD,251,2025-11-21 07:45:32
DJUSGF,Dow Jones U.S. Financial Services Index,2636.9,2138.5,2838.4,23.306055646481184,64.10767696909278,🟡,CERCA,251,2025-11-21 07:45:32
DJUSGI,Dow Jones U.S. General Industrials Index,675.25,613.23,783.86,10.113660453663385,65.85956416464887,🟡,CERCA,251,2025-11-21 07:45:32
DJUSGT,Dow Jones U.S. General Retailers Index,3308.2,2720.3,3649.5,21.61158695732087,72.68907563025212,🟡,CERCA,251,2025-11-21 07:45:32
DJUSGU,Dow Jones U.S. Gas Distribution Index,385.81,309.31,392.95,24.732469044001164,37.51369112814895,🟡,CERCA,251,2025-11-21 07:45:32
DJUSHB,Dow Jones U.S. Home Construction Index,2332.7,1872.38,2981.07,24.584753094991385,71.000063015943,🟡,CERCA,251,2025-11-21 07:45:32
DJUSHC,Dow Jones U.S. Health Care Index,1609.19,1344.15,1640.83,19.718037421418735,20.46754120417083,🟡,CERCA,251,2025-11-21 07:45:32
DJUSHD,Dow Jones U.S. Durable Household Products Index,104.51,94.51,179.28,10.580890911014706,52.67770204479065,🟡,CERCA,251,2025-11-21 07:45:32
DJUSHG,Dow Jones U.S. Household Goods & Home Construction Index,982.06,968.15,1216.79,1.4367608325156194,63.531431842029946,🟢,OPORTUNIDAD,251,2025-11-21 07:45:32
DJUSHI,Dow Jones U.S. Home Improvement Retailers Index,749.17,705.04,958.3,6.259219335073187,80.87721850450973,🟢,OPORTUNIDAD,251,2025-11-21 07:45:32
DJUSHL,Dow Jones U.S. Hotel & Lodging REITs Index,89.44,65.02,103.03,37.55767456167334,40.0,🔴,FUERTE,251,2025-11-21 07:45:32
DJUSHN,Dow Jones U.S. Nondurable Household Products Index,1132.72,1108.37,1420.24,2.196919801149448,61.020507024059455,🟢,OPORTUNIDAD,251,2025-11-21 07:45:32
DJUSHP,Dow Jones U.S. Health Care Providers Index,2495.6,2106.6,3374.9,18.465774233361813,64.52861487420512,🟡,CERCA,251,2025-11-21 07:45:32
DJUSHR,Dow Jones U.S. Commercial Vehicles & Trucks Index,5971.7,3916.0,6249.7,52.494892747701726,56.963804615204424,🔴,FUERTE,251,2025-11-21 07:45:32
DJUSHV,Dow Jones U.S. Heavy Construction Index,2093.19,1138.85,2402.18,83.79856873161525,71.9084926355374,🔴,FUERTE,251,2025-11-21 07:45:32
DJUSIB,Dow Jones U.S. Insurance Brokers Index,679.89,658.66,891.38,3.223210761242526,48.19736538017102,🟢,OPORTUNIDAD,251,2025-11-21 07:45:32
DJUSID,Dow Jones U.S. Diversified Industrials Index,913.52,767.22,1017.95,19.068845963348185,65.47699214365882,🟡,CERCA,251,2025-11-21 07:45:32
DJUSIG,Dow Jones U.S. Industrial Goods & Services Index,1409.2,1094.74,1511.78,28.72462867895574,75.2957910389863,🔴,FUERTE,251,2025-11-21 07:45:32
DJUSIL,Dow Jones U.S. Life Insurance Index,1242.9,1077.94,1380.29,15.303263632484185,56.02475427739353,🟡,CERCA,251,2025-11-21 07:45:32
DJUSIM,Dow Jones U.S. Industrial Metals & Mining Index,504.26,350.58,548.35,43.83592903189001,59.40201093667315,🔴,FUERTE,251,2025-11-21 07:45:32
DJUSIO,Dow Jones U.S. Industrial & Office REITs Index,105.99,79.12,111.84,33.961071789686535,62.569213732004485,🔴,FUERTE,251,2025-11-21 07:45:32
DJUSIP,Dow Jones U.S. Property & Casualty Insurance Index,1950.72,1755.13,2065.57,11.143903870368572,21.315291721228007,🟡,CERCA,251,2025-11-21 07:45:32
DJUSIQ,Dow Jones U.S. Industrial Engineering Index,4644.0,3318.0,4874.6,39.963833634719705,58.80664342833704,🔴,FUERTE,251,2025-11-21 07:45:32
DJUSIR,Dow Jones U.S. Insurance Index,1305.99,1239.53,1458.0,5.361709680282045,32.52840909090911,🟢,OPORTUNIDAD,251,2025-11-21 07:45:32
DJUSIS,Dow Jones U.S. Support Services Index,748.96,748.64,981.89,0.04274417610601224,72.12960473245494,🟢,OPORTUNIDAD,251,2025-11-21 07:45:32
DJUSIT,Dow Jones U.S. Industrial Transportation Index,1455.3,1243.5,1746.8,17.03256936067551,63.414634146341456,🟡,CERCA,251,2025-11-21 07:45:32
DJUSIU,Dow Jones U.S. Reinsurance Index,503.18,467.58,599.38,7.613670387955008,48.94064613072876,🟢,OPORTUNIDAD,251,2025-11-21 07:45:32
DJUSIV,Dow Jones U.S. Business Support Services Index,1065.03,1061.45,1403.2,0.33727448301850554,66.02881337292422,🟢,OPORTUNIDAD,251,2025-11-21 07:45:32
DJUSIX,Dow Jones U.S. Nonlife Insurance Index,1292.04,1215.03,1458.15,6.338115108268931,28.989075242345024,🟢,OPORTUNIDAD,251,2025-11-21 07:45:32
DJUSLE,Dow Jones U.S. Leisure Goods Index,1015.75,724.03,1249.95,40.291148156844336,88.62391681109193,🔴,FUERTE,251,2025-11-21 07:45:32
DJUSLG,Dow Jones U.S. Hotels Index,4265.7,3245.4,4663.6,31.43834350157145,31.95930538502023,🔴,FUERTE,251,2025-11-21 07:45:32
DJUSMC,Dow Jones U.S. Health Care Equipment & Services Index,2269.8,2083.0,2542.4,8.967834853576582,50.772833723653335,🟢,OPORTUNIDAD,251,2025-11-21 07:45:32
DJUSME,Dow Jones U.S. Media Index,750.71,662.35,936.97,13.340378953725374,77.5138558986539,🟡,CERCA,251,2025-11-21 07:45:32
DJUSMF,Dow Jones U.S. Mortgage Finance Index,11.97,9.98,13.76,19.939879759519037,51.56794425087107,🟡,CERCA,251,2025-11-21 07:45:32
DJUSMG,Dow Jones U.S. Mining Index,191.36,84.25,223.28,127.13353115727004,44.90406858075928,🔴,FUERTE,251,2025-11-21 07:45:32
DJUSMR,Dow Jones U.S. Mortgage REITs Index,30.2,24.64,32.68,22.56493506493506,49.42965779467686,🟡,CERCA,251,2025-11-21 07:45:32
DJUSMS,Dow Jones U.S. Medical Supplies Index,1847.47,1493.05,1875.49,23.737986001808384,26.553793399057,🟡,CERCA,251,2025-11-21 07:45:32
DJUSMT,Dow Jones U.S. Marine Transportation Index,347.42,261.01,430.99,33.10601126393626,42.39087691702711,🔴,FUERTE,251,2025-11-21 07:45:32
DJUSMU,Dow Jones U.S. Multiutilities Index,289.81,249.55,299.75,16.133039471047883,43.01029159519732,🟡,CERCA,251,2025-11-21 07:45:32
DJUSNF,Dow Jones U.S. Nonferrous Metals Index,530.12,372.55,655.27,42.29499396054221,57.15319039008008,🔴,FUERTE,251,2025-11-21 07:45:32
DJUSNG,Dow Jones U.S. Personal & Household Goods Index,958.84,909.61,1081.16,5.412209628302241,61.032388663967595,🟢,OPORTUNIDAD,251,2025-11-21 07:45:32
DJUSNS,Dow Jones U.S. Internet Index,6505.2,3842.4,6853.4,69.30043722673328,55.684317374386744,🔴,FUERTE,251,2025-11-21 07:45:32
DJUSOG,Dow Jones U.S. Oil & Gas Producers,844.71,707.01,914.32,19.476386472610013,49.768537318281474,🟡,CERCA,251,2025-11-21 07:45:32
DJUSOI,Dow Jones U.S. Oil Equipment & Services Index,267.62,198.86,294.15,34.577089409634915,53.018090632276554,🔴,FUERTE,251,2025-11-21 07:45:32
DJUSOL,Dow Jones U.S. Integrated Oil & Gas Index,752.57,645.42,806.96,16.601592761302733,51.35435617545985,🟡,CERCA,251,2025-11-21 07:45:32
DJUSOS,Dow Jones U.S. Exploration & Production Index,1016.47,821.29,1123.35,23.765052539297944,48.19487179487177,🟡,CERCA,251,2025-11-21 07:45:32
DJUSPB,Dow Jones U.S. Publishing Index,786.13,663.16,874.35,18.54303637131311,48.20365033621517,🟡,CERCA,251,2025-11-21 07:45:32
DJUSPC,Dow Jones U.S. Waste & Disposal Services Index,636.44,589.23,708.03,8.012151451894852,27.63724434876221,🟢,OPORTUNIDAD,251,2025-11-21 07:45:32
DJUSPG,Sector PG,462.6,426.49,649.12,8.4667870290042,62.005723204994766,🟢,OPORTUNIDAD,251,2025-11-21 07:45:32
DJUSPL,Dow Jones U.S. Pipelines Index,1006.76,925.07,1229.95,8.830683083442327,39.36378712498115,🟢,OPORTUNIDAD,251,2025-11-21 07:45:32
DJUSPM,Dow Jones U.S. Gold Mining Index,219.21,94.85,251.35,131.112282551397,43.763466602824984,🔴,FUERTE,251,2025-11-21 07:45:32
DJUSPN,Dow Jones U.S. Pharmaceuticals & Biotechnology Index,1300.19,960.01,1315.95,35.43504755158801,12.90664492458211,🔴,FUERTE,251,2025-11-21 07:45:32
DJUSPR,Dow Jones U.S. Pharmaceuticals Index,1029.54,765.56,1038.28,34.481947855164854,10.894110466890439,🔴,FUERTE,251,2025-11-21 07:45:32
DJUSRA,Dow Jones U.S. Apparel Retailers Index,1948.17,1490.78,1975.92,30.681254108587456,27.17858759619736,🔴,FUERTE,251,2025-11-21 07:45:32
DJUSRB,Dow Jones U.S. Broadline Retailers Index,4607.0,3641.4,5185.7,26.5172735760971,71.0750279955207,🔴,FUERTE,251,2025-11-21 07:45:32
DJUSRD,Dow Jones U.S. Drug Retailers Index,1478.46,878.77,1494.54,68.2419745781035,14.846737087680566,🔴,FUERTE,251,2025-11-21 07:45:32
DJUSRE,Dow Jones U.S. Real Estate Index,355.18,311.91,396.19,13.872591452662618,58.105335157318756,🟡,CERCA,251,2025-11-21 07:45:32
DJUSRH,Dow Jones U.S. Real Estate Investment & Services,677.65,563.1,822.79,20.342745515894148,64.26385999265693,🟡,CERCA,251,2025-11-21 07:45:32
DJUSRI,Dow Jones U.S. Real Estate Investment Trusts Index,143.85,126.8,161.13,13.446372239747632,57.155098543273375,🟡,CERCA,251,2025-11-21 07:45:32
DJUSRL,Dow Jones U.S. Retail REITs Index,98.1,83.32,106.33,17.73883821411426,52.309782608695684,🟡,CERCA,251,2025-11-21 07:45:32
DJUSRN,Dow Jones U.S. Residential REITs Index,212.38,206.56,264.7,2.817583268783885,44.309927360774836,🟢,OPORTUNIDAD,251,2025-11-21 07:45:32
DJUSRP,Dow Jones U.S. Recreational Products Index,279.86,279.15,496.77,0.2543435428980965,80.79197030111368,🟢,OPORTUNIDAD,251,2025-11-21 07:45:32
DJUSRQ,Dow Jones U.S. Recreational Services Index,161.44,110.98,215.97,45.4676518291584,72.8990070234924,🔴,FUERTE,251,2025-11-21 07:45:32
DJUSRR,Dow Jones U.S. Railroads Index,3317.4,2788.9,3604.6,18.950123704686437,60.735080058224156,🟡,CERCA,251,2025-11-21 07:45:32
DJUSRS,Dow Jones U.S. Specialty Retailers Index,4198.4,3427.2,4908.8,22.502334267040144,60.11745180645983,🟡,CERCA,251,2025-11-21 07:45:32
DJUSRT,Dow Jones U.S. Retail Index,2983.6,2453.4,3267.5,21.610825792777362,71.81372549019608,🟡,CERCA,251,2025-11-21 07:45:32
DJUSRU,Dow Jones U.S. Restaurants & Bars Index,2720.6,2686.2,3265.8,1.2806194624376477,62.11401425178145,🟢,OPORTUNIDAD,251,2025-11-21 07:45:32
DJUSSB,Dow Jones U.S. Investment Services Index,2854.3,2060.8,3078.4,38.504464285714285,67.25067385444743,🔴,FUERTE,251,2025-11-21 07:45:32
DJUSSC,Dow Jones U.S. Semiconductors Index,26826.9,12938.1,31044.1,107.34806501727456,67.21425803951956,🔴,FUERTE,251,2025-11-21 07:45:32
DJUSSD,Dow Jones U.S. Soft Drinks Index,932.4,835.84,972.52,11.552450229709029,39.94009636671444,🟡,CERCA,251,2025-11-21 07:45:32
DJUSSF,Dow Jones U.S. Consumer Finance Index,744.28,619.26,809.9,20.18861221457869,71.25322331098505,🟡,CERCA,251,2025-11-21 07:45:32
DJUSSP,Dow Jones U.S. Specialty Finance Index,742.87,671.1,803.35,10.694382357323793,31.632777304273787,🟡,CERCA,251,2025-11-21 07:45:32
DJUSSR,Dow Jones U.S. Specialty REITs Index,253.6,229.18,287.27,10.65538005061523,59.55427156417667,🟡,CERCA,251,2025-11-21 07:45:32
DJUSST,Dow Jones U.S. Iron & Steel Index,606.05,416.26,655.87,45.59409984144524,62.86335545891507,🔴,FUERTE,251,2025-11-21 07:45:32
DJUSSV,Dow Jones U.S. Software & Computer Services Index,8061.6,5509.7,8975.6,46.316496360963406,76.4180130629083,🔴,FUERTE,251,2025-11-21 07:45:32
DJUSSW,Dow Jones U.S. Software Index,7733.2,5758.2,9040.0,34.298912854711546,81.44428503108564,🔴,FUERTE,251,2025-11-21 07:45:32
DJUSTB,Dow Jones U.S. Tobacco Index,1053.69,824.94,1210.02,27.72928940286566,23.86632894844351,🔴,FUERTE,251,2025-11-21 07:45:32
DJUSTC,Dow Jones U.S. Technology Index,8379.9,5115.5,9259.3,63.81389893461049,72.2781335773102,🔴,FUERTE,251,2025-11-21 07:45:32
DJUSTK,Dow Jones U.S. Trucking Index,1299.49,1244.48,2031.23,4.420320133710465,73.78985046666438,🟢,OPORTUNIDAD,251,2025-11-21 07:45:32
DJUSTL,Dow Jones U.S. Telecommunications Index,171.64,155.76,199.75,10.195172059578837,36.78571428571433,🟡,CERCA,251,2025-11-21 07:45:32
DJUSTQ,Dow Jones U.S. Technology Hardware & Equipment Index,9731.4,5326.7,10826.1,82.69097189629602,68.91971530894418,🔴,FUERTE,251,2025-11-21 07:45:32
DJUSTR,Dow Jones U.S. Tires Index,9731.4,5326.7,10826.1,82.69097189629602,68.91971530894418,🔴,FUERTE,251,2025-11-21 07:45:32
DJUSTT,Dow Jones U.S. Travel & Tourism Index,1211.48,957.74,1432.9,26.49362039802034,74.34097971439544,🔴,FUERTE,251,2025-11-21 07:45:32
DJUSTY,Dow Jones U.S. Toys Index,1685.16,1149.53,2066.13,46.59556514401539,89.31536622473378,🔴,FUERTE,251,2025-11-21 07:45:32
DJUSUT,Dow Jones U.S. Utilities Index,434.89,353.79,466.02,22.92320303004606,62.27167054134827,🟡,CERCA,251,2025-11-21 07:45:32
DJUSVE,Dow Jones U.S. Conventional Electricity Index,434.45,341.92,472.89,27.061885821244726,66.2095984329089,🔴,FUERTE,251,2025-11-21 07:45:32
DJUSVN,Dow Jones U.S. Distillers & Vintners Index,269.85,260.67,489.82,3.5216940959834298,49.85481997677117,🟢,OPORTUNIDAD,251,2025-11-21 07:45:32
DJUSWC,Dow Jones U.S. Mobile Telecommunications Index,379.23,360.57,458.56,5.17513936267577,41.82340647857894,🟢,OPORTUNIDAD,251,2025-11-21 07:45:32
DJUSWU,Dow Jones U.S. Water Index,2685.6,2432.7,3135.8,10.395856455789868,51.2290848998141,🟡,CERCA,251,2025-11-21 07:45:32
