Ticker,Sector,CurrentPrice,Min52w,Max52w,DistanceFromMin,RSI,Estado,Classification,DataPoints,AnalysisDate
DJUSFR,Dow Jones U.S. Forestry & Paper Index,822.07,703.58,952.75,16.84101310440888,59.25035077169771,🟡,CERCA,251,2025-08-05 07:52:42
DJUSAE,Dow Jones U.S. Aerospace & Defense Index,2743.8,1861.2,2775.1,47.42101869761445,38.23529411764706,🔴,FUERTE,251,2025-08-05 07:52:42
DJUSAF,Dow Jones U.S. Delivery Services Index,975.4,916.9,1383.0,6.380194132402661,65.76200417536538,🟢,OPORTUNIDAD,251,2025-08-05 07:52:42
DJUSAG,Dow Jones U.S. Asset Managers Index,405.8,273.77,416.71,48.22661358074297,33.41459698308698,🔴,FUERTE,251,2025-08-05 07:52:42
DJUSAI,Dow Jones U.S. Electronic Equipment Index,1537.94,913.78,1549.48,68.30528135875157,20.05818045324449,🔴,FUERTE,251,2025-08-05 07:52:42
DJUSAL,Dow Jones U.S. Aluminum Index,99.48,73.62,163.19,35.12632436837816,46.08093328472475,🔴,FUERTE,251,2025-08-05 07:52:42
DJUSAM,Dow Jones U.S. Medical Equipment Index,2959.4,2581.7,3151.1,14.629895030406335,49.20899250624476,🟡,CERCA,251,2025-08-05 07:52:42
DJUSAP,Dow Jones U.S. Automobiles & Parts Index,1188.12,768.67,1748.7,54.56828027632143,50.970488081725335,🔴,FUERTE,251,2025-08-05 07:52:42
DJUSAR,Dow Jones U.S. Airlines Index,210.81,126.73,259.72,66.34577448118047,57.0687149678223,🔴,FUERTE,251,2025-08-05 07:52:42
DJUSAS,Dow Jones U.S. Aerospace Index,2977.3,1883.9,3039.2,58.03917405382452,39.876703439325134,🔴,FUERTE,251,2025-08-05 07:52:42
DJUSAT,Dow Jones U.S. Auto Parts Index,384.53,288.25,418.83,33.40156114483954,47.70206022187005,🔴,FUERTE,251,2025-08-05 07:52:42
DJUSAU,Dow Jones U.S. Automobiles Index,1071.71,666.09,1613.6,60.89567475866624,51.07165465890933,🔴,FUERTE,251,2025-08-05 07:52:42
DJUSAV,Dow Jones U.S. Media Agencies Index,538.63,346.44,702.93,55.47569564715391,29.626775294506174,🔴,FUERTE,251,2025-08-05 07:52:42
DJUSBC,Dow Jones U.S. Broadcasting & Entertainment Index,1195.6,962.0,1294.9,24.28274428274427,63.50762527233122,🟡,CERCA,251,2025-08-05 07:52:42
DJUSBD,Dow Jones U.S. Building Materials & Fixtures Index,2384.2,1876.9,2557.1,27.02861100751237,44.86703772418061,🔴,FUERTE,251,2025-08-05 07:52:42
DJUSBE,Dow Jones U.S. Business Training & Employment Agencies Index,111.88,104.12,152.72,7.452938916634643,51.52394775036287,🟢,OPORTUNIDAD,251,2025-08-05 07:52:42
DJUSBK,Dow Jones U.S. Banks Index,727.52,520.01,761.58,39.90500182688794,49.022761009401336,🔴,FUERTE,251,2025-08-05 07:52:42
DJUSBS,Dow Jones U.S. Basic Resources Index,385.75,274.91,404.44,40.31864973991487,46.67345121485815,🔴,FUERTE,251,2025-08-05 07:52:42
DJUSBT,Dow Jones U.S. Biotechnology Index,2697.1,2297.4,3119.9,17.39792809262644,34.76104598737602,🟡,CERCA,251,2025-08-05 07:52:42
DJUSBV,Dow Jones U.S. Beverages Index,935.4,875.4,1070.16,6.854009595613434,45.01560874089489,🟢,OPORTUNIDAD,251,2025-08-05 07:52:42
DJUSCA,Dow Jones U.S. Gambling Index,745.8,513.6,765.64,45.210280373831765,44.96077965295941,🔴,FUERTE,251,2025-08-05 07:52:42
DJUSCC,Dow Jones U.S. Commodity Chemicals Index,725.47,647.09,855.73,12.112689115888053,55.475534844312605,🟡,CERCA,251,2025-08-05 07:52:42
DJUSCH,Dow Jones U.S. Chemicals Index,1960.08,1424.81,2050.51,37.56781605968515,59.86208636420976,🔴,FUERTE,251,2025-08-05 07:52:42
DJUSCM,Dow Jones U.S. Personal Products Index,443.71,345.1,483.97,28.574326282237017,34.220644779650996,🔴,FUERTE,251,2025-08-05 07:52:42
DJUSCN,Dow Jones U.S. Construction & Materials Index,2005.85,1484.39,2096.84,35.12958184843604,42.01574003554202,🔴,FUERTE,251,2025-08-05 07:52:42
DJUSCP,Dow Jones U.S. Containers & Packaging Index,447.09,397.01,541.01,12.614291831440012,64.61251167133523,🟡,CERCA,251,2025-08-05 07:52:42
DJUSCR,Dow Jones U.S. Computer Hardware Index,10267.0,8364.8,12829.5,22.740531752104065,62.90149892933624,🟡,CERCA,251,2025-08-05 07:52:42
DJUSCS,Dow Jones U.S. Specialized Consumer Services Index,2773.8,2537.0,3402.3,9.333858888450933,47.434743474347414,🟢,OPORTUNIDAD,251,2025-08-05 07:52:42
DJUSCT,Dow Jones U.S. Telecommunications Equipment Index,2399.3,1652.5,2432.29,45.192133131618775,25.700754658863374,🔴,FUERTE,251,2025-08-05 07:52:42
DJUSCX,Dow Jones U.S. Specialty Chemicals Index,1059.57,863.05,1218.81,22.770407276519318,62.68848009650187,🟡,CERCA,251,2025-08-05 07:52:42
DJUSDB,Dow Jones U.S. Brewers Index,496.24,479.19,659.78,3.558087606168746,52.17728639317235,🟢,OPORTUNIDAD,251,2025-08-05 07:52:42
DJUSDN,Dow Jones U.S. Defense Index,759.46,598.11,775.57,26.976643092407755,36.566888396156614,🔴,FUERTE,251,2025-08-05 07:52:42
DJUSDR,Dow Jones U.S. Food & Drug Retailers Index,1593.73,1207.25,1615.62,32.01325326154483,49.60314144874256,🔴,FUERTE,251,2025-08-05 07:52:42
DJUSDS,Dow Jones U.S. Industrial Suppliers Index,920.29,683.22,966.01,34.698925675477874,43.25251422780076,🔴,FUERTE,251,2025-08-05 07:52:42
DJUSDT,Dow Jones U.S. Diversified REITs Index,56.81,45.49,57.29,24.884590019784568,25.954198473282432,🟡,CERCA,251,2025-08-05 07:52:42
DJUSDV,Dow Jones U.S. Computer Services Index,260.74,219.72,304.29,18.669215365010018,81.60321589028143,🟡,CERCA,251,2025-08-05 07:52:42
DJUSEC,Dow Jones U.S. Electrical Components & Equipment Index,1029.07,562.61,1055.56,82.91000870940792,24.579061820441126,🔴,FUERTE,251,2025-08-05 07:52:42
DJUSEE,Dow Jones U.S. Electronic & Electrical Equipment Index,1148.69,643.85,1171.37,78.40956744583366,21.438715652979397,🔴,FUERTE,251,2025-08-05 07:52:42
DJUSEH,Dow Jones U.S. Real Estate Holding & Development Index,56.76,49.5,72.61,14.666666666666664,50.17502917152859,🟡,CERCA,251,2025-08-05 07:52:42
DJUSEN,Dow Jones U.S. Oil & Gas Index,718.94,623.85,813.7,15.242446100825525,57.115198451113216,🟡,CERCA,251,2025-08-05 07:52:42
DJUSES,Dow Jones U.S. Real Estate Services Index,376.36,259.71,379.35,44.91548265372918,12.226309336135941,🔴,FUERTE,251,2025-08-05 07:52:42
DJUSEU,Dow Jones U.S. Electricity Index,431.21,340.99,432.36,26.45825390773922,21.32743362831866,🔴,FUERTE,251,2025-08-05 07:52:42
DJUSFA,Dow Jones U.S. Financial Administration Index,586.48,517.54,685.16,13.320709510376021,53.88749142465123,🟡,CERCA,251,2025-08-05 07:52:42
DJUSFB,Dow Jones U.S. Food & Beverage Index,700.39,668.77,816.7,4.728082898455374,45.87368421052629,🟢,OPORTUNIDAD,251,2025-08-05 07:52:42
DJUSFC,Dow Jones U.S. Fixed Line Telecommunications Index,163.84,111.04,172.38,47.550432276657055,36.32352941176476,🔴,FUERTE,251,2025-08-05 07:52:42
DJUSFD,Dow Jones U.S. Food Retailers & Wholesalers Index,1313.48,999.87,1346.72,31.365077460069813,47.312752601255454,🔴,FUERTE,251,2025-08-05 07:52:42
DJUSFE,Dow Jones U.S. Industrial Machinery Index,1217.32,969.18,1325.15,25.603087145834625,53.2717567324417,🔴,FUERTE,251,2025-08-05 07:52:42
DJUSFH,Dow Jones U.S. Furnishings Index,427.77,319.67,435.22,33.816122876716605,30.394792698457636,🔴,FUERTE,251,2025-08-05 07:52:42
DJUSFI,Dow Jones U.S. Financial Services Index,2424.8,1812.0,2486.0,33.818984547461376,42.52199413489729,🔴,FUERTE,251,2025-08-05 07:52:42
DJUSFO,Dow Jones U.S. Food Producers Index,378.47,367.79,460.77,2.9038309905108908,48.67219917012445,🟢,OPORTUNIDAD,251,2025-08-05 07:52:42
DJUSFP,Dow Jones U.S. Food Products Index,539.57,529.4,667.01,1.9210426898375659,48.52825229960577,🟢,OPORTUNIDAD,251,2025-08-05 07:52:42
DJUSFT,Dow Jones U.S. Footwear Index,1604.0,1186.7,2012.4,35.16474256341113,40.21899970405447,🔴,FUERTE,251,2025-08-05 07:52:42
DJUSGF,Dow Jones U.S. Financial Services Index,2717.9,2031.0,2786.5,33.820777941900545,42.51418594500216,🔴,FUERTE,251,2025-08-05 07:52:42
DJUSGI,Dow Jones U.S. General Industrials Index,721.42,613.23,783.86,17.642646315411824,68.57296522050922,🟡,CERCA,251,2025-08-05 07:52:42
DJUSGT,Dow Jones U.S. General Retailers Index,3366.0,2540.2,3560.4,32.50925124005985,60.49787094660985,🔴,FUERTE,251,2025-08-05 07:52:42
DJUSGU,Dow Jones U.S. Gas Distribution Index,369.64,290.01,375.77,27.457673873314715,36.97916666666672,🔴,FUERTE,251,2025-08-05 07:52:42
DJUSHB,Dow Jones U.S. Home Construction Index,2463.03,1872.38,3170.03,31.545412790138755,29.328460484239415,🔴,FUERTE,251,2025-08-05 07:52:42
DJUSHC,Dow Jones U.S. Health Care Index,1410.4,1344.15,1663.54,4.928765390767399,48.3894476023903,🟢,OPORTUNIDAD,251,2025-08-05 07:52:42
DJUSHD,Dow Jones U.S. Durable Household Products Index,132.86,94.51,179.28,40.577716643741404,58.28152753108344,🔴,FUERTE,251,2025-08-05 07:52:42
DJUSHG,Dow Jones U.S. Household Goods & Home Construction Index,1032.27,999.49,1229.25,3.279672633042849,45.07660327969822,🟢,OPORTUNIDAD,251,2025-08-05 07:52:42
DJUSHI,Dow Jones U.S. Home Improvement Retailers Index,832.03,705.04,958.3,18.011744014524,24.979149291075913,🟡,CERCA,251,2025-08-05 07:52:42
DJUSHL,Dow Jones U.S. Hotel & Lodging REITs Index,83.48,65.02,103.03,28.391264226391893,63.33072713057075,🔴,FUERTE,251,2025-08-05 07:52:42
DJUSHN,Dow Jones U.S. Nondurable Household Products Index,1190.07,1180.41,1421.48,0.8183597224692991,57.08347189890256,🟢,OPORTUNIDAD,251,2025-08-05 07:52:42
DJUSHP,Dow Jones U.S. Health Care Providers Index,2139.9,2106.6,3545.2,1.5807462261464056,70.66473988439307,🟢,OPORTUNIDAD,251,2025-08-05 07:52:42
DJUSHR,Dow Jones U.S. Commercial Vehicles & Trucks Index,5390.3,3916.0,5506.5,37.64811031664965,39.551771628896915,🔴,FUERTE,251,2025-08-05 07:52:42
DJUSHV,Dow Jones U.S. Heavy Construction Index,1985.52,1138.85,2114.89,74.3442946832331,37.15676580208413,🔴,FUERTE,251,2025-08-05 07:52:42
DJUSIB,Dow Jones U.S. Insurance Brokers Index,744.11,729.23,891.38,2.0405084815490304,64.43783130289219,🟢,OPORTUNIDAD,251,2025-08-05 07:52:42
DJUSID,Dow Jones U.S. Diversified Industrials Index,932.23,767.22,1017.95,21.50752065900263,68.39119865361842,🟡,CERCA,251,2025-08-05 07:52:42
DJUSIG,Dow Jones U.S. Industrial Goods & Services Index,1450.99,1094.74,1484.13,32.54197343661509,43.017588472133944,🔴,FUERTE,251,2025-08-05 07:52:42
DJUSIL,Dow Jones U.S. Life Insurance Index,1190.84,1077.94,1380.29,10.473681280961822,52.68115219774744,🟡,CERCA,251,2025-08-05 07:52:42
DJUSIM,Dow Jones U.S. Industrial Metals & Mining Index,477.75,350.58,568.14,36.27417422556906,63.22054550567064,🔴,FUERTE,251,2025-08-05 07:52:42
DJUSIO,Dow Jones U.S. Industrial & Office REITs Index,95.63,79.12,119.27,20.86703741152678,57.04225352112677,🟡,CERCA,251,2025-08-05 07:52:42
DJUSIP,Dow Jones U.S. Property & Casualty Insurance Index,1890.26,1673.43,2065.57,12.957219602851625,46.22930717351318,🟡,CERCA,251,2025-08-05 07:52:42
DJUSIQ,Dow Jones U.S. Industrial Engineering Index,4356.2,3318.0,4522.4,31.28993369499698,45.93929450369155,🔴,FUERTE,251,2025-08-05 07:52:42
DJUSIR,Dow Jones U.S. Insurance Index,1303.61,1203.09,1458.0,8.355152149880723,53.646751550767256,🟢,OPORTUNIDAD,251,2025-08-05 07:52:42
DJUSIS,Dow Jones U.S. Support Services Index,864.45,764.29,981.89,13.104973243140705,53.050812161599275,🟡,CERCA,251,2025-08-05 07:52:42
DJUSIT,Dow Jones U.S. Industrial Transportation Index,1411.7,1243.5,1746.8,13.52633695215119,59.56140350877191,🟡,CERCA,251,2025-08-05 07:52:42
DJUSIU,Dow Jones U.S. Reinsurance Index,494.66,467.58,599.38,5.791522306343309,58.18498692891818,🟢,OPORTUNIDAD,251,2025-08-05 07:52:42
DJUSIV,Dow Jones U.S. Business Support Services Index,1178.86,1092.82,1443.42,7.873208762650753,58.35482045154402,🟢,OPORTUNIDAD,251,2025-08-05 07:52:42
DJUSIX,Dow Jones U.S. Nonlife Insurance Index,1299.45,1200.02,1458.15,8.2856952384127,53.75442899972744,🟢,OPORTUNIDAD,251,2025-08-05 07:52:42
DJUSLE,Dow Jones U.S. Leisure Goods Index,1113.02,701.73,1171.82,58.61086172744502,35.78557764285121,🔴,FUERTE,251,2025-08-05 07:52:42
DJUSLG,Dow Jones U.S. Hotels Index,4138.6,3245.4,4663.6,27.522031182596912,67.80352480417753,🔴,FUERTE,251,2025-08-05 07:52:42
DJUSMC,Dow Jones U.S. Health Care Equipment & Services Index,2125.8,2083.0,2559.1,2.054728756601065,62.20495966537195,🟢,OPORTUNIDAD,251,2025-08-05 07:52:42
DJUSME,Dow Jones U.S. Media Index,847.57,662.35,936.97,27.96406733600061,58.469718368364205,🔴,FUERTE,251,2025-08-05 07:52:42
DJUSMF,Dow Jones U.S. Mortgage Finance Index,11.81,9.98,12.71,18.336673346693384,30.219780219780176,🟡,CERCA,251,2025-08-05 07:52:42
DJUSMG,Dow Jones U.S. Mining Index,150.2,84.25,150.25,78.27893175074183,29.70996216897852,🔴,FUERTE,251,2025-08-05 07:52:42
DJUSMR,Dow Jones U.S. Mortgage REITs Index,30.64,24.64,32.23,24.350649350649352,35.39325842696631,🟡,CERCA,251,2025-08-05 07:52:42
DJUSMS,Dow Jones U.S. Medical Supplies Index,1641.09,1469.4,1749.93,11.684360963658625,60.390355912744006,🟡,CERCA,251,2025-08-05 07:52:42
DJUSMT,Dow Jones U.S. Marine Transportation Index,324.74,275.54,433.97,17.855846701023438,69.3206561184497,🟡,CERCA,251,2025-08-05 07:52:42
DJUSMU,Dow Jones U.S. Multiutilities Index,291.78,246.01,292.91,18.60493475874964,17.839269944068306,🟡,CERCA,251,2025-08-05 07:52:42
DJUSNF,Dow Jones U.S. Nonferrous Metals Index,540.69,372.55,702.28,45.132197020534164,66.91266912669127,🔴,FUERTE,251,2025-08-05 07:52:42
DJUSNG,Dow Jones U.S. Personal & Household Goods Index,1034.68,909.61,1069.74,13.74984883631447,46.93759907767689,🟡,CERCA,251,2025-08-05 07:52:42
DJUSNS,Dow Jones U.S. Internet Index,5691.4,3842.4,5711.5,48.12096606287736,22.17255858052276,🔴,FUERTE,251,2025-08-05 07:52:42
DJUSOG,Dow Jones U.S. Oil & Gas Producers,810.65,707.01,914.32,14.658915715477855,60.739623980134795,🟡,CERCA,251,2025-08-05 07:52:42
DJUSOI,Dow Jones U.S. Oil Equipment & Services Index,238.65,198.86,294.15,20.009051594086287,46.634072959759294,🟡,CERCA,251,2025-08-05 07:52:42
DJUSOL,Dow Jones U.S. Integrated Oil & Gas Index,717.07,645.42,807.01,11.101298379349895,61.32483028183503,🟡,CERCA,251,2025-08-05 07:52:42
DJUSOS,Dow Jones U.S. Exploration & Production Index,985.95,821.29,1123.35,20.048947387646272,59.23642996414868,🟡,CERCA,251,2025-08-05 07:52:42
DJUSPB,Dow Jones U.S. Publishing Index,815.68,663.16,852.97,22.99897460642982,55.78931881712519,🟡,CERCA,251,2025-08-05 07:52:42
DJUSPC,Dow Jones U.S. Waste & Disposal Services Index,681.33,609.51,708.03,11.783235713934152,46.295575450888784,🟡,CERCA,251,2025-08-05 07:52:42
DJUSPG,Sector PG,551.76,426.49,649.12,29.372318225515247,40.77639751552799,🔴,FUERTE,251,2025-08-05 07:52:42
DJUSPL,Dow Jones U.S. Pipelines Index,1069.38,801.91,1229.95,33.354117045553764,45.697608736584435,🔴,FUERTE,251,2025-08-05 07:52:42
DJUSPM,Dow Jones U.S. Gold Mining Index,169.09,94.85,169.15,78.27095413811283,29.69275622336849,🔴,FUERTE,251,2025-08-05 07:52:42
DJUSPN,Dow Jones U.S. Pharmaceuticals & Biotechnology Index,1093.97,960.01,1277.87,13.954021312278,40.43689579661378,🟡,CERCA,251,2025-08-05 07:52:42
DJUSPR,Dow Jones U.S. Pharmaceuticals Index,848.67,765.56,1006.37,10.856105334656986,46.21345544205707,🟡,CERCA,251,2025-08-05 07:52:42
DJUSRA,Dow Jones U.S. Apparel Retailers Index,1721.71,1490.78,1826.93,15.490548571888546,18.360690798267697,🟡,CERCA,251,2025-08-05 07:52:42
DJUSRB,Dow Jones U.S. Broadline Retailers Index,4565.5,3388.9,5034.6,34.71923042875269,63.105791962174926,🔴,FUERTE,251,2025-08-05 07:52:42
DJUSRD,Dow Jones U.S. Drug Retailers Index,1165.03,838.78,1209.83,38.895777200219364,53.47617756079923,🔴,FUERTE,251,2025-08-05 07:52:42
DJUSRE,Dow Jones U.S. Real Estate Index,364.15,311.91,396.67,16.748421018883636,45.54973821989535,🟡,CERCA,251,2025-08-05 07:52:42
DJUSRH,Dow Jones U.S. Real Estate Investment & Services,786.58,545.51,793.19,44.191673846492286,12.735690235690285,🔴,FUERTE,251,2025-08-05 07:52:42
DJUSRI,Dow Jones U.S. Real Estate Investment Trusts Index,145.86,126.8,162.95,15.031545741324933,49.88123515439424,🟡,CERCA,251,2025-08-05 07:52:42
DJUSRL,Dow Jones U.S. Retail REITs Index,96.59,83.32,106.75,15.92654824771965,41.721234798877425,🟡,CERCA,251,2025-08-05 07:52:42
DJUSRN,Dow Jones U.S. Residential REITs Index,221.61,212.75,271.87,4.164512338425388,65.10458035477893,🟢,OPORTUNIDAD,251,2025-08-05 07:52:42
DJUSRP,Dow Jones U.S. Recreational Products Index,368.9,305.34,496.77,20.816139385602934,38.48198856839028,🟡,CERCA,251,2025-08-05 07:52:42
DJUSRQ,Dow Jones U.S. Recreational Services Index,192.86,95.65,208.22,101.63094615786723,59.9393939393939,🔴,FUERTE,251,2025-08-05 07:52:42
DJUSRR,Dow Jones U.S. Railroads Index,3360.8,2788.9,3607.9,20.506292803614333,46.74267100977199,🟡,CERCA,251,2025-08-05 07:52:42
DJUSRS,Dow Jones U.S. Specialty Retailers Index,4572.6,2840.4,4884.3,60.98436839881708,63.624864474159686,🔴,FUERTE,251,2025-08-05 07:52:42
DJUSRT,Dow Jones U.S. Retail Index,3028.7,2288.1,3175.9,32.36746645688562,60.773480662983516,🔴,FUERTE,251,2025-08-05 07:52:42
DJUSRU,Dow Jones U.S. Restaurants & Bars Index,3070.4,2569.7,3265.8,19.484764758532137,54.405559692231336,🟡,CERCA,251,2025-08-05 07:52:42
DJUSSB,Dow Jones U.S. Investment Services Index,3009.1,2026.7,3049.8,48.47288695909606,38.44940867279895,🔴,FUERTE,251,2025-08-05 07:52:42
DJUSSC,Dow Jones U.S. Semiconductors Index,25044.5,12938.1,25477.5,93.57169909028373,40.4154004450719,🔴,FUERTE,251,2025-08-05 07:52:42
DJUSSD,Dow Jones U.S. Soft Drinks Index,904.36,835.84,1016.29,8.19774119448698,45.16388645010241,🟢,OPORTUNIDAD,251,2025-08-05 07:52:42
DJUSSF,Dow Jones U.S. Consumer Finance Index,766.9,563.33,801.93,36.13690021834447,50.68086827558312,🔴,FUERTE,251,2025-08-05 07:52:42
DJUSSP,Dow Jones U.S. Specialty Finance Index,693.97,603.52,803.35,14.987075821845183,62.16216216216213,🟡,CERCA,251,2025-08-05 07:52:42
DJUSSR,Dow Jones U.S. Specialty REITs Index,265.31,229.18,287.27,15.764900951217381,44.911147011308586,🟡,CERCA,251,2025-08-05 07:52:42
DJUSST,Dow Jones U.S. Iron & Steel Index,552.63,416.26,642.02,32.76077451592755,59.293605354406886,🔴,FUERTE,251,2025-08-05 07:52:42
DJUSSV,Dow Jones U.S. Software & Computer Services Index,8176.7,5509.7,8349.7,48.40553932156016,27.431007935567962,🔴,FUERTE,251,2025-08-05 07:52:42
DJUSSW,Dow Jones U.S. Software Index,8692.9,5758.2,8972.9,50.9655795213782,31.25000000000003,🔴,FUERTE,251,2025-08-05 07:52:42
DJUSTB,Dow Jones U.S. Tobacco Index,1108.65,801.68,1210.02,38.29083923760106,65.67041026816408,🔴,FUERTE,251,2025-08-05 07:52:42
DJUSTC,Dow Jones U.S. Technology Index,7900.7,5115.5,8052.7,54.446290685172514,33.90811993308456,🔴,FUERTE,251,2025-08-05 07:52:42
DJUSTK,Dow Jones U.S. Trucking Index,1356.59,1244.48,2071.67,9.00858189766006,66.23654519517575,🟢,OPORTUNIDAD,251,2025-08-05 07:52:42
DJUSTL,Dow Jones U.S. Telecommunications Index,186.03,146.89,199.75,26.645789366192403,29.633933759442257,🔴,FUERTE,251,2025-08-05 07:52:42
DJUSTQ,Dow Jones U.S. Technology Hardware & Equipment Index,8573.1,5326.7,8744.8,60.94580134041716,43.28955946726271,🔴,FUERTE,251,2025-08-05 07:52:42
DJUSTR,Dow Jones U.S. Tires Index,8573.1,5326.7,8744.8,60.94580134041716,43.28955946726271,🔴,FUERTE,251,2025-08-05 07:52:42
DJUSTT,Dow Jones U.S. Travel & Tourism Index,1327.34,861.39,1425.35,54.09280349203031,66.10349168488705,🔴,FUERTE,251,2025-08-05 07:52:42
DJUSTY,Dow Jones U.S. Toys Index,1828.37,1033.39,1934.76,76.92932968192065,37.34900065890624,🔴,FUERTE,251,2025-08-05 07:52:42
DJUSUT,Dow Jones U.S. Utilities Index,434.33,353.79,435.56,22.76491704118261,18.70014077897696,🟡,CERCA,251,2025-08-05 07:52:42
DJUSVE,Dow Jones U.S. Conventional Electricity Index,432.36,341.92,433.51,26.4506317267197,21.25689084895265,🔴,FUERTE,251,2025-08-05 07:52:42
DJUSVN,Dow Jones U.S. Distillers & Vintners Index,335.93,309.98,523.8,8.371507839215429,42.58397932816537,🟢,OPORTUNIDAD,251,2025-08-05 07:52:42
DJUSWC,Dow Jones U.S. Mobile Telecommunications Index,412.44,356.42,458.56,15.717412041972947,30.341964815180845,🟡,CERCA,251,2025-08-05 07:52:42
DJUSWU,Dow Jones U.S. Water Index,2956.7,2432.7,3135.8,21.53985283841,36.18903209502152,🟡,CERCA,251,2025-08-05 07:52:42
