Ticker,Sector,CurrentPrice,Min52w,Max52w,DistanceFromMin,RSI,Estado,Classification,DataPoints,AnalysisDate
DJUSFR,Dow Jones U.S. Forestry & Paper Index,858.43,703.58,952.75,22.008868927485135,26.92263212674915,🟡,CERCA,250,2025-07-14 07:49:23
DJUSAE,Dow Jones U.S. Aerospace & Defense Index,2642.9,1861.2,2647.3,41.999785084891464,29.77701543739275,🔴,FUERTE,250,2025-07-14 07:49:23
DJUSAF,Dow Jones U.S. Delivery Services Index,1071.8,916.9,1417.0,16.893881557421743,40.99122354155917,🟡,CERCA,250,2025-07-14 07:49:23
DJUSAG,Dow Jones U.S. Asset Managers Index,394.16,273.77,416.27,43.9748694159331,13.957190872103212,🔴,FUERTE,250,2025-07-14 07:49:23
DJUSAI,Dow Jones U.S. Electronic Equipment Index,1406.01,913.78,1415.52,53.86745168421283,20.09129163397766,🔴,FUERTE,250,2025-07-14 07:49:23
DJUSAL,Dow Jones U.S. Aluminum Index,106.21,73.62,163.19,44.26786199402334,36.30272952853598,🔴,FUERTE,250,2025-07-14 07:49:23
DJUSAM,Dow Jones U.S. Medical Equipment Index,2960.8,2553.2,3151.1,15.964280119066284,41.51456310679605,🟡,CERCA,250,2025-07-14 07:49:23
DJUSAP,Dow Jones U.S. Automobiles & Parts Index,1206.83,768.67,1748.7,57.002354716588385,51.41944062142808,🔴,FUERTE,250,2025-07-14 07:49:23
DJUSAR,Dow Jones U.S. Airlines Index,218.09,126.73,259.72,72.09027065414661,20.186440677966118,🔴,FUERTE,250,2025-07-14 07:49:23
DJUSAS,Dow Jones U.S. Aerospace Index,2852.8,1883.9,2858.0,51.43054302245342,27.350917431192613,🔴,FUERTE,250,2025-07-14 07:49:23
DJUSAT,Dow Jones U.S. Auto Parts Index,385.8,288.25,441.96,33.842150910667826,29.109405675530994,🔴,FUERTE,250,2025-07-14 07:49:23
DJUSAU,Dow Jones U.S. Automobiles Index,1089.42,666.09,1613.6,63.55447462054678,51.90589492085071,🔴,FUERTE,250,2025-07-14 07:49:23
DJUSAV,Dow Jones U.S. Media Agencies Index,487.81,346.44,702.93,40.80648885809953,32.015043066844626,🔴,FUERTE,250,2025-07-14 07:49:23
DJUSBC,Dow Jones U.S. Broadcasting & Entertainment Index,1251.6,962.0,1293.1,30.103950103950094,40.22641509433966,🔴,FUERTE,250,2025-07-14 07:49:23
DJUSBD,Dow Jones U.S. Building Materials & Fixtures Index,2391.0,1876.9,2557.1,27.390910543982095,24.79888072752705,🔴,FUERTE,250,2025-07-14 07:49:23
DJUSBE,Dow Jones U.S. Business Training & Employment Agencies Index,113.8,104.12,152.72,9.296965040338064,52.4020993136859,🟢,OPORTUNIDAD,250,2025-07-14 07:49:23
DJUSBK,Dow Jones U.S. Banks Index,734.42,520.01,752.87,41.23189938655025,27.206446661550274,🔴,FUERTE,250,2025-07-14 07:49:23
DJUSBS,Dow Jones U.S. Basic Resources Index,395.87,274.91,398.98,43.99985449783564,27.804425189540453,🔴,FUERTE,250,2025-07-14 07:49:23
DJUSBT,Dow Jones U.S. Biotechnology Index,2642.7,2297.4,3119.9,15.030033951423336,32.245391356905444,🟡,CERCA,250,2025-07-14 07:49:23
DJUSBV,Dow Jones U.S. Beverages Index,931.19,875.4,1070.16,6.3730865889879,38.91203964410406,🟢,OPORTUNIDAD,250,2025-07-14 07:49:23
DJUSCA,Dow Jones U.S. Gambling Index,732.58,513.6,765.15,42.636292834890966,16.233824993213318,🔴,FUERTE,250,2025-07-14 07:49:23
DJUSCC,Dow Jones U.S. Commodity Chemicals Index,751.75,647.09,855.73,16.17394798250629,28.83976488627654,🟡,CERCA,250,2025-07-14 07:49:23
DJUSCH,Dow Jones U.S. Chemicals Index,2030.61,1424.81,2050.51,42.51794976172261,12.21104404202994,🔴,FUERTE,250,2025-07-14 07:49:23
DJUSCM,Dow Jones U.S. Personal Products Index,430.31,345.1,483.97,24.69139379889886,33.54794984750929,🟡,CERCA,250,2025-07-14 07:49:23
DJUSCN,Dow Jones U.S. Construction & Materials Index,1988.14,1484.39,2065.78,33.9364991680084,23.122399824830296,🔴,FUERTE,250,2025-07-14 07:49:23
DJUSCP,Dow Jones U.S. Containers & Packaging Index,481.22,397.01,541.01,21.211052618321965,22.51931993817618,🟡,CERCA,250,2025-07-14 07:49:23
DJUSCR,Dow Jones U.S. Computer Hardware Index,10605.1,8364.8,12829.5,26.78246939556237,26.28484902467268,🔴,FUERTE,250,2025-07-14 07:49:23
DJUSCS,Dow Jones U.S. Specialized Consumer Services Index,2811.5,2537.0,3402.3,10.819865983445014,74.15935672514621,🟡,CERCA,250,2025-07-14 07:49:23
DJUSCT,Dow Jones U.S. Telecommunications Equipment Index,2292.83,1652.5,2354.08,38.74916792738275,21.466607499445374,🔴,FUERTE,250,2025-07-14 07:49:23
DJUSCX,Dow Jones U.S. Specialty Chemicals Index,1116.07,863.05,1218.81,29.316957302589653,26.690995501994365,🔴,FUERTE,250,2025-07-14 07:49:23
DJUSDB,Dow Jones U.S. Brewers Index,510.43,479.19,659.78,6.519334710657571,30.46721633294068,🟢,OPORTUNIDAD,250,2025-07-14 07:49:23
DJUSDN,Dow Jones U.S. Defense Index,740.72,598.11,775.57,23.843440169868423,40.03998286448662,🟡,CERCA,250,2025-07-14 07:49:23
DJUSDR,Dow Jones U.S. Food & Drug Retailers Index,1586.36,1171.04,1607.14,35.465910643530535,43.54446997046282,🔴,FUERTE,250,2025-07-14 07:49:23
DJUSDS,Dow Jones U.S. Industrial Suppliers Index,905.68,683.22,966.01,32.5605222329557,25.68296025582461,🔴,FUERTE,250,2025-07-14 07:49:23
DJUSDT,Dow Jones U.S. Diversified REITs Index,54.03,45.49,56.83,18.773356781710262,53.73831775700933,🟡,CERCA,250,2025-07-14 07:49:23
DJUSDV,Dow Jones U.S. Computer Services Index,289.91,219.72,304.29,31.94520298561807,49.0014265335235,🔴,FUERTE,250,2025-07-14 07:49:23
DJUSEC,Dow Jones U.S. Electrical Components & Equipment Index,940.67,562.61,944.02,67.19752581717351,16.49624468373898,🔴,FUERTE,250,2025-07-14 07:49:23
DJUSEE,Dow Jones U.S. Electronic & Electrical Equipment Index,1050.06,643.85,1053.49,63.09078201444434,14.324198792382774,🔴,FUERTE,250,2025-07-14 07:49:23
DJUSEH,Dow Jones U.S. Real Estate Holding & Development Index,58.36,49.5,72.61,17.898989898989896,45.25939177101967,🟡,CERCA,250,2025-07-14 07:49:23
DJUSEN,Dow Jones U.S. Oil & Gas Index,750.52,623.85,813.7,20.30456039111965,46.761526379007655,🟡,CERCA,250,2025-07-14 07:49:23
DJUSES,Dow Jones U.S. Real Estate Services Index,340.46,259.71,348.14,31.09237226136845,24.30830039525692,🔴,FUERTE,250,2025-07-14 07:49:23
DJUSEU,Dow Jones U.S. Electricity Index,407.66,338.5,408.98,20.431314623338263,34.244126659856946,🟡,CERCA,250,2025-07-14 07:49:23
DJUSFA,Dow Jones U.S. Financial Administration Index,595.15,517.54,685.16,14.995942342620863,47.901364113326345,🟡,CERCA,250,2025-07-14 07:49:23
DJUSFB,Dow Jones U.S. Food & Beverage Index,701.25,668.77,816.7,4.856677183486104,45.203735144312404,🟢,OPORTUNIDAD,250,2025-07-14 07:49:23
DJUSFC,Dow Jones U.S. Fixed Line Telecommunications Index,159.84,107.93,172.38,48.0959881404614,59.64456003467705,🔴,FUERTE,250,2025-07-14 07:49:23
DJUSFD,Dow Jones U.S. Food Retailers & Wholesalers Index,1298.16,981.88,1307.61,32.21167556116838,40.3644712297316,🔴,FUERTE,250,2025-07-14 07:49:23
DJUSFE,Dow Jones U.S. Industrial Machinery Index,1246.12,969.18,1325.15,28.57467137167502,20.391595033428885,🔴,FUERTE,250,2025-07-14 07:49:23
DJUSFH,Dow Jones U.S. Furnishings Index,408.67,319.67,425.4,27.841211249100635,26.152673694906653,🔴,FUERTE,250,2025-07-14 07:49:23
DJUSFI,Dow Jones U.S. Financial Services Index,2418.8,1812.0,2448.9,33.48785871964681,27.030207924676233,🔴,FUERTE,250,2025-07-14 07:49:23
DJUSFO,Dow Jones U.S. Food Producers Index,383.0,367.79,460.77,4.135512112890503,54.69684030742952,🟢,OPORTUNIDAD,250,2025-07-14 07:49:23
DJUSFP,Dow Jones U.S. Food Products Index,544.66,529.4,667.01,2.8825085001888917,54.51313755795984,🟢,OPORTUNIDAD,250,2025-07-14 07:49:23
DJUSFT,Dow Jones U.S. Footwear Index,1564.7,1186.7,2012.4,31.85303783601584,26.884312007011374,🔴,FUERTE,250,2025-07-14 07:49:23
DJUSGF,Dow Jones U.S. Financial Services Index,2711.2,2031.0,2744.9,33.49089118660758,27.005253940455503,🔴,FUERTE,250,2025-07-14 07:49:23
DJUSGI,Dow Jones U.S. General Industrials Index,770.94,613.23,783.86,25.717919866934107,21.05778648383931,🔴,FUERTE,250,2025-07-14 07:49:23
DJUSGT,Dow Jones U.S. General Retailers Index,3435.2,2540.2,3560.4,35.23344618533974,31.211092246745892,🔴,FUERTE,250,2025-07-14 07:49:23
DJUSGU,Dow Jones U.S. Gas Distribution Index,357.77,284.42,375.77,25.789325645172617,47.32199117832391,🔴,FUERTE,250,2025-07-14 07:49:23
DJUSHB,Dow Jones U.S. Home Construction Index,2321.76,1872.38,3170.03,24.000469990066122,29.275064067717636,🟡,CERCA,250,2025-07-14 07:49:23
DJUSHC,Dow Jones U.S. Health Care Index,1431.98,1344.15,1663.54,6.534240970129816,35.940748440748365,🟢,OPORTUNIDAD,250,2025-07-14 07:49:23
DJUSHD,Dow Jones U.S. Durable Household Products Index,145.87,94.51,179.28,54.34345571897153,15.289256198347076,🔴,FUERTE,250,2025-07-14 07:49:23
DJUSHG,Dow Jones U.S. Household Goods & Home Construction Index,1051.61,999.49,1229.25,5.214659476332919,39.925879056313825,🟢,OPORTUNIDAD,250,2025-07-14 07:49:23
DJUSHI,Dow Jones U.S. Home Improvement Retailers Index,800.62,705.04,958.3,13.556677635311479,26.86687493701494,🟡,CERCA,250,2025-07-14 07:49:23
DJUSHL,Dow Jones U.S. Hotel & Lodging REITs Index,87.9,65.02,103.03,35.18917256228855,34.66757123473536,🔴,FUERTE,250,2025-07-14 07:49:23
DJUSHN,Dow Jones U.S. Nondurable Household Products Index,1238.3,1228.94,1421.48,0.7616319755236138,52.01551854655563,🟢,OPORTUNIDAD,250,2025-07-14 07:49:23
DJUSHP,Dow Jones U.S. Health Care Providers Index,2423.7,2283.3,3545.2,6.148994875837587,60.514440433213004,🟢,OPORTUNIDAD,250,2025-07-14 07:49:23
DJUSHR,Dow Jones U.S. Commercial Vehicles & Trucks Index,5279.0,3916.0,5401.2,34.80592441266598,26.698822528018155,🔴,FUERTE,250,2025-07-14 07:49:23
DJUSHV,Dow Jones U.S. Heavy Construction Index,1884.04,1138.85,1895.56,65.43355138955965,25.162520923352446,🔴,FUERTE,250,2025-07-14 07:49:23
DJUSIB,Dow Jones U.S. Insurance Brokers Index,780.7,707.84,891.38,10.293286618444847,56.39266558563055,🟡,CERCA,250,2025-07-14 07:49:23
DJUSID,Dow Jones U.S. Diversified Industrials Index,991.24,767.22,1008.5,29.198925992544506,22.036670396832278,🔴,FUERTE,250,2025-07-14 07:49:23
DJUSIG,Dow Jones U.S. Industrial Goods & Services Index,1433.63,1094.74,1447.63,30.95620878016699,23.088503288170443,🔴,FUERTE,250,2025-07-14 07:49:23
DJUSIL,Dow Jones U.S. Life Insurance Index,1221.32,1077.94,1380.29,13.301296918195806,50.40552528196678,🟡,CERCA,250,2025-07-14 07:49:23
DJUSIM,Dow Jones U.S. Industrial Metals & Mining Index,528.38,350.58,568.14,50.71595641508358,24.54810495626819,🔴,FUERTE,250,2025-07-14 07:49:23
DJUSIO,Dow Jones U.S. Industrial & Office REITs Index,99.13,79.12,119.27,25.290697674418595,44.37998549673676,🔴,FUERTE,250,2025-07-14 07:49:23
DJUSIP,Dow Jones U.S. Property & Casualty Insurance Index,1891.08,1670.76,2065.57,13.186813186813184,61.25875125017859,🟡,CERCA,250,2025-07-14 07:49:23
DJUSIQ,Dow Jones U.S. Industrial Engineering Index,4361.0,3318.0,4522.4,31.434599156118143,22.781456953642362,🔴,FUERTE,250,2025-07-14 07:49:23
DJUSIR,Dow Jones U.S. Insurance Index,1327.69,1203.09,1458.0,10.356664921161354,59.28181702829589,🟡,CERCA,250,2025-07-14 07:49:23
DJUSIS,Dow Jones U.S. Support Services Index,875.41,764.29,981.89,14.538983893548263,44.72551130247578,🟡,CERCA,250,2025-07-14 07:49:23
DJUSIT,Dow Jones U.S. Industrial Transportation Index,1488.1,1243.5,1746.8,19.670285484519496,30.841121495327087,🟡,CERCA,250,2025-07-14 07:49:23
DJUSIU,Dow Jones U.S. Reinsurance Index,515.81,467.58,599.38,10.314812438513188,53.08479049818542,🟡,CERCA,250,2025-07-14 07:49:23
DJUSIV,Dow Jones U.S. Business Support Services Index,1220.0,1092.82,1443.42,11.637781153346396,47.68138314294536,🟡,CERCA,250,2025-07-14 07:49:23
DJUSIX,Dow Jones U.S. Nonlife Insurance Index,1321.79,1193.89,1458.15,10.712879746040242,60.38183255304922,🟡,CERCA,250,2025-07-14 07:49:23
DJUSLE,Dow Jones U.S. Leisure Goods Index,1023.9,701.73,1045.41,45.91082040100893,40.59730882835573,🔴,FUERTE,250,2025-07-14 07:49:23
DJUSLG,Dow Jones U.S. Hotels Index,4437.2,3245.4,4663.6,36.722746040549694,13.483345145286961,🔴,FUERTE,250,2025-07-14 07:49:23
DJUSMC,Dow Jones U.S. Health Care Equipment & Services Index,2231.2,2186.6,2559.1,2.039696332205246,52.658443215652916,🟢,OPORTUNIDAD,250,2025-07-14 07:49:23
DJUSME,Dow Jones U.S. Media Index,868.74,662.35,936.97,31.1602627009889,37.80280492987672,🔴,FUERTE,250,2025-07-14 07:49:23
DJUSMF,Dow Jones U.S. Mortgage Finance Index,11.19,9.98,12.71,12.124248496993978,62.94642857142855,🟡,CERCA,250,2025-07-14 07:49:23
DJUSMG,Dow Jones U.S. Mining Index,138.49,84.25,142.44,64.37982195845699,49.00781719783524,🔴,FUERTE,250,2025-07-14 07:49:23
DJUSMR,Dow Jones U.S. Mortgage REITs Index,29.97,24.64,32.23,21.6314935064935,35.55555555555553,🟡,CERCA,250,2025-07-14 07:49:23
DJUSMS,Dow Jones U.S. Medical Supplies Index,1709.18,1469.4,1749.93,16.318225125901726,44.34777565106431,🟡,CERCA,250,2025-07-14 07:49:23
DJUSMT,Dow Jones U.S. Marine Transportation Index,383.96,275.54,433.97,39.348189010669934,34.956855225311614,🔴,FUERTE,250,2025-07-14 07:49:23
DJUSMU,Dow Jones U.S. Multiutilities Index,271.57,235.14,286.25,15.492897848090504,41.84397163120567,🟡,CERCA,250,2025-07-14 07:49:23
DJUSNF,Dow Jones U.S. Nonferrous Metals Index,620.15,372.55,702.28,66.46087773453226,27.35843855102827,🔴,FUERTE,250,2025-07-14 07:49:23
DJUSNG,Dow Jones U.S. Personal & Household Goods Index,1044.25,909.61,1069.74,14.801948087641955,37.692463533225315,🟡,CERCA,250,2025-07-14 07:49:23
DJUSNS,Dow Jones U.S. Internet Index,5269.3,3842.4,5640.3,37.13564438892359,26.327127250346237,🔴,FUERTE,250,2025-07-14 07:49:23
DJUSOG,Dow Jones U.S. Oil & Gas Producers,857.26,707.01,918.73,21.251467447419415,47.164621244181134,🟡,CERCA,250,2025-07-14 07:49:23
DJUSOI,Dow Jones U.S. Oil Equipment & Services Index,249.17,198.86,306.45,25.299205471185743,41.57801418439715,🔴,FUERTE,250,2025-07-14 07:49:23
DJUSOL,Dow Jones U.S. Integrated Oil & Gas Index,759.4,645.42,807.01,17.659818412816463,45.18053855569155,🟡,CERCA,250,2025-07-14 07:49:23
DJUSOS,Dow Jones U.S. Exploration & Production Index,1041.67,821.29,1143.44,26.833396242496576,49.987743596028935,🔴,FUERTE,250,2025-07-14 07:49:23
DJUSPB,Dow Jones U.S. Publishing Index,831.12,663.16,843.72,25.327221183424818,30.01452528720462,🔴,FUERTE,250,2025-07-14 07:49:23
DJUSPC,Dow Jones U.S. Waste & Disposal Services Index,677.0,602.49,708.03,12.36701024083387,55.02336448598129,🟡,CERCA,250,2025-07-14 07:49:23
DJUSPG,Sector PG,544.04,426.49,649.12,27.562193720837524,23.167872795841404,🔴,FUERTE,250,2025-07-14 07:49:23
DJUSPL,Dow Jones U.S. Pipelines Index,1059.92,801.91,1229.95,32.17443353992345,54.28534604974866,🔴,FUERTE,250,2025-07-14 07:49:23
DJUSPM,Dow Jones U.S. Gold Mining Index,155.91,94.85,160.36,64.3753294675804,49.010695187165766,🔴,FUERTE,250,2025-07-14 07:49:23
DJUSPN,Dow Jones U.S. Pharmaceuticals & Biotechnology Index,1086.33,960.01,1277.87,13.15819626878886,28.391555429328818,🟡,CERCA,250,2025-07-14 07:49:23
DJUSPR,Dow Jones U.S. Pharmaceuticals Index,853.99,765.56,1006.37,11.55102147447621,27.385725741780263,🟡,CERCA,250,2025-07-14 07:49:23
DJUSRA,Dow Jones U.S. Apparel Retailers Index,1633.42,1490.78,1826.93,9.56814553455239,39.53210790164712,🟢,OPORTUNIDAD,250,2025-07-14 07:49:23
DJUSRB,Dow Jones U.S. Broadline Retailers Index,4722.3,3388.9,5034.6,39.34610050458851,32.19421417695817,🔴,FUERTE,250,2025-07-14 07:49:23
DJUSRD,Dow Jones U.S. Drug Retailers Index,1173.82,825.62,1209.83,42.174365931057864,50.62090046487935,🔴,FUERTE,250,2025-07-14 07:49:23
DJUSRE,Dow Jones U.S. Real Estate Index,363.19,311.91,396.67,16.440639928184403,47.335423197492204,🟡,CERCA,250,2025-07-14 07:49:23
DJUSRH,Dow Jones U.S. Real Estate Investment & Services,713.26,545.51,730.22,30.751040310901722,24.530689727905568,🔴,FUERTE,250,2025-07-14 07:49:23
DJUSRI,Dow Jones U.S. Real Estate Investment Trusts Index,146.77,126.8,162.95,15.749211356466889,50.87260034904008,🟡,CERCA,250,2025-07-14 07:49:23
DJUSRL,Dow Jones U.S. Retail REITs Index,95.85,83.32,106.75,15.038406144983199,45.87264150943404,🟡,CERCA,250,2025-07-14 07:49:23
DJUSRN,Dow Jones U.S. Residential REITs Index,236.08,212.75,271.87,10.96592244418332,60.86714841578655,🟡,CERCA,250,2025-07-14 07:49:23
DJUSRP,Dow Jones U.S. Recreational Products Index,368.16,305.34,511.66,20.5737865985459,28.875943333774686,🟡,CERCA,250,2025-07-14 07:49:23
DJUSRQ,Dow Jones U.S. Recreational Services Index,198.63,95.65,201.09,107.6633559853633,13.170384432842937,🔴,FUERTE,250,2025-07-14 07:49:23
DJUSRR,Dow Jones U.S. Railroads Index,3394.5,2788.9,3607.9,21.714654523288747,21.490414347557277,🟡,CERCA,250,2025-07-14 07:49:23
DJUSRS,Dow Jones U.S. Specialty Retailers Index,4703.0,2840.4,4884.3,65.57527108857907,42.68571428571431,🔴,FUERTE,250,2025-07-14 07:49:23
DJUSRT,Dow Jones U.S. Retail Index,3086.9,2288.1,3175.9,34.91106157947643,31.3331170937398,🔴,FUERTE,250,2025-07-14 07:49:23
DJUSRU,Dow Jones U.S. Restaurants & Bars Index,3155.6,2472.2,3265.8,27.64339454736672,25.897631779984778,🔴,FUERTE,250,2025-07-14 07:49:23
DJUSSB,Dow Jones U.S. Investment Services Index,2933.2,2026.7,2960.0,44.72788276508609,21.794117647058897,🔴,FUERTE,250,2025-07-14 07:49:23
DJUSSC,Dow Jones U.S. Semiconductors Index,23683.7,12938.1,23891.2,83.05392600149945,18.68580205433429,🔴,FUERTE,250,2025-07-14 07:49:23
DJUSSD,Dow Jones U.S. Soft Drinks Index,899.33,835.84,1016.29,7.595951378254212,40.77438401271713,🟢,OPORTUNIDAD,250,2025-07-14 07:49:23
DJUSSF,Dow Jones U.S. Consumer Finance Index,773.87,563.33,801.93,37.3741856460689,32.8832255610498,🔴,FUERTE,250,2025-07-14 07:49:23
DJUSSP,Dow Jones U.S. Specialty Finance Index,719.13,603.52,803.35,19.155951749734893,55.36549707602344,🟡,CERCA,250,2025-07-14 07:49:23
DJUSSR,Dow Jones U.S. Specialty REITs Index,262.83,229.18,287.27,14.682782092678234,53.0807500956755,🟡,CERCA,250,2025-07-14 07:49:23
DJUSST,Dow Jones U.S. Iron & Steel Index,595.54,416.26,642.02,43.06923557392014,20.23177209077737,🔴,FUERTE,250,2025-07-14 07:49:23
DJUSSV,Dow Jones U.S. Software & Computer Services Index,7746.2,5509.7,7874.0,40.59204675390674,29.46063086925119,🔴,FUERTE,250,2025-07-14 07:49:23
DJUSSW,Dow Jones U.S. Software Index,8278.7,5758.2,8455.5,43.77235941787366,33.32980972515851,🔴,FUERTE,250,2025-07-14 07:49:23
DJUSTB,Dow Jones U.S. Tobacco Index,1168.6,754.63,1210.02,54.85734730927738,57.73865231633129,🔴,FUERTE,250,2025-07-14 07:49:23
DJUSTC,Dow Jones U.S. Technology Index,7581.0,5115.5,7631.5,48.19665721825823,20.814220183486313,🔴,FUERTE,250,2025-07-14 07:49:23
DJUSTK,Dow Jones U.S. Trucking Index,1512.45,1244.48,2071.67,21.53268835176138,29.936949069539637,🟡,CERCA,250,2025-07-14 07:49:23
DJUSTL,Dow Jones U.S. Telecommunications Index,179.75,142.12,199.75,26.477624542640015,52.24605422905709,🔴,FUERTE,250,2025-07-14 07:49:23
DJUSTQ,Dow Jones U.S. Technology Hardware & Equipment Index,8329.8,5326.7,8384.0,56.37824544276944,17.510677242220908,🔴,FUERTE,250,2025-07-14 07:49:23
DJUSTR,Dow Jones U.S. Tires Index,8329.8,5326.7,8384.0,56.37824544276944,17.510677242220908,🔴,FUERTE,250,2025-07-14 07:49:23
DJUSTT,Dow Jones U.S. Travel & Tourism Index,1398.91,861.39,1425.35,62.40146739572088,19.855734551574812,🔴,FUERTE,250,2025-07-14 07:49:23
DJUSTY,Dow Jones U.S. Toys Index,1666.32,1033.39,1713.26,61.24793156504319,44.65067413762917,🔴,FUERTE,250,2025-07-14 07:49:23
DJUSUT,Dow Jones U.S. Utilities Index,409.76,344.88,411.37,18.812340524240316,36.52266101245694,🟡,CERCA,250,2025-07-14 07:49:23
DJUSVE,Dow Jones U.S. Conventional Electricity Index,408.7,339.46,410.02,20.397101278501154,34.19913419913428,🟡,CERCA,250,2025-07-14 07:49:23
DJUSVN,Dow Jones U.S. Distillers & Vintners Index,337.69,309.98,523.8,8.939286405574547,28.83943351112748,🟢,OPORTUNIDAD,250,2025-07-14 07:49:23
DJUSWC,Dow Jones U.S. Mobile Telecommunications Index,395.82,344.98,458.56,14.737086207896102,46.69428931724013,🟡,CERCA,250,2025-07-14 07:49:23
DJUSWU,Dow Jones U.S. Water Index,2866.4,2432.7,3135.8,17.82792781682905,47.935222672064754,🟡,CERCA,250,2025-07-14 07:49:23
