Ticker,Sector,CurrentPrice,Min52w,Max52w,DistanceFromMin,RSI,Estado,Classification,DataPoints,AnalysisDate
DJUSFR,Dow Jones U.S. Forestry & Paper Index,843.26,703.58,952.75,19.85275306290684,50.47365304914149,🟡,CERCA,251,2025-09-05 07:42:44
DJUSAE,Dow Jones U.S. Aerospace & Defense Index,2745.3,1861.2,2775.1,47.501611863314,43.50490196078433,🔴,FUERTE,251,2025-09-05 07:42:44
DJUSAF,Dow Jones U.S. Delivery Services Index,1001.0,916.9,1383.0,9.172210710001092,58.39260312944521,🟢,OPORTUNIDAD,251,2025-09-05 07:42:44
DJUSAG,Dow Jones U.S. Asset Managers Index,405.56,273.77,419.77,48.13894875260256,60.60421735604218,🔴,FUERTE,251,2025-09-05 07:42:44
DJUSAI,Dow Jones U.S. Electronic Equipment Index,1573.71,913.78,1587.95,72.2197903215216,43.652881894454666,🔴,FUERTE,251,2025-09-05 07:42:44
DJUSAL,Dow Jones U.S. Aluminum Index,106.89,73.62,163.19,45.19152404237978,50.28455284552846,🔴,FUERTE,251,2025-09-05 07:42:44
DJUSAM,Dow Jones U.S. Medical Equipment Index,2995.5,2589.3,3151.1,15.687637585447797,45.770491803278674,🟡,CERCA,251,2025-09-05 07:42:44
DJUSAP,Dow Jones U.S. Automobiles & Parts Index,1302.51,845.49,1748.7,54.053862257389206,47.035492728567064,🔴,FUERTE,251,2025-09-05 07:42:44
DJUSAR,Dow Jones U.S. Airlines Index,232.97,137.83,259.72,69.02706232315168,45.28179658820988,🔴,FUERTE,251,2025-09-05 07:42:44
DJUSAS,Dow Jones U.S. Aerospace Index,2961.7,1883.9,3039.2,57.211104623387634,43.64141765114661,🔴,FUERTE,251,2025-09-05 07:42:44
DJUSAT,Dow Jones U.S. Auto Parts Index,437.63,288.25,437.94,51.82307025151778,28.263082875178156,🔴,FUERTE,251,2025-09-05 07:42:44
DJUSAU,Dow Jones U.S. Automobiles Index,1172.08,758.25,1613.6,54.57698648203099,47.636667029419236,🔴,FUERTE,251,2025-09-05 07:42:44
DJUSAV,Dow Jones U.S. Media Agencies Index,443.4,346.44,702.93,27.987530308278487,40.827079674277535,🔴,FUERTE,251,2025-09-05 07:42:44
DJUSBC,Dow Jones U.S. Broadcasting & Entertainment Index,1216.7,962.0,1294.9,26.47609147609148,35.322195704057265,🔴,FUERTE,251,2025-09-05 07:42:44
DJUSBD,Dow Jones U.S. Building Materials & Fixtures Index,2454.8,1876.9,2557.1,30.79013266556556,51.90108191653782,🔴,FUERTE,251,2025-09-05 07:42:44
DJUSBE,Dow Jones U.S. Business Training & Employment Agencies Index,117.02,104.12,152.72,12.389550518632339,25.580315691736345,🟡,CERCA,251,2025-09-05 07:42:44
DJUSBK,Dow Jones U.S. Banks Index,773.39,521.55,774.34,48.286837311858896,31.173988582774825,🔴,FUERTE,251,2025-09-05 07:42:44
DJUSBS,Dow Jones U.S. Basic Resources Index,428.96,274.91,432.4,56.036521043250495,20.474406991261006,🔴,FUERTE,251,2025-09-05 07:42:44
DJUSBT,Dow Jones U.S. Biotechnology Index,2766.1,2297.4,3117.3,20.401323234961254,44.83370288248342,🟡,CERCA,251,2025-09-05 07:42:44
DJUSBV,Dow Jones U.S. Beverages Index,939.94,875.4,1065.32,7.372629655014859,64.77041852905322,🟢,OPORTUNIDAD,251,2025-09-05 07:42:44
DJUSCA,Dow Jones U.S. Gambling Index,752.78,513.6,786.57,46.56931464174453,37.04486727742547,🔴,FUERTE,251,2025-09-05 07:42:44
DJUSCC,Dow Jones U.S. Commodity Chemicals Index,740.19,647.09,855.73,14.387488602821866,54.09596788907124,🟡,CERCA,251,2025-09-05 07:42:44
DJUSCH,Dow Jones U.S. Chemicals Index,2015.0,1497.87,2050.51,34.52435792158199,39.44498225233951,🔴,FUERTE,251,2025-09-05 07:42:44
DJUSCM,Dow Jones U.S. Personal Products Index,422.4,345.1,483.97,22.399304549405954,55.62576437015904,🟡,CERCA,251,2025-09-05 07:42:44
DJUSCN,Dow Jones U.S. Construction & Materials Index,2055.39,1484.39,2096.84,38.466979702099835,49.94685148178069,🔴,FUERTE,251,2025-09-05 07:42:44
DJUSCP,Dow Jones U.S. Containers & Packaging Index,445.13,397.01,541.01,12.120601496183976,51.818485151818486,🟡,CERCA,251,2025-09-05 07:42:44
DJUSCR,Dow Jones U.S. Computer Hardware Index,12029.4,8364.8,12829.5,43.80977429227239,37.307263302932895,🔴,FUERTE,251,2025-09-05 07:42:44
DJUSCS,Dow Jones U.S. Specialized Consumer Services Index,2783.7,2625.1,3402.3,6.041674602872268,47.60091393754761,🟢,OPORTUNIDAD,251,2025-09-05 07:42:44
DJUSCT,Dow Jones U.S. Telecommunications Equipment Index,2546.38,1708.47,2589.69,49.04446668656752,43.36101008714743,🔴,FUERTE,251,2025-09-05 07:42:44
DJUSCX,Dow Jones U.S. Specialty Chemicals Index,1093.48,863.05,1218.81,26.69949597358207,47.05275110973467,🔴,FUERTE,251,2025-09-05 07:42:44
DJUSDB,Dow Jones U.S. Brewers Index,509.51,479.19,659.78,6.327344059767523,58.37891596220786,🟢,OPORTUNIDAD,251,2025-09-05 07:42:44
DJUSDN,Dow Jones U.S. Defense Index,770.46,598.11,788.84,28.815769674474602,43.039851714550586,🔴,FUERTE,251,2025-09-05 07:42:44
DJUSDR,Dow Jones U.S. Food & Drug Retailers Index,1555.46,1221.74,1615.62,27.315140700967476,51.077553498254645,🔴,FUERTE,251,2025-09-05 07:42:44
DJUSDS,Dow Jones U.S. Industrial Suppliers Index,993.31,683.22,993.6,45.386551915927505,31.745719346585346,🔴,FUERTE,251,2025-09-05 07:42:44
DJUSDT,Dow Jones U.S. Diversified REITs Index,57.52,45.49,58.15,26.445372609364696,37.10801393728221,🔴,FUERTE,251,2025-09-05 07:42:44
DJUSDV,Dow Jones U.S. Computer Services Index,251.67,231.08,304.29,8.910334083434297,32.78955954323001,🟢,OPORTUNIDAD,251,2025-09-05 07:42:44
DJUSEC,Dow Jones U.S. Electrical Components & Equipment Index,981.72,562.61,1055.56,74.49387675299053,52.80974124809742,🔴,FUERTE,251,2025-09-05 07:42:44
DJUSEE,Dow Jones U.S. Electronic & Electrical Equipment Index,1119.27,643.85,1171.37,73.84018016618776,50.489786166527324,🔴,FUERTE,251,2025-09-05 07:42:44
DJUSEH,Dow Jones U.S. Real Estate Holding & Development Index,64.3,50.8,72.61,26.574803149606304,33.70577281191807,🔴,FUERTE,251,2025-09-05 07:42:44
DJUSEN,Dow Jones U.S. Oil & Gas Index,745.89,623.85,813.7,19.56239480644385,32.2644759507088,🟡,CERCA,251,2025-09-05 07:42:44
DJUSES,Dow Jones U.S. Real Estate Services Index,377.05,268.15,385.71,40.61159798620177,44.1261934412619,🔴,FUERTE,251,2025-09-05 07:42:44
DJUSEU,Dow Jones U.S. Electricity Index,411.21,340.99,433.59,20.592979266254133,73.08612440191382,🟡,CERCA,251,2025-09-05 07:42:44
DJUSFA,Dow Jones U.S. Financial Administration Index,583.59,532.41,685.16,9.612892319828715,49.47858886177055,🟢,OPORTUNIDAD,251,2025-09-05 07:42:44
DJUSFB,Dow Jones U.S. Food & Beverage Index,702.72,668.77,816.7,5.076483693945608,61.446716232961535,🟢,OPORTUNIDAD,251,2025-09-05 07:42:44
DJUSFC,Dow Jones U.S. Fixed Line Telecommunications Index,174.75,122.86,175.43,42.23506430083022,37.48014822657494,🔴,FUERTE,251,2025-09-05 07:42:44
DJUSFD,Dow Jones U.S. Food Retailers & Wholesalers Index,1280.09,1012.93,1346.72,26.374971616992287,49.6364653243848,🔴,FUERTE,251,2025-09-05 07:42:44
DJUSFE,Dow Jones U.S. Industrial Machinery Index,1256.16,969.18,1325.15,29.61059865040551,46.58097388686232,🔴,FUERTE,251,2025-09-05 07:42:44
DJUSFH,Dow Jones U.S. Furnishings Index,496.87,319.67,497.23,55.43216441955766,23.449254790631628,🔴,FUERTE,251,2025-09-05 07:42:44
DJUSFI,Dow Jones U.S. Financial Services Index,2501.7,1907.9,2508.3,31.12322448765657,43.41675734494018,🔴,FUERTE,251,2025-09-05 07:42:44
DJUSFO,Dow Jones U.S. Food Producers Index,378.65,367.79,460.77,2.952771962261061,51.32075471698118,🟢,OPORTUNIDAD,251,2025-09-05 07:42:44
DJUSFP,Dow Jones U.S. Food Products Index,532.33,524.18,667.01,1.5548094166126314,54.24039048200118,🟢,OPORTUNIDAD,251,2025-09-05 07:42:44
DJUSFT,Dow Jones U.S. Footwear Index,1642.9,1186.7,2012.4,38.44274037246145,42.03856749311291,🔴,FUERTE,251,2025-09-05 07:42:44
DJUSGF,Dow Jones U.S. Financial Services Index,2804.1,2138.5,2811.5,31.12462006079027,43.419135502671224,🔴,FUERTE,251,2025-09-05 07:42:44
DJUSGI,Dow Jones U.S. General Industrials Index,721.09,613.23,783.86,17.58883290119531,53.90175180693374,🟡,CERCA,251,2025-09-05 07:42:44
DJUSGT,Dow Jones U.S. General Retailers Index,3614.8,2720.3,3615.8,32.882402676175424,42.169006330856035,🔴,FUERTE,251,2025-09-05 07:42:44
DJUSGU,Dow Jones U.S. Gas Distribution Index,370.24,298.17,378.12,24.17077506120669,58.42529078437217,🟡,CERCA,251,2025-09-05 07:42:44
DJUSHB,Dow Jones U.S. Home Construction Index,2804.31,1872.38,3170.03,49.772482081628716,32.81140810621942,🔴,FUERTE,251,2025-09-05 07:42:44
DJUSHC,Dow Jones U.S. Health Care Index,1463.85,1344.15,1658.61,8.905256109809159,33.94639175257727,🟢,OPORTUNIDAD,251,2025-09-05 07:42:44
DJUSHD,Dow Jones U.S. Durable Household Products Index,145.61,94.51,179.28,54.06835255528516,37.90042454650712,🔴,FUERTE,251,2025-09-05 07:42:44
DJUSHG,Dow Jones U.S. Household Goods & Home Construction Index,1099.24,999.49,1229.25,9.980089845821368,32.49079510399038,🟢,OPORTUNIDAD,251,2025-09-05 07:42:44
DJUSHI,Dow Jones U.S. Home Improvement Retailers Index,906.54,705.04,958.3,28.579938726880744,38.97010512483575,🔴,FUERTE,251,2025-09-05 07:42:44
DJUSHL,Dow Jones U.S. Hotel & Lodging REITs Index,93.59,65.02,103.03,43.94032605352201,21.002710027100306,🔴,FUERTE,251,2025-09-05 07:42:44
DJUSHN,Dow Jones U.S. Nondurable Household Products Index,1236.7,1180.41,1421.48,4.76868206809498,37.15489003275619,🟢,OPORTUNIDAD,251,2025-09-05 07:42:44
DJUSHP,Dow Jones U.S. Health Care Providers Index,2515.3,2106.6,3521.5,19.400930409190178,17.83567134268526,🟡,CERCA,251,2025-09-05 07:42:44
DJUSHR,Dow Jones U.S. Commercial Vehicles & Trucks Index,5302.9,3916.0,5508.8,35.416241062308465,50.82667401488013,🔴,FUERTE,251,2025-09-05 07:42:44
DJUSHV,Dow Jones U.S. Heavy Construction Index,1999.32,1138.85,2114.89,75.55604337709093,41.5259095920618,🔴,FUERTE,251,2025-09-05 07:42:44
DJUSIB,Dow Jones U.S. Insurance Brokers Index,771.88,729.23,891.38,5.848634861429176,42.86764705882348,🟢,OPORTUNIDAD,251,2025-09-05 07:42:44
DJUSID,Dow Jones U.S. Diversified Industrials Index,934.33,767.22,1017.95,21.7812361512995,54.748898678414086,🟡,CERCA,251,2025-09-05 07:42:44
DJUSIG,Dow Jones U.S. Industrial Goods & Services Index,1449.06,1094.74,1484.13,32.36567586824268,48.68561133404306,🔴,FUERTE,251,2025-09-05 07:42:44
DJUSIL,Dow Jones U.S. Life Insurance Index,1285.42,1077.94,1380.29,19.247824554242353,33.43197570282679,🟡,CERCA,251,2025-09-05 07:42:44
DJUSIM,Dow Jones U.S. Industrial Metals & Mining Index,524.54,350.58,568.14,49.62062867248559,28.907303912121705,🔴,FUERTE,251,2025-09-05 07:42:44
DJUSIO,Dow Jones U.S. Industrial & Office REITs Index,102.36,79.12,119.27,29.37310414560161,32.31273920174961,🔴,FUERTE,251,2025-09-05 07:42:44
DJUSIP,Dow Jones U.S. Property & Casualty Insurance Index,1970.08,1755.13,2065.57,12.246956065932427,44.0936626281454,🟡,CERCA,251,2025-09-05 07:42:44
DJUSIQ,Dow Jones U.S. Industrial Engineering Index,4388.5,3318.0,4522.4,32.26341169379144,48.65828804347825,🔴,FUERTE,251,2025-09-05 07:42:44
DJUSIR,Dow Jones U.S. Insurance Index,1365.26,1264.26,1458.0,7.988863050321927,40.431432973805975,🟢,OPORTUNIDAD,251,2025-09-05 07:42:44
DJUSIS,Dow Jones U.S. Support Services Index,870.31,764.29,981.89,13.87169791571262,45.91451442380307,🟡,CERCA,251,2025-09-05 07:42:44
DJUSIT,Dow Jones U.S. Industrial Transportation Index,1417.2,1243.5,1746.8,13.968636911942104,59.62732919254658,🟡,CERCA,251,2025-09-05 07:42:44
DJUSIU,Dow Jones U.S. Reinsurance Index,526.5,467.58,599.38,12.601052226356991,37.28749527767281,🟡,CERCA,251,2025-09-05 07:42:44
DJUSIV,Dow Jones U.S. Business Support Services Index,1155.35,1092.82,1443.42,5.721893815998973,56.37738015500916,🟢,OPORTUNIDAD,251,2025-09-05 07:42:44
DJUSIX,Dow Jones U.S. Nonlife Insurance Index,1353.4,1246.37,1458.15,8.587337628473103,42.78416347381857,🟢,OPORTUNIDAD,251,2025-09-05 07:42:44
DJUSLE,Dow Jones U.S. Leisure Goods Index,1148.4,724.03,1171.82,58.612212201151905,47.82634838554507,🔴,FUERTE,251,2025-09-05 07:42:44
DJUSLG,Dow Jones U.S. Hotels Index,4324.8,3245.4,4663.6,33.25938251063043,43.37349397590356,🔴,FUERTE,251,2025-09-05 07:42:44
DJUSMC,Dow Jones U.S. Health Care Equipment & Services Index,2266.5,2083.0,2559.1,8.809409505520884,31.247013855709525,🟢,OPORTUNIDAD,251,2025-09-05 07:42:44
DJUSME,Dow Jones U.S. Media Index,838.59,662.35,936.97,26.608288669132634,34.71121177802941,🔴,FUERTE,251,2025-09-05 07:42:44
DJUSMF,Dow Jones U.S. Mortgage Finance Index,13.04,9.98,13.07,30.661322645290568,44.64285714285716,🔴,FUERTE,251,2025-09-05 07:42:44
DJUSMG,Dow Jones U.S. Mining Index,170.28,84.25,174.6,102.1127596439169,25.696249535833672,🔴,FUERTE,251,2025-09-05 07:42:44
DJUSMR,Dow Jones U.S. Mortgage REITs Index,32.04,24.64,32.23,30.03246753246753,31.47058823529413,🔴,FUERTE,251,2025-09-05 07:42:44
DJUSMS,Dow Jones U.S. Medical Supplies Index,1583.58,1469.4,1749.93,7.77051857901183,47.78310183781162,🟢,OPORTUNIDAD,251,2025-09-05 07:42:44
DJUSMT,Dow Jones U.S. Marine Transportation Index,296.08,275.54,433.97,7.454453073963839,68.01193690493109,🟢,OPORTUNIDAD,251,2025-09-05 07:42:44
DJUSMU,Dow Jones U.S. Multiutilities Index,278.7,249.55,292.91,11.681025846523733,65.35947712418303,🟡,CERCA,251,2025-09-05 07:42:44
DJUSNF,Dow Jones U.S. Nonferrous Metals Index,616.27,372.55,702.28,65.41940679103475,23.41652684563755,🔴,FUERTE,251,2025-09-05 07:42:44
DJUSNG,Dow Jones U.S. Personal & Household Goods Index,1074.56,909.61,1081.16,18.134145402974895,32.89378612716747,🟡,CERCA,251,2025-09-05 07:42:44
DJUSNS,Dow Jones U.S. Internet Index,6175.2,3842.4,6176.4,60.712054965646466,30.922015471461435,🔴,FUERTE,251,2025-09-05 07:42:44
DJUSOG,Dow Jones U.S. Oil & Gas Producers,849.52,707.01,914.32,20.156716312357677,34.15425154555592,🟡,CERCA,251,2025-09-05 07:42:44
DJUSOI,Dow Jones U.S. Oil Equipment & Services Index,257.8,198.86,294.15,29.638941969224575,27.837965143664633,🔴,FUERTE,251,2025-09-05 07:42:44
DJUSOL,Dow Jones U.S. Integrated Oil & Gas Index,751.05,645.42,807.01,16.36608719903319,34.119261477045995,🟡,CERCA,251,2025-09-05 07:42:44
DJUSOS,Dow Jones U.S. Exploration & Production Index,1034.03,821.29,1123.35,25.903152357876024,34.1960434329912,🔴,FUERTE,251,2025-09-05 07:42:44
DJUSPB,Dow Jones U.S. Publishing Index,841.8,663.16,874.35,26.93769226129441,60.605671756704766,🔴,FUERTE,251,2025-09-05 07:42:44
DJUSPC,Dow Jones U.S. Waste & Disposal Services Index,675.65,609.51,708.03,10.851339600662826,52.12704523580369,🟡,CERCA,251,2025-09-05 07:42:44
DJUSPG,Sector PG,556.4,426.49,649.12,30.460268705010662,33.747927031509136,🔴,FUERTE,251,2025-09-05 07:42:44
DJUSPL,Dow Jones U.S. Pipelines Index,1028.74,872.35,1229.95,17.927437381784834,47.62816901408448,🟡,CERCA,251,2025-09-05 07:42:44
DJUSPM,Dow Jones U.S. Gold Mining Index,191.7,94.85,196.56,102.10859251449658,25.676567656765783,🔴,FUERTE,251,2025-09-05 07:42:44
DJUSPN,Dow Jones U.S. Pharmaceuticals & Biotechnology Index,1115.29,960.01,1270.52,16.174831512171746,37.10471605208459,🟡,CERCA,251,2025-09-05 07:42:44
DJUSPR,Dow Jones U.S. Pharmaceuticals Index,859.99,765.56,996.12,12.334761481791116,31.83056725291064,🟡,CERCA,251,2025-09-05 07:42:44
DJUSRA,Dow Jones U.S. Apparel Retailers Index,1875.41,1490.78,1889.65,25.800587611854205,20.443321465487514,🔴,FUERTE,251,2025-09-05 07:42:44
DJUSRB,Dow Jones U.S. Broadline Retailers Index,4904.3,3641.4,5034.6,34.681715823584334,47.35997432193865,🔴,FUERTE,251,2025-09-05 07:42:44
DJUSRD,Dow Jones U.S. Drug Retailers Index,1139.68,838.78,1209.83,35.87353060397245,52.47427731504162,🔴,FUERTE,251,2025-09-05 07:42:44
DJUSRE,Dow Jones U.S. Real Estate Index,367.32,311.91,396.67,17.764739828796756,40.413135593220325,🟡,CERCA,251,2025-09-05 07:42:44
DJUSRH,Dow Jones U.S. Real Estate Investment & Services,789.85,563.1,807.16,40.26815840880838,43.8100901972445,🔴,FUERTE,251,2025-09-05 07:42:44
DJUSRI,Dow Jones U.S. Real Estate Investment Trusts Index,147.19,126.8,162.95,16.080441640378552,40.25032938076413,🟡,CERCA,251,2025-09-05 07:42:44
DJUSRL,Dow Jones U.S. Retail REITs Index,101.74,83.32,106.75,22.10753720595296,31.306990881459043,🟡,CERCA,251,2025-09-05 07:42:44
DJUSRN,Dow Jones U.S. Residential REITs Index,227.7,212.75,271.87,7.027027027027022,42.574578469520134,🟢,OPORTUNIDAD,251,2025-09-05 07:42:44
DJUSRP,Dow Jones U.S. Recreational Products Index,390.43,305.34,496.77,27.86729547389796,53.872304260065874,🔴,FUERTE,251,2025-09-05 07:42:44
DJUSRQ,Dow Jones U.S. Recreational Services Index,212.15,109.38,215.97,93.9568476869629,26.984523215177276,🔴,FUERTE,251,2025-09-05 07:42:44
DJUSRR,Dow Jones U.S. Railroads Index,3305.7,2788.9,3607.9,18.53060346373121,62.70933014354068,🟡,CERCA,251,2025-09-05 07:42:44
DJUSRS,Dow Jones U.S. Specialty Retailers Index,4881.7,3023.0,4884.3,61.48527952365199,34.55387205387203,🔴,FUERTE,251,2025-09-05 07:42:44
DJUSRT,Dow Jones U.S. Retail Index,3237.0,2453.4,3237.9,31.939349474199062,42.079370285339415,🔴,FUERTE,251,2025-09-05 07:42:44
DJUSRU,Dow Jones U.S. Restaurants & Bars Index,3055.4,2686.2,3265.8,13.744322835231937,55.78034682080919,🟡,CERCA,251,2025-09-05 07:42:44
DJUSSB,Dow Jones U.S. Investment Services Index,2974.3,2060.8,3053.4,44.32744565217391,59.647188533627364,🔴,FUERTE,251,2025-09-05 07:42:44
DJUSSC,Dow Jones U.S. Semiconductors Index,24572.9,12938.1,26004.7,89.92665074469977,66.13034676762095,🔴,FUERTE,251,2025-09-05 07:42:44
DJUSSD,Dow Jones U.S. Soft Drinks Index,915.24,835.84,1009.81,9.499425727411943,61.94881282762872,🟢,OPORTUNIDAD,251,2025-09-05 07:42:44
DJUSSF,Dow Jones U.S. Consumer Finance Index,806.47,607.06,809.02,32.84848285177743,31.787858572381467,🔴,FUERTE,251,2025-09-05 07:42:44
DJUSSP,Dow Jones U.S. Specialty Finance Index,757.61,658.62,803.35,15.029911026084845,19.88135593220342,🟡,CERCA,251,2025-09-05 07:42:44
DJUSSR,Dow Jones U.S. Specialty REITs Index,259.08,229.18,287.27,13.046513657387196,48.64176570458406,🟡,CERCA,251,2025-09-05 07:42:44
DJUSST,Dow Jones U.S. Iron & Steel Index,589.88,416.26,642.02,41.70950848027675,45.22404078347196,🔴,FUERTE,251,2025-09-05 07:42:44
DJUSSV,Dow Jones U.S. Software & Computer Services Index,8178.1,5509.7,8349.7,48.430949053487495,45.26730444569497,🔴,FUERTE,251,2025-09-05 07:42:44
DJUSSW,Dow Jones U.S. Software Index,8275.9,5758.2,8972.9,43.72373311104164,63.53614289701363,🔴,FUERTE,251,2025-09-05 07:42:44
DJUSTB,Dow Jones U.S. Tobacco Index,1124.03,824.94,1210.02,36.25597013116104,54.39965851576318,🔴,FUERTE,251,2025-09-05 07:42:44
DJUSTC,Dow Jones U.S. Technology Index,8062.7,5115.5,8176.9,57.6131365457922,52.219321148825074,🔴,FUERTE,251,2025-09-05 07:42:44
DJUSTK,Dow Jones U.S. Trucking Index,1411.03,1244.48,2071.67,13.383099768578036,50.109616638028086,🟡,CERCA,251,2025-09-05 07:42:44
DJUSTL,Dow Jones U.S. Telecommunications Index,195.01,155.76,199.75,25.199024139702107,40.37533512064343,🔴,FUERTE,251,2025-09-05 07:42:44
DJUSTQ,Dow Jones U.S. Technology Hardware & Equipment Index,8921.9,5326.7,9145.4,67.49394559483358,56.998407643312134,🔴,FUERTE,251,2025-09-05 07:42:44
DJUSTR,Dow Jones U.S. Tires Index,8921.9,5326.7,9145.4,67.49394559483358,56.998407643312134,🔴,FUERTE,251,2025-09-05 07:42:44
DJUSTT,Dow Jones U.S. Travel & Tourism Index,1368.1,957.74,1425.35,42.84670161004029,43.94182249925796,🔴,FUERTE,251,2025-09-05 07:42:44
DJUSTY,Dow Jones U.S. Toys Index,1881.15,1098.6,1934.76,71.23156744948118,47.149276085871186,🔴,FUERTE,251,2025-09-05 07:42:44
DJUSUT,Dow Jones U.S. Utilities Index,415.54,353.79,435.98,17.45385680771079,70.0639204545454,🟡,CERCA,251,2025-09-05 07:42:44
DJUSVE,Dow Jones U.S. Conventional Electricity Index,412.44,341.92,434.77,20.62470753392606,73.13967369677665,🟡,CERCA,251,2025-09-05 07:42:44
DJUSVN,Dow Jones U.S. Distillers & Vintners Index,294.83,292.82,523.8,0.686428522641893,76.82436811406353,🟢,OPORTUNIDAD,251,2025-09-05 07:42:44
DJUSWC,Dow Jones U.S. Mobile Telecommunications Index,427.05,360.57,458.56,18.437473999500796,43.257261410788395,🟡,CERCA,251,2025-09-05 07:42:44
DJUSWU,Dow Jones U.S. Water Index,2888.7,2432.7,3135.8,18.74460476014305,54.82470784641071,🟡,CERCA,251,2025-09-05 07:42:44
