Ticker,Sector,CurrentPrice,Min52w,Max52w,DistanceFromMin,RSI,Estado,Classification,DataPoints,AnalysisDate
DJUSFR,Dow Jones U.S. Forestry & Paper Index,859.08,703.58,952.75,22.101253588788765,24.265217996935533,🟡,CERCA,251,2025-08-29 07:43:09
DJUSAE,Dow Jones U.S. Aerospace & Defense Index,2769.8,1861.2,2775.1,48.81796690307329,40.08830022075064,🔴,FUERTE,251,2025-08-29 07:43:09
DJUSAF,Dow Jones U.S. Delivery Services Index,1025.6,916.9,1383.0,11.855164140037076,42.213386348575256,🟡,CERCA,251,2025-08-29 07:43:09
DJUSAG,Dow Jones U.S. Asset Managers Index,410.15,273.77,419.77,49.81553859078789,45.310406431442615,🔴,FUERTE,251,2025-08-29 07:43:09
DJUSAI,Dow Jones U.S. Electronic Equipment Index,1570.16,913.78,1587.95,71.83129418459588,46.46311970979439,🔴,FUERTE,251,2025-08-29 07:43:09
DJUSAL,Dow Jones U.S. Aluminum Index,109.04,73.62,163.19,48.111926107036126,40.25465230166501,🔴,FUERTE,251,2025-08-29 07:43:09
DJUSAM,Dow Jones U.S. Medical Equipment Index,2989.6,2589.3,3151.1,15.459776773645375,46.845194424064616,🟡,CERCA,251,2025-08-29 07:43:09
DJUSAP,Dow Jones U.S. Automobiles & Parts Index,1326.23,845.49,1748.7,56.859336006339525,36.64177398460712,🔴,FUERTE,251,2025-08-29 07:43:09
DJUSAR,Dow Jones U.S. Airlines Index,238.17,137.83,259.72,72.79982587245155,28.07788944723616,🔴,FUERTE,251,2025-08-29 07:43:09
DJUSAS,Dow Jones U.S. Aerospace Index,2978.2,1883.9,3039.2,58.08694729019586,42.69475091942494,🔴,FUERTE,251,2025-08-29 07:43:09
DJUSAT,Dow Jones U.S. Auto Parts Index,432.96,288.25,436.52,50.202948829141356,15.202254641909903,🔴,FUERTE,251,2025-08-29 07:43:09
DJUSAU,Dow Jones U.S. Automobiles Index,1195.63,758.25,1613.6,57.68282228816355,37.77314871543516,🔴,FUERTE,251,2025-08-29 07:43:09
DJUSAV,Dow Jones U.S. Media Agencies Index,451.75,346.44,702.93,30.39776007389447,37.73944080904223,🔴,FUERTE,251,2025-08-29 07:43:09
DJUSBC,Dow Jones U.S. Broadcasting & Entertainment Index,1211.6,962.0,1294.9,25.945945945945937,22.41245136186781,🔴,FUERTE,251,2025-08-29 07:43:09
DJUSBD,Dow Jones U.S. Building Materials & Fixtures Index,2475.4,1876.9,2557.1,31.887687143694386,41.788702928870265,🔴,FUERTE,251,2025-08-29 07:43:09
DJUSBE,Dow Jones U.S. Business Training & Employment Agencies Index,117.59,104.12,152.72,12.9369957741068,30.48640367675226,🟡,CERCA,251,2025-08-29 07:43:09
DJUSBK,Dow Jones U.S. Banks Index,768.79,521.55,770.96,47.40485092512703,23.434436627839915,🔴,FUERTE,251,2025-08-29 07:43:09
DJUSBS,Dow Jones U.S. Basic Resources Index,421.88,274.91,422.48,53.461132734349405,28.48585003098536,🔴,FUERTE,251,2025-08-29 07:43:09
DJUSBT,Dow Jones U.S. Biotechnology Index,2745.6,2297.4,3119.9,19.509010185426995,31.55935988090812,🟡,CERCA,251,2025-08-29 07:43:09
DJUSBV,Dow Jones U.S. Beverages Index,942.32,875.4,1070.16,7.644505368974191,62.266918080871555,🟢,OPORTUNIDAD,251,2025-08-29 07:43:09
DJUSCA,Dow Jones U.S. Gambling Index,784.32,513.6,786.57,52.71028037383177,5.302515295717143,🔴,FUERTE,251,2025-08-29 07:43:09
DJUSCC,Dow Jones U.S. Commodity Chemicals Index,754.85,647.09,855.73,16.65301580923828,31.122994652406405,🟡,CERCA,251,2025-08-29 07:43:09
DJUSCH,Dow Jones U.S. Chemicals Index,2043.64,1497.87,2050.51,36.43640636370314,21.042233968711784,🔴,FUERTE,251,2025-08-29 07:43:09
DJUSCM,Dow Jones U.S. Personal Products Index,426.95,345.1,483.97,23.717762967255858,49.53421935163333,🟡,CERCA,251,2025-08-29 07:43:09
DJUSCN,Dow Jones U.S. Construction & Materials Index,2074.14,1484.39,2096.84,39.73012483242273,40.31549966515365,🔴,FUERTE,251,2025-08-29 07:43:09
DJUSCP,Dow Jones U.S. Containers & Packaging Index,454.64,397.01,541.01,14.516007153472204,48.04275402554137,🟡,CERCA,251,2025-08-29 07:43:09
DJUSCR,Dow Jones U.S. Computer Hardware Index,11682.6,8364.8,12829.5,39.663829380260154,41.7511239807971,🔴,FUERTE,251,2025-08-29 07:43:09
DJUSCS,Dow Jones U.S. Specialized Consumer Services Index,2797.7,2625.1,3402.3,6.574987619519253,55.37471612414839,🟢,OPORTUNIDAD,251,2025-08-29 07:43:09
DJUSCT,Dow Jones U.S. Telecommunications Equipment Index,2531.71,1708.47,2589.69,48.185803672291584,53.858299362691625,🔴,FUERTE,251,2025-08-29 07:43:09
DJUSCX,Dow Jones U.S. Specialty Chemicals Index,1112.71,863.05,1218.81,28.927640345287074,22.583265637692918,🔴,FUERTE,251,2025-08-29 07:43:09
DJUSDB,Dow Jones U.S. Brewers Index,512.68,479.19,659.78,6.988877063377773,52.58620689655176,🟢,OPORTUNIDAD,251,2025-08-29 07:43:09
DJUSDN,Dow Jones U.S. Defense Index,783.45,598.11,788.84,30.9876109745699,34.672471798931454,🔴,FUERTE,251,2025-08-29 07:43:09
DJUSDR,Dow Jones U.S. Food & Drug Retailers Index,1537.4,1221.74,1615.62,25.836921112511668,67.90039461151179,🔴,FUERTE,251,2025-08-29 07:43:09
DJUSDS,Dow Jones U.S. Industrial Suppliers Index,984.73,683.22,986.38,44.130733877813874,25.75577243513446,🔴,FUERTE,251,2025-08-29 07:43:09
DJUSDT,Dow Jones U.S. Diversified REITs Index,57.16,45.49,57.95,25.653989887887434,44.80000000000004,🔴,FUERTE,251,2025-08-29 07:43:09
DJUSDV,Dow Jones U.S. Computer Services Index,251.63,231.08,304.29,8.893024060931271,42.28521332554061,🟢,OPORTUNIDAD,251,2025-08-29 07:43:09
DJUSEC,Dow Jones U.S. Electrical Components & Equipment Index,1005.89,562.61,1055.56,78.78992552567497,47.985765124555165,🔴,FUERTE,251,2025-08-29 07:43:09
DJUSEE,Dow Jones U.S. Electronic & Electrical Equipment Index,1137.52,643.85,1171.37,76.67469131008774,47.5052938062467,🔴,FUERTE,251,2025-08-29 07:43:09
DJUSEH,Dow Jones U.S. Real Estate Holding & Development Index,62.5,50.8,72.61,23.031496062992133,34.05358686257564,🟡,CERCA,251,2025-08-29 07:43:09
DJUSEN,Dow Jones U.S. Oil & Gas Index,751.97,623.85,813.7,20.53698805802677,22.02011239278309,🟡,CERCA,251,2025-08-29 07:43:09
DJUSES,Dow Jones U.S. Real Estate Services Index,379.66,268.15,385.71,41.58493380570578,42.20202020202017,🔴,FUERTE,251,2025-08-29 07:43:09
DJUSEU,Dow Jones U.S. Electricity Index,416.85,340.99,433.59,22.246986715152943,63.94009216589856,🟡,CERCA,251,2025-08-29 07:43:09
DJUSFA,Dow Jones U.S. Financial Administration Index,591.59,532.41,685.16,11.115493698465482,36.46595385481147,🟡,CERCA,251,2025-08-29 07:43:09
DJUSFB,Dow Jones U.S. Food & Beverage Index,704.03,668.77,816.7,5.272365686259849,59.05191873589162,🟢,OPORTUNIDAD,251,2025-08-29 07:43:09
DJUSFC,Dow Jones U.S. Fixed Line Telecommunications Index,171.11,116.57,175.11,46.787338080123554,35.48574752763231,🔴,FUERTE,251,2025-08-29 07:43:09
DJUSFD,Dow Jones U.S. Food Retailers & Wholesalers Index,1260.86,1012.93,1346.72,24.476518614316877,72.96883375449883,🟡,CERCA,251,2025-08-29 07:43:09
DJUSFE,Dow Jones U.S. Industrial Machinery Index,1263.39,969.18,1325.15,30.356590107100867,38.21748486213277,🔴,FUERTE,251,2025-08-29 07:43:09
DJUSFH,Dow Jones U.S. Furnishings Index,483.43,319.67,486.18,51.22782869834517,24.308220561502722,🔴,FUERTE,251,2025-08-29 07:43:09
DJUSFI,Dow Jones U.S. Financial Services Index,2498.9,1907.9,2503.0,30.97646627181718,29.641873278236844,🔴,FUERTE,251,2025-08-29 07:43:09
DJUSFO,Dow Jones U.S. Food Producers Index,378.88,367.79,460.77,3.0153076483863,51.22079285901813,🟢,OPORTUNIDAD,251,2025-08-29 07:43:09
DJUSFP,Dow Jones U.S. Food Products Index,530.08,526.36,667.01,0.7067406337867671,57.84106215124109,🟢,OPORTUNIDAD,251,2025-08-29 07:43:09
DJUSFT,Dow Jones U.S. Footwear Index,1669.8,1186.7,2012.4,40.70953063116204,25.538020086083193,🔴,FUERTE,251,2025-08-29 07:43:09
DJUSGF,Dow Jones U.S. Financial Services Index,2800.9,2138.5,2805.6,30.97498246434417,29.625984251968447,🔴,FUERTE,251,2025-08-29 07:43:09
DJUSGI,Dow Jones U.S. General Industrials Index,737.14,613.23,783.86,20.206121683544502,42.986881937436905,🟡,CERCA,251,2025-08-29 07:43:09
DJUSGT,Dow Jones U.S. General Retailers Index,3552.3,2720.3,3580.2,30.584861963753994,38.671874999999986,🔴,FUERTE,251,2025-08-29 07:43:09
DJUSGU,Dow Jones U.S. Gas Distribution Index,371.87,297.07,378.12,25.17925068165753,49.803701626472254,🔴,FUERTE,251,2025-08-29 07:43:09
DJUSHB,Dow Jones U.S. Home Construction Index,2694.38,1872.38,3170.03,43.901344812484645,34.09490940465918,🔴,FUERTE,251,2025-08-29 07:43:09
DJUSHC,Dow Jones U.S. Health Care Index,1451.02,1344.15,1663.54,7.950749544321682,25.42764345001798,🟢,OPORTUNIDAD,251,2025-08-29 07:43:09
DJUSHD,Dow Jones U.S. Durable Household Products Index,142.31,94.51,179.28,50.5766585546503,34.13509060955518,🔴,FUERTE,251,2025-08-29 07:43:09
DJUSHG,Dow Jones U.S. Household Goods & Home Construction Index,1072.55,999.49,1229.25,7.309727961260237,39.89614504488644,🟢,OPORTUNIDAD,251,2025-08-29 07:43:09
DJUSHI,Dow Jones U.S. Home Improvement Retailers Index,890.41,705.04,958.3,26.29212526948826,37.37950731881475,🔴,FUERTE,251,2025-08-29 07:43:09
DJUSHL,Dow Jones U.S. Hotel & Lodging REITs Index,92.0,65.02,103.03,41.494924638572755,17.547169811320856,🔴,FUERTE,251,2025-08-29 07:43:09
DJUSHN,Dow Jones U.S. Nondurable Household Products Index,1212.45,1180.41,1421.48,2.7143111291839244,48.97223223945186,🟢,OPORTUNIDAD,251,2025-08-29 07:43:09
DJUSHP,Dow Jones U.S. Health Care Providers Index,2473.2,2106.6,3545.2,17.402449444602674,15.234822451317271,🟡,CERCA,251,2025-08-29 07:43:09
DJUSHR,Dow Jones U.S. Commercial Vehicles & Trucks Index,5449.0,3916.0,5508.8,39.14708886618999,42.6873459921728,🔴,FUERTE,251,2025-08-29 07:43:09
DJUSHV,Dow Jones U.S. Heavy Construction Index,2022.9,1138.85,2114.89,77.62655310181326,40.55356385644349,🔴,FUERTE,251,2025-08-29 07:43:09
DJUSIB,Dow Jones U.S. Insurance Brokers Index,768.54,729.23,891.38,5.390617500651365,41.3029100529101,🟢,OPORTUNIDAD,251,2025-08-29 07:43:09
DJUSID,Dow Jones U.S. Diversified Industrials Index,955.7,767.22,1017.95,24.566617137196634,39.119872932822545,🟡,CERCA,251,2025-08-29 07:43:09
DJUSIG,Dow Jones U.S. Industrial Goods & Services Index,1466.07,1094.74,1484.13,33.91946946306885,39.55223880597011,🔴,FUERTE,251,2025-08-29 07:43:09
DJUSIL,Dow Jones U.S. Life Insurance Index,1266.02,1077.94,1380.29,17.448095441304705,28.094199738333984,🟡,CERCA,251,2025-08-29 07:43:09
DJUSIM,Dow Jones U.S. Industrial Metals & Mining Index,521.29,350.58,568.14,48.693593473672195,28.82775119617223,🔴,FUERTE,251,2025-08-29 07:43:09
DJUSIO,Dow Jones U.S. Industrial & Office REITs Index,101.91,79.12,119.27,28.804347826086946,32.03883495145634,🔴,FUERTE,251,2025-08-29 07:43:09
DJUSIP,Dow Jones U.S. Property & Casualty Insurance Index,1939.37,1755.13,2065.57,10.49722812555194,41.74611138986453,🟡,CERCA,251,2025-08-29 07:43:09
DJUSIQ,Dow Jones U.S. Industrial Engineering Index,4461.3,3318.0,4522.4,34.457504520795666,40.003216985684396,🔴,FUERTE,251,2025-08-29 07:43:09
DJUSIR,Dow Jones U.S. Insurance Index,1348.06,1264.26,1458.0,6.628383402148288,37.64148205475485,🟢,OPORTUNIDAD,251,2025-08-29 07:43:09
DJUSIS,Dow Jones U.S. Support Services Index,876.41,764.29,981.89,14.66982428135917,36.68571428571437,🟡,CERCA,251,2025-08-29 07:43:09
DJUSIT,Dow Jones U.S. Industrial Transportation Index,1425.8,1243.5,1746.8,14.660233212706068,49.1561181434599,🟡,CERCA,251,2025-08-29 07:43:09
DJUSIU,Dow Jones U.S. Reinsurance Index,517.74,467.58,599.38,10.727576029770312,38.540520718738534,🟡,CERCA,251,2025-08-29 07:43:09
DJUSIV,Dow Jones U.S. Business Support Services Index,1169.3,1092.82,1443.42,6.998407789022896,44.30473984614112,🟢,OPORTUNIDAD,251,2025-08-29 07:43:09
DJUSIX,Dow Jones U.S. Nonlife Insurance Index,1336.98,1246.37,1458.15,7.269911823936723,40.294061118585425,🟢,OPORTUNIDAD,251,2025-08-29 07:43:09
DJUSLE,Dow Jones U.S. Leisure Goods Index,1135.43,724.03,1171.82,56.820849964780486,41.687055160142336,🔴,FUERTE,251,2025-08-29 07:43:09
DJUSLG,Dow Jones U.S. Hotels Index,4326.4,3245.4,4663.6,33.30868305909902,35.45744196631772,🔴,FUERTE,251,2025-08-29 07:43:09
DJUSMC,Dow Jones U.S. Health Care Equipment & Services Index,2248.0,2083.0,2559.1,7.921267402784446,28.141176470588263,🟢,OPORTUNIDAD,251,2025-08-29 07:43:09
DJUSME,Dow Jones U.S. Media Index,837.92,662.35,936.97,26.507133690646928,23.436083408884826,🔴,FUERTE,251,2025-08-29 07:43:09
DJUSMF,Dow Jones U.S. Mortgage Finance Index,12.64,9.98,13.07,26.65330661322645,40.23904382470118,🔴,FUERTE,251,2025-08-29 07:43:09
DJUSMG,Dow Jones U.S. Mining Index,165.18,84.25,165.98,96.05934718100892,36.93525850023288,🔴,FUERTE,251,2025-08-29 07:43:09
DJUSMR,Dow Jones U.S. Mortgage REITs Index,31.03,24.64,32.23,25.93344155844156,40.716612377850176,🔴,FUERTE,251,2025-08-29 07:43:09
DJUSMS,Dow Jones U.S. Medical Supplies Index,1567.64,1469.4,1749.93,6.685722063427249,46.17545117724388,🟢,OPORTUNIDAD,251,2025-08-29 07:43:09
DJUSMT,Dow Jones U.S. Marine Transportation Index,319.85,275.54,433.97,16.081149742324165,56.34751773049643,🟡,CERCA,251,2025-08-29 07:43:09
DJUSMU,Dow Jones U.S. Multiutilities Index,279.8,249.55,292.91,12.121819274694449,64.97834055314897,🟡,CERCA,251,2025-08-29 07:43:09
DJUSNF,Dow Jones U.S. Nonferrous Metals Index,593.53,372.55,702.28,59.315528117031256,32.879377431906605,🔴,FUERTE,251,2025-08-29 07:43:09
DJUSNG,Dow Jones U.S. Personal & Household Goods Index,1066.0,909.61,1081.16,17.19308274974989,37.80860269788748,🟡,CERCA,251,2025-08-29 07:43:09
DJUSNS,Dow Jones U.S. Internet Index,5887.8,3842.4,5907.0,53.23235477826359,40.138267588450624,🔴,FUERTE,251,2025-08-29 07:43:09
DJUSOG,Dow Jones U.S. Oil & Gas Producers,857.67,707.01,914.32,21.309458140620354,22.400284900284902,🟡,CERCA,251,2025-08-29 07:43:09
DJUSOI,Dow Jones U.S. Oil Equipment & Services Index,256.04,198.86,294.15,28.75389721412049,24.027889514615126,🔴,FUERTE,251,2025-08-29 07:43:09
DJUSOL,Dow Jones U.S. Integrated Oil & Gas Index,758.24,645.42,807.01,17.480090483716037,24.950606830369864,🟡,CERCA,251,2025-08-29 07:43:09
DJUSOS,Dow Jones U.S. Exploration & Production Index,1043.97,821.29,1123.35,27.113443485248823,19.994703389830505,🔴,FUERTE,251,2025-08-29 07:43:09
DJUSPB,Dow Jones U.S. Publishing Index,850.62,663.16,874.35,28.2676880390856,34.28540864356019,🔴,FUERTE,251,2025-08-29 07:43:09
DJUSPC,Dow Jones U.S. Waste & Disposal Services Index,675.44,609.51,708.03,10.81688569506654,63.045240797794634,🟡,CERCA,251,2025-08-29 07:43:09
DJUSPG,Sector PG,557.63,426.49,649.12,30.74866937091139,36.808940672928344,🔴,FUERTE,251,2025-08-29 07:43:09
DJUSPL,Dow Jones U.S. Pipelines Index,1040.99,872.35,1229.95,19.331690261936146,40.8160892815624,🟡,CERCA,251,2025-08-29 07:43:09
DJUSPM,Dow Jones U.S. Gold Mining Index,185.96,94.85,186.86,96.05693199789143,36.931348221670774,🔴,FUERTE,251,2025-08-29 07:43:09
DJUSPN,Dow Jones U.S. Pharmaceuticals & Biotechnology Index,1105.07,960.01,1277.87,15.110259268132618,25.756789482788548,🟡,CERCA,251,2025-08-29 07:43:09
DJUSPR,Dow Jones U.S. Pharmaceuticals Index,850.54,765.56,1006.37,11.100370970270133,23.325062034739545,🟡,CERCA,251,2025-08-29 07:43:09
DJUSRA,Dow Jones U.S. Apparel Retailers Index,1823.09,1490.78,1889.65,22.291015441580914,27.067713560422703,🟡,CERCA,251,2025-08-29 07:43:09
DJUSRB,Dow Jones U.S. Broadline Retailers Index,4814.6,3641.4,5034.6,32.218377547097276,45.756380991906966,🔴,FUERTE,251,2025-08-29 07:43:09
DJUSRD,Dow Jones U.S. Drug Retailers Index,1133.8,838.78,1209.83,35.17251245857078,53.29404335929277,🔴,FUERTE,251,2025-08-29 07:43:09
DJUSRE,Dow Jones U.S. Real Estate Index,368.98,311.91,396.67,18.2969446314642,38.43406593406592,🟡,CERCA,251,2025-08-29 07:43:09
DJUSRH,Dow Jones U.S. Real Estate Investment & Services,794.75,563.1,807.16,41.13834132480908,41.88861985472152,🔴,FUERTE,251,2025-08-29 07:43:09
DJUSRI,Dow Jones U.S. Real Estate Investment Trusts Index,147.83,126.8,162.95,16.585173501577298,38.27586206896552,🟡,CERCA,251,2025-08-29 07:43:09
DJUSRL,Dow Jones U.S. Retail REITs Index,100.91,83.32,106.75,21.111377820451278,25.66277836691411,🟡,CERCA,251,2025-08-29 07:43:09
DJUSRN,Dow Jones U.S. Residential REITs Index,228.31,212.75,271.87,7.3137485311398365,37.79816513761471,🟢,OPORTUNIDAD,251,2025-08-29 07:43:09
DJUSRP,Dow Jones U.S. Recreational Products Index,386.01,305.34,496.77,26.419728826881517,40.72683842347723,🔴,FUERTE,251,2025-08-29 07:43:09
DJUSRQ,Dow Jones U.S. Recreational Services Index,215.61,109.38,215.75,97.12013165112454,12.64619883040936,🔴,FUERTE,251,2025-08-29 07:43:09
DJUSRR,Dow Jones U.S. Railroads Index,3294.6,2788.9,3607.9,18.132597081286523,59.89597591021081,🟡,CERCA,251,2025-08-29 07:43:09
DJUSRS,Dow Jones U.S. Specialty Retailers Index,4816.5,3023.0,4884.3,59.32848164075422,30.034227039361113,🔴,FUERTE,251,2025-08-29 07:43:09
DJUSRT,Dow Jones U.S. Retail Index,3181.9,2453.4,3207.3,29.693486590038315,39.442060085836836,🔴,FUERTE,251,2025-08-29 07:43:09
DJUSRU,Dow Jones U.S. Restaurants & Bars Index,3054.7,2686.2,3265.8,13.718263718263717,50.48822515795528,🟡,CERCA,251,2025-08-29 07:43:09
DJUSSB,Dow Jones U.S. Investment Services Index,2989.4,2060.8,3053.4,45.06017080745341,51.81187355435622,🔴,FUERTE,251,2025-08-29 07:43:09
DJUSSC,Dow Jones U.S. Semiconductors Index,25523.8,12938.1,26004.7,97.27626158400382,48.57421240662554,🔴,FUERTE,251,2025-08-29 07:43:09
DJUSSD,Dow Jones U.S. Soft Drinks Index,914.06,835.84,1016.29,9.35825038284838,61.097417211445716,🟢,OPORTUNIDAD,251,2025-08-29 07:43:09
DJUSSF,Dow Jones U.S. Consumer Finance Index,802.46,607.06,804.98,32.18792211643002,20.31578947368409,🔴,FUERTE,251,2025-08-29 07:43:09
DJUSSP,Dow Jones U.S. Specialty Finance Index,748.47,658.62,803.35,13.642160881843859,14.050235478806826,🟡,CERCA,251,2025-08-29 07:43:09
DJUSSR,Dow Jones U.S. Specialty REITs Index,262.4,229.18,287.27,14.495156645431525,47.24680432645028,🟡,CERCA,251,2025-08-29 07:43:09
DJUSST,Dow Jones U.S. Iron & Steel Index,599.83,416.26,642.02,44.099841445250576,30.358748875786887,🔴,FUERTE,251,2025-08-29 07:43:09
DJUSSV,Dow Jones U.S. Software & Computer Services Index,8087.5,5509.7,8349.7,46.786576401618966,50.530203741212894,🔴,FUERTE,251,2025-08-29 07:43:09
DJUSSW,Dow Jones U.S. Software Index,8376.2,5758.2,8972.9,45.465596887916384,58.89904012952464,🔴,FUERTE,251,2025-08-29 07:43:09
DJUSTB,Dow Jones U.S. Tobacco Index,1145.41,824.94,1210.02,38.84767377021359,53.1501472031403,🔴,FUERTE,251,2025-08-29 07:43:09
DJUSTC,Dow Jones U.S. Technology Index,8078.1,5115.5,8176.9,57.914182386863466,48.181452154073256,🔴,FUERTE,251,2025-08-29 07:43:09
DJUSTK,Dow Jones U.S. Trucking Index,1406.01,1244.48,2071.67,12.979718436616094,42.52919382826056,🟡,CERCA,251,2025-08-29 07:43:09
DJUSTL,Dow Jones U.S. Telecommunications Index,192.64,153.93,199.75,25.147794452023632,36.63716814159299,🔴,FUERTE,251,2025-08-29 07:43:09
DJUSTQ,Dow Jones U.S. Technology Hardware & Equipment Index,9049.4,5326.7,9145.4,69.88754763737398,46.52400941947377,🔴,FUERTE,251,2025-08-29 07:43:09
DJUSTR,Dow Jones U.S. Tires Index,9049.4,5326.7,9145.4,69.88754763737398,46.52400941947377,🔴,FUERTE,251,2025-08-29 07:43:09
DJUSTT,Dow Jones U.S. Travel & Tourism Index,1403.11,957.74,1425.35,46.50218222064442,22.681919288211034,🔴,FUERTE,251,2025-08-29 07:43:09
DJUSTY,Dow Jones U.S. Toys Index,1859.91,1098.6,1934.76,69.29819770617152,42.92768608735998,🔴,FUERTE,251,2025-08-29 07:43:09
DJUSUT,Dow Jones U.S. Utilities Index,420.04,353.79,435.98,18.725797789649228,63.50129198966402,🟡,CERCA,251,2025-08-29 07:43:09
DJUSVE,Dow Jones U.S. Conventional Electricity Index,418.05,341.92,434.77,22.265442208703785,63.9846743295019,🟡,CERCA,251,2025-08-29 07:43:09
DJUSVN,Dow Jones U.S. Distillers & Vintners Index,317.26,309.98,523.8,2.3485386153945327,72.03304452951849,🟢,OPORTUNIDAD,251,2025-08-29 07:43:09
DJUSWC,Dow Jones U.S. Mobile Telecommunications Index,424.54,360.57,458.56,17.741353967329516,39.5932714034647,🟡,CERCA,251,2025-08-29 07:43:09
DJUSWU,Dow Jones U.S. Water Index,2922.1,2432.7,3135.8,20.11756484564476,52.9911838790932,🟡,CERCA,251,2025-08-29 07:43:09
