Ticker,Sector,CurrentPrice,Min52w,Max52w,DistanceFromMin,RSI,Estado,Classification,DataPoints,AnalysisDate
DJUSFR,Dow Jones U.S. Forestry & Paper Index,775.54,703.58,886.08,10.22769265755137,44.85854473327074,🟡,CERCA,251,2025-12-16 07:49:43
DJUSAE,Dow Jones U.S. Aerospace & Defense Index,2864.4,1861.2,3004.0,53.90070921985816,34.558448187850956,🔴,FUERTE,251,2025-12-16 07:49:43
DJUSAF,Dow Jones U.S. Delivery Services Index,1212.1,916.9,1315.0,32.19544116043188,24.454828660436092,🔴,FUERTE,251,2025-12-16 07:49:43
DJUSAG,Dow Jones U.S. Asset Managers Index,397.58,273.77,426.58,45.22409321693392,21.976478848516734,🔴,FUERTE,251,2025-12-16 07:49:43
DJUSAI,Dow Jones U.S. Electronic Equipment Index,1813.79,913.78,1932.6,98.49307273085427,44.58115517021547,🔴,FUERTE,251,2025-12-16 07:49:43
DJUSAL,Dow Jones U.S. Aluminum Index,155.4,73.62,164.38,111.08394458027708,24.89689602778381,🔴,FUERTE,251,2025-12-16 07:49:43
DJUSAM,Dow Jones U.S. Medical Equipment Index,3006.6,2589.3,3151.1,16.11632487544895,59.43197755960733,🟡,CERCA,251,2025-12-16 07:49:43
DJUSAP,Dow Jones U.S. Automobiles & Parts Index,1773.71,845.49,1793.53,109.78485848442917,19.84164222873902,🔴,FUERTE,251,2025-12-16 07:49:43
DJUSAR,Dow Jones U.S. Airlines Index,258.97,137.83,263.17,87.89088006965102,12.164429530201403,🔴,FUERTE,251,2025-12-16 07:49:43
DJUSAS,Dow Jones U.S. Aerospace Index,3139.1,1883.9,3261.9,66.62774032591963,34.63084408715889,🔴,FUERTE,251,2025-12-16 07:49:43
DJUSAT,Dow Jones U.S. Auto Parts Index,416.28,288.25,447.84,44.41630529054639,31.932773109243712,🔴,FUERTE,251,2025-12-16 07:49:43
DJUSAU,Dow Jones U.S. Automobiles Index,1627.53,758.25,1646.59,114.6429277942631,20.102981531156544,🔴,FUERTE,251,2025-12-16 07:49:43
DJUSAV,Dow Jones U.S. Media Agencies Index,362.95,346.44,667.91,4.765615979679018,42.46516613076101,🟢,OPORTUNIDAD,251,2025-12-16 07:49:43
DJUSBC,Dow Jones U.S. Broadcasting & Entertainment Index,1215.1,962.0,1294.9,26.3097713097713,3.119868637110173,🔴,FUERTE,251,2025-12-16 07:49:43
DJUSBD,Dow Jones U.S. Building Materials & Fixtures Index,2371.4,1876.9,2514.3,26.346635409451753,36.771300448430445,🔴,FUERTE,251,2025-12-16 07:49:43
DJUSBE,Dow Jones U.S. Business Training & Employment Agencies Index,98.98,95.19,147.27,3.9815106628847636,40.083798882681485,🟢,OPORTUNIDAD,251,2025-12-16 07:49:43
DJUSBK,Dow Jones U.S. Banks Index,829.53,521.55,837.37,59.05090595340812,19.437875204657175,🔴,FUERTE,251,2025-12-16 07:49:43
DJUSBS,Dow Jones U.S. Basic Resources Index,511.15,274.91,524.95,85.93357826197662,21.23048240503381,🔴,FUERTE,251,2025-12-16 07:49:43
DJUSBT,Dow Jones U.S. Biotechnology Index,3149.8,2297.4,3252.2,37.10281187429268,55.22388059701492,🔴,FUERTE,251,2025-12-16 07:49:43
DJUSBV,Dow Jones U.S. Beverages Index,974.48,875.4,1013.26,11.318254512222989,41.97839681637291,🟡,CERCA,251,2025-12-16 07:49:43
DJUSCA,Dow Jones U.S. Gambling Index,674.83,513.6,786.57,31.392133956386292,13.020547192616121,🔴,FUERTE,251,2025-12-16 07:49:43
DJUSCC,Dow Jones U.S. Commodity Chemicals Index,648.56,608.9,794.88,6.513384792248312,47.0293797606094,🟢,OPORTUNIDAD,251,2025-12-16 07:49:43
DJUSCH,Dow Jones U.S. Chemicals Index,1942.33,1497.87,2050.51,29.672802045571384,19.016512429686102,🔴,FUERTE,251,2025-12-16 07:49:43
DJUSCM,Dow Jones U.S. Personal Products Index,380.73,341.42,452.45,11.513678167652744,32.61144197798225,🟡,CERCA,251,2025-12-16 07:49:43
DJUSCN,Dow Jones U.S. Construction & Materials Index,2044.86,1484.39,2140.56,37.7575973969105,39.25953768088708,🔴,FUERTE,251,2025-12-16 07:49:43
DJUSCP,Dow Jones U.S. Containers & Packaging Index,415.72,388.62,514.79,6.97339303175339,38.04576934658231,🟢,OPORTUNIDAD,251,2025-12-16 07:49:43
DJUSCR,Dow Jones U.S. Computer Hardware Index,13772.7,8364.8,14401.2,64.65067903596024,51.77228786251339,🔴,FUERTE,251,2025-12-16 07:49:43
DJUSCS,Dow Jones U.S. Specialized Consumer Services Index,2366.4,2326.4,3402.3,1.71939477303989,39.70775095298594,🟢,OPORTUNIDAD,251,2025-12-16 07:49:43
DJUSCT,Dow Jones U.S. Telecommunications Equipment Index,2676.22,1708.47,2800.11,56.64424894788903,36.730443837042834,🔴,FUERTE,251,2025-12-16 07:49:43
DJUSCX,Dow Jones U.S. Specialty Chemicals Index,1060.87,863.05,1135.86,22.92103586118996,42.04053351810157,🟡,CERCA,251,2025-12-16 07:49:43
DJUSDB,Dow Jones U.S. Brewers Index,486.65,438.36,659.78,11.01605985947622,41.00146914789422,🟡,CERCA,251,2025-12-16 07:49:43
DJUSDN,Dow Jones U.S. Defense Index,773.65,598.11,850.34,29.34911638327397,37.467125227594586,🔴,FUERTE,251,2025-12-16 07:49:43
DJUSDR,Dow Jones U.S. Food & Drug Retailers Index,1617.22,1311.44,1697.13,23.316354541572622,61.57080291970798,🟡,CERCA,251,2025-12-16 07:49:43
DJUSDS,Dow Jones U.S. Industrial Suppliers Index,917.52,683.22,994.97,34.29349257925704,36.66441085795924,🔴,FUERTE,251,2025-12-16 07:49:43
DJUSDT,Dow Jones U.S. Diversified REITs Index,56.53,45.49,60.0,24.26907012530226,60.53130929791272,🟡,CERCA,251,2025-12-16 07:49:43
DJUSDV,Dow Jones U.S. Computer Services Index,306.09,231.08,312.52,32.460619698805594,31.816513761467874,🔴,FUERTE,251,2025-12-16 07:49:43
DJUSEC,Dow Jones U.S. Electrical Components & Equipment Index,1062.88,562.61,1122.04,88.91950018663019,35.09865930248097,🔴,FUERTE,251,2025-12-16 07:49:43
DJUSEE,Dow Jones U.S. Electronic & Electrical Equipment Index,1235.96,643.85,1306.8,91.96396676244467,37.15930902111323,🔴,FUERTE,251,2025-12-16 07:49:43
DJUSEH,Dow Jones U.S. Real Estate Holding & Development Index,68.56,50.8,69.58,34.96062992125986,14.989517819706549,🔴,FUERTE,192,2025-12-16 07:49:43
DJUSEN,Dow Jones U.S. Oil & Gas Index,754.71,623.85,792.27,20.97619620100986,45.807286053028626,🟡,CERCA,251,2025-12-16 07:49:43
DJUSES,Dow Jones U.S. Real Estate Services Index,332.58,268.15,392.49,24.027596494499353,54.2829488627198,🟡,CERCA,251,2025-12-16 07:49:43
DJUSEU,Dow Jones U.S. Electricity Index,424.53,340.99,471.47,24.4992521774832,64.20431420431427,🟡,CERCA,251,2025-12-16 07:49:43
DJUSFA,Dow Jones U.S. Financial Administration Index,491.05,457.18,683.09,7.408460562579291,26.96652289997951,🟢,OPORTUNIDAD,251,2025-12-16 07:49:43
DJUSFB,Dow Jones U.S. Food & Beverage Index,710.14,668.77,770.54,6.185983222931651,43.546694648478486,🟢,OPORTUNIDAD,251,2025-12-16 07:49:43
DJUSFC,Dow Jones U.S. Fixed Line Telecommunications Index,145.12,127.84,175.95,13.516896120150188,72.36119585112854,🟡,CERCA,251,2025-12-16 07:49:43
DJUSFD,Dow Jones U.S. Food Retailers & Wholesalers Index,1176.97,1099.62,1346.72,7.034248194830954,48.74655954771997,🟢,OPORTUNIDAD,251,2025-12-16 07:49:43
DJUSFE,Dow Jones U.S. Industrial Machinery Index,1332.96,969.18,1350.05,37.534823252646575,28.6893411128504,🔴,FUERTE,251,2025-12-16 07:49:43
DJUSFH,Dow Jones U.S. Furnishings Index,497.38,319.67,509.31,55.59170394469296,37.30009926105658,🔴,FUERTE,251,2025-12-16 07:49:43
DJUSFI,Dow Jones U.S. Financial Services Index,2521.9,1907.9,2546.9,32.18198018764086,23.205636283575444,🔴,FUERTE,251,2025-12-16 07:49:43
DJUSFO,Dow Jones U.S. Food Producers Index,363.84,352.44,428.42,3.2345931222335653,48.47201210287445,🟢,OPORTUNIDAD,251,2025-12-16 07:49:43
DJUSFP,Dow Jones U.S. Food Products Index,506.07,491.33,625.15,3.0000203529196283,51.43762734887931,🟢,OPORTUNIDAD,251,2025-12-16 07:49:43
DJUSFT,Dow Jones U.S. Footwear Index,1472.1,1186.7,1942.6,24.049886239150574,21.606749816581043,🟡,CERCA,251,2025-12-16 07:49:43
DJUSGF,Dow Jones U.S. Financial Services Index,2826.8,2138.5,2854.7,32.186111760579855,23.182711198428194,🔴,FUERTE,251,2025-12-16 07:49:43
DJUSGI,Dow Jones U.S. General Industrials Index,705.33,613.23,783.86,15.018834694975789,38.127001067235845,🟡,CERCA,251,2025-12-16 07:49:43
DJUSGT,Dow Jones U.S. General Retailers Index,3394.5,2720.3,3649.5,24.78403117303238,46.814580031695726,🟡,CERCA,251,2025-12-16 07:49:43
DJUSGU,Dow Jones U.S. Gas Distribution Index,384.22,309.31,397.36,24.218421648184677,59.17549384483243,🟡,CERCA,251,2025-12-16 07:49:43
DJUSHB,Dow Jones U.S. Home Construction Index,2543.37,1872.38,2900.07,35.8362084619575,41.27568553194474,🔴,FUERTE,251,2025-12-16 07:49:43
DJUSHC,Dow Jones U.S. Health Care Index,1652.9,1344.15,1687.44,22.969906632444296,49.52315066462419,🟡,CERCA,251,2025-12-16 07:49:43
DJUSHD,Dow Jones U.S. Durable Household Products Index,129.8,94.51,179.28,37.339964024970904,13.709389503748667,🔴,FUERTE,251,2025-12-16 07:49:43
DJUSHG,Dow Jones U.S. Household Goods & Home Construction Index,997.48,960.97,1158.74,3.7992861379647636,47.73975178638586,🟢,OPORTUNIDAD,251,2025-12-16 07:49:43
DJUSHI,Dow Jones U.S. Home Improvement Retailers Index,806.67,705.04,940.02,14.41478497673891,31.941575686043123,🟡,CERCA,251,2025-12-16 07:49:43
DJUSHL,Dow Jones U.S. Hotel & Lodging REITs Index,99.18,65.02,101.26,52.5376807136266,29.218843172331546,🔴,FUERTE,251,2025-12-16 07:49:43
DJUSHN,Dow Jones U.S. Nondurable Household Products Index,1117.62,1069.63,1420.24,4.486598169460447,54.07014272394754,🟢,OPORTUNIDAD,251,2025-12-16 07:49:43
DJUSHP,Dow Jones U.S. Health Care Providers Index,2639.9,2106.6,3374.9,25.31567454666288,36.980749746707204,🔴,FUERTE,251,2025-12-16 07:49:43
DJUSHR,Dow Jones U.S. Commercial Vehicles & Trucks Index,6455.1,3916.0,6645.0,64.83912155260471,35.06822612085769,🔴,FUERTE,251,2025-12-16 07:49:43
DJUSHV,Dow Jones U.S. Heavy Construction Index,2204.52,1138.85,2402.18,93.5742196074988,46.58073673847846,🔴,FUERTE,251,2025-12-16 07:49:43
DJUSIB,Dow Jones U.S. Insurance Brokers Index,704.13,658.66,891.38,6.903409953542044,34.07152682255837,🟢,OPORTUNIDAD,251,2025-12-16 07:49:43
DJUSID,Dow Jones U.S. Diversified Industrials Index,942.15,767.22,1017.95,22.800500508328764,42.167825123400846,🟡,CERCA,251,2025-12-16 07:49:43
DJUSIG,Dow Jones U.S. Industrial Goods & Services Index,1508.06,1094.74,1528.19,37.755083398797886,28.949874985117248,🔴,FUERTE,251,2025-12-16 07:49:43
DJUSIL,Dow Jones U.S. Life Insurance Index,1334.15,1077.94,1349.12,23.768484331224375,19.263963523855978,🟡,CERCA,251,2025-12-16 07:49:43
DJUSIM,Dow Jones U.S. Industrial Metals & Mining Index,583.72,350.58,599.53,66.50122653887844,21.536056282978365,🔴,FUERTE,251,2025-12-16 07:49:43
DJUSIO,Dow Jones U.S. Industrial & Office REITs Index,111.75,79.12,112.78,41.241152679474204,33.77777777777784,🔴,FUERTE,251,2025-12-16 07:49:43
DJUSIP,Dow Jones U.S. Property & Casualty Insurance Index,2020.55,1755.13,2065.57,15.122526536495862,34.64869599065787,🟡,CERCA,251,2025-12-16 07:49:43
DJUSIQ,Dow Jones U.S. Industrial Engineering Index,4997.8,3318.0,5103.0,50.626883664858354,32.0174075225365,🔴,FUERTE,251,2025-12-16 07:49:43
DJUSIR,Dow Jones U.S. Insurance Index,1362.01,1239.53,1458.0,9.881164634982616,28.474779481031092,🟢,OPORTUNIDAD,251,2025-12-16 07:49:43
DJUSIS,Dow Jones U.S. Support Services Index,794.69,748.64,949.87,6.151154092754871,23.563049853372362,🟢,OPORTUNIDAD,251,2025-12-16 07:49:43
DJUSIT,Dow Jones U.S. Industrial Transportation Index,1611.1,1243.5,1668.3,29.56172094893445,11.843790012804234,🔴,FUERTE,251,2025-12-16 07:49:43
DJUSIU,Dow Jones U.S. Reinsurance Index,540.0,467.58,573.95,15.488258693699478,19.18534999144279,🟡,CERCA,251,2025-12-16 07:49:43
DJUSIV,Dow Jones U.S. Business Support Services Index,1140.31,1061.45,1395.19,7.429459701351915,17.482245354606647,🟢,OPORTUNIDAD,251,2025-12-16 07:49:43
DJUSIX,Dow Jones U.S. Nonlife Insurance Index,1340.05,1215.03,1458.15,10.289457873468145,32.97757985257988,🟡,CERCA,251,2025-12-16 07:49:43
DJUSLE,Dow Jones U.S. Leisure Goods Index,1018.97,724.03,1249.95,40.73588110989877,50.68600208405694,🔴,FUERTE,251,2025-12-16 07:49:43
DJUSLG,Dow Jones U.S. Hotels Index,4644.8,3245.4,4670.7,43.11949220435077,37.98676508017307,🔴,FUERTE,251,2025-12-16 07:49:43
DJUSMC,Dow Jones U.S. Health Care Equipment & Services Index,2338.8,2083.0,2541.8,12.280364858377348,49.78823529411763,🟡,CERCA,251,2025-12-16 07:49:43
DJUSME,Dow Jones U.S. Media Index,819.19,662.35,903.98,23.679323620442368,3.6769621607165277,🟡,CERCA,251,2025-12-16 07:49:43
DJUSMF,Dow Jones U.S. Mortgage Finance Index,12.97,9.98,13.76,29.959919839679362,44.53781512605042,🔴,FUERTE,251,2025-12-16 07:49:43
DJUSMG,Dow Jones U.S. Mining Index,222.48,84.25,229.07,164.07121661721067,29.16750250752257,🔴,FUERTE,251,2025-12-16 07:49:43
DJUSMR,Dow Jones U.S. Mortgage REITs Index,31.31,24.64,32.68,27.069805194805184,39.99999999999998,🔴,FUERTE,251,2025-12-16 07:49:43
DJUSMS,Dow Jones U.S. Medical Supplies Index,1869.92,1493.05,1967.6,25.241619503700484,57.124647792835106,🔴,FUERTE,251,2025-12-16 07:49:43
DJUSMT,Dow Jones U.S. Marine Transportation Index,362.46,261.01,402.11,38.868242596069116,40.7477520113583,🔴,FUERTE,251,2025-12-16 07:49:43
DJUSMU,Dow Jones U.S. Multiutilities Index,282.31,249.55,299.75,13.127629733520333,68.63885088919284,🟡,CERCA,251,2025-12-16 07:49:43
DJUSNF,Dow Jones U.S. Nonferrous Metals Index,635.67,372.55,655.27,70.62676150852234,13.381599284145466,🔴,FUERTE,251,2025-12-16 07:49:43
DJUSNG,Dow Jones U.S. Personal & Household Goods Index,991.8,909.61,1081.16,9.035740592121892,35.3954971109783,🟢,OPORTUNIDAD,251,2025-12-16 07:49:43
DJUSNS,Dow Jones U.S. Internet Index,6975.4,3842.4,7284.5,81.53758067874244,51.869404949973664,🔴,FUERTE,251,2025-12-16 07:49:43
DJUSOG,Dow Jones U.S. Oil & Gas Producers,853.18,707.01,896.57,20.674389329712444,46.50464227198254,🟡,CERCA,251,2025-12-16 07:49:43
DJUSOI,Dow Jones U.S. Oil Equipment & Services Index,283.1,198.86,293.05,42.361460323845925,37.157789945246314,🔴,FUERTE,251,2025-12-16 07:49:43
DJUSOL,Dow Jones U.S. Integrated Oil & Gas Index,753.89,645.42,801.92,16.806110749589422,46.431408147055514,🟡,CERCA,251,2025-12-16 07:49:43
DJUSOS,Dow Jones U.S. Exploration & Production Index,1039.09,821.29,1097.99,26.519256291930983,46.75357232389075,🔴,FUERTE,251,2025-12-16 07:49:43
DJUSPB,Dow Jones U.S. Publishing Index,829.64,663.16,874.35,25.10404728873877,25.968075672480012,🔴,FUERTE,251,2025-12-16 07:49:43
DJUSPC,Dow Jones U.S. Waste & Disposal Services Index,644.26,589.23,708.03,9.339307231471576,37.15728715728717,🟢,OPORTUNIDAD,251,2025-12-16 07:49:43
DJUSPG,Sector PG,530.62,426.49,649.12,24.415578325400357,18.253968253968267,🟡,CERCA,251,2025-12-16 07:49:43
DJUSPL,Dow Jones U.S. Pipelines Index,1012.08,925.07,1229.95,9.40577469813095,48.559892328398355,🟢,OPORTUNIDAD,251,2025-12-16 07:49:43
DJUSPM,Dow Jones U.S. Gold Mining Index,257.56,94.85,264.19,171.54454401686877,28.231404958677686,🔴,FUERTE,251,2025-12-16 07:49:43
DJUSPN,Dow Jones U.S. Pharmaceuticals & Biotechnology Index,1333.03,960.01,1360.66,38.85584525161196,49.432782018659914,🔴,FUERTE,251,2025-12-16 07:49:43
DJUSPR,Dow Jones U.S. Pharmaceuticals Index,1077.21,765.56,1089.83,40.708762213281794,45.12574173495338,🔴,FUERTE,251,2025-12-16 07:49:43
DJUSRA,Dow Jones U.S. Apparel Retailers Index,2089.63,1490.78,2100.01,40.170246448168086,22.924104572152288,🔴,FUERTE,251,2025-12-16 07:49:43
DJUSRB,Dow Jones U.S. Broadline Retailers Index,4750.6,3641.4,5185.7,30.460811775690676,46.690895179801046,🔴,FUERTE,251,2025-12-16 07:49:43
DJUSRD,Dow Jones U.S. Drug Retailers Index,1426.97,878.77,1533.48,62.38264847457242,71.16193870983707,🔴,FUERTE,251,2025-12-16 07:49:43
DJUSRE,Dow Jones U.S. Real Estate Index,359.65,311.91,382.25,15.305697156230947,53.44186046511633,🟡,CERCA,251,2025-12-16 07:49:43
DJUSRH,Dow Jones U.S. Real Estate Investment & Services,697.48,563.1,822.79,23.86432250044397,54.28043996615645,🟡,CERCA,251,2025-12-16 07:49:43
DJUSRI,Dow Jones U.S. Real Estate Investment Trusts Index,145.46,126.8,155.77,14.716088328075719,52.63774912075021,🟡,CERCA,251,2025-12-16 07:49:43
DJUSRL,Dow Jones U.S. Retail REITs Index,100.1,83.32,103.81,20.13922227556409,44.20485175202159,🟡,CERCA,251,2025-12-16 07:49:43
DJUSRN,Dow Jones U.S. Residential REITs Index,213.6,206.56,263.03,3.408210689388067,57.76397515527951,🟢,OPORTUNIDAD,251,2025-12-16 07:49:43
DJUSRP,Dow Jones U.S. Recreational Products Index,289.74,279.15,444.54,3.7936593229446656,47.551928783382756,🟢,OPORTUNIDAD,251,2025-12-16 07:49:43
DJUSRQ,Dow Jones U.S. Recreational Services Index,184.03,110.98,215.97,65.82267075148674,19.701660568533626,🔴,FUERTE,251,2025-12-16 07:49:43
DJUSRR,Dow Jones U.S. Railroads Index,3605.0,2788.9,3616.1,29.262433217397536,19.852379740391953,🔴,FUERTE,251,2025-12-16 07:49:43
DJUSRS,Dow Jones U.S. Specialty Retailers Index,4044.1,3427.2,4908.8,18.00011671335201,68.75768757687578,🟡,CERCA,251,2025-12-16 07:49:43
DJUSRT,Dow Jones U.S. Retail Index,3054.9,2453.4,3267.5,24.516996820738566,47.56677643615072,🟡,CERCA,251,2025-12-16 07:49:43
DJUSRU,Dow Jones U.S. Restaurants & Bars Index,2939.7,2686.2,3265.8,9.43712307348671,22.67425320056904,🟢,OPORTUNIDAD,251,2025-12-16 07:49:43
DJUSSB,Dow Jones U.S. Investment Services Index,3053.3,2060.8,3121.0,48.160908385093165,28.125919388055266,🔴,FUERTE,251,2025-12-16 07:49:43
DJUSSC,Dow Jones U.S. Semiconductors Index,27272.9,12938.1,31044.1,110.79524814308128,56.95164681149262,🔴,FUERTE,251,2025-12-16 07:49:43
DJUSSD,Dow Jones U.S. Soft Drinks Index,951.55,835.84,972.52,13.843558575803971,43.97888485648303,🟡,CERCA,251,2025-12-16 07:49:43
DJUSSF,Dow Jones U.S. Consumer Finance Index,812.51,619.26,818.47,31.206601427510254,25.546021840873664,🔴,FUERTE,251,2025-12-16 07:49:43
DJUSSP,Dow Jones U.S. Specialty Finance Index,759.19,671.1,803.35,13.126210698852633,45.6351113246836,🟡,CERCA,251,2025-12-16 07:49:43
DJUSSR,Dow Jones U.S. Specialty REITs Index,252.56,229.18,273.52,10.201588271227854,60.509554140127385,🟡,CERCA,251,2025-12-16 07:49:43
DJUSST,Dow Jones U.S. Iron & Steel Index,676.31,416.26,695.33,62.47297362225531,32.33935321293575,🔴,FUERTE,251,2025-12-16 07:49:43
DJUSSV,Dow Jones U.S. Software & Computer Services Index,8392.2,5509.7,8975.6,52.31682305751676,46.37077582103759,🔴,FUERTE,251,2025-12-16 07:49:43
DJUSSW,Dow Jones U.S. Software Index,7854.1,5758.2,9040.0,36.39852731756453,43.83340072786089,🔴,FUERTE,251,2025-12-16 07:49:43
DJUSTB,Dow Jones U.S. Tobacco Index,1071.75,824.94,1210.02,29.918539530147637,35.535529045643145,🔴,FUERTE,251,2025-12-16 07:49:43
DJUSTC,Dow Jones U.S. Technology Index,8652.7,5115.5,9259.3,69.14671097644415,51.85046728971955,🔴,FUERTE,251,2025-12-16 07:49:43
DJUSTK,Dow Jones U.S. Trucking Index,1611.27,1244.48,1890.59,29.473354332733347,13.25454039169584,🔴,FUERTE,251,2025-12-16 07:49:43
DJUSTL,Dow Jones U.S. Telecommunications Index,165.99,155.76,199.75,6.567796610169503,62.99076212471128,🟢,OPORTUNIDAD,251,2025-12-16 07:49:43
DJUSTQ,Dow Jones U.S. Technology Hardware & Equipment Index,9977.0,5326.7,10826.1,87.30170649745622,55.503009458297484,🔴,FUERTE,251,2025-12-16 07:49:43
DJUSTR,Dow Jones U.S. Tires Index,9977.0,5326.7,10826.1,87.30170649745622,55.503009458297484,🔴,FUERTE,251,2025-12-16 07:49:43
DJUSTT,Dow Jones U.S. Travel & Tourism Index,1330.22,957.74,1432.9,38.891557207592875,24.835484687420845,🔴,FUERTE,251,2025-12-16 07:49:43
DJUSTY,Dow Jones U.S. Toys Index,1687.96,1149.53,2066.13,46.83914295407689,50.81173594132027,🔴,FUERTE,251,2025-12-16 07:49:43
DJUSUT,Dow Jones U.S. Utilities Index,426.25,353.79,466.02,20.481076344724265,65.32364597093796,🟡,CERCA,251,2025-12-16 07:49:43
DJUSVE,Dow Jones U.S. Conventional Electricity Index,425.64,341.92,472.89,24.485259709873645,64.09423233143788,🟡,CERCA,251,2025-12-16 07:49:43
DJUSVN,Dow Jones U.S. Distillers & Vintners Index,295.97,260.67,480.33,13.542026316799022,26.731418918918862,🟡,CERCA,251,2025-12-16 07:49:43
DJUSWC,Dow Jones U.S. Mobile Telecommunications Index,369.85,360.57,458.56,2.5737027484261112,54.506916555109285,🟢,OPORTUNIDAD,251,2025-12-16 07:49:43
DJUSWU,Dow Jones U.S. Water Index,2768.2,2432.7,3135.8,13.791260739096478,48.80450070323493,🟡,CERCA,251,2025-12-16 07:49:43
