Ticker,Sector,CurrentPrice,Min52w,Max52w,DistanceFromMin,RSI,Estado,Classification,DataPoints,AnalysisDate
DJUSFR,Dow Jones U.S. Forestry & Paper Index,865.63,703.58,952.75,23.032206714232913,29.087644484345176,🟡,CERCA,251,2025-07-10 07:46:57
DJUSAE,Dow Jones U.S. Aerospace & Defense Index,2635.2,1861.2,2640.6,41.5860735009671,33.3436245754863,🔴,FUERTE,251,2025-07-10 07:46:57
DJUSAF,Dow Jones U.S. Delivery Services Index,1076.8,916.9,1417.0,17.43919729523394,36.84807256235837,🟡,CERCA,251,2025-07-10 07:46:57
DJUSAG,Dow Jones U.S. Asset Managers Index,390.57,273.77,416.27,42.66354969499946,8.92751333201656,🔴,FUERTE,251,2025-07-10 07:46:57
DJUSAI,Dow Jones U.S. Electronic Equipment Index,1400.83,913.78,1411.86,53.30057563089584,17.97412814887663,🔴,FUERTE,251,2025-07-10 07:46:57
DJUSAL,Dow Jones U.S. Aluminum Index,104.47,73.62,163.19,41.90437381146427,41.67974882260596,🔴,FUERTE,251,2025-07-10 07:46:57
DJUSAM,Dow Jones U.S. Medical Equipment Index,2987.1,2553.2,3151.1,16.99436001879994,33.08550185873614,🟡,CERCA,251,2025-07-10 07:46:57
DJUSAP,Dow Jones U.S. Automobiles & Parts Index,1150.59,768.67,1748.7,49.68582096348237,56.28095797375274,🔴,FUERTE,251,2025-07-10 07:46:57
DJUSAR,Dow Jones U.S. Airlines Index,200.03,126.73,259.72,57.83950130198059,23.332308638180194,🔴,FUERTE,251,2025-07-10 07:46:57
DJUSAS,Dow Jones U.S. Aerospace Index,2830.9,1883.9,2842.7,50.26806093741706,30.83244962884409,🔴,FUERTE,251,2025-07-10 07:46:57
DJUSAT,Dow Jones U.S. Auto Parts Index,389.38,288.25,441.96,35.08412836079792,25.42759407069559,🔴,FUERTE,251,2025-07-10 07:46:57
DJUSAU,Dow Jones U.S. Automobiles Index,1034.93,666.09,1613.6,55.37389842213515,56.859042553191486,🔴,FUERTE,251,2025-07-10 07:46:57
DJUSAV,Dow Jones U.S. Media Agencies Index,490.82,346.44,702.93,41.67532617480661,26.63309924473299,🔴,FUERTE,251,2025-07-10 07:46:57
DJUSBC,Dow Jones U.S. Broadcasting & Entertainment Index,1261.1,962.0,1293.1,31.091476091476082,31.52542372881352,🔴,FUERTE,251,2025-07-10 07:46:57
DJUSBD,Dow Jones U.S. Building Materials & Fixtures Index,2395.8,1876.9,2557.1,27.64665139325484,22.43060765191302,🔴,FUERTE,251,2025-07-10 07:46:57
DJUSBE,Dow Jones U.S. Business Training & Employment Agencies Index,119.61,104.12,152.72,14.877064925086433,44.4130127298444,🟡,CERCA,251,2025-07-10 07:46:57
DJUSBK,Dow Jones U.S. Banks Index,729.34,520.01,752.87,40.25499509624816,22.946461312797936,🔴,FUERTE,251,2025-07-10 07:46:57
DJUSBS,Dow Jones U.S. Basic Resources Index,389.55,274.91,395.7,41.70092030118947,34.91379310344827,🔴,FUERTE,251,2025-07-10 07:46:57
DJUSBT,Dow Jones U.S. Biotechnology Index,2634.8,2297.4,3119.9,14.68616697135893,27.536778574122934,🟡,CERCA,251,2025-07-10 07:46:57
DJUSBV,Dow Jones U.S. Beverages Index,927.42,875.4,1070.16,5.942426319396845,42.58537161762972,🟢,OPORTUNIDAD,251,2025-07-10 07:46:57
DJUSCA,Dow Jones U.S. Gambling Index,729.93,513.6,765.15,42.12032710280372,11.915912165678051,🔴,FUERTE,251,2025-07-10 07:46:57
DJUSCC,Dow Jones U.S. Commodity Chemicals Index,756.29,647.09,855.73,16.87555054165571,35.309158530915866,🟡,CERCA,251,2025-07-10 07:46:57
DJUSCH,Dow Jones U.S. Chemicals Index,2013.09,1424.81,2023.72,41.288312125827304,8.319556290331136,🔴,FUERTE,251,2025-07-10 07:46:57
DJUSCM,Dow Jones U.S. Personal Products Index,419.54,345.1,483.97,21.57055925818603,43.83346425765903,🟡,CERCA,251,2025-07-10 07:46:57
DJUSCN,Dow Jones U.S. Construction & Materials Index,1988.86,1484.39,2065.78,33.98500394101279,21.408528451170696,🔴,FUERTE,251,2025-07-10 07:46:57
DJUSCP,Dow Jones U.S. Containers & Packaging Index,481.21,397.01,541.01,21.208533790080853,18.28127757190755,🟡,CERCA,251,2025-07-10 07:46:57
DJUSCR,Dow Jones U.S. Computer Hardware Index,10605.2,8364.8,12829.5,26.783664881407827,18.433474677974303,🔴,FUERTE,251,2025-07-10 07:46:57
DJUSCS,Dow Jones U.S. Specialized Consumer Services Index,2846.8,2537.0,3402.3,12.211273157272377,70.13687266694325,🟡,CERCA,251,2025-07-10 07:46:57
DJUSCT,Dow Jones U.S. Telecommunications Equipment Index,2310.42,1652.5,2354.08,39.81361573373677,17.279548324790113,🔴,FUERTE,251,2025-07-10 07:46:57
DJUSCX,Dow Jones U.S. Specialty Chemicals Index,1128.34,863.05,1218.81,30.73865940559643,22.94380017841206,🔴,FUERTE,251,2025-07-10 07:46:57
DJUSDB,Dow Jones U.S. Brewers Index,505.84,479.19,659.78,5.561468311108324,48.19358091077132,🟢,OPORTUNIDAD,251,2025-07-10 07:46:57
DJUSDN,Dow Jones U.S. Defense Index,747.02,598.11,775.57,24.89675812141579,41.69784543929816,🟡,CERCA,251,2025-07-10 07:46:57
DJUSDR,Dow Jones U.S. Food & Drug Retailers Index,1590.24,1152.01,1607.14,38.040468398711816,35.63644662520689,🔴,FUERTE,251,2025-07-10 07:46:57
DJUSDS,Dow Jones U.S. Industrial Suppliers Index,904.14,683.22,966.01,32.33511899534556,22.257114818449438,🔴,FUERTE,251,2025-07-10 07:46:57
DJUSDT,Dow Jones U.S. Diversified REITs Index,53.13,45.49,56.83,16.794899978017146,58.059467918622815,🟡,CERCA,251,2025-07-10 07:46:57
DJUSDV,Dow Jones U.S. Computer Services Index,299.18,209.35,304.29,42.9090040601863,42.845723421262974,🔴,FUERTE,251,2025-07-10 07:46:57
DJUSEC,Dow Jones U.S. Electrical Components & Equipment Index,939.62,562.61,942.05,67.01089564707345,18.00611216651521,🔴,FUERTE,251,2025-07-10 07:46:57
DJUSEE,Dow Jones U.S. Electronic & Electrical Equipment Index,1048.09,643.85,1051.01,62.78481012658226,16.17422312786556,🔴,FUERTE,251,2025-07-10 07:46:57
DJUSEH,Dow Jones U.S. Real Estate Holding & Development Index,57.96,49.5,72.61,17.090909090909093,46.893787575150306,🟡,CERCA,251,2025-07-10 07:46:57
DJUSEN,Dow Jones U.S. Oil & Gas Index,741.45,623.85,813.7,18.850685260880024,49.85588182309492,🟡,CERCA,251,2025-07-10 07:46:57
DJUSES,Dow Jones U.S. Real Estate Services Index,336.56,242.24,348.14,38.93659180977542,21.927338314867285,🔴,FUERTE,251,2025-07-10 07:46:57
DJUSEU,Dow Jones U.S. Electricity Index,405.12,334.87,406.65,20.97829008271867,34.503225806451624,🟡,CERCA,251,2025-07-10 07:46:57
DJUSFA,Dow Jones U.S. Financial Administration Index,612.53,501.02,685.16,22.256596543052172,39.75563909774443,🟡,CERCA,251,2025-07-10 07:46:57
DJUSFB,Dow Jones U.S. Food & Beverage Index,698.21,668.77,816.7,4.402111338726327,47.150334399534685,🟢,OPORTUNIDAD,251,2025-07-10 07:46:57
DJUSFC,Dow Jones U.S. Fixed Line Telecommunications Index,166.23,107.93,172.38,54.01649217085146,42.45391705069131,🔴,FUERTE,251,2025-07-10 07:46:57
DJUSFD,Dow Jones U.S. Food Retailers & Wholesalers Index,1290.01,957.65,1303.18,34.70579021563202,34.385298553315025,🔴,FUERTE,251,2025-07-10 07:46:57
DJUSFE,Dow Jones U.S. Industrial Machinery Index,1244.04,969.18,1325.15,28.360056955364332,19.97381437299974,🔴,FUERTE,251,2025-07-10 07:46:57
DJUSFH,Dow Jones U.S. Furnishings Index,418.52,307.4,419.08,36.14834092387768,14.348697394789639,🔴,FUERTE,251,2025-07-10 07:46:57
DJUSFI,Dow Jones U.S. Financial Services Index,2430.0,1812.0,2448.9,34.105960264900666,23.34384858044156,🔴,FUERTE,251,2025-07-10 07:46:57
DJUSFO,Dow Jones U.S. Food Producers Index,381.13,367.79,460.77,3.6270697952635946,53.512185132090934,🟢,OPORTUNIDAD,251,2025-07-10 07:46:57
DJUSFP,Dow Jones U.S. Food Products Index,542.79,529.4,667.01,2.5292784284095178,51.67843250252128,🟢,OPORTUNIDAD,251,2025-07-10 07:46:57
DJUSFT,Dow Jones U.S. Footwear Index,1587.0,1186.7,2012.4,33.73219853374905,22.76011560693638,🔴,FUERTE,251,2025-07-10 07:46:57
DJUSGF,Dow Jones U.S. Financial Services Index,2723.7,2031.0,2744.9,34.106351550960106,23.33065164923582,🔴,FUERTE,251,2025-07-10 07:46:57
DJUSGI,Dow Jones U.S. General Industrials Index,774.53,613.23,780.5,26.303344585229027,16.09526000920387,🔴,FUERTE,251,2025-07-10 07:46:57
DJUSGT,Dow Jones U.S. General Retailers Index,3446.7,2540.2,3560.4,35.68616644358712,31.609529343404986,🔴,FUERTE,251,2025-07-10 07:46:57
DJUSGU,Dow Jones U.S. Gas Distribution Index,356.02,272.07,375.77,30.856029698239418,46.84598142811405,🔴,FUERTE,251,2025-07-10 07:46:57
DJUSHB,Dow Jones U.S. Home Construction Index,2338.65,1872.38,3170.03,24.90253046924235,21.886857537081738,🟡,CERCA,251,2025-07-10 07:46:57
DJUSHC,Dow Jones U.S. Health Care Index,1436.45,1344.15,1663.54,6.866793140646502,35.53113553113549,🟢,OPORTUNIDAD,251,2025-07-10 07:46:57
DJUSHD,Dow Jones U.S. Durable Household Products Index,144.38,94.51,179.28,52.76690297323034,13.133151349711852,🔴,FUERTE,251,2025-07-10 07:46:57
DJUSHG,Dow Jones U.S. Household Goods & Home Construction Index,1058.78,999.49,1229.25,5.932025332919785,32.48182166092607,🟢,OPORTUNIDAD,251,2025-07-10 07:46:57
DJUSHI,Dow Jones U.S. Home Improvement Retailers Index,802.93,705.04,958.3,13.88431862022013,21.972015741145555,🟡,CERCA,251,2025-07-10 07:46:57
DJUSHL,Dow Jones U.S. Hotel & Lodging REITs Index,85.93,65.02,103.03,32.15933558904954,38.42105263157892,🔴,FUERTE,251,2025-07-10 07:46:57
DJUSHN,Dow Jones U.S. Nondurable Household Products Index,1246.4,1228.94,1421.48,1.4207365697267593,47.6519617808497,🟢,OPORTUNIDAD,251,2025-07-10 07:46:57
DJUSHP,Dow Jones U.S. Health Care Providers Index,2456.0,2283.3,3545.2,7.563614067358639,59.15818686401475,🟢,OPORTUNIDAD,251,2025-07-10 07:46:57
DJUSHR,Dow Jones U.S. Commercial Vehicles & Trucks Index,5257.3,3916.0,5350.0,34.2517875383044,23.98530148655415,🔴,FUERTE,251,2025-07-10 07:46:57
DJUSHV,Dow Jones U.S. Heavy Construction Index,1873.07,1138.85,1895.56,64.47029898581903,25.341069468402083,🔴,FUERTE,251,2025-07-10 07:46:57
DJUSIB,Dow Jones U.S. Insurance Brokers Index,788.25,695.38,891.38,13.355287756334667,48.13470205307961,🟡,CERCA,251,2025-07-10 07:46:57
DJUSID,Dow Jones U.S. Diversified Industrials Index,999.11,767.22,1006.45,30.22470738510466,15.767007558915154,🔴,FUERTE,251,2025-07-10 07:46:57
DJUSIG,Dow Jones U.S. Industrial Goods & Services Index,1439.37,1094.74,1442.13,31.480534190766747,20.890008396305575,🔴,FUERTE,251,2025-07-10 07:46:57
DJUSIL,Dow Jones U.S. Life Insurance Index,1227.29,1077.94,1380.29,13.855131083362702,43.563850185350915,🟡,CERCA,251,2025-07-10 07:46:57
DJUSIM,Dow Jones U.S. Industrial Metals & Mining Index,520.82,350.58,568.14,48.559529921843826,29.193533314643474,🔴,FUERTE,251,2025-07-10 07:46:57
DJUSIO,Dow Jones U.S. Industrial & Office REITs Index,97.0,79.12,119.27,22.598584428715867,50.45342126957956,🟡,CERCA,251,2025-07-10 07:46:57
DJUSIP,Dow Jones U.S. Property & Casualty Insurance Index,1912.96,1628.76,2065.57,17.44885679903731,57.68454593733402,🟡,CERCA,251,2025-07-10 07:46:57
DJUSIQ,Dow Jones U.S. Industrial Engineering Index,4348.5,3318.0,4522.4,31.057866184448464,20.857325655790106,🔴,FUERTE,251,2025-07-10 07:46:57
DJUSIR,Dow Jones U.S. Insurance Index,1340.76,1179.64,1458.0,13.65840425892644,53.668297020898166,🟡,CERCA,251,2025-07-10 07:46:57
DJUSIS,Dow Jones U.S. Support Services Index,893.08,764.29,981.89,16.85093354616704,42.66306876337577,🟡,CERCA,251,2025-07-10 07:46:57
DJUSIT,Dow Jones U.S. Industrial Transportation Index,1484.0,1243.5,1746.8,19.340570969039003,28.601694915254186,🟡,CERCA,251,2025-07-10 07:46:57
DJUSIU,Dow Jones U.S. Reinsurance Index,518.78,467.58,599.38,10.94999786132854,47.8332509474378,🟡,CERCA,251,2025-07-10 07:46:57
DJUSIV,Dow Jones U.S. Business Support Services Index,1253.62,1092.82,1443.42,14.71422558152303,52.86493101913667,🟡,CERCA,251,2025-07-10 07:46:57
DJUSIX,Dow Jones U.S. Nonlife Insurance Index,1335.98,1166.45,1458.15,14.533841999228425,55.301932367149746,🟡,CERCA,251,2025-07-10 07:46:57
DJUSLE,Dow Jones U.S. Leisure Goods Index,1042.15,700.41,1045.41,48.79142216701648,28.900551503291098,🔴,FUERTE,251,2025-07-10 07:46:57
DJUSLG,Dow Jones U.S. Hotels Index,4367.8,3245.4,4663.6,34.5843347507241,13.803680981594965,🔴,FUERTE,251,2025-07-10 07:46:57
DJUSMC,Dow Jones U.S. Health Care Equipment & Services Index,2256.0,2186.6,2559.1,3.173877252355259,48.208469055374636,🟢,OPORTUNIDAD,251,2025-07-10 07:46:57
DJUSME,Dow Jones U.S. Media Index,874.82,662.35,936.97,32.07820638635163,29.105458019825576,🔴,FUERTE,251,2025-07-10 07:46:57
DJUSMF,Dow Jones U.S. Mortgage Finance Index,11.65,9.98,12.71,16.73346693386773,44.186046511627914,🟡,CERCA,251,2025-07-10 07:46:57
DJUSMG,Dow Jones U.S. Mining Index,136.0,84.25,142.44,61.42433234421365,54.03430749682338,🔴,FUERTE,251,2025-07-10 07:46:57
DJUSMR,Dow Jones U.S. Mortgage REITs Index,30.03,24.64,32.23,21.875000000000004,31.77570093457942,🟡,CERCA,251,2025-07-10 07:46:57
DJUSMS,Dow Jones U.S. Medical Supplies Index,1738.16,1469.4,1749.93,18.29045869062202,33.257238976330584,🟡,CERCA,251,2025-07-10 07:46:57
DJUSMT,Dow Jones U.S. Marine Transportation Index,382.64,275.54,433.97,38.86912970893517,39.73164368244503,🔴,FUERTE,251,2025-07-10 07:46:57
DJUSMU,Dow Jones U.S. Multiutilities Index,269.51,231.53,286.25,16.40392173800371,43.449197860962535,🟡,CERCA,251,2025-07-10 07:46:57
DJUSNF,Dow Jones U.S. Nonferrous Metals Index,609.85,372.55,702.28,63.696148168031144,32.759147272616204,🔴,FUERTE,251,2025-07-10 07:46:57
DJUSNG,Dow Jones U.S. Personal & Household Goods Index,1046.9,909.61,1069.74,15.093281736128677,32.37832240248534,🟡,CERCA,251,2025-07-10 07:46:57
DJUSNS,Dow Jones U.S. Internet Index,5281.8,3842.4,5640.3,37.460961898813245,41.77772343807312,🔴,FUERTE,251,2025-07-10 07:46:57
DJUSOG,Dow Jones U.S. Oil & Gas Producers,846.52,707.01,918.73,19.732394166984907,50.18141986718696,🟡,CERCA,251,2025-07-10 07:46:57
DJUSOI,Dow Jones U.S. Oil Equipment & Services Index,242.15,198.86,306.45,21.769083777531925,51.020022667170366,🟡,CERCA,251,2025-07-10 07:46:57
DJUSOL,Dow Jones U.S. Integrated Oil & Gas Index,748.47,645.42,807.01,15.966347494654656,47.944177671068424,🟡,CERCA,251,2025-07-10 07:46:57
DJUSOS,Dow Jones U.S. Exploration & Production Index,1031.13,821.29,1143.44,25.55004931266668,53.29464181029423,🔴,FUERTE,251,2025-07-10 07:46:57
DJUSPB,Dow Jones U.S. Publishing Index,827.65,663.16,843.72,24.803968876289282,23.42261138295146,🟡,CERCA,251,2025-07-10 07:46:57
DJUSPC,Dow Jones U.S. Waste & Disposal Services Index,675.77,602.49,708.03,12.162857474812855,59.59151610369208,🟡,CERCA,251,2025-07-10 07:46:57
DJUSPG,Sector PG,542.22,426.49,649.12,27.1354545241389,22.57878997009435,🔴,FUERTE,251,2025-07-10 07:46:57
DJUSPL,Dow Jones U.S. Pipelines Index,1056.37,801.91,1229.95,31.731740469628754,50.110091743119305,🔴,FUERTE,251,2025-07-10 07:46:57
DJUSPM,Dow Jones U.S. Gold Mining Index,153.11,94.85,160.36,61.423299947285216,54.03954802259883,🔴,FUERTE,251,2025-07-10 07:46:57
DJUSPN,Dow Jones U.S. Pharmaceuticals & Biotechnology Index,1083.77,960.01,1277.87,12.891532379871043,31.106040851803527,🟡,CERCA,251,2025-07-10 07:46:57
DJUSPR,Dow Jones U.S. Pharmaceuticals Index,852.51,765.56,1006.37,11.35769893933853,39.893419258892095,🟡,CERCA,251,2025-07-10 07:46:57
DJUSRA,Dow Jones U.S. Apparel Retailers Index,1650.71,1490.78,1826.93,10.727941077825037,32.35603790394437,🟡,CERCA,251,2025-07-10 07:46:57
DJUSRB,Dow Jones U.S. Broadline Retailers Index,4706.7,3388.9,5034.6,38.88577414500279,38.434223875549506,🔴,FUERTE,251,2025-07-10 07:46:57
DJUSRD,Dow Jones U.S. Drug Retailers Index,1194.05,821.62,1209.83,45.328740780409426,45.523989898989875,🔴,FUERTE,251,2025-07-10 07:46:57
DJUSRE,Dow Jones U.S. Real Estate Index,361.43,311.91,396.67,15.876374595235799,49.13043478260866,🟡,CERCA,251,2025-07-10 07:46:57
DJUSRH,Dow Jones U.S. Real Estate Investment & Services,705.16,509.94,730.22,38.28293524728399,22.169869807811608,🔴,FUERTE,251,2025-07-10 07:46:57
DJUSRI,Dow Jones U.S. Real Estate Investment Trusts Index,146.14,126.8,162.95,15.25236593059936,52.659574468085204,🟡,CERCA,251,2025-07-10 07:46:57
DJUSRL,Dow Jones U.S. Retail REITs Index,95.63,83.32,106.75,14.774363898223719,46.6285714285715,🟡,CERCA,251,2025-07-10 07:46:57
DJUSRN,Dow Jones U.S. Residential REITs Index,235.75,212.75,271.87,10.81081081081081,59.66819221967961,🟡,CERCA,251,2025-07-10 07:46:57
DJUSRP,Dow Jones U.S. Recreational Products Index,366.28,305.34,511.66,19.958079517914456,25.481209899175127,🟡,CERCA,251,2025-07-10 07:46:57
DJUSRQ,Dow Jones U.S. Recreational Services Index,196.38,95.65,200.06,105.31102979613172,8.704015388314502,🔴,FUERTE,251,2025-07-10 07:46:57
DJUSRR,Dow Jones U.S. Railroads Index,3367.7,2788.9,3607.9,20.75370217648534,21.87598363235766,🟡,CERCA,251,2025-07-10 07:46:57
DJUSRS,Dow Jones U.S. Specialty Retailers Index,4818.2,2840.4,4884.3,69.63103788198845,28.412256267409504,🔴,FUERTE,251,2025-07-10 07:46:57
DJUSRT,Dow Jones U.S. Retail Index,3097.1,2288.1,3175.9,35.356846291683055,31.040268456375728,🔴,FUERTE,251,2025-07-10 07:46:57
DJUSRU,Dow Jones U.S. Restaurants & Bars Index,3147.4,2472.2,3265.8,27.311706172639767,27.28664370455408,🔴,FUERTE,251,2025-07-10 07:46:57
DJUSSB,Dow Jones U.S. Investment Services Index,2924.1,2026.7,2951.9,44.27887699215473,15.453728661275903,🔴,FUERTE,251,2025-07-10 07:46:57
DJUSSC,Dow Jones U.S. Semiconductors Index,23492.6,12938.1,23699.3,81.57689305230286,22.4018315526572,🔴,FUERTE,251,2025-07-10 07:46:57
DJUSSD,Dow Jones U.S. Soft Drinks Index,896.58,835.84,1016.29,7.266941041347627,44.15263219879867,🟢,OPORTUNIDAD,251,2025-07-10 07:46:57
DJUSSF,Dow Jones U.S. Consumer Finance Index,787.5,563.33,801.93,39.79372659009815,41.31767109295199,🔴,FUERTE,251,2025-07-10 07:46:57
DJUSSP,Dow Jones U.S. Specialty Finance Index,723.17,603.52,803.35,19.82535790031813,50.19287833827893,🟡,CERCA,251,2025-07-10 07:46:57
DJUSSR,Dow Jones U.S. Specialty REITs Index,262.56,229.18,287.27,14.564970765337288,53.62979855568229,🟡,CERCA,251,2025-07-10 07:46:57
DJUSST,Dow Jones U.S. Iron & Steel Index,588.28,416.26,642.02,41.32513333013021,24.763307384809565,🔴,FUERTE,251,2025-07-10 07:46:57
DJUSSV,Dow Jones U.S. Software & Computer Services Index,7843.8,5509.7,7874.0,42.36346806541192,32.58543320676566,🔴,FUERTE,251,2025-07-10 07:46:57
DJUSSW,Dow Jones U.S. Software Index,8422.5,5758.2,8455.5,46.26966760445973,27.01076264321256,🔴,FUERTE,251,2025-07-10 07:46:57
DJUSTB,Dow Jones U.S. Tobacco Index,1159.04,735.1,1210.02,57.67106516120255,61.0076376792175,🔴,FUERTE,251,2025-07-10 07:46:57
DJUSTC,Dow Jones U.S. Technology Index,7609.5,5115.5,7631.5,48.753787508552435,22.420283436669678,🔴,FUERTE,251,2025-07-10 07:46:57
DJUSTK,Dow Jones U.S. Trucking Index,1511.56,1244.48,2071.67,21.46117253792748,27.487328536490267,🟡,CERCA,251,2025-07-10 07:46:57
DJUSTL,Dow Jones U.S. Telecommunications Index,185.09,142.12,199.75,30.235012665353224,39.25558312655084,🔴,FUERTE,251,2025-07-10 07:46:57
DJUSTQ,Dow Jones U.S. Technology Hardware & Equipment Index,8289.8,5326.7,8319.6,55.62731146863911,16.91425592911129,🔴,FUERTE,251,2025-07-10 07:46:57
DJUSTR,Dow Jones U.S. Tires Index,8289.8,5326.7,8319.6,55.62731146863911,16.91425592911129,🔴,FUERTE,251,2025-07-10 07:46:57
DJUSTT,Dow Jones U.S. Travel & Tourism Index,1401.13,861.39,1425.35,62.659190378342004,20.541531927216468,🔴,FUERTE,251,2025-07-10 07:46:57
DJUSTY,Dow Jones U.S. Toys Index,1700.6,1033.39,1713.26,64.56516900686088,33.642955310174884,🔴,FUERTE,251,2025-07-10 07:46:57
DJUSUT,Dow Jones U.S. Utilities Index,407.14,340.0,411.37,19.747058823529407,36.86242073338851,🟡,CERCA,251,2025-07-10 07:46:57
DJUSVE,Dow Jones U.S. Conventional Electricity Index,406.12,335.82,407.64,20.93383360133405,34.49961409827631,🟡,CERCA,251,2025-07-10 07:46:57
DJUSVN,Dow Jones U.S. Distillers & Vintners Index,331.12,309.98,523.8,6.819794825472607,31.838053601976767,🟢,OPORTUNIDAD,251,2025-07-10 07:46:57
DJUSWC,Dow Jones U.S. Mobile Telecommunications Index,404.66,344.98,458.56,17.29955359730999,37.96086508753862,🟡,CERCA,251,2025-07-10 07:46:57
DJUSWU,Dow Jones U.S. Water Index,2859.5,2432.7,3135.8,17.544292350063724,47.34463276836156,🟡,CERCA,251,2025-07-10 07:46:57
