Ticker,Sector,CurrentPrice,Min52w,Max52w,DistanceFromMin,RSI,Estado,Classification,DataPoints,AnalysisDate
DJUSFR,Dow Jones U.S. Forestry & Paper Index,786.9,703.58,886.08,11.842292276642304,35.168878959127326,🟡,CERCA,251,2025-12-26 07:47:36
DJUSAE,Dow Jones U.S. Aerospace & Defense Index,2995.2,1861.2,3004.0,60.92843326885878,20.967345936656045,🔴,FUERTE,251,2025-12-26 07:47:36
DJUSAF,Dow Jones U.S. Delivery Services Index,1243.8,916.9,1315.0,35.65274293816119,13.39662447257389,🔴,FUERTE,250,2025-12-26 07:47:36
DJUSAG,Dow Jones U.S. Asset Managers Index,401.69,273.77,426.58,46.72535339883845,37.924784775713626,🔴,FUERTE,251,2025-12-26 07:47:36
DJUSAI,Dow Jones U.S. Electronic Equipment Index,1877.31,913.78,1932.6,105.44441769353674,49.667607953876924,🔴,FUERTE,251,2025-12-26 07:47:36
DJUSAL,Dow Jones U.S. Aluminum Index,183.21,73.62,185.67,148.85900570497148,18.238400603545813,🔴,FUERTE,251,2025-12-26 07:47:36
DJUSAM,Dow Jones U.S. Medical Equipment Index,3010.8,2589.3,3151.1,16.27853087707102,58.56540084388189,🟡,CERCA,251,2025-12-26 07:47:36
DJUSAP,Dow Jones U.S. Automobiles & Parts Index,1806.98,845.49,1853.16,113.71985475877892,36.92744223753544,🔴,FUERTE,251,2025-12-26 07:47:36
DJUSAR,Dow Jones U.S. Airlines Index,263.34,137.83,268.82,91.06145251396644,34.38485804416412,🔴,FUERTE,251,2025-12-26 07:47:36
DJUSAS,Dow Jones U.S. Aerospace Index,3308.8,1883.9,3315.4,75.63564945060777,20.32487309644668,🔴,FUERTE,251,2025-12-26 07:47:36
DJUSAT,Dow Jones U.S. Auto Parts Index,409.45,288.25,447.84,42.04683434518647,49.04024767801857,🔴,FUERTE,250,2025-12-26 07:47:36
DJUSAU,Dow Jones U.S. Automobiles Index,1660.62,758.25,1704.26,119.00692383778436,36.94677033492823,🔴,FUERTE,251,2025-12-26 07:47:36
DJUSAV,Dow Jones U.S. Media Agencies Index,368.72,346.44,656.63,6.431128045260372,43.5097897026831,🟢,OPORTUNIDAD,251,2025-12-26 07:47:36
DJUSBC,Dow Jones U.S. Broadcasting & Entertainment Index,1248.9,962.0,1294.9,29.823284823284833,10.495867768595204,🔴,FUERTE,251,2025-12-26 07:47:36
DJUSBD,Dow Jones U.S. Building Materials & Fixtures Index,2379.8,1876.9,2514.3,26.79418189567905,43.70659722222224,🔴,FUERTE,251,2025-12-26 07:47:36
DJUSBE,Dow Jones U.S. Business Training & Employment Agencies Index,99.08,95.19,143.02,4.086563714675912,49.86072423398331,🟢,OPORTUNIDAD,251,2025-12-26 07:47:36
DJUSBK,Dow Jones U.S. Banks Index,851.97,521.55,855.22,63.353465631291364,26.600935149420565,🔴,FUERTE,251,2025-12-26 07:47:36
DJUSBS,Dow Jones U.S. Basic Resources Index,540.77,274.91,542.98,96.70801353170127,19.658413571756142,🔴,FUERTE,250,2025-12-26 07:47:36
DJUSBT,Dow Jones U.S. Biotechnology Index,3200.2,2297.4,3252.2,39.29659615217201,45.84155624471385,🔴,FUERTE,251,2025-12-26 07:47:36
DJUSBV,Dow Jones U.S. Beverages Index,951.36,875.4,1013.26,8.67717614804661,50.30605871330418,🟢,OPORTUNIDAD,251,2025-12-26 07:47:36
DJUSCA,Dow Jones U.S. Gambling Index,668.58,513.6,786.57,30.175233644859816,35.64482703650572,🔴,FUERTE,251,2025-12-26 07:47:36
DJUSCC,Dow Jones U.S. Commodity Chemicals Index,656.66,608.9,794.88,7.843652488093282,41.088136767933506,🟢,OPORTUNIDAD,250,2025-12-26 07:47:36
DJUSCH,Dow Jones U.S. Chemicals Index,1956.64,1497.87,2050.51,30.628158651952454,31.693669074110133,🔴,FUERTE,251,2025-12-26 07:47:36
DJUSCM,Dow Jones U.S. Personal Products Index,390.12,341.42,452.45,14.263956417315912,44.134831460674114,🟡,CERCA,251,2025-12-26 07:47:36
DJUSCN,Dow Jones U.S. Construction & Materials Index,2048.4,1484.39,2140.56,37.99607919751548,49.37197657642365,🔴,FUERTE,251,2025-12-26 07:47:36
DJUSCP,Dow Jones U.S. Containers & Packaging Index,418.87,388.62,514.38,7.783953476403685,38.09523809523806,🟢,OPORTUNIDAD,251,2025-12-26 07:47:36
DJUSCR,Dow Jones U.S. Computer Hardware Index,13778.6,8364.8,14401.2,64.72121270084165,61.1463778939507,🔴,FUERTE,251,2025-12-26 07:47:36
DJUSCS,Dow Jones U.S. Specialized Consumer Services Index,2373.0,2326.4,3402.3,2.003094910591468,49.379432624113434,🟢,OPORTUNIDAD,251,2025-12-26 07:47:36
DJUSCT,Dow Jones U.S. Telecommunications Equipment Index,2744.46,1708.47,2800.11,60.63846599589105,41.426904704250774,🔴,FUERTE,250,2025-12-26 07:47:36
DJUSCX,Dow Jones U.S. Specialty Chemicals Index,1078.92,863.05,1135.86,25.01245582527086,35.18748705199906,🔴,FUERTE,251,2025-12-26 07:47:36
DJUSDB,Dow Jones U.S. Brewers Index,472.97,438.36,659.78,7.895337165799803,42.55681127719043,🟢,OPORTUNIDAD,251,2025-12-26 07:47:36
DJUSDN,Dow Jones U.S. Defense Index,792.6,598.11,850.34,32.517429904198224,26.52131467621213,🔴,FUERTE,251,2025-12-26 07:47:36
DJUSDR,Dow Jones U.S. Food & Drug Retailers Index,1615.51,1314.48,1697.13,22.9010711460045,41.95005068657268,🟡,CERCA,251,2025-12-26 07:47:36
DJUSDS,Dow Jones U.S. Industrial Suppliers Index,920.65,683.22,994.97,34.75161734141272,48.9314975927021,🔴,FUERTE,251,2025-12-26 07:47:36
DJUSDT,Dow Jones U.S. Diversified REITs Index,55.57,45.49,60.0,22.15871620136293,62.37113402061855,🟡,CERCA,251,2025-12-26 07:47:36
DJUSDV,Dow Jones U.S. Computer Services Index,303.88,231.08,312.52,31.504240955513236,46.593291404612124,🔴,FUERTE,251,2025-12-26 07:47:36
DJUSEC,Dow Jones U.S. Electrical Components & Equipment Index,1056.73,562.61,1122.04,87.82638061890118,51.06936173781763,🔴,FUERTE,251,2025-12-26 07:47:36
DJUSEE,Dow Jones U.S. Electronic & Electrical Equipment Index,1245.07,643.85,1306.8,93.37889259920787,50.691808981657175,🔴,FUERTE,251,2025-12-26 07:47:36
DJUSEH,Dow Jones U.S. Real Estate Holding & Development Index,68.56,50.8,69.58,34.96062992125986,17.632552404439025,🔴,FUERTE,185,2025-12-26 07:47:36
DJUSEN,Dow Jones U.S. Oil & Gas Index,749.04,623.85,792.27,20.067323875931702,60.35144997119266,🟡,CERCA,250,2025-12-26 07:47:36
DJUSES,Dow Jones U.S. Real Estate Services Index,346.02,268.15,392.49,29.039716576542986,47.83157894736841,🔴,FUERTE,251,2025-12-26 07:47:36
DJUSEU,Dow Jones U.S. Electricity Index,424.5,340.99,471.47,24.49045426552098,53.73612823674474,🟡,CERCA,251,2025-12-26 07:47:36
DJUSFA,Dow Jones U.S. Financial Administration Index,492.19,457.18,683.09,7.65781530250667,44.356767097082766,🟢,OPORTUNIDAD,251,2025-12-26 07:47:36
DJUSFB,Dow Jones U.S. Food & Beverage Index,694.17,668.77,770.54,3.798017255558709,51.62037037037046,🟢,OPORTUNIDAD,251,2025-12-26 07:47:36
DJUSFC,Dow Jones U.S. Fixed Line Telecommunications Index,147.09,127.84,175.95,15.057884856070086,61.01587301587295,🟡,CERCA,251,2025-12-26 07:47:36
DJUSFD,Dow Jones U.S. Food Retailers & Wholesalers Index,1176.32,1099.62,1346.72,6.97513686546262,47.127819548872175,🟢,OPORTUNIDAD,251,2025-12-26 07:47:36
DJUSFE,Dow Jones U.S. Industrial Machinery Index,1331.07,969.18,1350.05,37.33981303782579,42.88717063283535,🔴,FUERTE,250,2025-12-26 07:47:36
DJUSFH,Dow Jones U.S. Furnishings Index,483.88,319.67,509.31,51.36859886758218,51.77276921049163,🔴,FUERTE,250,2025-12-26 07:47:36
DJUSFI,Dow Jones U.S. Financial Services Index,2564.1,1907.9,2570.2,34.39383615493473,25.222551928783375,🔴,FUERTE,251,2025-12-26 07:47:36
DJUSFO,Dow Jones U.S. Food Producers Index,356.65,352.44,428.42,1.1945295653160763,54.91362220334186,🟢,OPORTUNIDAD,250,2025-12-26 07:47:36
DJUSFP,Dow Jones U.S. Food Products Index,497.94,491.28,625.15,1.3556424035173475,52.73958547096247,🟢,OPORTUNIDAD,250,2025-12-26 07:47:36
DJUSFT,Dow Jones U.S. Footwear Index,1330.7,1186.7,1942.6,12.134490604196511,62.95904887714662,🟡,CERCA,251,2025-12-26 07:47:36
DJUSGF,Dow Jones U.S. Financial Services Index,2874.1,2138.5,2880.9,34.39794248304886,25.22474881015333,🔴,FUERTE,251,2025-12-26 07:47:36
DJUSGI,Dow Jones U.S. General Industrials Index,701.19,613.23,783.86,14.343720952986649,43.29753381066032,🟡,CERCA,251,2025-12-26 07:47:36
DJUSGT,Dow Jones U.S. General Retailers Index,3435.8,2720.3,3649.5,26.30224607580046,56.045977011494195,🔴,FUERTE,251,2025-12-26 07:47:36
DJUSGU,Dow Jones U.S. Gas Distribution Index,381.66,313.15,397.36,21.87769439565705,49.897260273972606,🟡,CERCA,251,2025-12-26 07:47:36
DJUSHB,Dow Jones U.S. Home Construction Index,2396.16,1872.38,2900.07,27.9740223672545,71.15389313723094,🔴,FUERTE,251,2025-12-26 07:47:36
DJUSHC,Dow Jones U.S. Health Care Index,1657.42,1344.15,1687.44,23.306178625897402,42.12563451776644,🟡,CERCA,251,2025-12-26 07:47:36
DJUSHD,Dow Jones U.S. Durable Household Products Index,126.21,94.51,179.28,33.541424187916604,49.2298213185459,🔴,FUERTE,250,2025-12-26 07:47:36
DJUSHG,Dow Jones U.S. Household Goods & Home Construction Index,980.55,960.97,1158.74,2.0375245845343692,54.90567740770828,🟢,OPORTUNIDAD,251,2025-12-26 07:47:36
DJUSHI,Dow Jones U.S. Home Improvement Retailers Index,788.54,705.04,940.02,11.843299670940656,56.44190246839256,🟡,CERCA,251,2025-12-26 07:47:36
DJUSHL,Dow Jones U.S. Hotel & Lodging REITs Index,98.54,65.02,99.61,51.55336819440174,29.29542645241044,🔴,FUERTE,251,2025-12-26 07:47:36
DJUSHN,Dow Jones U.S. Nondurable Household Products Index,1113.4,1069.63,1420.24,4.0920692201976365,47.68954986057628,🟢,OPORTUNIDAD,251,2025-12-26 07:47:36
DJUSHP,Dow Jones U.S. Health Care Providers Index,2572.9,2106.6,3374.9,22.135194151713673,50.3173164097915,🟡,CERCA,251,2025-12-26 07:47:36
DJUSHR,Dow Jones U.S. Commercial Vehicles & Trucks Index,6373.8,3916.0,6645.0,62.76302349336058,54.13321761770449,🔴,FUERTE,251,2025-12-26 07:47:36
DJUSHV,Dow Jones U.S. Heavy Construction Index,2195.05,1138.85,2402.18,92.74267901830797,58.74404000465168,🔴,FUERTE,251,2025-12-26 07:47:36
DJUSIB,Dow Jones U.S. Insurance Brokers Index,707.78,658.66,891.38,7.457565359973279,27.902790279027954,🟢,OPORTUNIDAD,251,2025-12-26 07:47:36
DJUSID,Dow Jones U.S. Diversified Industrials Index,928.1,767.22,1017.95,20.969213524152135,50.843261643199774,🟡,CERCA,251,2025-12-26 07:47:36
DJUSIG,Dow Jones U.S. Industrial Goods & Services Index,1524.04,1094.74,1528.19,39.214790726565205,38.58998144712427,🔴,FUERTE,251,2025-12-26 07:47:36
DJUSIL,Dow Jones U.S. Life Insurance Index,1321.69,1077.94,1349.12,22.612575839100504,26.769158549465956,🟡,CERCA,251,2025-12-26 07:47:36
DJUSIM,Dow Jones U.S. Industrial Metals & Mining Index,620.63,350.58,622.94,77.02949398140225,17.384860921112633,🔴,FUERTE,251,2025-12-26 07:47:36
DJUSIO,Dow Jones U.S. Industrial & Office REITs Index,110.14,79.12,112.78,39.20626895854398,47.28155339805825,🔴,FUERTE,251,2025-12-26 07:47:36
DJUSIP,Dow Jones U.S. Property & Casualty Insurance Index,2011.62,1755.13,2065.57,14.613732316124716,20.64305109849424,🟡,CERCA,251,2025-12-26 07:47:36
DJUSIQ,Dow Jones U.S. Industrial Engineering Index,4961.0,3318.0,5103.0,49.51778179626281,49.84258492129249,🔴,FUERTE,251,2025-12-26 07:47:36
DJUSIR,Dow Jones U.S. Insurance Index,1359.17,1239.53,1458.0,9.652045533387664,20.504418627743064,🟢,OPORTUNIDAD,251,2025-12-26 07:47:36
DJUSIS,Dow Jones U.S. Support Services Index,795.72,748.64,949.87,6.288736909596074,43.781775518185334,🟢,OPORTUNIDAD,250,2025-12-26 07:47:36
DJUSIT,Dow Jones U.S. Industrial Transportation Index,1607.4,1243.5,1668.3,29.264173703256947,33.11004784688994,🔴,FUERTE,250,2025-12-26 07:47:36
DJUSIU,Dow Jones U.S. Reinsurance Index,550.92,467.58,573.95,17.823687925060945,16.610612855007318,🟡,CERCA,251,2025-12-26 07:47:36
DJUSIV,Dow Jones U.S. Business Support Services Index,1136.48,1061.45,1395.19,7.068632530971781,41.768097373478604,🟢,OPORTUNIDAD,251,2025-12-26 07:47:36
DJUSIX,Dow Jones U.S. Nonlife Insurance Index,1339.14,1215.03,1458.15,10.21456260339252,30.213815789473585,🟡,CERCA,250,2025-12-26 07:47:36
DJUSLE,Dow Jones U.S. Leisure Goods Index,1005.53,724.03,1249.95,38.87960443628027,81.52022315202234,🔴,FUERTE,251,2025-12-26 07:47:36
DJUSLG,Dow Jones U.S. Hotels Index,4743.9,3245.4,4761.0,46.17304492512478,26.02681118083281,🔴,FUERTE,251,2025-12-26 07:47:36
DJUSMC,Dow Jones U.S. Health Care Equipment & Services Index,2317.0,2083.0,2541.8,11.233797407585215,54.51877934272305,🟡,CERCA,251,2025-12-26 07:47:36
DJUSME,Dow Jones U.S. Media Index,841.23,662.35,903.98,27.006869479882234,9.713419674841376,🔴,FUERTE,251,2025-12-26 07:47:36
DJUSMF,Dow Jones U.S. Mortgage Finance Index,13.44,9.98,13.76,34.6693386773547,35.897435897435855,🔴,FUERTE,251,2025-12-26 07:47:36
DJUSMG,Dow Jones U.S. Mining Index,234.88,84.25,236.72,178.7893175074184,21.310116086235453,🔴,FUERTE,251,2025-12-26 07:47:36
DJUSMR,Dow Jones U.S. Mortgage REITs Index,32.19,24.64,32.68,30.641233766233753,44.53781512605045,🔴,FUERTE,251,2025-12-26 07:47:36
DJUSMS,Dow Jones U.S. Medical Supplies Index,1869.03,1493.05,1967.6,25.18200997957202,41.24375000000001,🔴,FUERTE,250,2025-12-26 07:47:36
DJUSMT,Dow Jones U.S. Marine Transportation Index,363.84,261.01,402.11,39.396957970958965,60.49876847290644,🔴,FUERTE,251,2025-12-26 07:47:36
DJUSMU,Dow Jones U.S. Multiutilities Index,281.95,249.55,299.75,12.983370066119004,54.493307839388166,🟡,CERCA,250,2025-12-26 07:47:36
DJUSNF,Dow Jones U.S. Nonferrous Metals Index,694.53,372.55,699.46,86.42598308951818,12.579087579087584,🔴,FUERTE,251,2025-12-26 07:47:36
DJUSNG,Dow Jones U.S. Personal & Household Goods Index,981.92,909.61,1081.16,7.949560800782747,46.79759819864898,🟢,OPORTUNIDAD,251,2025-12-26 07:47:36
DJUSNS,Dow Jones U.S. Internet Index,7140.8,3842.4,7284.5,85.84218196960232,56.72226575618491,🔴,FUERTE,251,2025-12-26 07:47:36
DJUSOG,Dow Jones U.S. Oil & Gas Producers,845.15,707.01,896.57,19.538620387264675,57.50509580105991,🟡,CERCA,251,2025-12-26 07:47:36
DJUSOI,Dow Jones U.S. Oil Equipment & Services Index,275.31,198.86,293.05,38.44413154983404,61.94915254237285,🔴,FUERTE,251,2025-12-26 07:47:36
DJUSOL,Dow Jones U.S. Integrated Oil & Gas Index,760.73,645.42,801.92,17.86588577980231,44.83595315961601,🟡,CERCA,251,2025-12-26 07:47:36
DJUSOS,Dow Jones U.S. Exploration & Production Index,1001.53,821.29,1097.99,21.945963058115893,71.06918238993711,🟡,CERCA,251,2025-12-26 07:47:36
DJUSPB,Dow Jones U.S. Publishing Index,856.94,663.16,874.35,29.220700886663863,18.290441176470395,🔴,FUERTE,251,2025-12-26 07:47:36
DJUSPC,Dow Jones U.S. Waste & Disposal Services Index,648.43,589.23,708.03,10.047010505235635,42.06279600070164,🟡,CERCA,251,2025-12-26 07:47:36
DJUSPG,Sector PG,514.69,426.49,649.12,20.68043799385684,48.30477129823693,🟡,CERCA,250,2025-12-26 07:47:36
DJUSPL,Dow Jones U.S. Pipelines Index,1019.19,925.07,1229.95,10.174365183175327,64.97347066167279,🟡,CERCA,251,2025-12-26 07:47:36
DJUSPM,Dow Jones U.S. Gold Mining Index,272.27,94.85,274.53,187.05324196099104,19.952005485087497,🔴,FUERTE,251,2025-12-26 07:47:36
DJUSPN,Dow Jones U.S. Pharmaceuticals & Biotechnology Index,1346.1,960.01,1360.66,40.21728940323538,37.339556592765504,🔴,FUERTE,251,2025-12-26 07:47:36
DJUSPR,Dow Jones U.S. Pharmaceuticals Index,1081.59,765.56,1089.83,41.28089241862166,34.969284188034194,🔴,FUERTE,250,2025-12-26 07:47:36
DJUSRA,Dow Jones U.S. Apparel Retailers Index,2097.02,1490.78,2102.53,40.665960101423416,29.111892387648908,🔴,FUERTE,251,2025-12-26 07:47:36
DJUSRB,Dow Jones U.S. Broadline Retailers Index,4861.2,3641.4,5185.7,33.49810512440269,48.51649655827202,🔴,FUERTE,250,2025-12-26 07:47:36
DJUSRD,Dow Jones U.S. Drug Retailers Index,1424.52,880.17,1533.48,61.84600702137087,37.48101746393328,🔴,FUERTE,251,2025-12-26 07:47:36
DJUSRE,Dow Jones U.S. Real Estate Index,358.95,311.91,382.25,15.081273444262756,56.439393939394,🟡,CERCA,251,2025-12-26 07:47:36
DJUSRH,Dow Jones U.S. Real Estate Investment & Services,725.67,563.1,822.79,28.87053809270111,47.832195905258956,🔴,FUERTE,251,2025-12-26 07:47:36
DJUSRI,Dow Jones U.S. Real Estate Investment Trusts Index,144.66,126.8,155.77,14.085173501577286,57.03544575725024,🟡,CERCA,250,2025-12-26 07:47:36
DJUSRL,Dow Jones U.S. Retail REITs Index,100.27,83.32,103.81,20.34325492078733,46.54970760233923,🟡,CERCA,251,2025-12-26 07:47:36
DJUSRN,Dow Jones U.S. Residential REITs Index,217.6,206.56,263.03,5.3446940356312895,43.34415584415584,🟢,OPORTUNIDAD,250,2025-12-26 07:47:36
DJUSRP,Dow Jones U.S. Recreational Products Index,281.11,277.79,429.99,1.1951474135138027,69.51292844257371,🟢,OPORTUNIDAD,250,2025-12-26 07:47:36
DJUSRQ,Dow Jones U.S. Recreational Services Index,190.85,110.98,215.97,71.96792214813479,24.685361006844786,🔴,FUERTE,251,2025-12-26 07:47:36
DJUSRR,Dow Jones U.S. Railroads Index,3534.2,2788.9,3616.1,26.72379791315571,51.72782329889567,🔴,FUERTE,250,2025-12-26 07:47:36
DJUSRS,Dow Jones U.S. Specialty Retailers Index,4015.5,3427.2,4908.8,17.165616246498605,79.51917224589162,🟡,CERCA,251,2025-12-26 07:47:36
DJUSRT,Dow Jones U.S. Retail Index,3090.0,2453.4,3267.5,25.947664465639512,54.18666666666662,🔴,FUERTE,250,2025-12-26 07:47:36
DJUSRU,Dow Jones U.S. Restaurants & Bars Index,2948.9,2686.2,3265.8,9.779614325068883,37.553577316188566,🟢,OPORTUNIDAD,251,2025-12-26 07:47:36
DJUSSB,Dow Jones U.S. Investment Services Index,3150.6,2060.8,3157.6,52.882375776397495,30.142566191446022,🔴,FUERTE,250,2025-12-26 07:47:36
DJUSSC,Dow Jones U.S. Semiconductors Index,28713.1,12938.1,31044.1,121.92671257758091,48.9912971658433,🔴,FUERTE,250,2025-12-26 07:47:36
DJUSSD,Dow Jones U.S. Soft Drinks Index,929.95,835.84,972.52,11.259331929555898,49.403217436429635,🟡,CERCA,251,2025-12-26 07:47:36
DJUSSF,Dow Jones U.S. Consumer Finance Index,829.69,619.26,832.42,33.98088040564546,21.659036407237863,🔴,FUERTE,250,2025-12-26 07:47:36
DJUSSP,Dow Jones U.S. Specialty Finance Index,752.88,671.1,803.35,12.185963343763966,48.33895665715031,🟡,CERCA,250,2025-12-26 07:47:36
DJUSSR,Dow Jones U.S. Specialty REITs Index,249.46,229.18,273.52,8.84893969805393,71.68674698795174,🟢,OPORTUNIDAD,251,2025-12-26 07:47:36
DJUSST,Dow Jones U.S. Iron & Steel Index,694.05,416.26,697.28,66.7347330995051,28.3433388683101,🔴,FUERTE,251,2025-12-26 07:47:36
DJUSSV,Dow Jones U.S. Software & Computer Services Index,8606.4,5509.7,8975.6,56.204512042397944,48.49017239486109,🔴,FUERTE,250,2025-12-26 07:47:36
DJUSSW,Dow Jones U.S. Software Index,8081.1,5758.2,9040.0,40.340731478587074,50.65194408551623,🔴,FUERTE,251,2025-12-26 07:47:36
DJUSTB,Dow Jones U.S. Tobacco Index,1091.58,824.94,1210.02,32.32235071641572,18.591101694915352,🔴,FUERTE,250,2025-12-26 07:47:36
DJUSTC,Dow Jones U.S. Technology Index,8912.6,5115.5,9259.3,74.22734825530252,52.61569416498988,🔴,FUERTE,251,2025-12-26 07:47:36
DJUSTK,Dow Jones U.S. Trucking Index,1601.7,1244.48,1858.35,28.70435844690152,42.10699048244175,🔴,FUERTE,251,2025-12-26 07:47:36
DJUSTL,Dow Jones U.S. Telecommunications Index,166.67,155.76,199.75,7.004365690806368,64.03607666290873,🟢,OPORTUNIDAD,250,2025-12-26 07:47:36
DJUSTQ,Dow Jones U.S. Technology Hardware & Equipment Index,10316.5,5326.7,10826.1,93.67525860288734,50.88196993015269,🔴,FUERTE,250,2025-12-26 07:47:36
DJUSTR,Dow Jones U.S. Tires Index,10316.5,5326.7,10826.1,93.67525860288734,50.88196993015269,🔴,FUERTE,250,2025-12-26 07:47:36
DJUSTT,Dow Jones U.S. Travel & Tourism Index,1333.42,957.74,1432.9,39.22567711487461,46.81920074205764,🔴,FUERTE,250,2025-12-26 07:47:36
DJUSTY,Dow Jones U.S. Toys Index,1667.06,1149.53,2066.13,45.02100858611781,80.19566367001605,🔴,FUERTE,251,2025-12-26 07:47:36
DJUSUT,Dow Jones U.S. Utilities Index,425.82,353.79,466.02,20.359535317561257,52.87389190734915,🟡,CERCA,251,2025-12-26 07:47:36
DJUSVE,Dow Jones U.S. Conventional Electricity Index,425.57,341.92,472.89,24.464787084698166,53.721444362564526,🟡,CERCA,251,2025-12-26 07:47:36
DJUSVN,Dow Jones U.S. Distillers & Vintners Index,282.8,260.67,447.07,8.489661257528674,59.49756888168555,🟢,OPORTUNIDAD,251,2025-12-26 07:47:36
DJUSWC,Dow Jones U.S. Mobile Telecommunications Index,368.96,360.57,458.56,2.326871342596441,68.57493857493856,🟢,OPORTUNIDAD,251,2025-12-26 07:47:36
DJUSWU,Dow Jones U.S. Water Index,2729.6,2432.7,3135.8,12.204546388786127,43.15937940761634,🟡,CERCA,250,2025-12-26 07:47:36
