Ticker,Sector,CurrentPrice,Min52w,Max52w,DistanceFromMin,RSI,Estado,Classification,DataPoints,AnalysisDate
DJUSFR,Dow Jones U.S. Forestry & Paper Index,811.83,703.58,952.75,15.385599363256489,70.48034934497815,🟡,CERCA,250,2025-08-04 07:54:34
DJUSAE,Dow Jones U.S. Aerospace & Defense Index,2719.5,1861.2,2775.1,46.115409413281746,43.947007766103226,🔴,FUERTE,250,2025-08-04 07:54:34
DJUSAF,Dow Jones U.S. Delivery Services Index,968.9,916.9,1383.0,5.67128367324681,69.0065681444992,🟢,OPORTUNIDAD,250,2025-08-04 07:54:34
DJUSAG,Dow Jones U.S. Asset Managers Index,399.29,273.77,416.71,45.848705117434356,48.073163920692515,🔴,FUERTE,250,2025-08-04 07:54:34
DJUSAI,Dow Jones U.S. Electronic Equipment Index,1495.46,913.78,1549.48,63.65645997942613,29.27840752004424,🔴,FUERTE,250,2025-08-04 07:54:34
DJUSAL,Dow Jones U.S. Aluminum Index,97.02,73.62,163.19,31.784841075794606,58.07548452907175,🔴,FUERTE,250,2025-08-04 07:54:34
DJUSAM,Dow Jones U.S. Medical Equipment Index,2899.4,2581.7,3151.1,12.30584498586204,61.25984251968501,🟡,CERCA,250,2025-08-04 07:54:34
DJUSAP,Dow Jones U.S. Automobiles & Parts Index,1165.49,768.67,1748.7,51.624234066634585,57.45615277817127,🔴,FUERTE,250,2025-08-04 07:54:34
DJUSAR,Dow Jones U.S. Airlines Index,203.53,126.73,259.72,60.60127830821431,70.67833698030634,🔴,FUERTE,250,2025-08-04 07:54:34
DJUSAS,Dow Jones U.S. Aerospace Index,2945.1,1883.9,3039.2,56.329953819204825,44.129263913824104,🔴,FUERTE,250,2025-08-04 07:54:34
DJUSAT,Dow Jones U.S. Auto Parts Index,381.69,288.25,418.83,32.4163052905464,54.45140212360469,🔴,FUERTE,250,2025-08-04 07:54:34
DJUSAU,Dow Jones U.S. Automobiles Index,1050.51,666.09,1613.6,57.71292167725082,57.43673272403702,🔴,FUERTE,250,2025-08-04 07:54:34
DJUSAV,Dow Jones U.S. Media Agencies Index,521.69,346.44,702.93,50.58596005080247,31.662548535121715,🔴,FUERTE,250,2025-08-04 07:54:34
DJUSBC,Dow Jones U.S. Broadcasting & Entertainment Index,1179.4,962.0,1294.9,22.598752598752608,72.93553542887587,🟡,CERCA,250,2025-08-04 07:54:34
DJUSBD,Dow Jones U.S. Building Materials & Fixtures Index,2368.0,1876.9,2557.1,26.165485641216897,52.877906976744214,🔴,FUERTE,250,2025-08-04 07:54:34
DJUSBE,Dow Jones U.S. Business Training & Employment Agencies Index,111.32,104.12,152.72,6.915097963887811,56.040892193308565,🟢,OPORTUNIDAD,250,2025-08-04 07:54:34
DJUSBK,Dow Jones U.S. Banks Index,720.16,520.01,761.58,38.489644429914804,61.042697663712794,🔴,FUERTE,250,2025-08-04 07:54:34
DJUSBS,Dow Jones U.S. Basic Resources Index,377.31,274.91,404.44,37.24855407224182,60.090594826558586,🔴,FUERTE,250,2025-08-04 07:54:34
DJUSBT,Dow Jones U.S. Biotechnology Index,2664.5,2297.4,3119.9,15.97893270653782,45.948221427067985,🟡,CERCA,250,2025-08-04 07:54:34
DJUSBV,Dow Jones U.S. Beverages Index,931.33,875.4,1070.16,6.3890792780443295,48.714275970261205,🟢,OPORTUNIDAD,250,2025-08-04 07:54:34
DJUSCA,Dow Jones U.S. Gambling Index,739.94,513.6,765.64,44.06931464174455,51.8853336505293,🔴,FUERTE,250,2025-08-04 07:54:34
DJUSCC,Dow Jones U.S. Commodity Chemicals Index,715.6,647.09,855.73,10.58739897077686,66.72872065363532,🟡,CERCA,250,2025-08-04 07:54:34
DJUSCH,Dow Jones U.S. Chemicals Index,1928.89,1424.81,2050.51,35.3787522546866,72.78770429333558,🔴,FUERTE,250,2025-08-04 07:54:34
DJUSCM,Dow Jones U.S. Personal Products Index,434.67,345.1,483.97,25.954795711388,48.33066044612915,🔴,FUERTE,250,2025-08-04 07:54:34
DJUSCN,Dow Jones U.S. Construction & Materials Index,1993.67,1484.39,2096.84,34.3090427717783,49.13561540050968,🔴,FUERTE,250,2025-08-04 07:54:34
DJUSCP,Dow Jones U.S. Containers & Packaging Index,445.71,397.01,541.01,12.266693534167903,69.50036381275773,🟡,CERCA,250,2025-08-04 07:54:34
DJUSCR,Dow Jones U.S. Computer Hardware Index,10208.2,8364.8,12829.5,22.03758607498089,65.27777777777784,🟡,CERCA,250,2025-08-04 07:54:34
DJUSCS,Dow Jones U.S. Specialized Consumer Services Index,2744.6,2537.0,3402.3,8.182893180922346,63.831544178365,🟢,OPORTUNIDAD,250,2025-08-04 07:54:34
DJUSCT,Dow Jones U.S. Telecommunications Equipment Index,2347.93,1652.5,2432.29,42.08350983358547,37.700734744159476,🔴,FUERTE,250,2025-08-04 07:54:34
DJUSCX,Dow Jones U.S. Specialty Chemicals Index,1047.74,863.05,1218.81,21.399687156016462,72.68243145219792,🟡,CERCA,250,2025-08-04 07:54:34
DJUSDB,Dow Jones U.S. Brewers Index,492.16,479.19,659.78,2.706650806569425,56.223383662408025,🟢,OPORTUNIDAD,250,2025-08-04 07:54:34
DJUSDN,Dow Jones U.S. Defense Index,756.27,598.11,775.57,26.443296383608363,45.75857864483539,🔴,FUERTE,250,2025-08-04 07:54:34
DJUSDR,Dow Jones U.S. Food & Drug Retailers Index,1584.45,1207.25,1615.62,31.244564091944504,58.9347493764583,🔴,FUERTE,250,2025-08-04 07:54:34
DJUSDS,Dow Jones U.S. Industrial Suppliers Index,912.8,683.22,966.01,33.602646292555825,49.83868489783379,🔴,FUERTE,250,2025-08-04 07:54:34
DJUSDT,Dow Jones U.S. Diversified REITs Index,55.87,45.49,57.29,22.818201802593965,42.38488783943329,🟡,CERCA,250,2025-08-04 07:54:34
DJUSDV,Dow Jones U.S. Computer Services Index,258.11,219.72,304.29,17.4722373930457,87.78752667773303,🟡,CERCA,250,2025-08-04 07:54:34
DJUSEC,Dow Jones U.S. Electrical Components & Equipment Index,1019.83,562.61,1055.56,81.26766321252732,25.56711691333288,🔴,FUERTE,250,2025-08-04 07:54:34
DJUSEE,Dow Jones U.S. Electronic & Electrical Equipment Index,1132.07,643.85,1171.37,75.82822085889569,23.867464081941392,🔴,FUERTE,250,2025-08-04 07:54:34
DJUSEH,Dow Jones U.S. Real Estate Holding & Development Index,55.96,49.5,72.61,13.050505050505052,62.76824034334765,🟡,CERCA,250,2025-08-04 07:54:34
DJUSEN,Dow Jones U.S. Oil & Gas Index,721.41,623.85,813.7,15.638374609281067,60.38354531001589,🟡,CERCA,250,2025-08-04 07:54:34
DJUSES,Dow Jones U.S. Real Estate Services Index,368.28,259.71,379.35,41.80432020330368,26.827994428969404,🔴,FUERTE,250,2025-08-04 07:54:34
DJUSEU,Dow Jones U.S. Electricity Index,423.2,340.99,425.87,24.109211413824447,33.1310679611651,🟡,CERCA,250,2025-08-04 07:54:34
DJUSFA,Dow Jones U.S. Financial Administration Index,577.26,517.54,685.16,11.539204699153695,64.59945380063718,🟡,CERCA,250,2025-08-04 07:54:34
DJUSFB,Dow Jones U.S. Food & Beverage Index,698.07,668.77,816.7,4.3811773853492335,50.68795822034749,🟢,OPORTUNIDAD,250,2025-08-04 07:54:34
DJUSFC,Dow Jones U.S. Fixed Line Telecommunications Index,164.25,111.04,172.38,47.91966858789625,38.09864188706218,🔴,FUERTE,250,2025-08-04 07:54:34
DJUSFD,Dow Jones U.S. Food Retailers & Wholesalers Index,1313.58,999.87,1346.72,31.37507876023882,52.771140060124914,🔴,FUERTE,250,2025-08-04 07:54:34
DJUSFE,Dow Jones U.S. Industrial Machinery Index,1203.73,969.18,1325.15,24.20087083926619,61.166455352291294,🟡,CERCA,250,2025-08-04 07:54:34
DJUSFH,Dow Jones U.S. Furnishings Index,417.15,319.67,435.22,30.493946882722796,46.12376030171815,🔴,FUERTE,250,2025-08-04 07:54:34
DJUSFI,Dow Jones U.S. Financial Services Index,2402.9,1812.0,2486.0,32.610375275938196,56.93069306930686,🔴,FUERTE,250,2025-08-04 07:54:34
DJUSFO,Dow Jones U.S. Food Producers Index,377.95,367.79,460.77,2.7624459610103504,54.66117558966681,🟢,OPORTUNIDAD,250,2025-08-04 07:54:34
DJUSFP,Dow Jones U.S. Food Products Index,539.93,529.4,667.01,1.989044200982239,53.49637896236502,🟢,OPORTUNIDAD,250,2025-08-04 07:54:34
DJUSFT,Dow Jones U.S. Footwear Index,1594.6,1186.7,2012.4,34.372629982303856,43.502493399824004,🔴,FUERTE,250,2025-08-04 07:54:34
DJUSGF,Dow Jones U.S. Financial Services Index,2693.4,2031.0,2786.5,32.61447562776957,56.930494174367205,🔴,FUERTE,250,2025-08-04 07:54:34
DJUSGI,Dow Jones U.S. General Industrials Index,713.12,613.23,783.86,16.28915741239013,76.50570676031612,🟡,CERCA,250,2025-08-04 07:54:34
DJUSGT,Dow Jones U.S. General Retailers Index,3359.4,2540.2,3560.4,32.24942917880483,64.69495199752242,🔴,FUERTE,250,2025-08-04 07:54:34
DJUSGU,Dow Jones U.S. Gas Distribution Index,362.57,290.01,375.77,25.019826902520602,48.81299458558936,🔴,FUERTE,250,2025-08-04 07:54:34
DJUSHB,Dow Jones U.S. Home Construction Index,2411.63,1872.38,3170.03,28.800243540306987,42.03306725816104,🔴,FUERTE,250,2025-08-04 07:54:34
DJUSHC,Dow Jones U.S. Health Care Index,1390.58,1344.15,1663.54,3.454227578767238,59.540197593294955,🟢,OPORTUNIDAD,250,2025-08-04 07:54:34
DJUSHD,Dow Jones U.S. Durable Household Products Index,129.4,94.51,179.28,36.91672838853031,66.4771484802099,🔴,FUERTE,250,2025-08-04 07:54:34
DJUSHG,Dow Jones U.S. Household Goods & Home Construction Index,1025.7,999.49,1229.25,2.6223373920699595,53.7357142857143,🟢,OPORTUNIDAD,250,2025-08-04 07:54:34
DJUSHI,Dow Jones U.S. Home Improvement Retailers Index,810.57,705.04,958.3,14.967945081130162,44.930449465305145,🟡,CERCA,250,2025-08-04 07:54:34
DJUSHL,Dow Jones U.S. Hotel & Lodging REITs Index,82.63,65.02,103.03,27.08397416179637,70.0934579439253,🔴,FUERTE,250,2025-08-04 07:54:34
DJUSHN,Dow Jones U.S. Nondurable Household Products Index,1188.94,1180.41,1421.48,0.7226302725324228,60.83313939958106,🟢,OPORTUNIDAD,250,2025-08-04 07:54:34
DJUSHP,Dow Jones U.S. Health Care Providers Index,2120.4,2106.6,3545.2,0.6550840216462633,75.48885077186966,🟢,OPORTUNIDAD,250,2025-08-04 07:54:34
DJUSHR,Dow Jones U.S. Commercial Vehicles & Trucks Index,5324.6,3916.0,5506.5,35.970377936670076,45.30553370049827,🔴,FUERTE,250,2025-08-04 07:54:34
DJUSHV,Dow Jones U.S. Heavy Construction Index,1978.5,1138.85,2114.89,73.72788339114021,39.68897903989183,🔴,FUERTE,250,2025-08-04 07:54:34
DJUSIB,Dow Jones U.S. Insurance Brokers Index,737.07,729.23,891.38,1.0751066193107843,72.69863493174657,🟢,OPORTUNIDAD,250,2025-08-04 07:54:34
DJUSID,Dow Jones U.S. Diversified Industrials Index,916.06,767.22,1017.95,19.39991136831677,77.67435847715086,🟡,CERCA,250,2025-08-04 07:54:34
DJUSIG,Dow Jones U.S. Industrial Goods & Services Index,1434.18,1094.74,1484.13,31.0064490198586,53.08206597604873,🔴,FUERTE,250,2025-08-04 07:54:34
DJUSIL,Dow Jones U.S. Life Insurance Index,1179.53,1077.94,1380.29,9.424457762027563,61.47752394988943,🟢,OPORTUNIDAD,250,2025-08-04 07:54:34
DJUSIM,Dow Jones U.S. Industrial Metals & Mining Index,477.34,350.58,568.14,36.15722516971875,68.07006002795825,🔴,FUERTE,250,2025-08-04 07:54:34
DJUSIO,Dow Jones U.S. Industrial & Office REITs Index,95.0,79.12,119.27,20.07077856420626,61.27320954907161,🟡,CERCA,250,2025-08-04 07:54:34
DJUSIP,Dow Jones U.S. Property & Casualty Insurance Index,1869.64,1673.43,2065.57,11.725019869370099,59.104046242774544,🟡,CERCA,250,2025-08-04 07:54:34
DJUSIQ,Dow Jones U.S. Industrial Engineering Index,4305.3,3318.0,4522.4,29.755877034358054,52.99476969799224,🔴,FUERTE,250,2025-08-04 07:54:34
DJUSIR,Dow Jones U.S. Insurance Index,1290.97,1203.09,1458.0,7.304524183560675,64.98229610514316,🟢,OPORTUNIDAD,250,2025-08-04 07:54:34
DJUSIS,Dow Jones U.S. Support Services Index,854.11,764.29,981.89,11.752083633175896,64.79229989868281,🟡,CERCA,250,2025-08-04 07:54:34
DJUSIT,Dow Jones U.S. Industrial Transportation Index,1395.9,1243.5,1746.8,12.255729794933663,67.01208981001724,🟡,CERCA,250,2025-08-04 07:54:34
DJUSIU,Dow Jones U.S. Reinsurance Index,499.05,467.58,599.38,6.730399076093936,62.07091237579037,🟢,OPORTUNIDAD,250,2025-08-04 07:54:34
DJUSIV,Dow Jones U.S. Business Support Services Index,1165.43,1092.82,1443.42,6.6442781061840135,68.17962628089215,🟢,OPORTUNIDAD,250,2025-08-04 07:54:34
DJUSIX,Dow Jones U.S. Nonlife Insurance Index,1286.81,1200.02,1458.15,7.232379460342325,65.34914361001319,🟢,OPORTUNIDAD,250,2025-08-04 07:54:34
DJUSLE,Dow Jones U.S. Leisure Goods Index,1080.76,701.73,1171.82,54.01365197440611,42.0733153127519,🔴,FUERTE,250,2025-08-04 07:54:34
DJUSLG,Dow Jones U.S. Hotels Index,4097.9,3245.4,4663.6,26.267948480926833,76.58492822966514,🔴,FUERTE,250,2025-08-04 07:54:34
DJUSMC,Dow Jones U.S. Health Care Equipment & Services Index,2091.5,2083.0,2559.1,0.40806529044647144,71.73513182096877,🟢,OPORTUNIDAD,250,2025-08-04 07:54:34
DJUSME,Dow Jones U.S. Media Index,833.72,662.35,936.97,25.87302785536348,68.88506241928542,🔴,FUERTE,250,2025-08-04 07:54:34
DJUSMF,Dow Jones U.S. Mortgage Finance Index,11.68,9.98,12.71,17.034068136272538,41.23711340206185,🟡,CERCA,250,2025-08-04 07:54:34
DJUSMG,Dow Jones U.S. Mining Index,142.7,84.25,149.74,69.37685459940651,46.57749803304485,🔴,FUERTE,250,2025-08-04 07:54:34
DJUSMR,Dow Jones U.S. Mortgage REITs Index,30.18,24.64,32.23,22.483766233766232,45.40059347181011,🟡,CERCA,250,2025-08-04 07:54:34
DJUSMS,Dow Jones U.S. Medical Supplies Index,1614.29,1469.4,1749.93,9.860487273717155,70.28269754768397,🟢,OPORTUNIDAD,250,2025-08-04 07:54:34
DJUSMT,Dow Jones U.S. Marine Transportation Index,313.48,275.54,433.97,13.769325687740436,76.71747128162775,🟡,CERCA,250,2025-08-04 07:54:34
DJUSMU,Dow Jones U.S. Multiutilities Index,287.84,246.01,289.81,17.003373846591597,25.766491173738004,🟡,CERCA,250,2025-08-04 07:54:34
DJUSNF,Dow Jones U.S. Nonferrous Metals Index,535.48,372.55,702.28,43.73372701650785,73.216388768363,🔴,FUERTE,250,2025-08-04 07:54:34
DJUSNG,Dow Jones U.S. Personal & Household Goods Index,1024.34,909.61,1069.74,12.61309792108705,61.65653055314234,🟡,CERCA,250,2025-08-04 07:54:34
DJUSNS,Dow Jones U.S. Internet Index,5512.5,3842.4,5711.5,43.46502186133666,32.20832619496312,🔴,FUERTE,250,2025-08-04 07:54:34
DJUSOG,Dow Jones U.S. Oil & Gas Producers,815.88,707.01,914.32,15.398650655577715,62.540192926044995,🟡,CERCA,250,2025-08-04 07:54:34
DJUSOI,Dow Jones U.S. Oil Equipment & Services Index,238.07,198.86,294.15,19.71738911797243,52.87336836751992,🟡,CERCA,250,2025-08-04 07:54:34
DJUSOL,Dow Jones U.S. Integrated Oil & Gas Index,727.02,645.42,807.01,12.642930184995821,60.27049873203724,🟡,CERCA,250,2025-08-04 07:54:34
DJUSOS,Dow Jones U.S. Exploration & Production Index,981.48,821.29,1123.35,19.5046816593408,64.73819541841983,🟡,CERCA,250,2025-08-04 07:54:34
DJUSPB,Dow Jones U.S. Publishing Index,800.66,663.16,852.97,20.7340611617106,76.96198651134269,🟡,CERCA,250,2025-08-04 07:54:34
DJUSPC,Dow Jones U.S. Waste & Disposal Services Index,675.47,609.51,708.03,10.821807681580292,55.63740791609437,🟡,CERCA,250,2025-08-04 07:54:34
DJUSPG,Sector PG,541.53,426.49,649.12,26.97366878473117,50.19612000424044,🔴,FUERTE,250,2025-08-04 07:54:34
DJUSPL,Dow Jones U.S. Pipelines Index,1061.19,801.91,1229.95,32.33280542704295,53.858388312912325,🔴,FUERTE,250,2025-08-04 07:54:34
DJUSPM,Dow Jones U.S. Gold Mining Index,160.64,94.85,168.57,69.36215076436478,46.58269185910897,🔴,FUERTE,250,2025-08-04 07:54:34
DJUSPN,Dow Jones U.S. Pharmaceuticals & Biotechnology Index,1080.05,960.01,1277.87,12.504036416287326,51.182914019906974,🟡,CERCA,250,2025-08-04 07:54:34
DJUSPR,Dow Jones U.S. Pharmaceuticals Index,837.31,765.56,1006.37,9.372224254140761,55.438343234689924,🟢,OPORTUNIDAD,250,2025-08-04 07:54:34
DJUSRA,Dow Jones U.S. Apparel Retailers Index,1674.36,1490.78,1826.93,12.314358926199704,37.66126168777379,🟡,CERCA,250,2025-08-04 07:54:34
DJUSRB,Dow Jones U.S. Broadline Retailers Index,4599.3,3388.9,5034.6,35.716604207855056,61.54320036962881,🔴,FUERTE,250,2025-08-04 07:54:34
DJUSRD,Dow Jones U.S. Drug Retailers Index,1146.36,838.78,1209.83,36.669925367796075,66.83188347157605,🔴,FUERTE,250,2025-08-04 07:54:34
DJUSRE,Dow Jones U.S. Real Estate Index,360.69,311.91,396.67,15.639126671155132,55.397335783187856,🟡,CERCA,250,2025-08-04 07:54:34
DJUSRH,Dow Jones U.S. Real Estate Investment & Services,769.79,545.51,793.19,41.113820094957006,27.418546365914864,🔴,FUERTE,250,2025-08-04 07:54:34
DJUSRI,Dow Jones U.S. Real Estate Investment Trusts Index,144.64,126.8,162.95,14.069400630914819,58.719268153230445,🟡,CERCA,250,2025-08-04 07:54:34
DJUSRL,Dow Jones U.S. Retail REITs Index,94.88,83.32,106.75,13.874219875180033,60.07067137809186,🟡,CERCA,250,2025-08-04 07:54:34
DJUSRN,Dow Jones U.S. Residential REITs Index,222.06,212.75,271.87,4.37602820211516,67.47285291214217,🟢,OPORTUNIDAD,250,2025-08-04 07:54:34
DJUSRP,Dow Jones U.S. Recreational Products Index,364.32,305.34,496.77,19.31617213597957,47.85544579217206,🟡,CERCA,250,2025-08-04 07:54:34
DJUSRQ,Dow Jones U.S. Recreational Services Index,190.71,95.65,208.22,99.38316779926815,66.22940817571688,🔴,FUERTE,250,2025-08-04 07:54:34
DJUSRR,Dow Jones U.S. Railroads Index,3320.1,2788.9,3607.9,19.046936067983786,54.82617586912068,🟡,CERCA,250,2025-08-04 07:54:34
DJUSRS,Dow Jones U.S. Specialty Retailers Index,4517.0,2840.4,4884.3,59.02689762005351,72.83236994219652,🔴,FUERTE,250,2025-08-04 07:54:34
DJUSRT,Dow Jones U.S. Retail Index,3022.2,2288.1,3175.9,32.08338796381277,65.45184083302351,🔴,FUERTE,250,2025-08-04 07:54:34
DJUSRU,Dow Jones U.S. Restaurants & Bars Index,3023.4,2569.7,3265.8,17.655757481418078,65.45362648471067,🟡,CERCA,250,2025-08-04 07:54:34
DJUSSB,Dow Jones U.S. Investment Services Index,2940.0,2026.7,3049.8,45.06340356244141,52.93614595210944,🔴,FUERTE,250,2025-08-04 07:54:34
DJUSSC,Dow Jones U.S. Semiconductors Index,24303.0,12938.1,25477.5,87.84056391587636,41.02402176289136,🔴,FUERTE,250,2025-08-04 07:54:34
DJUSSD,Dow Jones U.S. Soft Drinks Index,901.59,835.84,1016.29,7.866338055130168,48.68477179013222,🟢,OPORTUNIDAD,250,2025-08-04 07:54:34
DJUSSF,Dow Jones U.S. Consumer Finance Index,756.71,563.33,801.93,34.32801377522944,64.56766917293231,🔴,FUERTE,250,2025-08-04 07:54:34
DJUSSP,Dow Jones U.S. Specialty Finance Index,711.08,603.52,803.35,17.822110286320264,57.72197603807646,🟡,CERCA,250,2025-08-04 07:54:34
DJUSSR,Dow Jones U.S. Specialty REITs Index,263.07,229.18,287.27,14.787503272536865,52.84941101560017,🟡,CERCA,250,2025-08-04 07:54:34
DJUSST,Dow Jones U.S. Iron & Steel Index,557.33,416.26,642.02,33.88987651948303,62.339600119367326,🔴,FUERTE,250,2025-08-04 07:54:34
DJUSSV,Dow Jones U.S. Software & Computer Services Index,7979.1,5509.7,8349.7,44.819137158103,35.779391317781545,🔴,FUERTE,250,2025-08-04 07:54:34
DJUSSW,Dow Jones U.S. Software Index,8514.1,5758.2,8972.9,47.86044249939218,37.68233387358187,🔴,FUERTE,250,2025-08-04 07:54:34
DJUSTB,Dow Jones U.S. Tobacco Index,1107.67,801.68,1210.02,38.16859594850815,65.17150395778359,🔴,FUERTE,250,2025-08-04 07:54:34
DJUSTC,Dow Jones U.S. Technology Index,7717.4,5115.5,8052.7,50.86306323917504,39.55268688081659,🔴,FUERTE,250,2025-08-04 07:54:34
DJUSTK,Dow Jones U.S. Trucking Index,1336.19,1244.48,2071.67,7.369343018770895,74.30500153421293,🟢,OPORTUNIDAD,250,2025-08-04 07:54:34
DJUSTL,Dow Jones U.S. Telecommunications Index,185.44,146.89,199.75,26.244128259241617,35.498320268756984,🔴,FUERTE,250,2025-08-04 07:54:34
DJUSTQ,Dow Jones U.S. Technology Hardware & Equipment Index,8382.5,5326.7,8744.8,57.36760095368615,44.726712856043086,🔴,FUERTE,250,2025-08-04 07:54:34
DJUSTR,Dow Jones U.S. Tires Index,8382.5,5326.7,8744.8,57.36760095368615,44.726712856043086,🔴,FUERTE,250,2025-08-04 07:54:34
DJUSTT,Dow Jones U.S. Travel & Tourism Index,1303.22,861.39,1425.35,51.29267811328203,81.954084356647,🔴,FUERTE,250,2025-08-04 07:54:34
DJUSTY,Dow Jones U.S. Toys Index,1772.05,1033.39,1934.76,71.47930597354336,42.601964124661805,🔴,FUERTE,250,2025-08-04 07:54:34
DJUSUT,Dow Jones U.S. Utilities Index,426.92,353.79,429.13,20.670454224257327,30.153846153846118,🟡,CERCA,250,2025-08-04 07:54:34
DJUSVE,Dow Jones U.S. Conventional Electricity Index,424.31,341.92,426.99,24.096279831539537,33.09143686502176,🟡,CERCA,250,2025-08-04 07:54:34
DJUSVN,Dow Jones U.S. Distillers & Vintners Index,327.47,309.98,523.8,5.642299503193756,47.44494026198358,🟢,OPORTUNIDAD,250,2025-08-04 07:54:34
DJUSWC,Dow Jones U.S. Mobile Telecommunications Index,409.5,356.42,458.56,14.892542506032205,36.6045142296369,🟡,CERCA,250,2025-08-04 07:54:34
DJUSWU,Dow Jones U.S. Water Index,2934.6,2432.7,3135.8,20.631397212973248,44.98567335243553,🟡,CERCA,250,2025-08-04 07:54:34
