Ticker,Sector,CurrentPrice,Min52w,Max52w,DistanceFromMin,RSI,Estado,Classification,DataPoints,AnalysisDate
DJUSFR,Dow Jones U.S. Forestry & Paper Index,821.31,703.58,952.75,16.732994115807713,62.69731376350049,🟡,CERCA,251,2025-08-07 07:51:46
DJUSAE,Dow Jones U.S. Aerospace & Defense Index,2735.1,1861.2,2775.1,46.95357833655705,42.615319509098605,🔴,FUERTE,251,2025-08-07 07:51:46
DJUSAF,Dow Jones U.S. Delivery Services Index,1000.0,916.9,1383.0,9.063147562438655,59.351145038167935,🟢,OPORTUNIDAD,251,2025-08-07 07:51:46
DJUSAG,Dow Jones U.S. Asset Managers Index,406.67,273.77,416.71,48.54439858275196,49.08346333853354,🔴,FUERTE,251,2025-08-07 07:51:46
DJUSAI,Dow Jones U.S. Electronic Equipment Index,1533.39,913.78,1549.48,67.80734969029746,29.35432152747414,🔴,FUERTE,251,2025-08-07 07:51:46
DJUSAL,Dow Jones U.S. Aluminum Index,100.95,73.62,163.19,37.123064384678074,48.954770049410875,🔴,FUERTE,251,2025-08-07 07:51:46
DJUSAM,Dow Jones U.S. Medical Equipment Index,2900.2,2589.3,3151.1,12.007106167690095,51.76626826029217,🟡,CERCA,251,2025-08-07 07:51:46
DJUSAP,Dow Jones U.S. Automobiles & Parts Index,1222.92,801.2,1748.7,52.63604593110335,50.06434638373321,🔴,FUERTE,251,2025-08-07 07:51:46
DJUSAR,Dow Jones U.S. Airlines Index,213.63,128.8,259.72,65.86180124223601,63.737537676791085,🔴,FUERTE,251,2025-08-07 07:51:46
DJUSAS,Dow Jones U.S. Aerospace Index,2925.6,1883.9,3039.2,55.29486703115876,50.47701647875111,🔴,FUERTE,251,2025-08-07 07:51:46
DJUSAT,Dow Jones U.S. Auto Parts Index,388.89,288.25,418.83,34.9141370338248,47.87449392712551,🔴,FUERTE,251,2025-08-07 07:51:46
DJUSAU,Dow Jones U.S. Automobiles Index,1104.31,697.8,1613.6,58.25594726282603,50.142657682267966,🔴,FUERTE,251,2025-08-07 07:51:46
DJUSAV,Dow Jones U.S. Media Agencies Index,539.75,346.44,702.93,55.79898395104491,30.43054954565119,🔴,FUERTE,251,2025-08-07 07:51:46
DJUSBC,Dow Jones U.S. Broadcasting & Entertainment Index,1169.3,962.0,1294.9,21.54885654885654,76.49892933618847,🟡,CERCA,251,2025-08-07 07:51:46
DJUSBD,Dow Jones U.S. Building Materials & Fixtures Index,2372.6,1876.9,2557.1,26.41057062176993,51.895812726673256,🔴,FUERTE,251,2025-08-07 07:51:46
DJUSBE,Dow Jones U.S. Business Training & Employment Agencies Index,109.33,104.12,152.72,5.003841721091042,67.60700389105057,🟢,OPORTUNIDAD,251,2025-08-07 07:51:46
DJUSBK,Dow Jones U.S. Banks Index,722.52,521.55,761.58,38.533218291630725,59.729657387580275,🔴,FUERTE,251,2025-08-07 07:51:46
DJUSBS,Dow Jones U.S. Basic Resources Index,393.82,274.91,404.44,43.25415590556908,44.559145008501346,🔴,FUERTE,251,2025-08-07 07:51:46
DJUSBT,Dow Jones U.S. Biotechnology Index,2605.6,2297.4,3119.9,13.41516496909549,49.71671388101985,🟡,CERCA,251,2025-08-07 07:51:46
DJUSBV,Dow Jones U.S. Beverages Index,940.67,875.4,1070.16,7.456020105094812,57.63155598219742,🟢,OPORTUNIDAD,251,2025-08-07 07:51:46
DJUSCA,Dow Jones U.S. Gambling Index,746.69,513.6,765.64,45.38356697819315,51.08961802154749,🔴,FUERTE,251,2025-08-07 07:51:46
DJUSCC,Dow Jones U.S. Commodity Chemicals Index,729.73,647.09,855.73,12.77102103262297,55.922699509362126,🟡,CERCA,251,2025-08-07 07:51:46
DJUSCH,Dow Jones U.S. Chemicals Index,1960.54,1473.39,2050.51,33.0632079761638,61.12547467076026,🔴,FUERTE,251,2025-08-07 07:51:46
DJUSCM,Dow Jones U.S. Personal Products Index,429.94,345.1,483.97,24.584178498985793,49.95263229124375,🟡,CERCA,251,2025-08-07 07:51:46
DJUSCN,Dow Jones U.S. Construction & Materials Index,1998.32,1484.39,2096.84,34.62230276409837,48.80947695698375,🔴,FUERTE,251,2025-08-07 07:51:46
DJUSCP,Dow Jones U.S. Containers & Packaging Index,441.89,397.01,541.01,11.30450114606685,71.52000000000004,🟡,CERCA,251,2025-08-07 07:51:46
DJUSCR,Dow Jones U.S. Computer Hardware Index,10697.8,8364.8,12829.5,27.890684774292275,44.831093352706155,🔴,FUERTE,251,2025-08-07 07:51:46
DJUSCS,Dow Jones U.S. Specialized Consumer Services Index,2793.4,2537.6,3402.3,10.080390920554864,43.72328021764474,🟡,CERCA,251,2025-08-07 07:51:46
DJUSCT,Dow Jones U.S. Telecommunications Equipment Index,2499.92,1670.09,2504.22,49.68774137920712,27.114138561222788,🔴,FUERTE,251,2025-08-07 07:51:46
DJUSCX,Dow Jones U.S. Specialty Chemicals Index,1050.38,863.05,1218.81,21.705579051039937,69.06978324386762,🟡,CERCA,251,2025-08-07 07:51:46
DJUSDB,Dow Jones U.S. Brewers Index,512.58,479.19,659.78,6.968008514368005,50.62100112909293,🟢,OPORTUNIDAD,251,2025-08-07 07:51:46
DJUSDN,Dow Jones U.S. Defense Index,783.13,598.11,788.84,30.93410911036431,26.496184228142965,🔴,FUERTE,251,2025-08-07 07:51:46
DJUSDR,Dow Jones U.S. Food & Drug Retailers Index,1593.04,1207.25,1615.62,31.956098571132735,53.72730168843586,🔴,FUERTE,251,2025-08-07 07:51:46
DJUSDS,Dow Jones U.S. Industrial Suppliers Index,922.39,683.22,966.01,35.00629372676443,45.93032854548456,🔴,FUERTE,251,2025-08-07 07:51:46
DJUSDT,Dow Jones U.S. Diversified REITs Index,55.74,45.49,57.29,22.53242470872719,32.079905992949435,🟡,CERCA,251,2025-08-07 07:51:46
DJUSDV,Dow Jones U.S. Computer Services Index,254.73,224.44,304.29,13.495811798253426,82.3667252489748,🟡,CERCA,251,2025-08-07 07:51:46
DJUSEC,Dow Jones U.S. Electrical Components & Equipment Index,1001.64,562.61,1055.56,78.03451769431756,41.5390339182737,🔴,FUERTE,251,2025-08-07 07:51:46
DJUSEE,Dow Jones U.S. Electronic & Electrical Equipment Index,1126.09,643.85,1171.37,74.89943309777121,37.15637386523472,🔴,FUERTE,251,2025-08-07 07:51:46
DJUSEH,Dow Jones U.S. Real Estate Holding & Development Index,57.19,50.8,72.61,12.578740157480317,49.262202043132824,🟡,CERCA,251,2025-08-07 07:51:46
DJUSEN,Dow Jones U.S. Oil & Gas Index,713.23,623.85,813.7,14.327161978039591,58.73192436040041,🟡,CERCA,251,2025-08-07 07:51:46
DJUSES,Dow Jones U.S. Real Estate Services Index,377.21,262.95,379.48,43.45312797109717,13.354037267080827,🔴,FUERTE,251,2025-08-07 07:51:46
DJUSEU,Dow Jones U.S. Electricity Index,422.8,340.99,433.59,23.99190592099475,33.02930331845525,🟡,CERCA,251,2025-08-07 07:51:46
DJUSFA,Dow Jones U.S. Financial Administration Index,582.39,526.7,685.16,10.573381431554953,65.87533479425369,🟡,CERCA,251,2025-08-07 07:51:46
DJUSFB,Dow Jones U.S. Food & Beverage Index,702.27,668.77,816.7,5.009195986662082,59.73409306742646,🟢,OPORTUNIDAD,251,2025-08-07 07:51:46
DJUSFC,Dow Jones U.S. Fixed Line Telecommunications Index,162.78,112.81,172.38,44.29571846467512,40.67684140676843,🔴,FUERTE,251,2025-08-07 07:51:46
DJUSFD,Dow Jones U.S. Food Retailers & Wholesalers Index,1328.75,999.87,1346.72,32.892275995879466,47.911655368467066,🔴,FUERTE,251,2025-08-07 07:51:46
DJUSFE,Dow Jones U.S. Industrial Machinery Index,1209.49,969.18,1325.15,24.79518768443427,63.47820703318477,🟡,CERCA,251,2025-08-07 07:51:46
DJUSFH,Dow Jones U.S. Furnishings Index,427.75,319.67,435.22,33.80986642475052,38.770388958594744,🔴,FUERTE,251,2025-08-07 07:51:46
DJUSFI,Dow Jones U.S. Financial Services Index,2427.7,1846.3,2486.0,31.49000704110924,53.46153846153856,🔴,FUERTE,251,2025-08-07 07:51:46
DJUSFO,Dow Jones U.S. Food Producers Index,377.4,367.79,460.77,2.6129041028847864,61.184047560069416,🟢,OPORTUNIDAD,251,2025-08-07 07:51:46
DJUSFP,Dow Jones U.S. Food Products Index,536.13,529.4,667.01,1.2712504722327198,63.695171978542184,🟢,OPORTUNIDAD,251,2025-08-07 07:51:46
DJUSFT,Dow Jones U.S. Footwear Index,1619.5,1186.7,2012.4,36.47088564927951,42.648401826484026,🔴,FUERTE,251,2025-08-07 07:51:46
DJUSGF,Dow Jones U.S. Financial Services Index,2721.1,2069.5,2786.5,31.485866151244256,53.48722986247551,🔴,FUERTE,251,2025-08-07 07:51:46
DJUSGI,Dow Jones U.S. General Industrials Index,719.11,613.23,783.86,17.265952415896155,74.8605947955391,🟡,CERCA,251,2025-08-07 07:51:46
DJUSGT,Dow Jones U.S. General Retailers Index,3472.4,2596.8,3560.4,33.71842267406038,42.323537489700634,🔴,FUERTE,251,2025-08-07 07:51:46
DJUSGU,Dow Jones U.S. Gas Distribution Index,365.74,291.62,375.77,25.416638090665938,45.825825825825795,🔴,FUERTE,251,2025-08-07 07:51:46
DJUSHB,Dow Jones U.S. Home Construction Index,2482.2,1872.38,3170.03,32.56924342280946,31.189074786423873,🔴,FUERTE,251,2025-08-07 07:51:46
DJUSHC,Dow Jones U.S. Health Care Index,1384.69,1344.15,1663.54,3.016032436856003,55.17796098934242,🟢,OPORTUNIDAD,251,2025-08-07 07:51:46
DJUSHD,Dow Jones U.S. Durable Household Products Index,131.38,94.51,179.28,39.011744788911216,62.09850107066381,🔴,FUERTE,251,2025-08-07 07:51:46
DJUSHG,Dow Jones U.S. Household Goods & Home Construction Index,1045.12,999.49,1229.25,4.5653283174418835,46.1969386144864,🟢,OPORTUNIDAD,251,2025-08-07 07:51:46
DJUSHI,Dow Jones U.S. Home Improvement Retailers Index,844.91,705.04,958.3,19.83859071825712,23.575251889168783,🟡,CERCA,251,2025-08-07 07:51:46
DJUSHL,Dow Jones U.S. Hotel & Lodging REITs Index,81.41,65.02,103.03,25.207628422023998,65.05216095380032,🔴,FUERTE,251,2025-08-07 07:51:46
DJUSHN,Dow Jones U.S. Nondurable Household Products Index,1207.88,1180.41,1421.48,2.3271575130674957,56.99549733933686,🟢,OPORTUNIDAD,251,2025-08-07 07:51:46
DJUSHP,Dow Jones U.S. Health Care Providers Index,2164.9,2106.6,3545.2,2.7674926421722295,64.42622950819677,🟢,OPORTUNIDAD,251,2025-08-07 07:51:46
DJUSHR,Dow Jones U.S. Commercial Vehicles & Trucks Index,5394.0,3916.0,5506.5,37.74259448416752,43.25351577347016,🔴,FUERTE,251,2025-08-07 07:51:46
DJUSHV,Dow Jones U.S. Heavy Construction Index,1985.91,1138.85,2114.89,74.37853975501605,41.38179800221973,🔴,FUERTE,251,2025-08-07 07:51:46
DJUSIB,Dow Jones U.S. Insurance Brokers Index,752.89,729.23,891.38,3.2445181904200275,62.01002326830144,🟢,OPORTUNIDAD,251,2025-08-07 07:51:46
DJUSID,Dow Jones U.S. Diversified Industrials Index,934.69,767.22,1017.95,21.82815880712182,72.61629401182218,🟡,CERCA,251,2025-08-07 07:51:46
DJUSIG,Dow Jones U.S. Industrial Goods & Services Index,1443.9,1094.74,1484.13,31.894331074044985,53.763609305240024,🔴,FUERTE,251,2025-08-07 07:51:46
DJUSIL,Dow Jones U.S. Life Insurance Index,1217.71,1077.94,1380.29,12.966398871922369,50.07104964001514,🟡,CERCA,251,2025-08-07 07:51:46
DJUSIM,Dow Jones U.S. Industrial Metals & Mining Index,477.31,350.58,568.14,36.14866792172971,67.93409378960712,🔴,FUERTE,251,2025-08-07 07:51:46
DJUSIO,Dow Jones U.S. Industrial & Office REITs Index,96.07,79.12,119.27,21.42315470171889,51.88457008244994,🟡,CERCA,251,2025-08-07 07:51:46
DJUSIP,Dow Jones U.S. Property & Casualty Insurance Index,1921.57,1701.37,2065.57,12.942511035224557,45.669291338582696,🟡,CERCA,251,2025-08-07 07:51:46
DJUSIQ,Dow Jones U.S. Industrial Engineering Index,4343.9,3318.0,4522.4,30.91922845087401,52.749832327297135,🔴,FUERTE,251,2025-08-07 07:51:46
DJUSIR,Dow Jones U.S. Insurance Index,1324.76,1219.48,1458.0,8.633187916160983,52.0692059065847,🟢,OPORTUNIDAD,251,2025-08-07 07:51:46
DJUSIS,Dow Jones U.S. Support Services Index,859.71,764.29,981.89,12.484789804916991,65.6298257224795,🟡,CERCA,251,2025-08-07 07:51:46
DJUSIT,Dow Jones U.S. Industrial Transportation Index,1439.5,1243.5,1746.8,15.761962203457983,54.76872697503068,🟡,CERCA,251,2025-08-07 07:51:46
DJUSIU,Dow Jones U.S. Reinsurance Index,502.98,467.58,599.38,7.570896958809195,58.52009515462627,🟢,OPORTUNIDAD,251,2025-08-07 07:51:46
DJUSIV,Dow Jones U.S. Business Support Services Index,1163.4,1092.82,1443.42,6.458520158855087,73.94813442709713,🟢,OPORTUNIDAD,251,2025-08-07 07:51:46
DJUSIX,Dow Jones U.S. Nonlife Insurance Index,1319.05,1214.74,1458.15,8.587022737375895,52.537293553542916,🟢,OPORTUNIDAD,251,2025-08-07 07:51:46
DJUSLE,Dow Jones U.S. Leisure Goods Index,1131.22,706.49,1171.82,60.11833146965987,39.32728553083964,🔴,FUERTE,251,2025-08-07 07:51:46
DJUSLG,Dow Jones U.S. Hotels Index,4150.6,3245.4,4663.6,27.891785296111426,63.449289563939224,🔴,FUERTE,251,2025-08-07 07:51:46
DJUSMC,Dow Jones U.S. Health Care Equipment & Services Index,2107.3,2083.0,2559.1,1.166586653864627,60.72449952335558,🟢,OPORTUNIDAD,251,2025-08-07 07:51:46
DJUSME,Dow Jones U.S. Media Index,834.46,662.35,936.97,25.984751264437232,69.89535370447884,🔴,FUERTE,251,2025-08-07 07:51:46
DJUSMF,Dow Jones U.S. Mortgage Finance Index,12.11,9.98,12.71,21.34268537074147,27.77777777777777,🟡,CERCA,251,2025-08-07 07:51:46
DJUSMG,Dow Jones U.S. Mining Index,157.7,84.25,158.21,87.18100890207714,24.13715822501115,🔴,FUERTE,251,2025-08-07 07:51:46
DJUSMR,Dow Jones U.S. Mortgage REITs Index,30.21,24.64,32.23,22.605519480519483,41.3690476190476,🟡,CERCA,251,2025-08-07 07:51:46
DJUSMS,Dow Jones U.S. Medical Supplies Index,1613.53,1469.4,1749.93,9.808765482509859,64.59768374839153,🟢,OPORTUNIDAD,251,2025-08-07 07:51:46
DJUSMT,Dow Jones U.S. Marine Transportation Index,330.94,275.54,433.97,20.105973724323135,67.4592439666833,🟡,CERCA,251,2025-08-07 07:51:46
DJUSMU,Dow Jones U.S. Multiutilities Index,286.55,246.01,292.91,16.479004918499257,32.028368794326184,🟡,CERCA,251,2025-08-07 07:51:46
DJUSNF,Dow Jones U.S. Nonferrous Metals Index,533.2,372.55,702.28,43.12172862702994,71.13997113997117,🔴,FUERTE,251,2025-08-07 07:51:46
DJUSNG,Dow Jones U.S. Personal & Household Goods Index,1047.86,909.61,1069.74,15.198821472938938,46.58180778032038,🟡,CERCA,251,2025-08-07 07:51:46
DJUSNS,Dow Jones U.S. Internet Index,5702.6,3842.4,5750.5,48.4124505517385,24.53647965326259,🔴,FUERTE,251,2025-08-07 07:51:46
DJUSOG,Dow Jones U.S. Oil & Gas Producers,808.22,707.01,914.32,14.31521477772592,60.55485270197001,🟡,CERCA,251,2025-08-07 07:51:46
DJUSOI,Dow Jones U.S. Oil Equipment & Services Index,237.89,198.86,294.15,19.62687317710951,45.85438892008238,🟡,CERCA,251,2025-08-07 07:51:46
DJUSOL,Dow Jones U.S. Integrated Oil & Gas Index,716.52,645.42,807.01,11.016082550897094,59.56740442655936,🟡,CERCA,251,2025-08-07 07:51:46
DJUSOS,Dow Jones U.S. Exploration & Production Index,979.74,821.29,1123.35,19.29281983221518,60.92591355467968,🟡,CERCA,251,2025-08-07 07:51:46
DJUSPB,Dow Jones U.S. Publishing Index,861.82,663.16,862.19,29.956571566439482,36.05012964563525,🔴,FUERTE,251,2025-08-07 07:51:46
DJUSPC,Dow Jones U.S. Waste & Disposal Services Index,688.1,609.51,708.03,12.893964003871968,43.41343191620454,🟡,CERCA,251,2025-08-07 07:51:46
DJUSPG,Sector PG,549.97,426.49,649.12,28.952613191399568,47.5306036302237,🔴,FUERTE,251,2025-08-07 07:51:46
DJUSPL,Dow Jones U.S. Pipelines Index,1032.17,843.93,1229.95,22.305167490194698,54.391730718261314,🟡,CERCA,251,2025-08-07 07:51:46
DJUSPM,Dow Jones U.S. Gold Mining Index,177.54,94.85,178.11,87.17975751186083,24.12350597609567,🔴,FUERTE,251,2025-08-07 07:51:46
DJUSPN,Dow Jones U.S. Pharmaceuticals & Biotechnology Index,1067.25,960.01,1277.87,11.170716971698212,51.014040561622465,🟡,CERCA,251,2025-08-07 07:51:46
DJUSPR,Dow Jones U.S. Pharmaceuticals Index,836.06,765.56,1006.37,9.208945085950154,52.26334709093331,🟢,OPORTUNIDAD,251,2025-08-07 07:51:46
DJUSRA,Dow Jones U.S. Apparel Retailers Index,1761.94,1490.78,1826.93,18.18913588859524,17.8463345227879,🟡,CERCA,251,2025-08-07 07:51:46
DJUSRB,Dow Jones U.S. Broadline Retailers Index,4756.0,3526.1,5034.6,34.87989563540456,46.318170394571474,🔴,FUERTE,251,2025-08-07 07:51:46
DJUSRD,Dow Jones U.S. Drug Retailers Index,1140.25,838.78,1209.83,35.941486444598105,61.77556452305317,🔴,FUERTE,251,2025-08-07 07:51:46
DJUSRE,Dow Jones U.S. Real Estate Index,362.45,311.91,396.67,16.203392004103733,50.98086703802373,🟡,CERCA,251,2025-08-07 07:51:46
DJUSRH,Dow Jones U.S. Real Estate Investment & Services,788.42,553.23,793.19,42.512155884532646,13.802495167808914,🔴,FUERTE,251,2025-08-07 07:51:46
DJUSRI,Dow Jones U.S. Real Estate Investment Trusts Index,145.07,126.8,162.95,14.408517350157727,55.57553956834535,🟡,CERCA,251,2025-08-07 07:51:46
DJUSRL,Dow Jones U.S. Retail REITs Index,97.09,83.32,106.75,16.526644263082108,43.944636678200666,🟡,CERCA,251,2025-08-07 07:51:46
DJUSRN,Dow Jones U.S. Residential REITs Index,222.71,212.75,271.87,4.681551116333728,68.18300653594775,🟢,OPORTUNIDAD,251,2025-08-07 07:51:46
DJUSRP,Dow Jones U.S. Recreational Products Index,370.79,305.34,496.77,21.43512150389731,41.63307762319593,🟡,CERCA,251,2025-08-07 07:51:46
DJUSRQ,Dow Jones U.S. Recreational Services Index,190.02,102.38,208.22,85.6026567689002,70.6013363028953,🔴,FUERTE,251,2025-08-07 07:51:46
DJUSRR,Dow Jones U.S. Railroads Index,3414.0,2788.9,3607.9,22.413854924880773,44.266770670826816,🟡,CERCA,251,2025-08-07 07:51:46
DJUSRS,Dow Jones U.S. Specialty Retailers Index,4624.0,2881.9,4884.3,60.4497033207259,60.24894924021985,🔴,FUERTE,251,2025-08-07 07:51:46
DJUSRT,Dow Jones U.S. Retail Index,3119.3,2335.0,3175.9,33.58886509635975,42.34175139389959,🔴,FUERTE,251,2025-08-07 07:51:46
DJUSRU,Dow Jones U.S. Restaurants & Bars Index,3057.1,2620.6,3265.8,16.656490879951157,56.000000000000014,🟡,CERCA,251,2025-08-07 07:51:46
DJUSSB,Dow Jones U.S. Investment Services Index,2985.4,2060.8,3049.8,44.866071428571416,47.35694822888283,🔴,FUERTE,251,2025-08-07 07:51:46
DJUSSC,Dow Jones U.S. Semiconductors Index,24946.1,12938.1,25477.5,92.81115465176492,44.79339605238886,🔴,FUERTE,251,2025-08-07 07:51:46
DJUSSD,Dow Jones U.S. Soft Drinks Index,909.35,835.84,1016.29,8.794745405819295,58.29275016080124,🟢,OPORTUNIDAD,251,2025-08-07 07:51:46
DJUSSF,Dow Jones U.S. Consumer Finance Index,764.1,570.16,801.93,34.0150133295917,58.16394313803641,🔴,FUERTE,251,2025-08-07 07:51:46
DJUSSP,Dow Jones U.S. Specialty Finance Index,708.88,626.81,803.35,13.09328185574577,56.68363246718459,🟡,CERCA,251,2025-08-07 07:51:46
DJUSSR,Dow Jones U.S. Specialty REITs Index,262.26,229.18,287.27,14.434069290513998,54.88989637305697,🟡,CERCA,251,2025-08-07 07:51:46
DJUSST,Dow Jones U.S. Iron & Steel Index,556.85,416.26,642.02,33.77456397443906,62.53715754800351,🔴,FUERTE,251,2025-08-07 07:51:46
DJUSSV,Dow Jones U.S. Software & Computer Services Index,8143.4,5509.7,8349.7,47.80115069786014,34.8659863182685,🔴,FUERTE,251,2025-08-07 07:51:46
DJUSSW,Dow Jones U.S. Software Index,8634.3,5758.2,8972.9,49.94790038553714,41.81966070183596,🔴,FUERTE,251,2025-08-07 07:51:46
DJUSTB,Dow Jones U.S. Tobacco Index,1134.24,809.03,1210.02,40.19752048749738,57.69809306613615,🔴,FUERTE,251,2025-08-07 07:51:46
DJUSTC,Dow Jones U.S. Technology Index,7931.1,5115.5,8052.7,55.04056299481967,38.19762122598351,🔴,FUERTE,251,2025-08-07 07:51:46
DJUSTK,Dow Jones U.S. Trucking Index,1387.06,1244.48,2071.67,11.456994085883254,63.1911975562621,🟡,CERCA,251,2025-08-07 07:51:46
DJUSTL,Dow Jones U.S. Telecommunications Index,184.29,149.46,199.75,23.30389401846647,34.31426985008329,🟡,CERCA,251,2025-08-07 07:51:46
DJUSTQ,Dow Jones U.S. Technology Hardware & Equipment Index,8673.5,5326.7,8744.8,62.83064561548426,43.29905255486273,🔴,FUERTE,251,2025-08-07 07:51:46
DJUSTR,Dow Jones U.S. Tires Index,8673.5,5326.7,8744.8,62.83064561548426,43.29905255486273,🔴,FUERTE,251,2025-08-07 07:51:46
DJUSTT,Dow Jones U.S. Travel & Tourism Index,1336.42,918.94,1425.35,45.43060482730102,62.20598469032702,🔴,FUERTE,251,2025-08-07 07:51:46
DJUSTY,Dow Jones U.S. Toys Index,1860.52,1038.49,1934.76,79.15627497616732,40.64953220776427,🔴,FUERTE,251,2025-08-07 07:51:46
DJUSUT,Dow Jones U.S. Utilities Index,426.1,353.79,435.98,20.438678311992987,32.886723507917125,🟡,CERCA,251,2025-08-07 07:51:46
DJUSVE,Dow Jones U.S. Conventional Electricity Index,424.02,341.92,434.77,24.011464670098256,32.84247238907193,🟡,CERCA,251,2025-08-07 07:51:46
DJUSVN,Dow Jones U.S. Distillers & Vintners Index,336.18,309.98,523.8,8.452158203755076,50.31002162941601,🟢,OPORTUNIDAD,251,2025-08-07 07:51:46
DJUSWC,Dow Jones U.S. Mobile Telecommunications Index,407.73,360.57,458.56,13.079291122389558,33.87956564659419,🟡,CERCA,251,2025-08-07 07:51:46
DJUSWU,Dow Jones U.S. Water Index,2872.2,2432.7,3135.8,18.066346035269454,49.18998527245952,🟡,CERCA,251,2025-08-07 07:51:46
