Ticker,Sector,CurrentPrice,Min52w,Max52w,DistanceFromMin,RSI,Estado,Classification,DataPoints,AnalysisDate,FileDate,DaysAgo,BaseScore,FinalScore,InsiderActivity,InsiderTrades,InsiderValue,InsiderTickers,Signals,Urgency,RiskLevel,MappingCoverage
DJUSFP,Dow Jones U.S. Food Products Index,538.21,523.45,645.1,2.819753558123983,48.57920193470376,🟢,OPORTUNIDAD,251,2025-10-02 07:42:48,2025-10-02,0,87,87,False,0,0,[],[],CRÍTICA,BAJO,0
DJUSIT,Dow Jones U.S. Industrial Transportation Index,1459.5,1243.5,1746.8,17.370325693606755,27.32049036777605,🟡,CERCA,251,2025-10-02 07:42:48,2025-10-02,0,84,84,False,0,0,[],[],ALTA,BAJO,0
DJUSDV,Dow Jones U.S. Computer Services Index,279.53,231.08,304.29,20.966764756794166,24.34761201378632,🟡,CERCA,251,2025-10-02 07:42:48,2025-10-02,0,83,83,False,0,0,[],[],ALTA,BAJO,0
DJUSFO,Dow Jones U.S. Food Producers Index,380.32,367.79,447.96,3.4068354223877684,50.55437100213218,🟢,OPORTUNIDAD,251,2025-10-02 07:42:48,2025-10-02,0,81,81,False,0,0,[],[],ALTA,BAJO,0
DJUSUT,Dow Jones U.S. Utilities Index,437.94,353.79,438.81,23.785296362248783,29.581673306772917,🟡,CERCA,251,2025-10-02 07:42:48,2025-10-02,0,81,81,False,0,0,[],[],ALTA,BAJO,0
DJUSFB,Dow Jones U.S. Food & Beverage Index,691.88,668.77,803.36,3.455597589604799,54.45707694842642,🟢,OPORTUNIDAD,251,2025-10-02 07:42:48,2025-10-02,0,81,81,False,0,0,[],[],ALTA,BAJO,0
DJUSBV,Dow Jones U.S. Beverages Index,915.52,875.4,1054.94,4.583047749600183,56.68250096289637,🟢,OPORTUNIDAD,251,2025-10-02 07:42:48,2025-10-02,0,80,80,False,0,0,[],[],ALTA,BAJO,0
DJUSIB,Dow Jones U.S. Insurance Brokers Index,764.18,729.23,891.38,4.792726574606082,53.7599043205263,🟢,OPORTUNIDAD,251,2025-10-02 07:42:48,2025-10-02,0,80,80,False,0,0,[],[],ALTA,BAJO,0
DJUSAF,Dow Jones U.S. Delivery Services Index,1026.6,916.9,1383.0,11.964227287599511,39.506172839506185,🟡,CERCA,251,2025-10-02 07:42:48,2025-10-02,0,80,80,False,0,0,[],[],ALTA,BAJO,0
DJUSVN,Dow Jones U.S. Distillers & Vintners Index,282.09,268.56,517.06,5.037980339588908,57.60240685026621,🟢,OPORTUNIDAD,251,2025-10-02 07:42:48,2025-10-02,0,80,80,False,0,0,[],[],ALTA,BAJO,0
DJUSIV,Dow Jones U.S. Business Support Services Index,1137.28,1092.82,1443.42,4.068373565637529,56.706349206349245,🟢,OPORTUNIDAD,251,2025-10-02 07:42:48,2025-10-02,0,80,80,False,0,0,[],[],ALTA,BAJO,0
DJUSMU,Dow Jones U.S. Multiutilities Index,289.01,249.55,292.91,15.812462432378272,38.29578844270323,🟡,CERCA,251,2025-10-02 07:42:48,2025-10-02,0,79,79,False,0,0,[],[],ALTA,BAJO,0
DJUSIX,Dow Jones U.S. Nonlife Insurance Index,1344.19,1246.37,1458.15,7.848391729582723,51.90386427898208,🟢,OPORTUNIDAD,251,2025-10-02 07:42:48,2025-10-02,0,79,79,False,0,0,[],[],ALTA,BAJO,0
DJUSSD,Dow Jones U.S. Soft Drinks Index,893.04,835.84,999.65,6.84341500765696,55.69587628865981,🟢,OPORTUNIDAD,251,2025-10-02 07:42:48,2025-10-02,0,79,79,False,0,0,[],[],ALTA,BAJO,0
DJUSPL,Dow Jones U.S. Pipelines Index,1066.44,918.97,1229.95,16.047313840495338,38.644184445973785,🟡,CERCA,251,2025-10-02 07:42:48,2025-10-02,0,79,79,False,0,0,[],[],ALTA,BAJO,0
DJUSHC,Dow Jones U.S. Health Care Index,1530.23,1344.15,1638.55,13.84369304021128,37.49408703878905,🟡,CERCA,251,2025-10-02 07:42:48,2025-10-02,0,79,79,False,0,0,[],[],ALTA,BAJO,0
DJUSIR,Dow Jones U.S. Insurance Index,1357.14,1264.26,1458.0,7.346590100137639,51.27446300715984,🟢,OPORTUNIDAD,251,2025-10-02 07:42:48,2025-10-02,0,79,79,False,0,0,[],[],ALTA,BAJO,0
DJUSPR,Dow Jones U.S. Pharmaceuticals Index,922.06,765.56,982.74,20.44255185746382,31.89503584471801,🟡,CERCA,251,2025-10-02 07:42:48,2025-10-02,0,77,77,False,0,0,[],[],ALTA,BAJO,0
DJUSCS,Dow Jones U.S. Specialized Consumer Services Index,2721.5,2671.9,3402.3,1.8563568995845616,67.92174234034702,🟢,OPORTUNIDAD,251,2025-10-02 07:42:48,2025-10-02,0,75,75,False,0,0,[],[],ALTA,MEDIO,0
DJUSMT,Dow Jones U.S. Marine Transportation Index,276.06,268.84,433.97,2.685612260080356,62.54410035280286,🟢,OPORTUNIDAD,251,2025-10-02 07:42:48,2025-10-02,0,75,75,False,0,0,[],[],ALTA,MEDIO,0
DJUSPN,Dow Jones U.S. Pharmaceuticals & Biotechnology Index,1197.8,960.01,1254.05,24.769533650691137,32.40104416386984,🟡,CERCA,251,2025-10-02 07:42:48,2025-10-02,0,75,75,False,0,0,[],[],ALTA,BAJO,0
DJUSHN,Dow Jones U.S. Nondurable Household Products Index,1185.19,1169.71,1420.24,1.323404946525209,70.47722888534753,🟢,OPORTUNIDAD,251,2025-10-02 07:42:48,2025-10-02,0,75,75,False,0,0,[],[],ALTA,MEDIO,0
DJUSFA,Dow Jones U.S. Financial Administration Index,549.44,532.41,685.16,3.19866268477303,73.40073208994235,🟢,OPORTUNIDAD,251,2025-10-02 07:42:48,2025-10-02,0,75,75,False,0,0,[],[],ALTA,MEDIO,0
DJUSBE,Dow Jones U.S. Business Training & Employment Agencies Index,106.54,104.12,152.72,2.3242412600845195,82.91492329149239,🟢,OPORTUNIDAD,251,2025-10-02 07:42:48,2025-10-02,0,75,75,False,0,0,[],[],ALTA,MEDIO,0
DJUSHG,Dow Jones U.S. Household Goods & Home Construction Index,1050.32,999.49,1219.68,5.085593652762902,74.47511664074653,🟢,OPORTUNIDAD,251,2025-10-02 07:42:48,2025-10-02,0,74,74,False,0,0,[],[],MEDIA,MEDIO,0
DJUSDB,Dow Jones U.S. Brewers Index,469.9,447.85,659.78,4.923523501172257,65.69162121963313,🟢,OPORTUNIDAD,251,2025-10-02 07:42:48,2025-10-02,0,74,74,False,0,0,[],[],MEDIA,MEDIO,0
DJUSRN,Dow Jones U.S. Residential REITs Index,222.49,212.75,264.7,4.578143360752061,71.04984093319192,🟢,OPORTUNIDAD,251,2025-10-02 07:42:48,2025-10-02,0,74,74,False,0,0,[],[],MEDIA,MEDIO,0
DJUSCM,Dow Jones U.S. Personal Products Index,365.24,345.1,464.52,5.835989568241085,76.8257619321449,🟢,OPORTUNIDAD,251,2025-10-02 07:42:48,2025-10-02,0,74,74,False,0,0,[],[],MEDIA,MEDIO,0
DJUSIU,Dow Jones U.S. Reinsurance Index,535.08,467.58,599.38,14.436032336712447,43.49514563106797,🟡,CERCA,251,2025-10-02 07:42:48,2025-10-02,0,73,73,False,0,0,[],[],MEDIA,BAJO,0
DJUSTK,Dow Jones U.S. Trucking Index,1323.53,1244.48,2071.67,6.352050655695547,71.11510161177296,🟢,OPORTUNIDAD,251,2025-10-02 07:42:48,2025-10-02,0,73,73,False,0,0,[],[],MEDIA,MEDIO,0
DJUSPC,Dow Jones U.S. Waste & Disposal Services Index,657.34,609.51,708.03,7.847287165099841,64.00359066427293,🟢,OPORTUNIDAD,251,2025-10-02 07:42:48,2025-10-02,0,73,73,False,0,0,[],[],MEDIA,MEDIO,0
DJUSMS,Dow Jones U.S. Medical Supplies Index,1685.19,1469.4,1749.93,14.685585953450383,41.15035516969216,🟡,CERCA,251,2025-10-02 07:42:48,2025-10-02,0,73,73,False,0,0,[],[],MEDIA,BAJO,0
DJUSMC,Dow Jones U.S. Health Care Equipment & Services Index,2273.8,2083.0,2553.7,9.159865578492568,60.27633851468055,🟢,OPORTUNIDAD,251,2025-10-02 07:42:48,2025-10-02,0,72,72,False,0,0,[],[],MEDIA,MEDIO,0
DJUSIS,Dow Jones U.S. Support Services Index,835.58,764.29,981.89,9.327611247039746,69.82180807585424,🟢,OPORTUNIDAD,251,2025-10-02 07:42:48,2025-10-02,0,72,72,False,0,0,[],[],MEDIA,MEDIO,0
DJUSCP,Dow Jones U.S. Containers & Packaging Index,434.0,397.01,541.01,9.317145663837186,65.52486187845304,🟢,OPORTUNIDAD,251,2025-10-02 07:42:48,2025-10-02,0,72,72,False,0,0,[],[],MEDIA,MEDIO,0
DJUSOG,Dow Jones U.S. Oil & Gas Producers,851.18,707.01,914.32,20.39150789946393,48.29157175398634,🟡,CERCA,251,2025-10-02 07:42:48,2025-10-02,0,71,71,False,0,0,[],[],MEDIA,BAJO,0
DJUSEN,Dow Jones U.S. Oil & Gas Index,753.33,623.85,813.7,20.75498918009137,46.14888123924264,🟡,CERCA,251,2025-10-02 07:42:48,2025-10-02,0,71,71,False,0,0,[],[],MEDIA,BAJO,0
DJUSIL,Dow Jones U.S. Life Insurance Index,1283.6,1077.94,1380.29,19.07898398797705,47.68744906275471,🟡,CERCA,251,2025-10-02 07:42:48,2025-10-02,0,71,71,False,0,0,[],[],MEDIA,BAJO,0
DJUSRU,Dow Jones U.S. Restaurants & Bars Index,2967.3,2686.2,3265.8,10.464596828233208,57.56690997566906,🟡,CERCA,251,2025-10-02 07:42:48,2025-10-02,0,69,69,False,0,0,[],[],MEDIA,BAJO,0
DJUSRR,Dow Jones U.S. Railroads Index,3506.3,2788.9,3607.9,25.72340349241637,14.68327590776572,🔴,FUERTE,251,2025-10-02 07:42:48,2025-10-02,0,69,69,False,0,0,[],[],MEDIA,BAJO,0
DJUSVE,Dow Jones U.S. Conventional Electricity Index,439.21,341.92,439.7,28.45402433317734,27.65571913929796,🔴,FUERTE,251,2025-10-02 07:42:48,2025-10-02,0,68,68,False,0,0,[],[],MEDIA,BAJO,0
DJUSSP,Dow Jones U.S. Specialty Finance Index,742.53,663.1,803.35,11.97858543206152,52.63848779207143,🟡,CERCA,251,2025-10-02 07:42:48,2025-10-02,0,68,68,False,0,0,[],[],MEDIA,BAJO,0
DJUSEU,Dow Jones U.S. Electricity Index,437.87,340.99,438.36,28.41139036335376,27.65909090909085,🔴,FUERTE,251,2025-10-02 07:42:48,2025-10-02,0,68,68,False,0,0,[],[],MEDIA,BAJO,0
DJUSIP,Dow Jones U.S. Property & Casualty Insurance Index,1957.02,1755.13,2065.57,11.502851640619204,51.52221949423031,🟡,CERCA,251,2025-10-02 07:42:48,2025-10-02,0,68,68,False,0,0,[],[],MEDIA,BAJO,0
DJUSOL,Dow Jones U.S. Integrated Oil & Gas Index,744.7,645.42,807.01,15.382231725078258,52.939424031777534,🟡,CERCA,251,2025-10-02 07:42:48,2025-10-02,0,67,67,False,0,0,[],[],MEDIA,BAJO,0
DJUSSR,Dow Jones U.S. Specialty REITs Index,263.9,229.18,287.27,15.14966401954794,51.43526654950208,🟡,CERCA,251,2025-10-02 07:42:48,2025-10-02,0,67,67,False,0,0,[],[],MEDIA,BAJO,0
DJUSWU,Dow Jones U.S. Water Index,2804.8,2432.7,3135.8,15.29576191063429,56.01447090744645,🟡,CERCA,251,2025-10-02 07:42:48,2025-10-02,0,67,67,False,0,0,[],[],MEDIA,BAJO,0
DJUSRI,Dow Jones U.S. Real Estate Investment Trusts Index,148.63,126.8,161.13,17.21608832807571,56.89045936395773,🟡,CERCA,251,2025-10-02 07:42:48,2025-10-02,0,66,66,False,0,0,[],[],MEDIA,BAJO,0
DJUSAV,Dow Jones U.S. Media Agencies Index,416.77,346.44,702.93,20.300773582727164,51.49178679182034,🟡,CERCA,251,2025-10-02 07:42:48,2025-10-02,0,65,65,False,0,0,[],[],MEDIA,BAJO,0
DJUSEH,Dow Jones U.S. Real Estate Holding & Development Index,68.56,50.8,72.61,34.96062992125986,24.62825278810412,🔴,FUERTE,243,2025-10-02 07:42:48,2025-10-02,0,65,65,False,0,0,[],[],MEDIA,BAJO,0
DJUSRL,Dow Jones U.S. Retail REITs Index,102.91,83.32,106.75,23.511761881901112,52.07100591715977,🟡,CERCA,251,2025-10-02 07:42:48,2025-10-02,0,64,64,False,0,0,[],[],MEDIA,BAJO,0
DJUSDN,Dow Jones U.S. Defense Index,820.07,598.11,825.04,37.11023055959606,28.228313082791672,🔴,FUERTE,251,2025-10-02 07:42:48,2025-10-02,0,64,64,False,0,0,[],[],MEDIA,BAJO,0
DJUSPG,Sector PG,521.84,426.49,649.12,22.35691340945861,59.60729312762967,🟡,CERCA,251,2025-10-02 07:42:48,2025-10-02,0,64,64,False,0,0,[],[],MEDIA,BAJO,0
DJUSCC,Dow Jones U.S. Commodity Chemicals Index,717.43,647.09,855.73,10.870203526557344,75.57434991163856,🟡,CERCA,251,2025-10-02 07:42:48,2025-10-02,0,63,63,False,0,0,[],[],MEDIA,ALTO,0
DJUSGU,Dow Jones U.S. Gas Distribution Index,381.44,304.15,384.47,25.41180338648694,38.12600969305329,🔴,FUERTE,251,2025-10-02 07:42:48,2025-10-02,0,63,63,False,0,0,[],[],MEDIA,BAJO,0
DJUSAM,Dow Jones U.S. Medical Equipment Index,2881.3,2589.3,3151.1,11.277179160390835,71.86689714779592,🟡,CERCA,251,2025-10-02 07:42:48,2025-10-02,0,62,62,False,0,0,[],[],MEDIA,ALTO,0
DJUSGI,Dow Jones U.S. General Industrials Index,708.07,613.23,783.86,15.465649103925122,68.69883670831524,🟡,CERCA,251,2025-10-02 07:42:48,2025-10-02,0,61,61,False,0,0,[],[],MEDIA,MEDIO,0
DJUSNG,Dow Jones U.S. Personal & Household Goods Index,1047.43,909.61,1081.16,15.151548465826018,65.92859413073406,🟡,CERCA,251,2025-10-02 07:42:48,2025-10-02,0,61,61,False,0,0,[],[],MEDIA,MEDIO,0
DJUSWC,Dow Jones U.S. Mobile Telecommunications Index,412.42,360.57,458.56,14.380009429514388,60.67019400352729,🟡,CERCA,251,2025-10-02 07:42:48,2025-10-02,0,61,61,False,0,0,[],[],MEDIA,MEDIO,0
DJUSBT,Dow Jones U.S. Biotechnology Index,2975.4,2297.4,3062.1,29.51162183337686,33.55193568859744,🔴,FUERTE,251,2025-10-02 07:42:48,2025-10-02,0,61,61,False,0,0,[],[],MEDIA,BAJO,0
DJUSFR,Dow Jones U.S. Forestry & Paper Index,810.78,703.58,952.75,15.236362602689091,78.67286973555342,🟡,CERCA,251,2025-10-02 07:42:48,2025-10-02,0,61,61,False,0,0,[],[],MEDIA,ALTO,0
DJUSFD,Dow Jones U.S. Food Retailers & Wholesalers Index,1243.72,1057.25,1346.72,17.63726649326082,71.02102102102094,🟡,CERCA,251,2025-10-02 07:42:48,2025-10-02,0,60,60,False,0,0,[],[],MEDIA,ALTO,0
DJUSRE,Dow Jones U.S. Real Estate Index,368.84,311.91,396.19,18.252059889070548,62.41206030150759,🟡,CERCA,251,2025-10-02 07:42:48,2025-10-02,0,60,60,False,0,0,[],[],MEDIA,MEDIO,0
DJUSID,Dow Jones U.S. Diversified Industrials Index,921.94,767.22,1017.95,20.166314746748,67.45904272406028,🟡,CERCA,251,2025-10-02 07:42:48,2025-10-02,0,59,59,False,0,0,[],[],BAJA,MEDIO,0
DJUSCX,Dow Jones U.S. Specialty Chemicals Index,1041.85,863.05,1205.27,20.71722379931637,77.64632069552758,🟡,CERCA,251,2025-10-02 07:42:48,2025-10-02,0,59,59,False,0,0,[],[],BAJA,ALTO,0
DJUSTL,Dow Jones U.S. Telecommunications Index,185.79,155.76,199.75,19.279661016949152,72.78603749192001,🟡,CERCA,251,2025-10-02 07:42:48,2025-10-02,0,59,59,False,0,0,[],[],BAJA,ALTO,0
DJUSHI,Dow Jones U.S. Home Improvement Retailers Index,867.81,705.04,958.3,23.08663338250312,89.83009412052313,🟡,CERCA,251,2025-10-02 07:42:48,2025-10-02,0,58,58,False,0,0,[],[],BAJA,ALTO,0
DJUSPB,Dow Jones U.S. Publishing Index,814.96,663.16,874.35,22.89040352252851,60.413017424172565,🟡,CERCA,251,2025-10-02 07:42:48,2025-10-02,0,58,58,False,0,0,[],[],BAJA,MEDIO,0
DJUSRP,Dow Jones U.S. Recreational Products Index,375.86,305.34,496.77,23.0955655990044,76.55449890270665,🟡,CERCA,251,2025-10-02 07:42:48,2025-10-02,0,58,58,False,0,0,[],[],BAJA,ALTO,0
DJUSMR,Dow Jones U.S. Mortgage REITs Index,30.3,24.64,32.68,22.97077922077922,75.78124999999991,🟡,CERCA,251,2025-10-02 07:42:48,2025-10-02,0,58,58,False,0,0,[],[],BAJA,ALTO,0
DJUSRA,Dow Jones U.S. Apparel Retailers Index,1877.33,1490.78,1889.65,25.92937925113028,43.49741824440626,🔴,FUERTE,251,2025-10-02 07:42:48,2025-10-02,0,57,57,False,0,0,[],[],BAJA,BAJO,0
DJUSHP,Dow Jones U.S. Health Care Providers Index,2648.1,2106.6,3475.6,25.70492737111934,48.8479262672811,🔴,FUERTE,251,2025-10-02 07:42:48,2025-10-02,0,57,57,False,0,0,[],[],BAJA,BAJO,0
DJUSCR,Dow Jones U.S. Computer Hardware Index,12914.5,8364.8,13017.4,54.39101951032901,16.48851019881232,🔴,FUERTE,251,2025-10-02 07:42:48,2025-10-02,0,57,57,False,0,0,[],[],BAJA,MEDIO,0
DJUSHR,Dow Jones U.S. Commercial Vehicles & Trucks Index,5558.7,3916.0,5673.3,41.94841675178753,33.06748466257672,🔴,FUERTE,251,2025-10-02 07:42:48,2025-10-02,0,56,56,False,0,0,[],[],BAJA,MEDIO,0
DJUSOS,Dow Jones U.S. Exploration & Production Index,1051.46,821.29,1123.35,28.025423419255084,43.04900614815259,🔴,FUERTE,251,2025-10-02 07:42:48,2025-10-02,0,56,56,False,0,0,[],[],BAJA,BAJO,0
DJUSDT,Dow Jones U.S. Diversified REITs Index,58.87,45.49,59.32,29.413057814904363,49.89939637826964,🔴,FUERTE,251,2025-10-02 07:42:48,2025-10-02,0,55,55,False,0,0,[],[],BAJA,BAJO,0
DJUSOI,Dow Jones U.S. Oil Equipment & Services Index,263.39,198.86,294.15,32.44996479935632,45.98654708520182,🔴,FUERTE,251,2025-10-02 07:42:48,2025-10-02,0,54,54,False,0,0,[],[],BAJA,BAJO,0
DJUSIO,Dow Jones U.S. Industrial & Office REITs Index,104.47,79.12,117.65,32.039939332659245,48.78318584070797,🔴,FUERTE,251,2025-10-02 07:42:48,2025-10-02,0,54,54,False,0,0,[],[],BAJA,BAJO,0
DJUSIQ,Dow Jones U.S. Industrial Engineering Index,4505.3,3318.0,4563.3,35.78360458107294,42.50513347022584,🔴,FUERTE,251,2025-10-02 07:42:48,2025-10-02,0,53,53,False,0,0,[],[],BAJA,BAJO,0
DJUSIG,Dow Jones U.S. Industrial Goods & Services Index,1472.28,1094.74,1484.13,34.48672744213238,43.64679822795016,🔴,FUERTE,251,2025-10-02 07:42:48,2025-10-02,0,53,53,False,0,0,[],[],BAJA,BAJO,0
DJUSTC,Dow Jones U.S. Technology Index,8592.4,5115.5,8627.9,67.96794057276902,29.8887515451174,🔴,FUERTE,251,2025-10-02 07:42:48,2025-10-02,0,52,52,False,0,0,[],[],BAJA,MEDIO,0
DJUSAE,Dow Jones U.S. Aerospace & Defense Index,2862.3,1861.2,2872.1,53.7878787878788,30.56033001031274,🔴,FUERTE,251,2025-10-02 07:42:48,2025-10-02,0,51,51,False,0,0,[],[],BAJA,MEDIO,0
DJUSDR,Dow Jones U.S. Food & Drug Retailers Index,1562.22,1239.56,1615.62,26.030204266029887,54.868522389701866,🔴,FUERTE,251,2025-10-02 07:42:48,2025-10-02,0,51,51,False,0,0,[],[],BAJA,BAJO,0
DJUSSF,Dow Jones U.S. Consumer Finance Index,786.36,619.26,809.9,26.983819397345226,55.83257977005552,🔴,FUERTE,251,2025-10-02 07:42:48,2025-10-02,0,50,50,False,0,0,[],[],BAJA,BAJO,0
DJUSRD,Dow Jones U.S. Drug Retailers Index,1210.95,845.23,1220.21,43.26869609455415,41.61672717728881,🔴,FUERTE,251,2025-10-02 07:42:48,2025-10-02,0,50,50,False,0,0,[],[],BAJA,MEDIO,0
DJUSFE,Dow Jones U.S. Industrial Machinery Index,1262.75,969.18,1325.15,30.290554902082174,54.5885475919606,🔴,FUERTE,251,2025-10-02 07:42:48,2025-10-02,0,49,49,False,0,0,[],[],BAJA,BAJO,0
DJUSFT,Dow Jones U.S. Footwear Index,1572.8,1186.7,1969.4,32.53560293250189,58.094357076780746,🔴,FUERTE,251,2025-10-02 07:42:48,2025-10-02,0,48,48,False,0,0,[],[],BAJA,BAJO,0
DJUSAS,Dow Jones U.S. Aerospace Index,3060.7,1883.9,3071.0,62.46616062423693,32.899113082039975,🔴,FUERTE,251,2025-10-02 07:42:48,2025-10-02,0,48,48,False,0,0,[],[],BAJA,MEDIO,0
DJUSTQ,Dow Jones U.S. Technology Hardware & Equipment Index,9747.7,5326.7,9765.2,82.99697749075415,26.84749066103622,🔴,FUERTE,251,2025-10-02 07:42:48,2025-10-02,0,46,46,False,0,0,[],[],BAJA,MEDIO,0
DJUSLE,Dow Jones U.S. Leisure Goods Index,1212.49,724.03,1249.95,67.46405535682224,39.50802459877006,🔴,FUERTE,251,2025-10-02 07:42:48,2025-10-02,0,46,46,False,0,0,[],[],BAJA,MEDIO,0
DJUSTR,Dow Jones U.S. Tires Index,9747.7,5326.7,9765.2,82.99697749075415,26.84749066103622,🔴,FUERTE,251,2025-10-02 07:42:48,2025-10-02,0,46,46,False,0,0,[],[],BAJA,MEDIO,0
DJUSDS,Dow Jones U.S. Industrial Suppliers Index,951.25,683.22,994.97,39.23040894587395,55.47259311314129,🔴,FUERTE,251,2025-10-02 07:42:48,2025-10-02,0,45,45,False,0,0,[],[],BAJA,BAJO,0
DJUSST,Dow Jones U.S. Iron & Steel Index,586.87,416.26,642.02,40.98640272906357,56.641667725943854,🔴,FUERTE,251,2025-10-02 07:42:48,2025-10-02,0,45,45,False,0,0,[],[],BAJA,MEDIO,0
DJUSSV,Dow Jones U.S. Software & Computer Services Index,8486.4,5509.7,8710.2,54.02653502005553,40.788724373576336,🔴,FUERTE,251,2025-10-02 07:42:48,2025-10-02,0,45,45,False,0,0,[],[],BAJA,MEDIO,0
DJUSCN,Dow Jones U.S. Construction & Materials Index,2064.64,1484.39,2099.78,39.0901312997258,55.39127453501336,🔴,FUERTE,251,2025-10-02 07:42:48,2025-10-02,0,45,45,False,0,0,[],[],BAJA,BAJO,0
DJUSME,Dow Jones U.S. Media Index,831.18,662.35,936.97,25.489544802596804,63.90833863781032,🔴,FUERTE,251,2025-10-02 07:42:48,2025-10-02,0,45,45,False,0,0,[],[],BAJA,MEDIO,0
DJUSCT,Dow Jones U.S. Telecommunications Equipment Index,2636.63,1708.47,2649.42,54.3269709154975,48.36949068868102,🔴,FUERTE,251,2025-10-02 07:42:48,2025-10-02,0,45,45,False,0,0,[],[],BAJA,MEDIO,0
DJUSAL,Dow Jones U.S. Aluminum Index,115.64,73.62,163.19,57.07688128226025,40.882654806705446,🔴,FUERTE,251,2025-10-02 07:42:48,2025-10-02,0,44,44,False,0,0,[],[],BAJA,MEDIO,0
DJUSBD,Dow Jones U.S. Building Materials & Fixtures Index,2415.6,1876.9,2557.1,28.701582396504865,64.11428571428573,🔴,FUERTE,251,2025-10-02 07:42:48,2025-10-02,0,44,44,False,0,0,[],[],BAJA,MEDIO,0
DJUSTT,Dow Jones U.S. Travel & Tourism Index,1374.26,957.74,1425.35,43.489882431557625,51.26683883576469,🔴,FUERTE,251,2025-10-02 07:42:48,2025-10-02,0,44,44,False,0,0,[],[],BAJA,MEDIO,0
DJUSLG,Dow Jones U.S. Hotels Index,4098.9,3245.4,4663.6,26.29876132371971,70.54532190406707,🔴,FUERTE,251,2025-10-02 07:42:48,2025-10-02,0,44,44,False,0,0,[],[],BAJA,ALTO,0
DJUSRB,Dow Jones U.S. Broadline Retailers Index,4660.2,3641.4,5034.6,27.978250123578835,71.79990191270232,🔴,FUERTE,251,2025-10-02 07:42:48,2025-10-02,0,44,44,False,0,0,[],[],BAJA,ALTO,0
DJUSRT,Dow Jones U.S. Retail Index,3100.9,2453.4,3267.5,26.39194587103611,76.14503816793892,🔴,FUERTE,251,2025-10-02 07:42:48,2025-10-02,0,44,44,False,0,0,[],[],BAJA,ALTO,0
DJUSGT,Dow Jones U.S. General Retailers Index,3454.6,2720.3,3649.5,26.993346322096816,75.71196094385684,🔴,FUERTE,251,2025-10-02 07:42:48,2025-10-02,0,44,44,False,0,0,[],[],BAJA,ALTO,0
DJUSHD,Dow Jones U.S. Durable Household Products Index,120.97,94.51,179.28,27.997037350544907,92.15610510046376,🔴,FUERTE,251,2025-10-02 07:42:48,2025-10-02,0,44,44,False,0,0,[],[],BAJA,ALTO,0
DJUSBC,Dow Jones U.S. Broadcasting & Entertainment Index,1216.7,962.0,1294.9,26.47609147609148,64.3059490084986,🔴,FUERTE,251,2025-10-02 07:42:48,2025-10-02,0,44,44,False,0,0,[],[],BAJA,MEDIO,0
DJUSMF,Dow Jones U.S. Mortgage Finance Index,13.01,9.98,13.76,30.36072144288576,62.70270270270272,🔴,FUERTE,251,2025-10-02 07:42:48,2025-10-02,0,43,43,False,0,0,[],[],BAJA,MEDIO,0
DJUSGF,Dow Jones U.S. Financial Services Index,2762.1,2138.5,2838.4,29.160626607435116,63.35917312661509,🔴,FUERTE,251,2025-10-02 07:42:48,2025-10-02,0,43,43,False,0,0,[],[],BAJA,MEDIO,0
DJUSCH,Dow Jones U.S. Chemicals Index,1948.9,1497.87,2050.51,30.111424890010497,70.3877875850095,🔴,FUERTE,251,2025-10-02 07:42:48,2025-10-02,0,43,43,False,0,0,[],[],BAJA,ALTO,0
DJUSFC,Dow Jones U.S. Fixed Line Telecommunications Index,163.3,125.98,175.95,29.62374980155581,82.5443786982249,🔴,FUERTE,251,2025-10-02 07:42:48,2025-10-02,0,43,43,False,0,0,[],[],BAJA,ALTO,0
DJUSFI,Dow Jones U.S. Financial Services Index,2464.2,1907.9,2532.3,29.15771266837883,63.33140543666859,🔴,FUERTE,251,2025-10-02 07:42:48,2025-10-02,0,43,43,False,0,0,[],[],BAJA,MEDIO,0
DJUSES,Dow Jones U.S. Real Estate Services Index,355.82,268.15,392.49,32.694387469699805,72.64700982841912,🔴,FUERTE,251,2025-10-02 07:42:48,2025-10-02,0,42,42,False,0,0,[],[],BAJA,ALTO,0
DJUSRH,Dow Jones U.S. Real Estate Investment & Services,746.22,563.1,822.79,32.51997868939797,72.56651266528598,🔴,FUERTE,251,2025-10-02 07:42:48,2025-10-02,0,42,42,False,0,0,[],[],BAJA,ALTO,0
DJUSBK,Dow Jones U.S. Banks Index,772.19,521.55,799.76,48.05675390662451,50.48169556840072,🔴,FUERTE,251,2025-10-02 07:42:48,2025-10-02,0,42,42,False,0,0,[],[],BAJA,MEDIO,0
DJUSCA,Dow Jones U.S. Gambling Index,677.62,513.6,786.57,31.935358255451707,76.50791164029452,🔴,FUERTE,251,2025-10-02 07:42:48,2025-10-02,0,42,42,False,0,0,[],[],BAJA,ALTO,0
DJUSRS,Dow Jones U.S. Specialty Retailers Index,4688.9,3185.9,4908.8,47.17662199064627,59.008810572687295,🔴,FUERTE,251,2025-10-02 07:42:48,2025-10-02,0,42,42,False,0,0,[],[],BAJA,MEDIO,0
DJUSTB,Dow Jones U.S. Tobacco Index,1121.05,824.94,1210.02,35.89473173806578,60.73059360730593,🔴,FUERTE,251,2025-10-02 07:42:48,2025-10-02,0,41,41,False,0,0,[],[],BAJA,MEDIO,0
DJUSTY,Dow Jones U.S. Toys Index,1999.78,1098.6,2064.11,82.0298561805935,37.566733038986506,🔴,FUERTE,251,2025-10-02 07:42:48,2025-10-02,0,40,40,False,0,0,[],[],BAJA,MEDIO,0
DJUSAT,Dow Jones U.S. Auto Parts Index,440.09,288.25,446.75,52.67649609713789,56.49016641452348,🔴,FUERTE,251,2025-10-02 07:42:48,2025-10-02,0,40,40,False,0,0,[],[],BAJA,MEDIO,0
DJUSAU,Dow Jones U.S. Automobiles Index,1549.78,758.25,1613.6,104.38905374216948,21.93653183312867,🔴,FUERTE,251,2025-10-02 07:42:48,2025-10-02,0,39,39,False,0,0,[],[],BAJA,MEDIO,0
DJUSPM,Dow Jones U.S. Gold Mining Index,222.82,94.85,225.21,134.91829204006328,26.37896541869101,🔴,FUERTE,251,2025-10-02 07:42:48,2025-10-02,0,39,39,False,0,0,[],[],BAJA,MEDIO,0
DJUSMG,Dow Jones U.S. Mining Index,196.23,84.25,198.53,132.91394658753708,28.50049652432969,🔴,FUERTE,251,2025-10-02 07:42:48,2025-10-02,0,39,39,False,0,0,[],[],BAJA,MEDIO,0
DJUSAP,Dow Jones U.S. Automobiles & Parts Index,1696.94,845.49,1748.7,100.70491667553728,21.943233519255276,🔴,FUERTE,251,2025-10-02 07:42:48,2025-10-02,0,39,39,False,0,0,[],[],BAJA,MEDIO,0
DJUSHL,Dow Jones U.S. Hotel & Lodging REITs Index,90.72,65.02,103.03,39.526299600123046,66.15236258437803,🔴,FUERTE,251,2025-10-02 07:42:48,2025-10-02,0,39,39,False,0,0,[],[],BAJA,MEDIO,0
DJUSIM,Dow Jones U.S. Industrial Metals & Mining Index,491.05,350.58,568.14,40.06788750071311,67.13849569802942,🔴,FUERTE,251,2025-10-02 07:42:48,2025-10-02,0,39,39,False,0,0,[],[],BAJA,ALTO,0
DJUSNF,Dow Jones U.S. Nonferrous Metals Index,522.9,372.55,688.11,40.35699906052878,69.75225906870165,🔴,FUERTE,251,2025-10-02 07:42:48,2025-10-02,0,39,39,False,0,0,[],[],BAJA,ALTO,0
DJUSAI,Dow Jones U.S. Electronic Equipment Index,1714.01,913.78,1723.97,87.57359539495285,35.558446757405946,🔴,FUERTE,251,2025-10-02 07:42:48,2025-10-02,0,38,38,False,0,0,[],[],BAJA,MEDIO,0
DJUSHB,Dow Jones U.S. Home Construction Index,2685.61,1872.38,3170.03,43.43295698522736,67.27327939613474,🔴,FUERTE,251,2025-10-02 07:42:48,2025-10-02,0,38,38,False,0,0,[],[],BAJA,ALTO,0
DJUSAG,Dow Jones U.S. Asset Managers Index,396.1,273.77,426.58,44.68349344340141,71.13125901504219,🔴,FUERTE,251,2025-10-02 07:42:48,2025-10-02,0,37,37,False,0,0,[],[],BAJA,ALTO,0
DJUSSB,Dow Jones U.S. Investment Services Index,2982.5,2060.8,3066.3,44.72534937888197,61.54411764705885,🔴,FUERTE,251,2025-10-02 07:42:48,2025-10-02,0,37,37,False,0,0,[],[],BAJA,ALTO,0
DJUSBS,Dow Jones U.S. Basic Resources Index,442.06,274.91,456.39,60.80171692553925,51.81020296215029,🔴,FUERTE,251,2025-10-02 07:42:48,2025-10-02,0,37,37,False,0,0,[],[],BAJA,MEDIO,0
DJUSHV,Dow Jones U.S. Heavy Construction Index,2160.55,1138.85,2175.07,89.71330728366338,34.768895835659166,🔴,FUERTE,251,2025-10-02 07:42:48,2025-10-02,0,37,37,False,0,0,[],[],BAJA,MEDIO,0
DJUSFH,Dow Jones U.S. Furnishings Index,475.09,319.67,507.6,48.618888228485616,65.36611437733829,🔴,FUERTE,251,2025-10-02 07:42:48,2025-10-02,0,36,36,False,0,0,[],[],BAJA,ALTO,0
DJUSNS,Dow Jones U.S. Internet Index,6271.1,3842.4,6645.5,63.20789090151989,53.30378168721429,🔴,FUERTE,251,2025-10-02 07:42:48,2025-10-02,0,36,36,False,0,0,[],[],BAJA,MEDIO,0
DJUSEC,Dow Jones U.S. Electrical Components & Equipment Index,1024.55,562.61,1055.56,82.10661026288192,47.97099521021823,🔴,FUERTE,251,2025-10-02 07:42:48,2025-10-02,0,34,34,False,0,0,[],[],BAJA,MEDIO,0
DJUSSC,Dow Jones U.S. Semiconductors Index,27207.3,12938.1,27257.4,110.28821851740209,35.42264919333786,🔴,FUERTE,251,2025-10-02 07:42:48,2025-10-02,0,33,33,False,0,0,[],[],BAJA,MEDIO,0
DJUSEE,Dow Jones U.S. Electronic & Electrical Equipment Index,1183.85,643.85,1200.28,83.87046672361573,44.33876811594202,🔴,FUERTE,251,2025-10-02 07:42:48,2025-10-02,0,33,33,False,0,0,[],[],BAJA,MEDIO,0
DJUSAR,Dow Jones U.S. Airlines Index,217.87,137.83,259.72,58.07153740114634,73.1090373280943,🔴,FUERTE,251,2025-10-02 07:42:48,2025-10-02,0,32,32,False,0,0,[],[],BAJA,ALTO,0
DJUSRQ,Dow Jones U.S. Recreational Services Index,192.75,110.98,215.97,73.6799423319517,84.2650870048131,🔴,FUERTE,251,2025-10-02 07:42:48,2025-10-02,0,26,26,False,0,0,[],[],BAJA,ALTO,0
