Ticker,Sector,CurrentPrice,Min52w,Max52w,DistanceFromMin,RSI,Estado,Classification,DataPoints,AnalysisDate,FileDate,DaysAgo,BaseScore,FinalScore,InsiderActivity,InsiderTrades,InsiderValue,InsiderTickers,Signals,Urgency,RiskLevel,MappingCoverage
DJUSIX,Dow Jones U.S. Nonlife Insurance Index,1287.78,1215.03,1458.15,5.987506481321449,38.329371082775005,🟢,OPORTUNIDAD,251,2026-02-04 08:07:30,2026-02-04,0,92,92,False,0,0,[],[],CRÍTICA,BAJO,0
DJUSIP,Dow Jones U.S. Property & Casualty Insurance Index,1920.74,1792.93,2065.57,7.128554935217769,30.617673954609717,🟢,OPORTUNIDAD,252,2026-02-04 08:07:30,2026-02-04,0,91,91,False,0,0,[],[],CRÍTICA,BAJO,0
DJUSRN,Dow Jones U.S. Residential REITs Index,212.8,206.56,263.03,3.0209140201394318,49.26372155287819,🟢,OPORTUNIDAD,251,2026-02-04 08:07:30,2026-02-04,0,87,87,False,0,0,[],[],CRÍTICA,BAJO,0
DJUSFB,Dow Jones U.S. Food & Beverage Index,758.22,667.95,770.54,13.514484617112055,20.298407749693723,🟡,CERCA,252,2026-02-04 08:07:30,2026-02-04,0,86,86,False,0,0,[],[],CRÍTICA,BAJO,0
DJUSHN,Dow Jones U.S. Nondurable Household Products Index,1210.05,1067.39,1420.24,13.365311648038658,23.78680321191672,🟡,CERCA,252,2026-02-04 08:07:30,2026-02-04,0,86,86,False,0,0,[],[],CRÍTICA,BAJO,0
DJUSFO,Dow Jones U.S. Food Producers Index,384.9,341.8,428.42,12.609713282621406,29.63629096722626,🟡,CERCA,251,2026-02-04 08:07:30,2026-02-04,0,86,86,False,0,0,[],[],CRÍTICA,BAJO,0
DJUSIR,Dow Jones U.S. Insurance Index,1310.52,1239.53,1458.0,5.727170782474003,40.65151356447054,🟢,OPORTUNIDAD,252,2026-02-04 08:07:30,2026-02-04,0,86,86,False,0,0,[],[],CRÍTICA,BAJO,0
DJUSHG,Dow Jones U.S. Household Goods & Home Construction Index,1060.78,943.49,1158.74,12.431504308471734,27.21942281264312,🟡,CERCA,252,2026-02-04 08:07:30,2026-02-04,0,86,86,False,0,0,[],[],CRÍTICA,BAJO,0
DJUSTL,Dow Jones U.S. Telecommunications Index,181.93,157.97,199.75,15.167436855099076,16.221889055472246,🟡,CERCA,251,2026-02-04 08:07:30,2026-02-04,0,85,85,False,0,0,[],[],ALTA,BAJO,0
DJUSWC,Dow Jones U.S. Mobile Telecommunications Index,402.78,349.48,458.56,15.251230399450598,19.313359907419358,🟡,CERCA,252,2026-02-04 08:07:30,2026-02-04,0,85,85,False,0,0,[],[],ALTA,BAJO,0
DJUSBV,Dow Jones U.S. Beverages Index,1044.72,884.01,1047.36,18.17965860114705,17.926531896483894,🟡,CERCA,252,2026-02-04 08:07:30,2026-02-04,0,84,84,False,0,0,[],[],ALTA,BAJO,0
DJUSFC,Dow Jones U.S. Fixed Line Telecommunications Index,160.52,137.34,175.95,16.877821464977433,16.288725646758138,🟡,CERCA,252,2026-02-04 08:07:30,2026-02-04,0,84,84,False,0,0,[],[],ALTA,BAJO,0
DJUSCC,Dow Jones U.S. Commodity Chemicals Index,735.05,608.9,794.88,20.717687633437343,28.582615505090104,🟡,CERCA,251,2026-02-04 08:07:30,2026-02-04,0,83,83,False,0,0,[],[],ALTA,BAJO,0
DJUSSD,Dow Jones U.S. Soft Drinks Index,1020.66,848.43,1023.63,20.29984795445706,17.39338001273076,🟡,CERCA,252,2026-02-04 08:07:30,2026-02-04,0,83,83,False,0,0,[],[],ALTA,BAJO,0
DJUSPL,Dow Jones U.S. Pipelines Index,1133.78,925.07,1171.11,22.561535883770947,22.612395550315384,🟡,CERCA,252,2026-02-04 08:07:30,2026-02-04,0,82,82,False,0,0,[],[],ALTA,BAJO,0
DJUSFR,Dow Jones U.S. Forestry & Paper Index,876.74,703.58,886.08,24.611273771284,24.691921497033302,🟡,CERCA,252,2026-02-04 08:07:30,2026-02-04,0,81,81,False,0,0,[],[],ALTA,BAJO,0
DJUSFP,Dow Jones U.S. Food Products Index,522.21,470.3,625.15,11.037635551775468,34.55952219356591,🟡,CERCA,251,2026-02-04 08:07:30,2026-02-04,0,81,81,False,0,0,[],[],ALTA,BAJO,0
DJUSPC,Dow Jones U.S. Waste & Disposal Services Index,658.53,589.23,708.03,11.76111195967618,36.59117997616205,🟡,CERCA,252,2026-02-04 08:07:30,2026-02-04,0,80,80,False,0,0,[],[],ALTA,BAJO,0
DJUSNG,Dow Jones U.S. Personal & Household Goods Index,1030.95,909.61,1081.16,13.339782983916187,33.69529450477128,🟡,CERCA,252,2026-02-04 08:07:30,2026-02-04,0,80,80,False,0,0,[],[],ALTA,BAJO,0
DJUSFD,Dow Jones U.S. Food Retailers & Wholesalers Index,1247.63,1099.62,1346.72,13.460104399701736,30.902668264681736,🟡,CERCA,252,2026-02-04 08:07:30,2026-02-04,0,80,80,False,0,0,[],[],ALTA,BAJO,0
DJUSIB,Dow Jones U.S. Insurance Brokers Index,688.43,655.89,891.38,4.961197761819812,51.01568255973059,🟢,OPORTUNIDAD,252,2026-02-04 08:07:30,2026-02-04,0,80,80,False,0,0,[],[],ALTA,BAJO,0
DJUSSP,Dow Jones U.S. Specialty Finance Index,734.05,682.16,803.35,7.606719831124661,55.7665260196906,🟢,OPORTUNIDAD,251,2026-02-04 08:07:30,2026-02-04,0,79,79,False,0,0,[],[],ALTA,BAJO,0
DJUSMU,Dow Jones U.S. Multiutilities Index,291.81,249.55,299.75,16.934482067721895,35.749822316986524,🟡,CERCA,251,2026-02-04 08:07:30,2026-02-04,0,78,78,False,0,0,[],[],ALTA,BAJO,0
DJUSIU,Dow Jones U.S. Reinsurance Index,548.47,467.58,558.57,17.299713418024734,31.78624260355015,🟡,CERCA,252,2026-02-04 08:07:30,2026-02-04,0,78,78,False,0,0,[],[],ALTA,BAJO,0
DJUSGU,Dow Jones U.S. Gas Distribution Index,390.58,324.1,397.36,20.512187596420844,33.47073371805439,🟡,CERCA,252,2026-02-04 08:07:30,2026-02-04,0,77,77,False,0,0,[],[],ALTA,BAJO,0
DJUSBE,Dow Jones U.S. Business Training & Employment Agencies Index,88.44,88.12,136.23,0.3631411711302691,78.38525111252383,🟢,OPORTUNIDAD,252,2026-02-04 08:07:30,2026-02-04,0,76,76,False,0,0,[],[],ALTA,MEDIO,0
DJUSCS,Dow Jones U.S. Specialized Consumer Services Index,2286.6,2282.1,3402.3,0.1971868016300775,72.23446452181588,🟢,OPORTUNIDAD,252,2026-02-04 08:07:30,2026-02-04,0,76,76,False,0,0,[],[],ALTA,MEDIO,0
DJUSAV,Dow Jones U.S. Media Agencies Index,293.35,291.18,656.63,0.7452434919980823,84.91881566380137,🟢,OPORTUNIDAD,252,2026-02-04 08:07:30,2026-02-04,0,76,76,False,0,0,[],[],ALTA,MEDIO,0
DJUSVN,Dow Jones U.S. Distillers & Vintners Index,317.18,260.67,391.98,21.678750911113664,38.782365290412855,🟡,CERCA,252,2026-02-04 08:07:30,2026-02-04,0,76,76,False,0,0,[],[],ALTA,BAJO,0
DJUSIS,Dow Jones U.S. Support Services Index,754.34,748.64,947.13,0.7613806368882301,71.98734763153836,🟢,OPORTUNIDAD,251,2026-02-04 08:07:30,2026-02-04,0,76,76,False,0,0,[],[],ALTA,MEDIO,0
DJUSFA,Dow Jones U.S. Financial Administration Index,412.68,412.47,681.74,0.0509127936577155,85.4518222666001,🟢,OPORTUNIDAD,252,2026-02-04 08:07:30,2026-02-04,0,76,76,False,0,0,[],[],ALTA,MEDIO,0
DJUSIV,Dow Jones U.S. Business Support Services Index,1061.97,1054.24,1395.19,0.7332296251327988,73.41369717843416,🟢,OPORTUNIDAD,252,2026-02-04 08:07:30,2026-02-04,0,76,76,False,0,0,[],[],ALTA,MEDIO,0
DJUSRL,Dow Jones U.S. Retail REITs Index,103.77,83.32,104.58,24.54392702832454,35.59322033898309,🟡,CERCA,252,2026-02-04 08:07:30,2026-02-04,0,75,75,False,0,0,[],[],ALTA,BAJO,0
DJUSRU,Dow Jones U.S. Restaurants & Bars Index,2983.9,2686.2,3265.8,11.082570173479276,47.85775492716367,🟡,CERCA,252,2026-02-04 08:07:30,2026-02-04,0,75,75,False,0,0,[],[],ALTA,BAJO,0
DJUSCA,Dow Jones U.S. Gambling Index,533.48,513.6,786.57,3.8707165109034256,88.10999841042764,🟢,OPORTUNIDAD,252,2026-02-04 08:07:30,2026-02-04,0,74,74,False,0,0,[],[],MEDIA,MEDIO,0
DJUSMC,Dow Jones U.S. Health Care Equipment & Services Index,2196.8,2083.0,2540.9,5.463274123859827,75.28647822765461,🟢,OPORTUNIDAD,252,2026-02-04 08:07:30,2026-02-04,0,74,74,False,0,0,[],[],MEDIA,MEDIO,0
DJUSWU,Dow Jones U.S. Water Index,2636.6,2502.1,3135.8,5.375484592941929,64.75181260457339,🟢,OPORTUNIDAD,251,2026-02-04 08:07:30,2026-02-04,0,74,74,False,0,0,[],[],MEDIA,MEDIO,0
DJUSCP,Dow Jones U.S. Containers & Packaging Index,448.58,388.62,497.5,15.428953733724454,46.1222002133171,🟡,CERCA,252,2026-02-04 08:07:30,2026-02-04,0,73,73,False,0,0,[],[],MEDIA,BAJO,0
DJUSRI,Dow Jones U.S. Real Estate Investment Trusts Index,146.65,126.8,155.77,15.654574132492122,49.56249999999995,🟡,CERCA,251,2026-02-04 08:07:30,2026-02-04,0,73,73,False,0,0,[],[],MEDIA,BAJO,0
DJUSDB,Dow Jones U.S. Brewers Index,503.49,438.36,659.78,14.8576512455516,49.351891202719926,🟡,CERCA,252,2026-02-04 08:07:30,2026-02-04,0,73,73,False,0,0,[],[],MEDIA,BAJO,0
DJUSRS,Dow Jones U.S. Specialty Retailers Index,3750.1,3427.2,4908.8,9.421685340802991,81.77570093457939,🟢,OPORTUNIDAD,252,2026-02-04 08:07:30,2026-02-04,0,72,72,False,0,0,[],[],MEDIA,MEDIO,0
DJUSCM,Dow Jones U.S. Personal Products Index,409.41,341.42,452.45,19.913889051607992,42.4717145343777,🟡,CERCA,252,2026-02-04 08:07:30,2026-02-04,0,71,71,False,0,0,[],[],MEDIA,BAJO,0
DJUSHI,Dow Jones U.S. Home Improvement Retailers Index,872.28,705.04,940.02,23.720639963690008,49.969197597412624,🟡,CERCA,252,2026-02-04 08:07:30,2026-02-04,0,70,70,False,0,0,[],[],MEDIA,BAJO,0
DJUSUT,Dow Jones U.S. Utilities Index,429.47,353.79,466.02,21.39122078068911,46.365068647310345,🟡,CERCA,252,2026-02-04 08:07:30,2026-02-04,0,70,70,False,0,0,[],[],MEDIA,BAJO,0
DJUSEU,Dow Jones U.S. Electricity Index,424.51,340.99,471.47,24.49338690284172,49.778315195485725,🟡,CERCA,252,2026-02-04 08:07:30,2026-02-04,0,69,69,False,0,0,[],[],MEDIA,BAJO,0
DJUSGI,Dow Jones U.S. General Industrials Index,759.21,613.23,783.86,23.80509759796488,43.17184643510054,🟡,CERCA,252,2026-02-04 08:07:30,2026-02-04,0,69,69,False,0,0,[],[],MEDIA,BAJO,0
DJUSVE,Dow Jones U.S. Conventional Electricity Index,425.41,341.92,472.89,24.41799251286851,49.96977634495262,🟡,CERCA,252,2026-02-04 08:07:30,2026-02-04,0,69,69,False,0,0,[],[],MEDIA,BAJO,0
DJUSSR,Dow Jones U.S. Specialty REITs Index,254.07,229.18,273.52,10.860459027838374,52.645305514158,🟡,CERCA,252,2026-02-04 08:07:30,2026-02-04,0,69,69,False,0,0,[],[],MEDIA,BAJO,0
DJUSDR,Dow Jones U.S. Food & Drug Retailers Index,1711.74,1341.74,1720.45,27.576132484684067,28.74480996486747,🔴,FUERTE,252,2026-02-04 08:07:30,2026-02-04,0,68,68,False,0,0,[],[],MEDIA,BAJO,0
DJUSRE,Dow Jones U.S. Real Estate Index,360.81,311.91,382.25,15.677599307492535,52.26912928759891,🟡,CERCA,252,2026-02-04 08:07:30,2026-02-04,0,67,67,False,0,0,[],[],MEDIA,BAJO,0
DJUSIL,Dow Jones U.S. Life Insurance Index,1291.93,1077.94,1349.12,19.851754272037407,50.81540770385192,🟡,CERCA,252,2026-02-04 08:07:30,2026-02-04,0,65,65,False,0,0,[],[],MEDIA,BAJO,0
DJUSOS,Dow Jones U.S. Exploration & Production Index,1116.51,821.29,1129.92,35.94589000231344,29.944653299916496,🔴,FUERTE,252,2026-02-04 08:07:30,2026-02-04,0,65,65,False,0,0,[],[],MEDIA,BAJO,0
DJUSEH,Dow Jones U.S. Real Estate Holding & Development Index,68.56,50.8,69.58,34.96062992125986,17.632552404439025,🔴,FUERTE,160,2026-02-04 08:07:30,2026-02-04,0,65,65,False,0,0,[],[],MEDIA,BAJO,0
DJUSCX,Dow Jones U.S. Specialty Chemicals Index,1196.0,863.05,1205.54,38.57829789699323,27.45128244627587,🔴,FUERTE,252,2026-02-04 08:07:30,2026-02-04,0,64,64,False,0,0,[],[],MEDIA,BAJO,0
DJUSDV,Dow Jones U.S. Computer Services Index,284.17,231.08,313.36,22.97472736714558,59.21383647798742,🟡,CERCA,252,2026-02-04 08:07:30,2026-02-04,0,64,64,False,0,0,[],[],MEDIA,BAJO,0
DJUSAM,Dow Jones U.S. Medical Equipment Index,2849.1,2589.3,3151.1,10.0335998146217,72.83834586466163,🟡,CERCA,252,2026-02-04 08:07:30,2026-02-04,0,63,63,False,0,0,[],[],MEDIA,ALTO,0
DJUSOG,Dow Jones U.S. Oil & Gas Producers,982.97,707.01,985.94,39.0319797456896,21.599948678470625,🔴,FUERTE,252,2026-02-04 08:07:30,2026-02-04,0,63,63,False,0,0,[],[],MEDIA,BAJO,0
DJUSOL,Dow Jones U.S. Integrated Oil & Gas Index,909.15,645.42,914.4,40.861764432462586,17.40187565126783,🔴,FUERTE,252,2026-02-04 08:07:30,2026-02-04,0,63,63,False,0,0,[],[],MEDIA,MEDIO,0
DJUSSF,Dow Jones U.S. Consumer Finance Index,768.01,619.26,837.68,24.02060523851048,52.700378396972816,🟡,CERCA,251,2026-02-04 08:07:30,2026-02-04,0,63,63,False,0,0,[],[],MEDIA,BAJO,0
DJUSIT,Dow Jones U.S. Industrial Transportation Index,1754.0,1243.5,1762.7,41.05347808604745,29.09535452322741,🔴,FUERTE,251,2026-02-04 08:07:30,2026-02-04,0,63,63,False,0,0,[],[],MEDIA,MEDIO,0
DJUSEN,Dow Jones U.S. Oil & Gas Index,869.46,623.85,871.29,39.37004087521039,19.32261588887154,🔴,FUERTE,251,2026-02-04 08:07:30,2026-02-04,0,63,63,False,0,0,[],[],MEDIA,BAJO,0
DJUSRP,Dow Jones U.S. Recreational Products Index,307.5,274.92,417.23,11.850720209515488,62.73191094619672,🟡,CERCA,251,2026-02-04 08:07:30,2026-02-04,0,62,62,False,0,0,[],[],MEDIA,MEDIO,0
DJUSSW,Dow Jones U.S. Software Index,6570.4,5758.2,9040.0,14.105102288909729,79.73254690598466,🟡,CERCA,252,2026-02-04 08:07:30,2026-02-04,0,61,61,False,0,0,[],[],MEDIA,ALTO,0
DJUSRR,Dow Jones U.S. Railroads Index,3656.8,2788.9,3666.1,31.11979633547277,32.06502940159113,🔴,FUERTE,251,2026-02-04 08:07:30,2026-02-04,0,61,61,False,0,0,[],[],MEDIA,BAJO,0
DJUSFT,Dow Jones U.S. Footwear Index,1370.1,1186.7,1821.0,15.454622061178044,64.28871170793118,🟡,CERCA,252,2026-02-04 08:07:30,2026-02-04,0,61,61,False,0,0,[],[],MEDIA,MEDIO,0
DJUSHP,Dow Jones U.S. Health Care Providers Index,2416.6,2106.6,3374.9,14.715655558720217,69.11309415407031,🟡,CERCA,252,2026-02-04 08:07:30,2026-02-04,0,61,61,False,0,0,[],[],MEDIA,MEDIO,0
DJUSME,Dow Jones U.S. Media Index,767.5,662.35,903.98,15.875292519060917,76.62931034482757,🟡,CERCA,252,2026-02-04 08:07:30,2026-02-04,0,61,61,False,0,0,[],[],MEDIA,ALTO,0
DJUSRH,Dow Jones U.S. Real Estate Investment & Services,659.12,563.1,822.79,17.052033386609835,65.48911376878259,🟡,CERCA,252,2026-02-04 08:07:30,2026-02-04,0,60,60,False,0,0,[],[],MEDIA,MEDIO,0
DJUSES,Dow Jones U.S. Real Estate Services Index,314.29,268.15,392.49,17.20678724594445,65.48752251093389,🟡,CERCA,252,2026-02-04 08:07:30,2026-02-04,0,60,60,False,0,0,[],[],MEDIA,MEDIO,0
DJUSTB,Dow Jones U.S. Tobacco Index,1187.82,899.57,1212.19,32.04308725279855,31.440787511186254,🔴,FUERTE,251,2026-02-04 08:07:30,2026-02-04,0,60,60,False,0,0,[],[],MEDIA,BAJO,0
DJUSBC,Dow Jones U.S. Broadcasting & Entertainment Index,1154.8,962.0,1294.9,20.04158004158004,73.0576441102757,🟡,CERCA,252,2026-02-04 08:07:30,2026-02-04,0,59,59,False,0,0,[],[],BAJA,ALTO,0
DJUSHC,Dow Jones U.S. Health Care Index,1630.58,1344.15,1708.01,21.309377673622723,60.19524100061018,🟡,CERCA,252,2026-02-04 08:07:30,2026-02-04,0,58,58,False,0,0,[],[],BAJA,MEDIO,0
DJUSPG,Sector PG,517.99,426.49,617.01,21.454195877980727,64.88821835139214,🟡,CERCA,251,2026-02-04 08:07:30,2026-02-04,0,58,58,False,0,0,[],[],BAJA,MEDIO,0
DJUSAF,Dow Jones U.S. Delivery Services Index,1423.2,916.9,1440.3,55.2186716108627,26.910435497124027,🔴,FUERTE,251,2026-02-04 08:07:30,2026-02-04,0,57,57,False,0,0,[],[],BAJA,MEDIO,0
DJUSDT,Dow Jones U.S. Diversified REITs Index,59.54,46.63,60.41,27.686039030666944,41.14921223354958,🔴,FUERTE,252,2026-02-04 08:07:30,2026-02-04,0,56,56,False,0,0,[],[],BAJA,BAJO,0
DJUSMS,Dow Jones U.S. Medical Supplies Index,1887.25,1493.05,1967.6,26.40233079937042,45.27531930679952,🔴,FUERTE,251,2026-02-04 08:07:30,2026-02-04,0,56,56,False,0,0,[],[],BAJA,BAJO,0
DJUSID,Dow Jones U.S. Diversified Industrials Index,1012.42,767.22,1019.39,31.9595422434243,42.76018099547513,🔴,FUERTE,252,2026-02-04 08:07:30,2026-02-04,0,54,54,False,0,0,[],[],BAJA,BAJO,0
DJUSBD,Dow Jones U.S. Building Materials & Fixtures Index,2509.4,1876.9,2549.2,33.699184826042945,40.56547619047617,🔴,FUERTE,252,2026-02-04 08:07:30,2026-02-04,0,54,54,False,0,0,[],[],BAJA,BAJO,0
DJUSCN,Dow Jones U.S. Construction & Materials Index,2202.08,1484.39,2226.55,48.34915352434332,36.12504567954562,🔴,FUERTE,252,2026-02-04 08:07:30,2026-02-04,0,54,54,False,0,0,[],[],BAJA,MEDIO,0
DJUSTK,Dow Jones U.S. Trucking Index,1857.38,1244.48,1864.78,49.24948572897918,31.791041335269853,🔴,FUERTE,252,2026-02-04 08:07:30,2026-02-04,0,53,53,False,0,0,[],[],BAJA,MEDIO,0
DJUSRB,Dow Jones U.S. Broadline Retailers Index,5132.8,3641.4,5214.8,40.95677486680947,49.91339491916861,🔴,FUERTE,251,2026-02-04 08:07:30,2026-02-04,0,51,51,False,0,0,[],[],BAJA,MEDIO,0
DJUSPN,Dow Jones U.S. Pharmaceuticals & Biotechnology Index,1352.04,960.01,1386.88,40.83603295799002,49.475021734768966,🔴,FUERTE,252,2026-02-04 08:07:30,2026-02-04,0,51,51,False,0,0,[],[],BAJA,MEDIO,0
DJUSPB,Dow Jones U.S. Publishing Index,840.33,663.16,885.56,26.716026298329226,59.77611312179105,🔴,FUERTE,252,2026-02-04 08:07:30,2026-02-04,0,50,50,False,0,0,[],[],BAJA,BAJO,0
DJUSRD,Dow Jones U.S. Drug Retailers Index,1507.43,935.6,1533.48,61.11906797776828,31.63810678274281,🔴,FUERTE,252,2026-02-04 08:07:30,2026-02-04,0,49,49,False,0,0,[],[],BAJA,MEDIO,0
DJUSGT,Dow Jones U.S. General Retailers Index,3565.3,2720.3,3649.5,31.06275043193765,55.126928820308606,🔴,FUERTE,252,2026-02-04 08:07:30,2026-02-04,0,49,49,False,0,0,[],[],BAJA,BAJO,0
DJUSRT,Dow Jones U.S. Retail Index,3210.0,2453.4,3267.5,30.83883590119833,53.93712143063169,🔴,FUERTE,251,2026-02-04 08:07:30,2026-02-04,0,49,49,False,0,0,[],[],BAJA,BAJO,0
DJUSPR,Dow Jones U.S. Pharmaceuticals Index,1100.81,765.56,1126.14,43.79147290872042,47.41486970277245,🔴,FUERTE,251,2026-02-04 08:07:30,2026-02-04,0,49,49,False,0,0,[],[],BAJA,MEDIO,0
DJUSMR,Dow Jones U.S. Mortgage REITs Index,32.31,24.64,34.46,31.12824675324676,50.98039215686271,🔴,FUERTE,252,2026-02-04 08:07:30,2026-02-04,0,49,49,False,0,0,[],[],BAJA,BAJO,0
DJUSOI,Dow Jones U.S. Oil Equipment & Services Index,351.91,198.86,355.87,76.9636930503872,21.149462715727797,🔴,FUERTE,252,2026-02-04 08:07:30,2026-02-04,0,48,48,False,0,0,[],[],BAJA,MEDIO,0
DJUSMF,Dow Jones U.S. Mortgage Finance Index,13.21,9.98,14.77,32.36472945891784,58.31134564643799,🔴,FUERTE,252,2026-02-04 08:07:30,2026-02-04,0,48,48,False,0,0,[],[],BAJA,BAJO,0
DJUSIG,Dow Jones U.S. Industrial Goods & Services Index,1618.76,1094.74,1628.03,47.86707346036502,42.363697934304106,🔴,FUERTE,252,2026-02-04 08:07:30,2026-02-04,0,48,48,False,0,0,[],[],BAJA,MEDIO,0
DJUSFE,Dow Jones U.S. Industrial Machinery Index,1421.8,969.18,1432.09,46.70133514930148,40.5769138005885,🔴,FUERTE,251,2026-02-04 08:07:30,2026-02-04,0,48,48,False,0,0,[],[],BAJA,MEDIO,0
DJUSDS,Dow Jones U.S. Industrial Suppliers Index,1026.09,683.22,1050.28,50.18442083077191,43.49287749287752,🔴,FUERTE,252,2026-02-04 08:07:30,2026-02-04,0,47,47,False,0,0,[],[],BAJA,MEDIO,0
DJUSDN,Dow Jones U.S. Defense Index,898.43,598.11,926.32,50.21149955693768,42.825693843855646,🔴,FUERTE,252,2026-02-04 08:07:30,2026-02-04,0,47,47,False,0,0,[],[],BAJA,MEDIO,0
DJUSCR,Dow Jones U.S. Computer Hardware Index,13940.8,8364.8,14401.2,66.66029074215763,34.108150165337506,🔴,FUERTE,252,2026-02-04 08:07:30,2026-02-04,0,46,46,False,0,0,[],[],BAJA,MEDIO,0
DJUSHB,Dow Jones U.S. Home Construction Index,2558.2,1872.38,2900.07,36.628248539292215,58.62816154219748,🔴,FUERTE,252,2026-02-04 08:07:30,2026-02-04,0,46,46,False,0,0,[],[],BAJA,BAJO,0
DJUSIQ,Dow Jones U.S. Industrial Engineering Index,5582.1,3318.0,5617.6,68.2368896925859,31.80346820809245,🔴,FUERTE,252,2026-02-04 08:07:30,2026-02-04,0,46,46,False,0,0,[],[],BAJA,MEDIO,0
DJUSBT,Dow Jones U.S. Biotechnology Index,3168.6,2297.4,3319.4,37.92112823191433,51.46155735691477,🔴,FUERTE,252,2026-02-04 08:07:30,2026-02-04,0,46,46,False,0,0,[],[],BAJA,BAJO,0
DJUSTT,Dow Jones U.S. Travel & Tourism Index,1202.77,957.74,1432.9,25.58418777538789,76.79451090781139,🔴,FUERTE,251,2026-02-04 08:07:30,2026-02-04,0,45,45,False,0,0,[],[],BAJA,ALTO,0
DJUSCH,Dow Jones U.S. Chemicals Index,1887.0,1497.87,2050.51,25.97889002383385,64.29923904112034,🔴,FUERTE,252,2026-02-04 08:07:30,2026-02-04,0,45,45,False,0,0,[],[],BAJA,MEDIO,0
DJUSHL,Dow Jones U.S. Hotel & Lodging REITs Index,100.4,65.02,102.64,54.41402645339897,43.35421016005564,🔴,FUERTE,252,2026-02-04 08:07:30,2026-02-04,0,45,45,False,0,0,[],[],BAJA,MEDIO,0
DJUSIO,Dow Jones U.S. Industrial & Office REITs Index,110.71,79.12,114.17,39.9266936299292,51.13095238095241,🔴,FUERTE,252,2026-02-04 08:07:30,2026-02-04,0,45,45,False,0,0,[],[],BAJA,BAJO,0
DJUSST,Dow Jones U.S. Iron & Steel Index,775.04,416.26,784.54,86.19132273098545,28.70855662210704,🔴,FUERTE,252,2026-02-04 08:07:30,2026-02-04,0,45,45,False,0,0,[],[],BAJA,MEDIO,0
DJUSLE,Dow Jones U.S. Leisure Goods Index,912.29,724.03,1249.95,26.001685013051944,80.85767218831731,🔴,FUERTE,252,2026-02-04 08:07:30,2026-02-04,0,45,45,False,0,0,[],[],BAJA,ALTO,0
DJUSGF,Dow Jones U.S. Financial Services Index,2733.3,2138.5,2924.0,27.81388823942017,62.76380456779412,🔴,FUERTE,252,2026-02-04 08:07:30,2026-02-04,0,44,44,False,0,0,[],[],BAJA,MEDIO,0
DJUSFI,Dow Jones U.S. Financial Services Index,2438.6,1907.9,2608.7,27.81592326641856,62.75526742301465,🔴,FUERTE,252,2026-02-04 08:07:30,2026-02-04,0,44,44,False,0,0,[],[],BAJA,MEDIO,0
DJUSCT,Dow Jones U.S. Telecommunications Equipment Index,2966.47,1708.47,2982.82,73.63313373954472,30.5302322584802,🔴,FUERTE,251,2026-02-04 08:07:30,2026-02-04,0,44,44,False,0,0,[],[],BAJA,MEDIO,0
DJUSFH,Dow Jones U.S. Furnishings Index,510.17,319.67,527.08,59.592704977007536,49.75182745239599,🔴,FUERTE,251,2026-02-04 08:07:30,2026-02-04,0,43,43,False,0,0,[],[],BAJA,MEDIO,0
DJUSTY,Dow Jones U.S. Toys Index,1497.78,1149.53,2066.13,30.294990126399483,80.37535699714398,🔴,FUERTE,252,2026-02-04 08:07:30,2026-02-04,0,43,43,False,0,0,[],[],BAJA,ALTO,0
DJUSBK,Dow Jones U.S. Banks Index,842.13,521.55,869.8,61.4667817083693,42.19785614925128,🔴,FUERTE,252,2026-02-04 08:07:30,2026-02-04,0,42,42,False,0,0,[],[],BAJA,MEDIO,0
DJUSHR,Dow Jones U.S. Commercial Vehicles & Trucks Index,7494.2,3916.0,7541.9,91.37385086823288,28.01266941661757,🔴,FUERTE,252,2026-02-04 08:07:30,2026-02-04,0,42,42,False,0,0,[],[],BAJA,MEDIO,0
DJUSHD,Dow Jones U.S. Durable Household Products Index,138.97,94.51,161.19,47.04264099037138,58.55499640546368,🔴,FUERTE,251,2026-02-04 08:07:30,2026-02-04,0,42,42,False,0,0,[],[],BAJA,MEDIO,0
DJUSAT,Dow Jones U.S. Auto Parts Index,432.25,288.25,447.84,49.95663486556808,55.96352291816655,🔴,FUERTE,251,2026-02-04 08:07:30,2026-02-04,0,41,41,False,0,0,[],[],BAJA,MEDIO,0
DJUSLG,Dow Jones U.S. Hotels Index,4829.5,3245.4,4965.9,48.81062426819498,53.289271441746095,🔴,FUERTE,252,2026-02-04 08:07:30,2026-02-04,0,41,41,False,0,0,[],[],BAJA,MEDIO,0
DJUSMT,Dow Jones U.S. Marine Transportation Index,396.14,261.01,433.88,51.77196276004751,56.63467690339091,🔴,FUERTE,252,2026-02-04 08:07:30,2026-02-04,0,40,40,False,0,0,[],[],BAJA,MEDIO,0
DJUSAG,Dow Jones U.S. Asset Managers Index,375.73,273.77,426.58,37.24294115498413,70.09129309170187,🔴,FUERTE,252,2026-02-04 08:07:30,2026-02-04,0,40,40,False,0,0,[],[],BAJA,ALTO,0
DJUSRA,Dow Jones U.S. Apparel Retailers Index,2084.22,1490.78,2154.58,39.807349172916176,62.52995482223535,🔴,FUERTE,252,2026-02-04 08:07:30,2026-02-04,0,39,39,False,0,0,[],[],BAJA,MEDIO,0
DJUSHV,Dow Jones U.S. Heavy Construction Index,2508.0,1138.85,2525.81,120.2221539272073,28.01120448179272,🔴,FUERTE,252,2026-02-04 08:07:30,2026-02-04,0,39,39,False,0,0,[],[],BAJA,MEDIO,0
DJUSEC,Dow Jones U.S. Electrical Components & Equipment Index,1172.85,562.61,1185.09,108.4659000017774,26.27492769066829,🔴,FUERTE,252,2026-02-04 08:07:30,2026-02-04,0,39,39,False,0,0,[],[],BAJA,MEDIO,0
DJUSSV,Dow Jones U.S. Software & Computer Services Index,7915.0,5509.7,8975.6,43.65573443200175,71.76140971761409,🔴,FUERTE,251,2026-02-04 08:07:30,2026-02-04,0,38,38,False,0,0,[],[],BAJA,ALTO,0
DJUSSB,Dow Jones U.S. Investment Services Index,3046.3,2060.8,3276.0,47.82123447204968,67.37655043295108,🔴,FUERTE,251,2026-02-04 08:07:30,2026-02-04,0,36,36,False,0,0,[],[],BAJA,ALTO,0
DJUSRQ,Dow Jones U.S. Recreational Services Index,198.12,110.98,215.97,78.51865200937105,42.60062846027232,🔴,FUERTE,252,2026-02-04 08:07:30,2026-02-04,0,36,36,False,0,0,[],[],BAJA,MEDIO,0
DJUSAE,Dow Jones U.S. Aerospace & Defense Index,3181.3,1861.2,3291.4,70.92735869331615,53.27241294146703,🔴,FUERTE,252,2026-02-04 08:07:30,2026-02-04,0,33,33,False,0,0,[],[],BAJA,MEDIO,0
DJUSAI,Dow Jones U.S. Electronic Equipment Index,2118.18,913.78,2198.43,131.8041541727768,38.99451527048687,🔴,FUERTE,252,2026-02-04 08:07:30,2026-02-04,0,33,33,False,0,0,[],[],BAJA,MEDIO,0
DJUSNF,Dow Jones U.S. Nonferrous Metals Index,865.08,372.55,920.8,132.20507314454434,37.81279912484615,🔴,FUERTE,252,2026-02-04 08:07:30,2026-02-04,0,33,33,False,0,0,[],[],BAJA,MEDIO,0
DJUSTC,Dow Jones U.S. Technology Index,8646.6,5115.5,9259.3,69.02746554588995,59.19117647058823,🔴,FUERTE,252,2026-02-04 08:07:30,2026-02-04,0,33,33,False,0,0,[],[],BAJA,MEDIO,0
DJUSEE,Dow Jones U.S. Electronic & Electrical Equipment Index,1389.23,643.85,1400.04,115.76920090083094,30.78557792745741,🔴,FUERTE,252,2026-02-04 08:07:30,2026-02-04,0,33,33,False,0,0,[],[],BAJA,MEDIO,0
DJUSIM,Dow Jones U.S. Industrial Metals & Mining Index,727.2,350.58,732.11,107.4276912544926,34.79469982005561,🔴,FUERTE,252,2026-02-04 08:07:30,2026-02-04,0,33,33,False,0,0,[],[],BAJA,MEDIO,0
DJUSNS,Dow Jones U.S. Internet Index,7518.4,3842.4,7726.0,95.66937330834894,42.29346485819976,🔴,FUERTE,252,2026-02-04 08:07:30,2026-02-04,0,29,29,False,0,0,[],[],BAJA,MEDIO,0
DJUSAS,Dow Jones U.S. Aerospace Index,3423.5,1883.9,3572.2,81.72408301926853,57.63600611754425,🔴,FUERTE,252,2026-02-04 08:07:30,2026-02-04,0,28,28,False,0,0,[],[],BAJA,MEDIO,0
DJUSTR,Dow Jones U.S. Tires Index,10467.5,5326.7,10826.1,96.51003435522932,46.73179809257968,🔴,FUERTE,251,2026-02-04 08:07:30,2026-02-04,0,28,28,False,0,0,[],[],BAJA,MEDIO,0
DJUSTQ,Dow Jones U.S. Technology Hardware & Equipment Index,10467.5,5326.7,10826.1,96.51003435522932,46.73179809257968,🔴,FUERTE,251,2026-02-04 08:07:30,2026-02-04,0,28,28,False,0,0,[],[],BAJA,MEDIO,0
DJUSBS,Dow Jones U.S. Basic Resources Index,620.21,274.91,662.27,125.60474337055764,40.11701056869651,🔴,FUERTE,251,2026-02-04 08:07:30,2026-02-04,0,27,27,False,0,0,[],[],BAJA,MEDIO,0
DJUSMG,Dow Jones U.S. Mining Index,263.92,95.87,300.37,175.28945446959426,46.89918865988994,🔴,FUERTE,252,2026-02-04 08:07:30,2026-02-04,0,27,27,False,0,0,[],[],BAJA,MEDIO,0
DJUSPM,Dow Jones U.S. Gold Mining Index,305.23,107.93,349.6,182.8036690447512,46.81144153634227,🔴,FUERTE,252,2026-02-04 08:07:30,2026-02-04,0,27,27,False,0,0,[],[],BAJA,MEDIO,0
DJUSAR,Dow Jones U.S. Airlines Index,262.32,137.83,274.21,90.32141043314226,50.12334929618344,🔴,FUERTE,252,2026-02-04 08:07:30,2026-02-04,0,25,25,False,0,0,[],[],BAJA,MEDIO,0
DJUSAL,Dow Jones U.S. Aluminum Index,209.58,73.62,228.71,184.6780766096169,58.07742087304389,🔴,FUERTE,252,2026-02-04 08:07:30,2026-02-04,0,21,21,False,0,0,[],[],BAJA,MEDIO,0
DJUSSC,Dow Jones U.S. Semiconductors Index,29034.4,12938.1,31044.1,124.41007566798834,53.21449831338051,🔴,FUERTE,251,2026-02-04 08:07:30,2026-02-04,0,21,21,False,0,0,[],[],BAJA,MEDIO,0
DJUSAP,Dow Jones U.S. Automobiles & Parts Index,1606.58,845.49,1853.16,90.01762291688841,61.29947247037617,🔴,FUERTE,252,2026-02-04 08:07:30,2026-02-04,0,19,19,False,0,0,[],[],BAJA,ALTO,0
DJUSAU,Dow Jones U.S. Automobiles Index,1464.61,758.25,1704.26,93.15661061655126,61.1287360160294,🔴,FUERTE,252,2026-02-04 08:07:30,2026-02-04,0,18,18,False,0,0,[],[],BAJA,ALTO,0
