{
  "analysis_timestamp": "2025-07-08T09:35:30.785300",
  "opportunities": [
    {
      "Ticker": "DJUSHG",
      "Sector": "Household Goods",
      "CurrentPrice": 1060.21,
      "Min52w": 999.49,
      "Max52w": 1229.25,
      "DistanceFromMin": 6.075098300133071,
      "RSI": 39.44244604316546,
      "Estado": "🟢",
      "Classification": "OPORTUNIDAD",
      "DataPoints": 251,
      "AnalysisDate": "2025-07-08 09:34:49",
      "FileDate": "2025-07-08",
      "DaysAgo": 0,
      "BaseScore": 92,
      "FinalScore": 92,
      "InsiderActivity": false,
      "InsiderTrades": 0,
      "InsiderValue": 0,
      "InsiderTickers": [],
      "Signals": [],
      "Urgency": "CRÍTICA",
      "RiskLevel": "BAJO",
      "MappingCoverage": 0
    },
    {
      "Ticker": "DJUSFB",
      "Sector": "Food & Beverage",
      "CurrentPrice": 708.59,
      "Min52w": 668.77,
      "Max52w": 816.7,
      "DistanceFromMin": 5.954214453399532,
      "RSI": 44.40331655315364,
      "Estado": "🟢",
      "Classification": "OPORTUNIDAD",
      "DataPoints": 251,
      "AnalysisDate": "2025-07-08 09:34:49",
      "FileDate": "2025-07-08",
      "DaysAgo": 0,
      "BaseScore": 86,
      "FinalScore": 86,
      "InsiderActivity": false,
      "InsiderTrades": 0,
      "InsiderValue": 0,
      "InsiderTickers": [],
      "Signals": [],
      "Urgency": "CRÍTICA",
      "RiskLevel": "BAJO",
      "MappingCoverage": 0
    },
    {
      "Ticker": "DJUSFO",
      "Sector": "Food Producers",
      "CurrentPrice": 387.27,
      "Min52w": 367.79,
      "Max52w": 460.77,
      "DistanceFromMin": 5.296500720519851,
      "RSI": 47.444352844188,
      "Estado": "🟢",
      "Classification": "OPORTUNIDAD",
      "DataPoints": 251,
      "AnalysisDate": "2025-07-08 09:34:49",
      "FileDate": "2025-07-08",
      "DaysAgo": 0,
      "BaseScore": 86,
      "FinalScore": 86,
      "InsiderActivity": false,
      "InsiderTrades": 0,
      "InsiderValue": 0,
      "InsiderTickers": [],
      "Signals": [],
      "Urgency": "CRÍTICA",
      "RiskLevel": "BAJO",
      "MappingCoverage": 0
    },
    {
      "Ticker": "DJUSBV",
      "Sector": "Beverages",
      "CurrentPrice": 940.59,
      "Min52w": 875.4,
      "Max52w": 1070.16,
      "DistanceFromMin": 7.446881425634003,
      "RSI": 42.81511121572319,
      "Estado": "🟢",
      "Classification": "OPORTUNIDAD",
      "DataPoints": 251,
      "AnalysisDate": "2025-07-08 09:34:49",
      "FileDate": "2025-07-08",
      "DaysAgo": 0,
      "BaseScore": 85,
      "FinalScore": 85,
      "InsiderActivity": false,
      "InsiderTrades": 0,
      "InsiderValue": 0,
      "InsiderTickers": [],
      "Signals": [],
      "Urgency": "CRÍTICA",
      "RiskLevel": "BAJO",
      "MappingCoverage": 0
    },
    {
      "Ticker": "DJUSMC",
      "Sector": "Healthcare Equipment",
      "CurrentPrice": 2257.5,
      "Min52w": 2186.6,
      "Max52w": 2559.1,
      "DistanceFromMin": 3.2424769047836866,
      "RSI": 52.14961306964747,
      "Estado": "🟢",
      "Classification": "OPORTUNIDAD",
      "DataPoints": 251,
      "AnalysisDate": "2025-07-08 09:34:49",
      "FileDate": "2025-07-08",
      "DaysAgo": 0,
      "BaseScore": 81,
      "FinalScore": 81,
      "InsiderActivity": false,
      "InsiderTrades": 0,
      "InsiderValue": 0,
      "InsiderTickers": [],
      "Signals": [],
      "Urgency": "ALTA",
      "RiskLevel": "BAJO",
      "MappingCoverage": 0
    },
    {
      "Ticker": "DJUSHC",
      "Sector": "Healthcare",
      "CurrentPrice": 1422.63,
      "Min52w": 1344.15,
      "Max52w": 1663.54,
      "DistanceFromMin": 5.838634081017744,
      "RSI": 55.46488410452294,
      "Estado": "🟢",
      "Classification": "OPORTUNIDAD",
      "DataPoints": 251,
      "AnalysisDate": "2025-07-08 09:34:49",
      "FileDate": "2025-07-08",
      "DaysAgo": 0,
      "BaseScore": 80,
      "FinalScore": 80,
      "InsiderActivity": false,
      "InsiderTrades": 0,
      "InsiderValue": 0,
      "InsiderTickers": [],
      "Signals": [],
      "Urgency": "ALTA",
      "RiskLevel": "BAJO",
      "MappingCoverage": 0
    },
    {
      "Ticker": "DJUSNG",
      "Sector": "Personal Goods",
      "CurrentPrice": 1056.44,
      "Min52w": 909.61,
      "Max52w": 1069.74,
      "DistanceFromMin": 16.142082870680845,
      "RSI": 30.35537462867198,
      "Estado": "🟡",
      "Classification": "CERCA",
      "DataPoints": 251,
      "AnalysisDate": "2025-07-08 09:34:49",
      "FileDate": "2025-07-08",
      "DaysAgo": 0,
      "BaseScore": 79,
      "FinalScore": 79,
      "InsiderActivity": false,
      "InsiderTrades": 0,
      "InsiderValue": 0,
      "InsiderTickers": [],
      "Signals": [],
      "Urgency": "ALTA",
      "RiskLevel": "BAJO",
      "MappingCoverage": 0
    },
    {
      "Ticker": "DJUSIT",
      "Sector": "Industrial Transport",
      "CurrentPrice": 1469.7,
      "Min52w": 1243.5,
      "Max52w": 1746.8,
      "DistanceFromMin": 18.19059107358263,
      "RSI": 35.67251461988299,
      "Estado": "🟡",
      "Classification": "CERCA",
      "DataPoints": 251,
      "AnalysisDate": "2025-07-08 09:34:49",
      "FileDate": "2025-07-08",
      "DaysAgo": 0,
      "BaseScore": 78,
      "FinalScore": 78,
      "InsiderActivity": false,
      "InsiderTrades": 0,
      "InsiderValue": 0,
      "InsiderTickers": [],
      "Signals": [],
      "Urgency": "ALTA",
      "RiskLevel": "BAJO",
      "MappingCoverage": 0
    },
    {
      "Ticker": "DJUSCH",
      "Sector": "Chemicals",
      "CurrentPrice": 853.73,
      "Min52w": 703.58,
      "Max52w": 952.75,
      "DistanceFromMin": 21.3408567611359,
      "RSI": 38.87137452711218,
      "Estado": "🟡",
      "Classification": "CERCA",
      "DataPoints": 251,
      "AnalysisDate": "2025-07-08 09:34:49",
      "FileDate": "2025-07-08",
      "DaysAgo": 0,
      "BaseScore": 76,
      "FinalScore": 76,
      "InsiderActivity": false,
      "InsiderTrades": 0,
      "InsiderValue": 0,
      "InsiderTickers": [],
      "Signals": [],
      "Urgency": "ALTA",
      "RiskLevel": "BAJO",
      "MappingCoverage": 0
    },
    {
      "Ticker": "DJUSRA",
      "Sector": "Apparel Retail",
      "CurrentPrice": 1645.54,
      "Min52w": 1490.78,
      "Max52w": 1826.93,
      "DistanceFromMin": 10.38114275748266,
      "RSI": 42.15571339907594,
      "Estado": "🟡",
      "Classification": "CERCA",
      "DataPoints": 251,
      "AnalysisDate": "2025-07-08 09:34:49",
      "FileDate": "2025-07-08",
      "DaysAgo": 0,
      "BaseScore": 75,
      "FinalScore": 75,
      "InsiderActivity": false,
      "InsiderTrades": 0,
      "InsiderValue": 0,
      "InsiderTickers": [],
      "Signals": [],
      "Urgency": "ALTA",
      "RiskLevel": "BAJO",
      "MappingCoverage": 0
    },
    {
      "Ticker": "DJUSIS",
      "Sector": "Support Services",
      "CurrentPrice": 894.81,
      "Min52w": 764.29,
      "Max52w": 981.89,
      "DistanceFromMin": 17.077287417079905,
      "RSI": 42.89662319716732,
      "Estado": "🟡",
      "Classification": "CERCA",
      "DataPoints": 251,
      "AnalysisDate": "2025-07-08 09:34:49",
      "FileDate": "2025-07-08",
      "DaysAgo": 0,
      "BaseScore": 72,
      "FinalScore": 72,
      "InsiderActivity": false,
      "InsiderTrades": 0,
      "InsiderValue": 0,
      "InsiderTickers": [],
      "Signals": [],
      "Urgency": "MEDIA",
      "RiskLevel": "BAJO",
      "MappingCoverage": 0
    },
    {
      "Ticker": "DJUSUT",
      "Sector": "Utilities",
      "CurrentPrice": 407.5,
      "Min52w": 338.93,
      "Max52w": 411.37,
      "DistanceFromMin": 20.231316200985454,
      "RSI": 42.47279322853684,
      "Estado": "🟡",
      "Classification": "CERCA",
      "DataPoints": 251,
      "AnalysisDate": "2025-07-08 09:34:49",
      "FileDate": "2025-07-08",
      "DaysAgo": 0,
      "BaseScore": 71,
      "FinalScore": 71,
      "InsiderActivity": false,
      "InsiderTrades": 0,
      "InsiderValue": 0,
      "InsiderTickers": [],
      "Signals": [],
      "Urgency": "MEDIA",
      "RiskLevel": "BAJO",
      "MappingCoverage": 0
    },
    {
      "Ticker": "DJUSPN",
      "Sector": "Pharmaceuticals",
      "CurrentPrice": 1065.6,
      "Min52w": 960.01,
      "Max52w": 1277.87,
      "DistanceFromMin": 10.998843762044135,
      "RSI": 56.19674670797841,
      "Estado": "🟡",
      "Classification": "CERCA",
      "DataPoints": 251,
      "AnalysisDate": "2025-07-08 09:34:49",
      "FileDate": "2025-07-08",
      "DaysAgo": 0,
      "BaseScore": 69,
      "FinalScore": 69,
      "InsiderActivity": false,
      "InsiderTrades": 0,
      "InsiderValue": 0,
      "InsiderTickers": [],
      "Signals": [],
      "Urgency": "MEDIA",
      "RiskLevel": "BAJO",
      "MappingCoverage": 0
    },
    {
      "Ticker": "DJUSGI",
      "Sector": "General Industrial",
      "CurrentPrice": 767.55,
      "Min52w": 613.23,
      "Max52w": 780.5,
      "DistanceFromMin": 25.16510933907342,
      "RSI": 24.46786526141763,
      "Estado": "🔴",
      "Classification": "FUERTE",
      "DataPoints": 251,
      "AnalysisDate": "2025-07-08 09:34:49",
      "FileDate": "2025-07-08",
      "DaysAgo": 0,
      "BaseScore": 69,
      "FinalScore": 69,
      "InsiderActivity": false,
      "InsiderTrades": 0,
      "InsiderValue": 0,
      "InsiderTickers": [],
      "Signals": [],
      "Urgency": "MEDIA",
      "RiskLevel": "BAJO",
      "MappingCoverage": 0
    },
    {
      "Ticker": "DJUSRI",
      "Sector": "REITs",
      "CurrentPrice": 146.36,
      "Min52w": 126.8,
      "Max52w": 162.95,
      "DistanceFromMin": 15.425867507886448,
      "RSI": 54.00516795865624,
      "Estado": "🟡",
      "Classification": "CERCA",
      "DataPoints": 251,
      "AnalysisDate": "2025-07-08 09:34:49",
      "FileDate": "2025-07-08",
      "DaysAgo": 0,
      "BaseScore": 67,
      "FinalScore": 67,
      "InsiderActivity": false,
      "InsiderTrades": 0,
      "InsiderValue": 0,
      "InsiderTickers": [],
      "Signals": [],
      "Urgency": "MEDIA",
      "RiskLevel": "BAJO",
      "MappingCoverage": 0
    },
    {
      "Ticker": "DJUSIX",
      "Sector": "Insurance",
      "CurrentPrice": 1339.4,
      "Min52w": 1165.38,
      "Max52w": 1458.15,
      "DistanceFromMin": 14.93246837941272,
      "RSI": 56.18243043658056,
      "Estado": "🟡",
      "Classification": "CERCA",
      "DataPoints": 251,
      "AnalysisDate": "2025-07-08 09:34:49",
      "FileDate": "2025-07-08",
      "DaysAgo": 0,
      "BaseScore": 67,
      "FinalScore": 67,
      "InsiderActivity": false,
      "InsiderTrades": 0,
      "InsiderValue": 0,
      "InsiderTickers": [],
      "Signals": [],
      "Urgency": "MEDIA",
      "RiskLevel": "BAJO",
      "MappingCoverage": 0
    },
    {
      "Ticker": "DJUSIQ",
      "Sector": "Industrial Engineering",
      "CurrentPrice": 4296.0,
      "Min52w": 3318.0,
      "Max52w": 4522.4,
      "DistanceFromMin": 29.475587703435806,
      "RSI": 28.89640909945481,
      "Estado": "🔴",
      "Classification": "FUERTE",
      "DataPoints": 251,
      "AnalysisDate": "2025-07-08 09:34:49",
      "FileDate": "2025-07-08",
      "DaysAgo": 0,
      "BaseScore": 67,
      "FinalScore": 67,
      "InsiderActivity": false,
      "InsiderTrades": 0,
      "InsiderValue": 0,
      "InsiderTickers": [],
      "Signals": [],
      "Urgency": "MEDIA",
      "RiskLevel": "BAJO",
      "MappingCoverage": 0
    },
    {
      "Ticker": "DJUSIG",
      "Sector": "Industrial Goods",
      "CurrentPrice": 1431.39,
      "Min52w": 1094.74,
      "Max52w": 1442.13,
      "DistanceFromMin": 30.751593985786585,
      "RSI": 26.077765194412866,
      "Estado": "🔴",
      "Classification": "FUERTE",
      "DataPoints": 251,
      "AnalysisDate": "2025-07-08 09:34:49",
      "FileDate": "2025-07-08",
      "DaysAgo": 0,
      "BaseScore": 67,
      "FinalScore": 67,
      "InsiderActivity": false,
      "InsiderTrades": 0,
      "InsiderValue": 0,
      "InsiderTickers": [],
      "Signals": [],
      "Urgency": "MEDIA",
      "RiskLevel": "BAJO",
      "MappingCoverage": 0
    },
    {
      "Ticker": "DJUSRE",
      "Sector": "Real Estate",
      "CurrentPrice": 361.67,
      "Min52w": 311.91,
      "Max52w": 396.67,
      "DistanceFromMin": 15.953319867910611,
      "RSI": 51.62417045057634,
      "Estado": "🟡",
      "Classification": "CERCA",
      "DataPoints": 251,
      "AnalysisDate": "2025-07-08 09:34:49",
      "FileDate": "2025-07-08",
      "DaysAgo": 0,
      "BaseScore": 67,
      "FinalScore": 67,
      "InsiderActivity": false,
      "InsiderTrades": 0,
      "InsiderValue": 0,
      "InsiderTickers": [],
      "Signals": [],
      "Urgency": "MEDIA",
      "RiskLevel": "BAJO",
      "MappingCoverage": 0
    },
    {
      "Ticker": "DJUSPG",
      "Sector": "Personal Goods",
      "CurrentPrice": 549.41,
      "Min52w": 426.49,
      "Max52w": 649.12,
      "DistanceFromMin": 28.821308823184587,
      "RSI": 20.60207883898808,
      "Estado": "🔴",
      "Classification": "FUERTE",
      "DataPoints": 251,
      "AnalysisDate": "2025-07-08 09:34:49",
      "FileDate": "2025-07-08",
      "DaysAgo": 0,
      "BaseScore": 67,
      "FinalScore": 67,
      "InsiderActivity": false,
      "InsiderTrades": 0,
      "InsiderValue": 0,
      "InsiderTickers": [],
      "Signals": [],
      "Urgency": "MEDIA",
      "RiskLevel": "BAJO",
      "MappingCoverage": 0
    },
    {
      "Ticker": "DJUSCN",
      "Sector": "Construction",
      "CurrentPrice": 1966.04,
      "Min52w": 1484.39,
      "Max52w": 2065.78,
      "DistanceFromMin": 32.44767210773448,
      "RSI": 28.034405861739387,
      "Estado": "🔴",
      "Classification": "FUERTE",
      "DataPoints": 251,
      "AnalysisDate": "2025-07-08 09:34:49",
      "FileDate": "2025-07-08",
      "DaysAgo": 0,
      "BaseScore": 66,
      "FinalScore": 66,
      "InsiderActivity": false,
      "InsiderTrades": 0,
      "InsiderValue": 0,
      "InsiderTickers": [],
      "Signals": [],
      "Urgency": "MEDIA",
      "RiskLevel": "BAJO",
      "MappingCoverage": 0
    },
    {
      "Ticker": "DJUSOG",
      "Sector": "Oil Producers",
      "CurrentPrice": 825.21,
      "Min52w": 707.01,
      "Max52w": 918.73,
      "DistanceFromMin": 16.718292527687026,
      "RSI": 54.45306439100078,
      "Estado": "🟡",
      "Classification": "CERCA",
      "DataPoints": 251,
      "AnalysisDate": "2025-07-08 09:34:49",
      "FileDate": "2025-07-08",
      "DaysAgo": 0,
      "BaseScore": 66,
      "FinalScore": 66,
      "InsiderActivity": false,
      "InsiderTrades": 0,
      "InsiderValue": 0,
      "InsiderTickers": [],
      "Signals": [],
      "Urgency": "MEDIA",
      "RiskLevel": "BAJO",
      "MappingCoverage": 0
    },
    {
      "Ticker": "DJUSME",
      "Sector": "Media",
      "CurrentPrice": 879.2,
      "Min52w": 662.35,
      "Max52w": 936.97,
      "DistanceFromMin": 32.73948818600438,
      "RSI": 29.412358642972464,
      "Estado": "🔴",
      "Classification": "FUERTE",
      "DataPoints": 251,
      "AnalysisDate": "2025-07-08 09:34:49",
      "FileDate": "2025-07-08",
      "DaysAgo": 0,
      "BaseScore": 66,
      "FinalScore": 66,
      "InsiderActivity": false,
      "InsiderTrades": 0,
      "InsiderValue": 0,
      "InsiderTickers": [],
      "Signals": [],
      "Urgency": "MEDIA",
      "RiskLevel": "BAJO",
      "MappingCoverage": 0
    },
    {
      "Ticker": "DJUSEN",
      "Sector": "Oil & Gas",
      "CurrentPrice": 726.99,
      "Min52w": 623.85,
      "Max52w": 813.7,
      "DistanceFromMin": 16.532820389516708,
      "RSI": 55.49144858850195,
      "Estado": "🟡",
      "Classification": "CERCA",
      "DataPoints": 251,
      "AnalysisDate": "2025-07-08 09:34:49",
      "FileDate": "2025-07-08",
      "DaysAgo": 0,
      "BaseScore": 66,
      "FinalScore": 66,
      "InsiderActivity": false,
      "InsiderTrades": 0,
      "InsiderValue": 0,
      "InsiderTickers": [],
      "Signals": [],
      "Urgency": "MEDIA",
      "RiskLevel": "BAJO",
      "MappingCoverage": 0
    },
    {
      "Ticker": "DJUSRT",
      "Sector": "Retail",
      "CurrentPrice": 3112.1,
      "Min52w": 2288.1,
      "Max52w": 3175.9,
      "DistanceFromMin": 36.01241204492811,
      "RSI": 25.488776249094784,
      "Estado": "🔴",
      "Classification": "FUERTE",
      "DataPoints": 251,
      "AnalysisDate": "2025-07-08 09:34:49",
      "FileDate": "2025-07-08",
      "DaysAgo": 0,
      "BaseScore": 65,
      "FinalScore": 65,
      "InsiderActivity": false,
      "InsiderTrades": 0,
      "InsiderValue": 0,
      "InsiderTickers": [],
      "Signals": [],
      "Urgency": "MEDIA",
      "RiskLevel": "BAJO",
      "MappingCoverage": 0
    },
    {
      "Ticker": "DJUSFN",
      "Sector": "Financials",
      "CurrentPrice": 2427.2,
      "Min52w": 1812.0,
      "Max52w": 2448.9,
      "DistanceFromMin": 33.951434878587186,
      "RSI": 22.81879194630875,
      "Estado": "🔴",
      "Classification": "FUERTE",
      "DataPoints": 251,
      "AnalysisDate": "2025-07-08 09:34:49",
      "FileDate": "2025-07-08",
      "DaysAgo": 0,
      "BaseScore": 65,
      "FinalScore": 65,
      "InsiderActivity": false,
      "InsiderTrades": 0,
      "InsiderValue": 0,
      "InsiderTickers": [],
      "Signals": [],
      "Urgency": "MEDIA",
      "RiskLevel": "BAJO",
      "MappingCoverage": 0
    },
    {
      "Ticker": "DJUSGT",
      "Sector": "General Retail",
      "CurrentPrice": 3462.4,
      "Min52w": 2540.2,
      "Max52w": 3560.4,
      "DistanceFromMin": 36.30422801354226,
      "RSI": 26.625194401244144,
      "Estado": "🔴",
      "Classification": "FUERTE",
      "DataPoints": 251,
      "AnalysisDate": "2025-07-08 09:34:49",
      "FileDate": "2025-07-08",
      "DaysAgo": 0,
      "BaseScore": 64,
      "FinalScore": 64,
      "InsiderActivity": false,
      "InsiderTrades": 0,
      "InsiderValue": 0,
      "InsiderTickers": [],
      "Signals": [],
      "Urgency": "MEDIA",
      "RiskLevel": "BAJO",
      "MappingCoverage": 0
    },
    {
      "Ticker": "DJUSDR",
      "Sector": "Drug Retailers",
      "CurrentPrice": 1605.69,
      "Min52w": 1149.77,
      "Max52w": 1605.81,
      "DistanceFromMin": 39.65314802090853,
      "RSI": 25.9145115905132,
      "Estado": "🔴",
      "Classification": "FUERTE",
      "DataPoints": 251,
      "AnalysisDate": "2025-07-08 09:34:49",
      "FileDate": "2025-07-08",
      "DaysAgo": 0,
      "BaseScore": 63,
      "FinalScore": 63,
      "InsiderActivity": false,
      "InsiderTrades": 0,
      "InsiderValue": 0,
      "InsiderTickers": [],
      "Signals": [],
      "Urgency": "MEDIA",
      "RiskLevel": "BAJO",
      "MappingCoverage": 0
    },
    {
      "Ticker": "DJUSBK",
      "Sector": "Banks",
      "CurrentPrice": 743.5,
      "Min52w": 520.01,
      "Max52w": 752.87,
      "DistanceFromMin": 42.9780196534682,
      "RSI": 13.93721807972014,
      "Estado": "🔴",
      "Classification": "FUERTE",
      "DataPoints": 251,
      "AnalysisDate": "2025-07-08 09:34:49",
      "FileDate": "2025-07-08",
      "DaysAgo": 0,
      "BaseScore": 62,
      "FinalScore": 62,
      "InsiderActivity": false,
      "InsiderTrades": 0,
      "InsiderValue": 0,
      "InsiderTickers": [],
      "Signals": [],
      "Urgency": "MEDIA",
      "RiskLevel": "MEDIO",
      "MappingCoverage": 0
    },
    {
      "Ticker": "DJUSIM",
      "Sector": "Metals & Mining",
      "CurrentPrice": 512.57,
      "Min52w": 350.58,
      "Max52w": 568.14,
      "DistanceFromMin": 46.20628672485597,
      "RSI": 29.0224342706324,
      "Estado": "🔴",
      "Classification": "FUERTE",
      "DataPoints": 251,
      "AnalysisDate": "2025-07-08 09:34:49",
      "FileDate": "2025-07-08",
      "DaysAgo": 0,
      "BaseScore": 61,
      "FinalScore": 61,
      "InsiderActivity": false,
      "InsiderTrades": 0,
      "InsiderValue": 0,
      "InsiderTickers": [],
      "Signals": [],
      "Urgency": "MEDIA",
      "RiskLevel": "MEDIO",
      "MappingCoverage": 0
    },
    {
      "Ticker": "DJUSTC",
      "Sector": "Technology",
      "CurrentPrice": 7512.4,
      "Min52w": 5115.5,
      "Max52w": 7588.4,
      "DistanceFromMin": 46.85563483530446,
      "RSI": 25.91980157089712,
      "Estado": "🔴",
      "Classification": "FUERTE",
      "DataPoints": 251,
      "AnalysisDate": "2025-07-08 09:34:49",
      "FileDate": "2025-07-08",
      "DaysAgo": 0,
      "BaseScore": 60,
      "FinalScore": 60,
      "InsiderActivity": false,
      "InsiderTrades": 0,
      "InsiderValue": 0,
      "InsiderTickers": [],
      "Signals": [],
      "Urgency": "MEDIA",
      "RiskLevel": "MEDIO",
      "MappingCoverage": 0
    },
    {
      "Ticker": "DJUSLE",
      "Sector": "Leisure Goods",
      "CurrentPrice": 1042.82,
      "Min52w": 699.23,
      "Max52w": 1045.41,
      "DistanceFromMin": 49.13833788596026,
      "RSI": 22.1875500080012,
      "Estado": "🔴",
      "Classification": "FUERTE",
      "DataPoints": 251,
      "AnalysisDate": "2025-07-08 09:34:49",
      "FileDate": "2025-07-08",
      "DaysAgo": 0,
      "BaseScore": 59,
      "FinalScore": 59,
      "InsiderActivity": false,
      "InsiderTrades": 0,
      "InsiderValue": 0,
      "InsiderTickers": [],
      "Signals": [],
      "Urgency": "BAJA",
      "RiskLevel": "MEDIO",
      "MappingCoverage": 0
    },
    {
      "Ticker": "DJUSTQ",
      "Sector": "Tech Hardware",
      "CurrentPrice": 8144.9,
      "Min52w": 5326.7,
      "Max52w": 8276.9,
      "DistanceFromMin": 52.90705314735201,
      "RSI": 21.56556095151861,
      "Estado": "🔴",
      "Classification": "FUERTE",
      "DataPoints": 251,
      "AnalysisDate": "2025-07-08 09:34:49",
      "FileDate": "2025-07-08",
      "DaysAgo": 0,
      "BaseScore": 58,
      "FinalScore": 58,
      "InsiderActivity": false,
      "InsiderTrades": 0,
      "InsiderValue": 0,
      "InsiderTickers": [],
      "Signals": [],
      "Urgency": "BAJA",
      "RiskLevel": "MEDIO",
      "MappingCoverage": 0
    },
    {
      "Ticker": "DJUSRH",
      "Sector": "RE Investment",
      "CurrentPrice": 698.99,
      "Min52w": 509.5,
      "Max52w": 730.22,
      "DistanceFromMin": 37.19136408243376,
      "RSI": 34.29563707401779,
      "Estado": "🔴",
      "Classification": "FUERTE",
      "DataPoints": 251,
      "AnalysisDate": "2025-07-08 09:34:49",
      "FileDate": "2025-07-08",
      "DaysAgo": 0,
      "BaseScore": 58,
      "FinalScore": 58,
      "InsiderActivity": false,
      "InsiderTrades": 0,
      "InsiderValue": 0,
      "InsiderTickers": [],
      "Signals": [],
      "Urgency": "BAJA",
      "RiskLevel": "BAJO",
      "MappingCoverage": 0
    },
    {
      "Ticker": "DJUSSV",
      "Sector": "Software",
      "CurrentPrice": 7781.4,
      "Min52w": 5509.7,
      "Max52w": 7826.4,
      "DistanceFromMin": 41.230920013793856,
      "RSI": 33.270966321813816,
      "Estado": "🔴",
      "Classification": "FUERTE",
      "DataPoints": 251,
      "AnalysisDate": "2025-07-08 09:34:49",
      "FileDate": "2025-07-08",
      "DaysAgo": 0,
      "BaseScore": 57,
      "FinalScore": 57,
      "InsiderActivity": false,
      "InsiderTrades": 0,
      "InsiderValue": 0,
      "InsiderTickers": [],
      "Signals": [],
      "Urgency": "BAJA",
      "RiskLevel": "MEDIO",
      "MappingCoverage": 0
    },
    {
      "Ticker": "DJUSBS",
      "Sector": "Basic Resources",
      "CurrentPrice": 389.88,
      "Min52w": 274.91,
      "Max52w": 394.51,
      "DistanceFromMin": 41.82095958677384,
      "RSI": 33.205038488453454,
      "Estado": "🔴",
      "Classification": "FUERTE",
      "DataPoints": 251,
      "AnalysisDate": "2025-07-08 09:34:49",
      "FileDate": "2025-07-08",
      "DaysAgo": 0,
      "BaseScore": 56,
      "FinalScore": 56,
      "InsiderActivity": false,
      "InsiderTrades": 0,
      "InsiderValue": 0,
      "InsiderTickers": [],
      "Signals": [],
      "Urgency": "BAJA",
      "RiskLevel": "MEDIO",
      "MappingCoverage": 0
    },
    {
      "Ticker": "DJUSEE",
      "Sector": "Electronics",
      "CurrentPrice": 1041.55,
      "Min52w": 643.85,
      "Max52w": 1051.01,
      "DistanceFromMin": 61.76904558515181,
      "RSI": 18.02292263610319,
      "Estado": "🔴",
      "Classification": "FUERTE",
      "DataPoints": 251,
      "AnalysisDate": "2025-07-08 09:34:49",
      "FileDate": "2025-07-08",
      "DaysAgo": 0,
      "BaseScore": 54,
      "FinalScore": 54,
      "InsiderActivity": false,
      "InsiderTrades": 0,
      "InsiderValue": 0,
      "InsiderTickers": [],
      "Signals": [],
      "Urgency": "BAJA",
      "RiskLevel": "MEDIO",
      "MappingCoverage": 0
    },
    {
      "Ticker": "DJUSTL",
      "Sector": "Telecommunications",
      "CurrentPrice": 187.14,
      "Min52w": 142.12,
      "Max52w": 199.75,
      "DistanceFromMin": 31.677455671263704,
      "RSI": 45.57581147176528,
      "Estado": "🔴",
      "Classification": "FUERTE",
      "DataPoints": 251,
      "AnalysisDate": "2025-07-08 09:34:49",
      "FileDate": "2025-07-08",
      "DaysAgo": 0,
      "BaseScore": 54,
      "FinalScore": 54,
      "InsiderActivity": false,
      "InsiderTrades": 0,
      "InsiderValue": 0,
      "InsiderTickers": [],
      "Signals": [],
      "Urgency": "BAJA",
      "RiskLevel": "BAJO",
      "MappingCoverage": 0
    },
    {
      "Ticker": "DJUSAS",
      "Sector": "Aerospace",
      "CurrentPrice": 2806.7,
      "Min52w": 1883.9,
      "Max52w": 2825.3,
      "DistanceFromMin": 48.98349169276499,
      "RSI": 30.540540540540533,
      "Estado": "🔴",
      "Classification": "FUERTE",
      "DataPoints": 251,
      "AnalysisDate": "2025-07-08 09:34:49",
      "FileDate": "2025-07-08",
      "DaysAgo": 0,
      "BaseScore": 53,
      "FinalScore": 53,
      "InsiderActivity": false,
      "InsiderTrades": 0,
      "InsiderValue": 0,
      "InsiderTickers": [],
      "Signals": [],
      "Urgency": "BAJA",
      "RiskLevel": "MEDIO",
      "MappingCoverage": 0
    },
    {
      "Ticker": "DJUSAL",
      "Sector": "Aluminum",
      "CurrentPrice": 101.84,
      "Min52w": 73.62,
      "Max52w": 163.19,
      "DistanceFromMin": 38.33197500679163,
      "RSI": 43.57455575585886,
      "Estado": "🔴",
      "Classification": "FUERTE",
      "DataPoints": 251,
      "AnalysisDate": "2025-07-08 09:34:49",
      "FileDate": "2025-07-08",
      "DaysAgo": 0,
      "BaseScore": 52,
      "FinalScore": 52,
      "InsiderActivity": false,
      "InsiderTrades": 0,
      "InsiderValue": 0,
      "InsiderTickers": [],
      "Signals": [],
      "Urgency": "BAJA",
      "RiskLevel": "BAJO",
      "MappingCoverage": 0
    },
    {
      "Ticker": "DJUSAR",
      "Sector": "Airlines",
      "CurrentPrice": 198.31,
      "Min52w": 126.73,
      "Max52w": 259.72,
      "DistanceFromMin": 56.48228517320288,
      "RSI": 33.545108005082625,
      "Estado": "🔴",
      "Classification": "FUERTE",
      "DataPoints": 251,
      "AnalysisDate": "2025-07-08 09:34:49",
      "FileDate": "2025-07-08",
      "DaysAgo": 0,
      "BaseScore": 50,
      "FinalScore": 50,
      "InsiderActivity": false,
      "InsiderTrades": 0,
      "InsiderValue": 0,
      "InsiderTickers": [],
      "Signals": [],
      "Urgency": "BAJA",
      "RiskLevel": "MEDIO",
      "MappingCoverage": 0
    },
    {
      "Ticker": "DJUSMG",
      "Sector": "Mining",
      "CurrentPrice": 139.81,
      "Min52w": 84.25,
      "Max52w": 142.44,
      "DistanceFromMin": 65.946587537092,
      "RSI": 48.87931034482756,
      "Estado": "🔴",
      "Classification": "FUERTE",
      "DataPoints": 251,
      "AnalysisDate": "2025-07-08 09:34:49",
      "FileDate": "2025-07-08",
      "DaysAgo": 0,
      "BaseScore": 41,
      "FinalScore": 41,
      "InsiderActivity": false,
      "InsiderTrades": 0,
      "InsiderValue": 0,
      "InsiderTickers": [],
      "Signals": [],
      "Urgency": "BAJA",
      "RiskLevel": "MEDIO",
      "MappingCoverage": 0
    },
    {
      "Ticker": "DJUSAP",
      "Sector": "Auto & Parts",
      "CurrentPrice": 1141.56,
      "Min52w": 768.67,
      "Max52w": 1748.7,
      "DistanceFromMin": 48.51106456606866,
      "RSI": 60.11801457827142,
      "Estado": "🔴",
      "Classification": "FUERTE",
      "DataPoints": 251,
      "AnalysisDate": "2025-07-08 09:34:49",
      "FileDate": "2025-07-08",
      "DaysAgo": 0,
      "BaseScore": 36,
      "FinalScore": 36,
      "InsiderActivity": false,
      "InsiderTrades": 0,
      "InsiderValue": 0,
      "InsiderTickers": [],
      "Signals": [],
      "Urgency": "BAJA",
      "RiskLevel": "ALTO",
      "MappingCoverage": 0
    }
  ],
  "enhanced_analysis": {
    "market_overview": {
      "market_state": "EXCEPCIONAL",
      "description": "Mercado en estado excepcional con 4 oportunidades críticas detectadas",
      "total_sectors_analyzed": 43,
      "critical_opportunities": 4,
      "high_quality_opportunities": 10,
      "sectors_with_insider_activity": 0,
      "average_opportunity_score": 65.9,
      "mapping_coverage_percentage": "0",
      "market_sentiment": "BULLISH"
    },
    "top_opportunities_analysis": [
      {
        "sector": "Household Goods",
        "ticker": "DJUSHG",
        "final_score": 92,
        "urgency": "CRÍTICA",
        "distance_from_min": 6.1,
        "upside_to_max_52w": 15.9,
        "current_price": 1060.21,
        "target_price_52w_max": 1229.25,
        "insider_activity": false,
        "insider_companies": 0,
        "risk_level": "BAJO",
        "description": "OPORTUNIDAD EXCEPCIONAL: Household Goods a solo 6.1% del mínimo con potencial upside de 15.9%",
        "recommendation": "COMPRA INMEDIATA"
      },
      {
        "sector": "Food & Beverage",
        "ticker": "DJUSFB",
        "final_score": 86,
        "urgency": "CRÍTICA",
        "distance_from_min": 6.0,
        "upside_to_max_52w": 15.3,
        "current_price": 708.59,
        "target_price_52w_max": 816.7,
        "insider_activity": false,
        "insider_companies": 0,
        "risk_level": "BAJO",
        "description": "OPORTUNIDAD EXCEPCIONAL: Food & Beverage a solo 6.0% del mínimo con potencial upside de 15.3%",
        "recommendation": "COMPRA INMEDIATA"
      },
      {
        "sector": "Food Producers",
        "ticker": "DJUSFO",
        "final_score": 86,
        "urgency": "CRÍTICA",
        "distance_from_min": 5.3,
        "upside_to_max_52w": 19.0,
        "current_price": 387.27,
        "target_price_52w_max": 460.77,
        "insider_activity": false,
        "insider_companies": 0,
        "risk_level": "BAJO",
        "description": "OPORTUNIDAD EXCEPCIONAL: Food Producers a solo 5.3% del mínimo con potencial upside de 19.0%",
        "recommendation": "COMPRA INMEDIATA"
      },
      {
        "sector": "Beverages",
        "ticker": "DJUSBV",
        "final_score": 85,
        "urgency": "CRÍTICA",
        "distance_from_min": 7.4,
        "upside_to_max_52w": 13.8,
        "current_price": 940.59,
        "target_price_52w_max": 1070.16,
        "insider_activity": false,
        "insider_companies": 0,
        "risk_level": "BAJO",
        "description": "OPORTUNIDAD EXCEPCIONAL: Beverages a solo 7.4% del mínimo con potencial upside de 13.8%",
        "recommendation": "COMPRA INMEDIATA"
      },
      {
        "sector": "Healthcare Equipment",
        "ticker": "DJUSMC",
        "final_score": 81,
        "urgency": "ALTA",
        "distance_from_min": 3.2,
        "upside_to_max_52w": 13.4,
        "current_price": 2257.5,
        "target_price_52w_max": 2559.1,
        "insider_activity": false,
        "insider_companies": 0,
        "risk_level": "BAJO",
        "description": "OPORTUNIDAD SÓLIDA: Healthcare Equipment con score alto y riesgo bajo",
        "recommendation": "CONSIDERAR COMPRA"
      }
    ],
    "insider_activity_analysis": {
      "status": "SIN_ACTIVIDAD",
      "description": "No se detectó actividad insider significativa en los sectores analizados",
      "recommendation": "Monitorear actividad insider en próximos días",
      "mapping_note": "Verificar que los tickers insider estén en el mapeo sectorial"
    },
    "risk_reward_analysis": {
      "risk_distribution": {
        "low_risk_count": 31,
        "medium_risk_count": 11,
        "high_risk_count": 1
      },
      "average_upside_low_risk": 10.8,
      "best_risk_reward_opportunities": [
        {
          "sector": "Household Goods",
          "score": 92,
          "upside": 15.9,
          "risk": "BAJO",
          "insider_activity": false
        },
        {
          "sector": "Food & Beverage",
          "score": 86,
          "upside": 15.3,
          "risk": "BAJO",
          "insider_activity": false
        },
        {
          "sector": "Food Producers",
          "score": 86,
          "upside": 19.0,
          "risk": "BAJO",
          "insider_activity": false
        }
      ],
      "recommendation": "ENFOCARSE_BAJO_RIESGO"
    },
    "sector_strength_analysis": [
      {
        "sector_group": "Consumer",
        "strength": "MUY_FUERTE",
        "opportunities_count": 5,
        "average_score": 82.8,
        "critical_opportunities": 4,
        "insider_activity_count": 0,
        "total_insider_companies": 0,
        "top_sector": "Household Goods"
      },
      {
        "sector_group": "Healthcare",
        "strength": "FUERTE",
        "opportunities_count": 3,
        "average_score": 76.7,
        "critical_opportunities": 0,
        "insider_activity_count": 0,
        "total_insider_companies": 0,
        "top_sector": "Healthcare Equipment"
      },
      {
        "sector_group": "Industrial",
        "strength": "MODERADO",
        "opportunities_count": 4,
        "average_score": 71.5,
        "critical_opportunities": 0,
        "insider_activity_count": 0,
        "total_insider_companies": 0,
        "top_sector": "Industrial Transport"
      },
      {
        "sector_group": "Utilities",
        "strength": "MODERADO",
        "opportunities_count": 1,
        "average_score": 71.0,
        "critical_opportunities": 0,
        "insider_activity_count": 0,
        "total_insider_companies": 0,
        "top_sector": "Utilities"
      },
      {
        "sector_group": "Real Estate",
        "strength": "MODERADO",
        "opportunities_count": 2,
        "average_score": 67.0,
        "critical_opportunities": 0,
        "insider_activity_count": 0,
        "total_insider_companies": 0,
        "top_sector": "REITs"
      },
      {
        "sector_group": "Energy",
        "strength": "MODERADO",
        "opportunities_count": 2,
        "average_score": 66.0,
        "critical_opportunities": 0,
        "insider_activity_count": 0,
        "total_insider_companies": 0,
        "top_sector": "Oil Producers"
      },
      {
        "sector_group": "Materials",
        "strength": "MODERADO",
        "opportunities_count": 3,
        "average_score": 66.0,
        "critical_opportunities": 0,
        "insider_activity_count": 0,
        "total_insider_companies": 0,
        "top_sector": "Chemicals"
      },
      {
        "sector_group": "Financial",
        "strength": "MODERADO",
        "opportunities_count": 3,
        "average_score": 64.7,
        "critical_opportunities": 0,
        "insider_activity_count": 0,
        "total_insider_companies": 0,
        "top_sector": "Insurance"
      },
      {
        "sector_group": "Technology",
        "strength": "DÉBIL",
        "opportunities_count": 3,
        "average_score": 58.3,
        "critical_opportunities": 0,
        "insider_activity_count": 0,
        "total_insider_companies": 0,
        "top_sector": "Technology"
      }
    ],
    "timing_analysis": {
      "overall_timing": "EXCELENTE",
      "description": "Timing excepcional: múltiples sectores en sobreventa cerca de mínimos",
      "oversold_count": 16,
      "very_close_to_min_count": 6,
      "overbought_count": 0,
      "recommendation": "ACTUAR_AHORA"
    },
    "correlation_analysis": {
      "mapping_quality": "DEFICIENTE",
      "mapping_description": "Cobertura deficiente (0.0%) - mapeo necesita mejoras",
      "mapping_coverage_percentage": "0",
      "correlation_rate_percentage": 0.0,
      "sectors_correlated": 0,
      "total_sectors": 43,
      "improvement_suggestion": "Expandir mapeo de tickers a sectores, especialmente para empresas mid-cap y small-cap"
    }
  },
  "summary": {
    "total_opportunities": 43,
    "critical_count": 4,
    "high_urgency_count": 10,
    "with_insider_activity": 0,
    "average_score": 65.9,
    "top_score": "92",
    "low_risk_opportunities": 31,
    "sectors_near_minimum": 6,
    "total_insider_volume_millions": 0.0,
    "mapping_coverage": "0",
    "correlation_effectiveness": 0.0
  },
  "special_patterns": [],
  "strategic_recommendations": {
    "short_term_strategy": {
      "timeframe": "1-3 meses",
      "focus": "Aprovechar actividad insider y momentum",
      "recommended_sectors": [],
      "allocation_suggestion": "30-40% del capital disponible",
      "insider_companies_total": 0
    },
    "medium_term_strategy": {
      "timeframe": "3-12 meses",
      "focus": "Sectores defensivos cerca de mínimos",
      "recommended_sectors": [
        "Household Goods",
        "Food & Beverage",
        "Food Producers",
        "Beverages",
        "Healthcare Equipment"
      ],
      "allocation_suggestion": "40-50% del capital disponible"
    },
    "long_term_strategy": {
      "timeframe": "12+ meses",
      "focus": "Sectores fundamentalmente sólidos",
      "recommended_sectors": [
        "Household Goods",
        "Food & Beverage",
        "Food Producers",
        "Beverages",
        "Healthcare Equipment"
      ],
      "allocation_suggestion": "20-30% del capital disponible"
    }
  },
  "risk_analysis": {
    "distribution": {
      "BAJO": 31,
      "MEDIO": 11,
      "ALTO": 1
    },
    "low_risk_percentage": 72.1,
    "concentration_risk": "BAJO",
    "diversification_recommendation": "Buena diversificación disponible"
  },
  "upside_calculations": [
    {
      "sector": "Household Goods",
      "current_price": 1060.21,
      "upside_to_52w_max_percent": 15.9,
      "upside_to_52w_avg_percent": 5.1,
      "target_price_max": 1229.25,
      "target_price_avg": 1114.37,
      "risk_adjusted_upside": 15.9,
      "insider_support": false,
      "insider_companies": 0
    },
    {
      "sector": "Food & Beverage",
      "current_price": 708.59,
      "upside_to_52w_max_percent": 15.3,
      "upside_to_52w_avg_percent": 4.8,
      "target_price_max": 816.7,
      "target_price_avg": 742.74,
      "risk_adjusted_upside": 15.3,
      "insider_support": false,
      "insider_companies": 0
    },
    {
      "sector": "Food Producers",
      "current_price": 387.27,
      "upside_to_52w_max_percent": 19.0,
      "upside_to_52w_avg_percent": 7.0,
      "target_price_max": 460.77,
      "target_price_avg": 414.28,
      "risk_adjusted_upside": 19.0,
      "insider_support": false,
      "insider_companies": 0
    },
    {
      "sector": "Beverages",
      "current_price": 940.59,
      "upside_to_52w_max_percent": 13.8,
      "upside_to_52w_avg_percent": 3.4,
      "target_price_max": 1070.16,
      "target_price_avg": 972.78,
      "risk_adjusted_upside": 13.8,
      "insider_support": false,
      "insider_companies": 0
    },
    {
      "sector": "Healthcare Equipment",
      "current_price": 2257.5,
      "upside_to_52w_max_percent": 13.4,
      "upside_to_52w_avg_percent": 5.1,
      "target_price_max": 2559.1,
      "target_price_avg": 2372.85,
      "risk_adjusted_upside": 13.4,
      "insider_support": false,
      "insider_companies": 0
    },
    {
      "sector": "Healthcare",
      "current_price": 1422.63,
      "upside_to_52w_max_percent": 16.9,
      "upside_to_52w_avg_percent": 5.7,
      "target_price_max": 1663.54,
      "target_price_avg": 1503.85,
      "risk_adjusted_upside": 16.9,
      "insider_support": false,
      "insider_companies": 0
    },
    {
      "sector": "Personal Goods",
      "current_price": 1056.44,
      "upside_to_52w_max_percent": 1.3,
      "upside_to_52w_avg_percent": -6.3,
      "target_price_max": 1069.74,
      "target_price_avg": 989.67,
      "risk_adjusted_upside": 1.3,
      "insider_support": false,
      "insider_companies": 0
    },
    {
      "sector": "Industrial Transport",
      "current_price": 1469.7,
      "upside_to_52w_max_percent": 18.9,
      "upside_to_52w_avg_percent": 1.7,
      "target_price_max": 1746.8,
      "target_price_avg": 1495.15,
      "risk_adjusted_upside": 18.9,
      "insider_support": false,
      "insider_companies": 0
    },
    {
      "sector": "Chemicals",
      "current_price": 853.73,
      "upside_to_52w_max_percent": 11.6,
      "upside_to_52w_avg_percent": -3.0,
      "target_price_max": 952.75,
      "target_price_avg": 828.16,
      "risk_adjusted_upside": 11.6,
      "insider_support": false,
      "insider_companies": 0
    },
    {
      "sector": "Apparel Retail",
      "current_price": 1645.54,
      "upside_to_52w_max_percent": 11.0,
      "upside_to_52w_avg_percent": 0.8,
      "target_price_max": 1826.93,
      "target_price_avg": 1658.86,
      "risk_adjusted_upside": 11.0,
      "insider_support": false,
      "insider_companies": 0
    }
  ],
  "sector_correlations": {
    "sector_groups": {
      "Consumer": 8,
      "Healthcare": 3,
      "Other": 22,
      "Real Estate": 2,
      "Financial": 3,
      "Energy": 2,
      "Technology": 3
    },
    "group_average_scores": {
      "Consumer": 77.0,
      "Healthcare": 76.7,
      "Other": 61.5,
      "Real Estate": 67.0,
      "Financial": 64.7,
      "Energy": 66.0,
      "Technology": 58.3
    },
    "group_insider_rates": {
      "Consumer": 0.0,
      "Healthcare": 0.0,
      "Other": 0.0,
      "Real Estate": 0.0,
      "Financial": 0.0,
      "Energy": 0.0,
      "Technology": 0.0
    },
    "strongest_sector_group": "Consumer",
    "most_insider_active_group": "Consumer",
    "diversification_available": true,
    "detailed_analysis": {
      "Consumer": {
        "average_score": 77.0,
        "sector_count": 8,
        "insider_activity_count": 0,
        "insider_rate": 0.0,
        "sectors": [
          "Household Goods",
          "Food & Beverage",
          "Food Producers",
          "Beverages",
          "Apparel Retail",
          "Retail",
          "General Retail",
          "Drug Retailers"
        ]
      },
      "Healthcare": {
        "average_score": 76.7,
        "sector_count": 3,
        "insider_activity_count": 0,
        "insider_rate": 0.0,
        "sectors": [
          "Healthcare Equipment",
          "Healthcare",
          "Pharmaceuticals"
        ]
      },
      "Other": {
        "average_score": 61.5,
        "sector_count": 22,
        "insider_activity_count": 0,
        "insider_rate": 0.0,
        "sectors": [
          "Personal Goods",
          "Industrial Transport",
          "Chemicals",
          "Support Services",
          "Utilities",
          "General Industrial",
          "Industrial Engineering",
          "Industrial Goods",
          "Personal Goods",
          "Construction",
          "Media",
          "Metals & Mining",
          "Leisure Goods",
          "RE Investment",
          "Basic Resources",
          "Electronics",
          "Telecommunications",
          "Aerospace",
          "Aluminum",
          "Airlines",
          "Mining",
          "Auto & Parts"
        ]
      },
      "Real Estate": {
        "average_score": 67.0,
        "sector_count": 2,
        "insider_activity_count": 0,
        "insider_rate": 0.0,
        "sectors": [
          "REITs",
          "Real Estate"
        ]
      },
      "Financial": {
        "average_score": 64.7,
        "sector_count": 3,
        "insider_activity_count": 0,
        "insider_rate": 0.0,
        "sectors": [
          "Insurance",
          "Financials",
          "Banks"
        ]
      },
      "Energy": {
        "average_score": 66.0,
        "sector_count": 2,
        "insider_activity_count": 0,
        "insider_rate": 0.0,
        "sectors": [
          "Oil Producers",
          "Oil & Gas"
        ]
      },
      "Technology": {
        "average_score": 58.3,
        "sector_count": 3,
        "insider_activity_count": 0,
        "insider_rate": 0.0,
        "sectors": [
          "Technology",
          "Tech Hardware",
          "Software"
        ]
      }
    }
  },
  "trading_alerts": [
    {
      "type": "CRITICAL_OPPORTUNITY",
      "sector": "Household Goods",
      "message": "Oportunidad crítica: Household Goods a 6.1% del mínimo con 0 empresas comprando",
      "action": "COMPRAR_INMEDIATAMENTE",
      "score": 92,
      "urgency": "CRÍTICA",
      "insider_companies": 0
    },
    {
      "type": "CRITICAL_OPPORTUNITY",
      "sector": "Food & Beverage",
      "message": "Oportunidad crítica: Food & Beverage a 6.0% del mínimo con 0 empresas comprando",
      "action": "COMPRAR_INMEDIATAMENTE",
      "score": 86,
      "urgency": "CRÍTICA",
      "insider_companies": 0
    },
    {
      "type": "CRITICAL_OPPORTUNITY",
      "sector": "Food Producers",
      "message": "Oportunidad crítica: Food Producers a 5.3% del mínimo con 0 empresas comprando",
      "action": "COMPRAR_INMEDIATAMENTE",
      "score": 86,
      "urgency": "CRÍTICA",
      "insider_companies": 0
    },
    {
      "type": "CRITICAL_OPPORTUNITY",
      "sector": "Beverages",
      "message": "Oportunidad crítica: Beverages a 7.4% del mínimo con 0 empresas comprando",
      "action": "COMPRAR_INMEDIATAMENTE",
      "score": 85,
      "urgency": "CRÍTICA",
      "insider_companies": 0
    }
  ],
  "mapping_statistics": {
    "total_insider_tickers": 0,
    "mapped_tickers": 0,
    "mapping_coverage_percentage": 0,
    "total_mappings_available": 245,
    "sectors_with_insider_activity": 0,
    "most_active_sectors": [],
    "coverage_quality": "DEFICIENTE"
  }
}