Ticker,Sector,CurrentPrice,Min52w,Max52w,DistanceFromMin,RSI,Estado,Classification,DataPoints,AnalysisDate,FileDate,DaysAgo,BaseScore,FinalScore,InsiderActivity,InsiderTrades,InsiderValue,InsiderTickers,Signals,Urgency,RiskLevel,MappingCoverage
DJUSIR,Dow Jones U.S. Insurance Index,1359.17,1239.53,1458.0,9.652045533387664,27.854375056321544,🟢,OPORTUNIDAD,251,2025-12-25 07:47:31,2025-12-25,0,96,96,False,0,0,[],[],CRÍTICA,BAJO,0
DJUSAV,Dow Jones U.S. Media Agencies Index,368.72,346.44,656.63,6.431128045260372,37.38317757009343,🟢,OPORTUNIDAD,251,2025-12-25 07:47:31,2025-12-25,0,91,91,False,0,0,[],[],CRÍTICA,BAJO,0
DJUSCP,Dow Jones U.S. Containers & Packaging Index,418.87,388.62,514.38,7.783953476403685,37.62200532386865,🟢,OPORTUNIDAD,251,2025-12-25 07:47:31,2025-12-25,0,91,91,False,0,0,[],[],CRÍTICA,BAJO,0
DJUSIB,Dow Jones U.S. Insurance Brokers Index,707.78,658.66,891.38,7.457565359973279,35.06282934738546,🟢,OPORTUNIDAD,251,2025-12-25 07:47:31,2025-12-25,0,91,91,False,0,0,[],[],CRÍTICA,BAJO,0
DJUSRU,Dow Jones U.S. Restaurants & Bars Index,2948.9,2686.2,3265.8,9.779614325068884,36.18170266836083,🟢,OPORTUNIDAD,251,2025-12-25 07:47:31,2025-12-25,0,90,90,False,0,0,[],[],CRÍTICA,BAJO,0
DJUSCS,Dow Jones U.S. Specialized Consumer Services Index,2373.0,2326.4,3402.3,2.003094910591468,43.346303501945535,🟢,OPORTUNIDAD,251,2025-12-25 07:47:31,2025-12-25,0,87,87,False,0,0,[],[],CRÍTICA,BAJO,0
DJUSRN,Dow Jones U.S. Residential REITs Index,217.6,206.56,263.03,5.3446940356312895,43.34415584415584,🟢,OPORTUNIDAD,251,2025-12-25 07:47:31,2025-12-25,0,86,86,False,0,0,[],[],CRÍTICA,BAJO,0
DJUSFA,Dow Jones U.S. Financial Administration Index,492.19,457.18,683.09,7.65781530250667,41.42474318892362,🟢,OPORTUNIDAD,251,2025-12-25 07:47:31,2025-12-25,0,85,85,False,0,0,[],[],CRÍTICA,BAJO,0
DJUSFD,Dow Jones U.S. Food Retailers & Wholesalers Index,1176.32,1099.62,1346.72,6.97513686546262,49.82876712328772,🟢,OPORTUNIDAD,251,2025-12-25 07:47:31,2025-12-25,0,85,85,False,0,0,[],[],CRÍTICA,BAJO,0
DJUSCC,Dow Jones U.S. Commodity Chemicals Index,656.66,608.9,794.88,7.843652488093282,41.08813676793351,🟢,OPORTUNIDAD,251,2025-12-25 07:47:31,2025-12-25,0,85,85,False,0,0,[],[],CRÍTICA,BAJO,0
DJUSIS,Dow Jones U.S. Support Services Index,795.72,748.64,949.87,6.288736909596074,43.78177551818533,🟢,OPORTUNIDAD,251,2025-12-25 07:47:31,2025-12-25,0,85,85,False,0,0,[],[],CRÍTICA,BAJO,0
DJUSIP,Dow Jones U.S. Property & Casualty Insurance Index,2011.62,1755.13,2065.57,14.613732316124716,29.851071954612426,🟡,CERCA,251,2025-12-25 07:47:31,2025-12-25,0,85,85,False,0,0,[],[],CRÍTICA,BAJO,0
DJUSNG,Dow Jones U.S. Personal & Household Goods Index,981.92,909.61,1081.16,7.949560800782747,48.912912912912944,🟢,OPORTUNIDAD,251,2025-12-25 07:47:31,2025-12-25,0,85,85,False,0,0,[],[],CRÍTICA,BAJO,0
DJUSIV,Dow Jones U.S. Business Support Services Index,1136.48,1061.45,1395.19,7.068632530971781,47.41105004339028,🟢,OPORTUNIDAD,251,2025-12-25 07:47:31,2025-12-25,0,85,85,False,0,0,[],[],CRÍTICA,BAJO,0
DJUSDB,Dow Jones U.S. Brewers Index,472.97,438.36,659.78,7.895337165799803,45.52892371514172,🟢,OPORTUNIDAD,251,2025-12-25 07:47:31,2025-12-25,0,85,85,False,0,0,[],[],CRÍTICA,BAJO,0
DJUSIU,Dow Jones U.S. Reinsurance Index,550.92,467.58,573.95,17.823687925060945,22.998619737750133,🟡,CERCA,251,2025-12-25 07:47:31,2025-12-25,0,84,84,False,0,0,[],[],ALTA,BAJO,0
DJUSIL,Dow Jones U.S. Life Insurance Index,1321.69,1077.94,1349.12,22.612575839100504,24.030762747576887,🟡,CERCA,251,2025-12-25 07:47:31,2025-12-25,0,82,82,False,0,0,[],[],ALTA,BAJO,0
DJUSFO,Dow Jones U.S. Food Producers Index,356.65,352.44,428.42,1.1945295653160763,54.91362220334186,🟢,OPORTUNIDAD,251,2025-12-25 07:47:31,2025-12-25,0,82,82,False,0,0,[],[],ALTA,BAJO,0
DJUSIX,Dow Jones U.S. Nonlife Insurance Index,1339.14,1215.03,1458.15,10.21456260339252,30.213815789473585,🟡,CERCA,251,2025-12-25 07:47:31,2025-12-25,0,81,81,False,0,0,[],[],ALTA,BAJO,0
DJUSFP,Dow Jones U.S. Food Products Index,497.94,491.28,625.15,1.3556424035173475,52.73958547096247,🟢,OPORTUNIDAD,251,2025-12-25 07:47:31,2025-12-25,0,81,81,False,0,0,[],[],ALTA,BAJO,0
DJUSHG,Dow Jones U.S. Household Goods & Home Construction Index,980.55,960.97,1158.74,2.037524584534369,58.43248190365258,🟢,OPORTUNIDAD,251,2025-12-25 07:47:31,2025-12-25,0,81,81,False,0,0,[],[],ALTA,BAJO,0
DJUSFR,Dow Jones U.S. Forestry & Paper Index,786.9,703.58,886.08,11.842292276642304,38.05876443997987,🟡,CERCA,251,2025-12-25 07:47:31,2025-12-25,0,80,80,False,0,0,[],[],ALTA,BAJO,0
DJUSBE,Dow Jones U.S. Business Training & Employment Agencies Index,99.08,95.19,143.02,4.086563714675912,50.34482758620688,🟢,OPORTUNIDAD,251,2025-12-25 07:47:31,2025-12-25,0,80,80,False,0,0,[],[],ALTA,BAJO,0
DJUSHN,Dow Jones U.S. Nondurable Household Products Index,1113.4,1069.63,1420.24,4.0920692201976365,51.24381188118812,🟢,OPORTUNIDAD,251,2025-12-25 07:47:31,2025-12-25,0,80,80,False,0,0,[],[],ALTA,BAJO,0
DJUSFB,Dow Jones U.S. Food & Beverage Index,694.17,668.77,770.54,3.798017255558709,55.00097866510084,🟢,OPORTUNIDAD,251,2025-12-25 07:47:31,2025-12-25,0,80,80,False,0,0,[],[],ALTA,BAJO,0
DJUSBV,Dow Jones U.S. Beverages Index,951.36,875.4,1013.26,8.67717614804661,53.19999999999998,🟢,OPORTUNIDAD,251,2025-12-25 07:47:31,2025-12-25,0,79,79,False,0,0,[],[],ALTA,BAJO,0
DJUSVN,Dow Jones U.S. Distillers & Vintners Index,282.8,260.67,448.26,8.489661257528674,52.36057623734132,🟢,OPORTUNIDAD,251,2025-12-25 07:47:31,2025-12-25,0,79,79,False,0,0,[],[],ALTA,BAJO,0
DJUSRP,Dow Jones U.S. Recreational Products Index,281.11,277.79,429.99,1.1951474135138027,69.51292844257371,🟢,OPORTUNIDAD,251,2025-12-25 07:47:31,2025-12-25,0,76,76,False,0,0,[],[],ALTA,MEDIO,0
DJUSWC,Dow Jones U.S. Mobile Telecommunications Index,368.96,360.57,458.56,2.326871342596441,63.00225733634316,🟢,OPORTUNIDAD,251,2025-12-25 07:47:31,2025-12-25,0,75,75,False,0,0,[],[],ALTA,MEDIO,0
DJUSPC,Dow Jones U.S. Waste & Disposal Services Index,648.43,589.23,708.03,10.047010505235637,43.51915184678526,🟡,CERCA,251,2025-12-25 07:47:31,2025-12-25,0,75,75,False,0,0,[],[],ALTA,BAJO,0
DJUSSP,Dow Jones U.S. Specialty Finance Index,752.88,671.1,803.35,12.185963343763966,48.33895665715031,🟡,CERCA,251,2025-12-25 07:47:31,2025-12-25,0,74,74,False,0,0,[],[],MEDIA,BAJO,0
DJUSWU,Dow Jones U.S. Water Index,2729.6,2432.7,3135.8,12.204546388786127,43.15937940761634,🟡,CERCA,251,2025-12-25 07:47:31,2025-12-25,0,74,74,False,0,0,[],[],MEDIA,BAJO,0
DJUSGI,Dow Jones U.S. General Industrials Index,701.19,613.23,783.86,14.343720952986647,46.116046116046114,🟡,CERCA,251,2025-12-25 07:47:31,2025-12-25,0,73,73,False,0,0,[],[],MEDIA,BAJO,0
DJUSTL,Dow Jones U.S. Telecommunications Index,166.67,155.76,199.75,7.004365690806368,64.03607666290873,🟢,OPORTUNIDAD,251,2025-12-25 07:47:31,2025-12-25,0,73,73,False,0,0,[],[],MEDIA,MEDIO,0
DJUSCM,Dow Jones U.S. Personal Products Index,390.12,341.42,452.45,14.263956417315912,42.89146101768944,🟡,CERCA,251,2025-12-25 07:47:31,2025-12-25,0,73,73,False,0,0,[],[],MEDIA,BAJO,0
DJUSOL,Dow Jones U.S. Integrated Oil & Gas Index,760.73,645.42,801.92,17.86588577980231,48.38614154575067,🟡,CERCA,251,2025-12-25 07:47:31,2025-12-25,0,72,72,False,0,0,[],[],MEDIA,BAJO,0
DJUSSR,Dow Jones U.S. Specialty REITs Index,249.46,229.18,273.52,8.84893969805393,69.09677419354831,🟢,OPORTUNIDAD,251,2025-12-25 07:47:31,2025-12-25,0,72,72,False,0,0,[],[],MEDIA,MEDIO,0
DJUSPG,Sector PG,514.69,426.49,649.12,20.68043799385684,48.30477129823693,🟡,CERCA,251,2025-12-25 07:47:31,2025-12-25,0,71,71,False,0,0,[],[],MEDIA,BAJO,0
DJUSRL,Dow Jones U.S. Retail REITs Index,100.27,83.32,103.81,20.34325492078733,47.89053591790199,🟡,CERCA,251,2025-12-25 07:47:31,2025-12-25,0,71,71,False,0,0,[],[],MEDIA,BAJO,0
DJUSHC,Dow Jones U.S. Health Care Index,1657.42,1344.15,1687.44,23.3061786258974,44.56330152555762,🟡,CERCA,251,2025-12-25 07:47:31,2025-12-25,0,70,70,False,0,0,[],[],MEDIA,BAJO,0
DJUSGU,Dow Jones U.S. Gas Distribution Index,381.66,313.15,397.36,21.87769439565705,49.33965458855394,🟡,CERCA,251,2025-12-25 07:47:31,2025-12-25,0,70,70,False,0,0,[],[],MEDIA,BAJO,0
DJUSDR,Dow Jones U.S. Food & Drug Retailers Index,1615.51,1314.48,1697.13,22.9010711460045,43.14468814874989,🟡,CERCA,251,2025-12-25 07:47:31,2025-12-25,0,70,70,False,0,0,[],[],MEDIA,BAJO,0
DJUSMC,Dow Jones U.S. Health Care Equipment & Services Index,2317.0,2083.0,2541.8,11.233797407585216,55.638236977676,🟡,CERCA,251,2025-12-25 07:47:31,2025-12-25,0,69,69,False,0,0,[],[],MEDIA,BAJO,0
DJUSHI,Dow Jones U.S. Home Improvement Retailers Index,788.54,705.04,940.02,11.843299670940656,52.49650023331779,🟡,CERCA,251,2025-12-25 07:47:31,2025-12-25,0,68,68,False,0,0,[],[],MEDIA,BAJO,0
DJUSME,Dow Jones U.S. Media Index,841.23,662.35,903.98,27.006869479882237,8.683335386131134,🔴,FUERTE,251,2025-12-25 07:47:31,2025-12-25,0,68,68,False,0,0,[],[],MEDIA,BAJO,0
DJUSSD,Dow Jones U.S. Soft Drinks Index,929.95,835.84,972.52,11.259331929555898,53.19812792511696,🟡,CERCA,251,2025-12-25 07:47:31,2025-12-25,0,68,68,False,0,0,[],[],MEDIA,BAJO,0
DJUSMU,Dow Jones U.S. Multiutilities Index,281.95,249.55,299.75,12.983370066119004,54.493307839388166,🟡,CERCA,251,2025-12-25 07:47:31,2025-12-25,0,68,68,False,0,0,[],[],MEDIA,BAJO,0
DJUSCH,Dow Jones U.S. Chemicals Index,1956.64,1497.87,2050.51,30.62815865195245,29.46941738762169,🔴,FUERTE,251,2025-12-25 07:47:31,2025-12-25,0,67,67,False,0,0,[],[],MEDIA,BAJO,0
DJUSRE,Dow Jones U.S. Real Estate Index,358.95,311.91,382.25,15.081273444262756,56.969130028063645,🟡,CERCA,251,2025-12-25 07:47:31,2025-12-25,0,67,67,False,0,0,[],[],MEDIA,BAJO,0
DJUSBC,Dow Jones U.S. Broadcasting & Entertainment Index,1248.9,962.0,1294.9,29.823284823284837,9.58490566037753,🔴,FUERTE,251,2025-12-25 07:47:31,2025-12-25,0,67,67,False,0,0,[],[],MEDIA,BAJO,0
DJUSRI,Dow Jones U.S. Real Estate Investment Trusts Index,144.66,126.8,155.77,14.085173501577286,57.03544575725024,🟡,CERCA,251,2025-12-25 07:47:31,2025-12-25,0,67,67,False,0,0,[],[],MEDIA,BAJO,0
DJUSPB,Dow Jones U.S. Publishing Index,856.94,663.16,874.35,29.220700886663863,15.630318104463754,🔴,FUERTE,251,2025-12-25 07:47:31,2025-12-25,0,67,67,False,0,0,[],[],MEDIA,BAJO,0
DJUSTB,Dow Jones U.S. Tobacco Index,1091.58,824.94,1210.02,32.32235071641572,18.591101694915352,🔴,FUERTE,251,2025-12-25 07:47:31,2025-12-25,0,66,66,False,0,0,[],[],MEDIA,BAJO,0
DJUSDN,Dow Jones U.S. Defense Index,792.6,598.11,850.34,32.517429904198224,29.70112079701121,🔴,FUERTE,251,2025-12-25 07:47:31,2025-12-25,0,66,66,False,0,0,[],[],MEDIA,BAJO,0
DJUSAM,Dow Jones U.S. Medical Equipment Index,3010.8,2589.3,3151.1,16.27853087707102,56.72251736820592,🟡,CERCA,251,2025-12-25 07:47:31,2025-12-25,0,66,66,False,0,0,[],[],MEDIA,BAJO,0
DJUSAF,Dow Jones U.S. Delivery Services Index,1243.8,916.9,1315.0,35.65274293816119,13.39662447257389,🔴,FUERTE,251,2025-12-25 07:47:31,2025-12-25,0,65,65,False,0,0,[],[],MEDIA,BAJO,0
DJUSGF,Dow Jones U.S. Financial Services Index,2874.1,2138.5,2880.9,34.39794248304886,24.250127097102165,🔴,FUERTE,251,2025-12-25 07:47:31,2025-12-25,0,65,65,False,0,0,[],[],MEDIA,BAJO,0
DJUSUT,Dow Jones U.S. Utilities Index,425.82,353.79,466.02,20.359535317561257,58.09814391050089,🟡,CERCA,251,2025-12-25 07:47:31,2025-12-25,0,65,65,False,0,0,[],[],MEDIA,BAJO,0
DJUSOG,Dow Jones U.S. Oil & Gas Producers,845.15,707.01,896.57,19.538620387264675,58.71683168316831,🟡,CERCA,251,2025-12-25 07:47:31,2025-12-25,0,65,65,False,0,0,[],[],MEDIA,BAJO,0
DJUSSF,Dow Jones U.S. Consumer Finance Index,829.69,619.26,832.42,33.98088040564546,21.659036407237863,🔴,FUERTE,251,2025-12-25 07:47:31,2025-12-25,0,65,65,False,0,0,[],[],MEDIA,BAJO,0
DJUSID,Dow Jones U.S. Diversified Industrials Index,928.1,767.22,1017.95,20.96921352415213,55.47926008968604,🟡,CERCA,251,2025-12-25 07:47:31,2025-12-25,0,65,65,False,0,0,[],[],MEDIA,BAJO,0
DJUSEH,Dow Jones U.S. Real Estate Holding & Development Index,68.56,50.8,69.58,34.96062992125986,14.989517819706547,🔴,FUERTE,185,2025-12-25 07:47:31,2025-12-25,0,65,65,False,0,0,[],[],MEDIA,BAJO,0
DJUSFI,Dow Jones U.S. Financial Services Index,2564.1,1907.9,2570.2,34.39383615493473,24.244152880775857,🔴,FUERTE,251,2025-12-25 07:47:31,2025-12-25,0,65,65,False,0,0,[],[],MEDIA,BAJO,0
DJUSHP,Dow Jones U.S. Health Care Providers Index,2572.9,2106.6,3374.9,22.135194151713677,54.89711934156374,🟡,CERCA,251,2025-12-25 07:47:31,2025-12-25,0,64,64,False,0,0,[],[],MEDIA,BAJO,0
DJUSRA,Dow Jones U.S. Apparel Retailers Index,2097.02,1490.78,2102.53,40.665960101423416,22.747088683188903,🔴,FUERTE,251,2025-12-25 07:47:31,2025-12-25,0,63,63,False,0,0,[],[],MEDIA,MEDIO,0
DJUSCX,Dow Jones U.S. Specialty Chemicals Index,1078.92,863.05,1135.86,25.01245582527086,36.32200284958265,🔴,FUERTE,251,2025-12-25 07:47:31,2025-12-25,0,63,63,False,0,0,[],[],MEDIA,BAJO,0
DJUSEU,Dow Jones U.S. Electricity Index,424.5,340.99,471.47,24.49045426552098,59.25282363162468,🟡,CERCA,251,2025-12-25 07:47:31,2025-12-25,0,63,63,False,0,0,[],[],MEDIA,BAJO,0
DJUSVE,Dow Jones U.S. Conventional Electricity Index,425.57,341.92,472.89,24.46478708469817,59.24724205061653,🟡,CERCA,251,2025-12-25 07:47:31,2025-12-25,0,63,63,False,0,0,[],[],MEDIA,BAJO,0
DJUSPL,Dow Jones U.S. Pipelines Index,1019.19,925.07,1229.95,10.174365183175327,66.37705040820904,🟡,CERCA,251,2025-12-25 07:47:31,2025-12-25,0,63,63,False,0,0,[],[],MEDIA,MEDIO,0
DJUSFT,Dow Jones U.S. Footwear Index,1330.7,1186.7,1942.6,12.134490604196513,61.08690079466804,🟡,CERCA,251,2025-12-25 07:47:31,2025-12-25,0,62,62,False,0,0,[],[],MEDIA,MEDIO,0
DJUSTK,Dow Jones U.S. Trucking Index,1601.7,1244.48,1858.35,28.70435844690152,39.33169834457392,🔴,FUERTE,251,2025-12-25 07:47:31,2025-12-25,0,62,62,False,0,0,[],[],MEDIA,BAJO,0
DJUSIT,Dow Jones U.S. Industrial Transportation Index,1607.4,1243.5,1668.3,29.264173703256947,33.11004784688994,🔴,FUERTE,251,2025-12-25 07:47:31,2025-12-25,0,61,61,False,0,0,[],[],MEDIA,BAJO,0
DJUSFC,Dow Jones U.S. Fixed Line Telecommunications Index,147.09,127.84,175.95,15.057884856070086,62.51526251526244,🟡,CERCA,251,2025-12-25 07:47:31,2025-12-25,0,61,61,False,0,0,[],[],MEDIA,MEDIO,0
DJUSLG,Dow Jones U.S. Hotels Index,4743.9,3245.4,4761.0,46.17304492512478,29.52445652173911,🔴,FUERTE,251,2025-12-25 07:47:31,2025-12-25,0,61,61,False,0,0,[],[],MEDIA,MEDIO,0
DJUSRS,Dow Jones U.S. Specialty Retailers Index,4015.5,3427.2,4908.8,17.165616246498605,82.28947368421048,🟡,CERCA,251,2025-12-25 07:47:31,2025-12-25,0,60,60,False,0,0,[],[],MEDIA,ALTO,0
DJUSEN,Dow Jones U.S. Oil & Gas Index,749.04,623.85,792.27,20.067323875931702,60.35144997119266,🟡,CERCA,251,2025-12-25 07:47:31,2025-12-25,0,59,59,False,0,0,[],[],BAJA,MEDIO,0
DJUSDT,Dow Jones U.S. Diversified REITs Index,55.57,45.49,60.0,22.15871620136293,64.96,🟡,CERCA,251,2025-12-25 07:47:31,2025-12-25,0,58,58,False,0,0,[],[],BAJA,MEDIO,0
DJUSHL,Dow Jones U.S. Hotel & Lodging REITs Index,98.54,65.02,99.61,51.55336819440174,28.36624775583488,🔴,FUERTE,251,2025-12-25 07:47:31,2025-12-25,0,58,58,False,0,0,[],[],BAJA,MEDIO,0
DJUSOS,Dow Jones U.S. Exploration & Production Index,1001.53,821.29,1097.99,21.945963058115893,70.16670396061761,🟡,CERCA,251,2025-12-25 07:47:31,2025-12-25,0,58,58,False,0,0,[],[],BAJA,ALTO,0
DJUSMS,Dow Jones U.S. Medical Supplies Index,1869.03,1493.05,1967.6,25.18200997957202,41.24375000000001,🔴,FUERTE,251,2025-12-25 07:47:31,2025-12-25,0,57,57,False,0,0,[],[],BAJA,BAJO,0
DJUSIG,Dow Jones U.S. Industrial Goods & Services Index,1524.04,1094.74,1528.19,39.214790726565205,39.50337177790384,🔴,FUERTE,251,2025-12-25 07:47:31,2025-12-25,0,57,57,False,0,0,[],[],BAJA,BAJO,0
DJUSBD,Dow Jones U.S. Building Materials & Fixtures Index,2379.8,1876.9,2514.3,26.79418189567905,44.855442176870696,🔴,FUERTE,251,2025-12-25 07:47:31,2025-12-25,0,56,56,False,0,0,[],[],BAJA,BAJO,0
DJUSPR,Dow Jones U.S. Pharmaceuticals Index,1081.59,765.56,1089.83,41.28089241862166,34.969284188034194,🔴,FUERTE,251,2025-12-25 07:47:31,2025-12-25,0,56,56,False,0,0,[],[],BAJA,MEDIO,0
DJUSCA,Dow Jones U.S. Gambling Index,668.58,513.6,786.57,30.175233644859816,41.1773276992569,🔴,FUERTE,251,2025-12-25 07:47:31,2025-12-25,0,55,55,False,0,0,[],[],BAJA,BAJO,0
DJUSAE,Dow Jones U.S. Aerospace & Defense Index,2995.2,1861.2,3004.0,60.92843326885878,26.28806961300667,🔴,FUERTE,251,2025-12-25 07:47:31,2025-12-25,0,55,55,False,0,0,[],[],BAJA,MEDIO,0
DJUSES,Dow Jones U.S. Real Estate Services Index,346.02,268.15,392.49,29.039716576542983,49.79740680713129,🔴,FUERTE,251,2025-12-25 07:47:31,2025-12-25,0,55,55,False,0,0,[],[],BAJA,BAJO,0
DJUSRH,Dow Jones U.S. Real Estate Investment & Services,725.67,563.1,822.79,28.87053809270111,49.79233072539363,🔴,FUERTE,251,2025-12-25 07:47:31,2025-12-25,0,55,55,False,0,0,[],[],BAJA,BAJO,0
DJUSMR,Dow Jones U.S. Mortgage REITs Index,32.19,24.64,32.68,30.641233766233757,42.85714285714287,🔴,FUERTE,251,2025-12-25 07:47:31,2025-12-25,0,55,55,False,0,0,[],[],BAJA,BAJO,0
DJUSRB,Dow Jones U.S. Broadline Retailers Index,4861.2,3641.4,5185.7,33.49810512440269,48.51649655827202,🔴,FUERTE,251,2025-12-25 07:47:31,2025-12-25,0,54,54,False,0,0,[],[],BAJA,BAJO,0
DJUSHD,Dow Jones U.S. Durable Household Products Index,126.21,94.51,179.28,33.541424187916604,49.2298213185459,🔴,FUERTE,251,2025-12-25 07:47:31,2025-12-25,0,54,54,False,0,0,[],[],BAJA,BAJO,0
DJUSDV,Dow Jones U.S. Computer Services Index,303.88,231.08,312.52,31.50424095551324,46.15784008307369,🔴,FUERTE,251,2025-12-25 07:47:31,2025-12-25,0,54,54,False,0,0,[],[],BAJA,BAJO,0
DJUSAG,Dow Jones U.S. Asset Managers Index,401.69,273.77,426.58,46.72535339883845,36.50239860444833,🔴,FUERTE,251,2025-12-25 07:47:31,2025-12-25,0,54,54,False,0,0,[],[],BAJA,MEDIO,0
DJUSBK,Dow Jones U.S. Banks Index,851.97,521.55,855.22,63.35346563129136,27.724952457211515,🔴,FUERTE,251,2025-12-25 07:47:31,2025-12-25,0,54,54,False,0,0,[],[],BAJA,MEDIO,0
DJUSDS,Dow Jones U.S. Industrial Suppliers Index,920.65,683.22,994.97,34.75161734141272,49.60826804467413,🔴,FUERTE,251,2025-12-25 07:47:31,2025-12-25,0,53,53,False,0,0,[],[],BAJA,BAJO,0
DJUSMF,Dow Jones U.S. Mortgage Finance Index,13.44,9.98,13.76,34.6693386773547,40.119760479041865,🔴,FUERTE,251,2025-12-25 07:47:31,2025-12-25,0,53,53,False,0,0,[],[],BAJA,BAJO,0
DJUSSB,Dow Jones U.S. Investment Services Index,3150.6,2060.8,3157.6,52.882375776397495,30.142566191446026,🔴,FUERTE,251,2025-12-25 07:47:31,2025-12-25,0,52,52,False,0,0,[],[],BAJA,MEDIO,0
DJUSFE,Dow Jones U.S. Industrial Machinery Index,1331.07,969.18,1350.05,37.33981303782579,42.88717063283535,🔴,FUERTE,251,2025-12-25 07:47:31,2025-12-25,0,52,52,False,0,0,[],[],BAJA,BAJO,0
DJUSSW,Dow Jones U.S. Software Index,8081.1,5758.2,9040.0,40.340731478587074,46.14232209737826,🔴,FUERTE,251,2025-12-25 07:47:31,2025-12-25,0,51,51,False,0,0,[],[],BAJA,MEDIO,0
DJUSIO,Dow Jones U.S. Industrial & Office REITs Index,110.14,79.12,112.78,39.20626895854398,49.441340782122886,🔴,FUERTE,251,2025-12-25 07:47:31,2025-12-25,0,51,51,False,0,0,[],[],BAJA,BAJO,0
DJUSBT,Dow Jones U.S. Biotechnology Index,3200.2,2297.4,3252.2,39.29659615217201,49.67251768404506,🔴,FUERTE,251,2025-12-25 07:47:31,2025-12-25,0,51,51,False,0,0,[],[],BAJA,BAJO,0
DJUSRT,Dow Jones U.S. Retail Index,3090.0,2453.4,3267.5,25.947664465639512,54.18666666666662,🔴,FUERTE,251,2025-12-25 07:47:31,2025-12-25,0,51,51,False,0,0,[],[],BAJA,BAJO,0
DJUSTT,Dow Jones U.S. Travel & Tourism Index,1333.42,957.74,1432.9,39.22567711487461,46.81920074205764,🔴,FUERTE,251,2025-12-25 07:47:31,2025-12-25,0,51,51,False,0,0,[],[],BAJA,BAJO,0
DJUSPN,Dow Jones U.S. Pharmaceuticals & Biotechnology Index,1346.1,960.01,1360.66,40.21728940323538,40.37620011756261,🔴,FUERTE,251,2025-12-25 07:47:31,2025-12-25,0,51,51,False,0,0,[],[],BAJA,MEDIO,0
DJUSRR,Dow Jones U.S. Railroads Index,3534.2,2788.9,3616.1,26.72379791315571,51.72782329889567,🔴,FUERTE,251,2025-12-25 07:47:31,2025-12-25,0,50,50,False,0,0,[],[],BAJA,BAJO,0
DJUSGT,Dow Jones U.S. General Retailers Index,3435.8,2720.3,3649.5,26.30224607580046,54.49262405006705,🔴,FUERTE,251,2025-12-25 07:47:31,2025-12-25,0,50,50,False,0,0,[],[],BAJA,BAJO,0
DJUSRQ,Dow Jones U.S. Recreational Services Index,190.85,110.98,215.97,71.96792214813479,24.6581385090428,🔴,FUERTE,251,2025-12-25 07:47:31,2025-12-25,0,50,50,False,0,0,[],[],BAJA,MEDIO,0
DJUSAT,Dow Jones U.S. Auto Parts Index,409.45,288.25,447.84,42.04683434518647,49.04024767801857,🔴,FUERTE,251,2025-12-25 07:47:31,2025-12-25,0,50,50,False,0,0,[],[],BAJA,MEDIO,0
DJUSAS,Dow Jones U.S. Aerospace Index,3308.8,1883.9,3315.4,75.63564945060777,26.07385079125848,🔴,FUERTE,251,2025-12-25 07:47:31,2025-12-25,0,49,49,False,0,0,[],[],BAJA,MEDIO,0
DJUSIM,Dow Jones U.S. Industrial Metals & Mining Index,620.63,350.58,622.94,77.02949398140225,19.02793296089392,🔴,FUERTE,251,2025-12-25 07:47:31,2025-12-25,0,48,48,False,0,0,[],[],BAJA,MEDIO,0
DJUSRD,Dow Jones U.S. Drug Retailers Index,1424.52,880.17,1533.48,61.84600702137087,36.17956939990842,🔴,FUERTE,251,2025-12-25 07:47:31,2025-12-25,0,48,48,False,0,0,[],[],BAJA,MEDIO,0
DJUSIQ,Dow Jones U.S. Industrial Engineering Index,4961.0,3318.0,5103.0,49.51778179626281,49.48182266820199,🔴,FUERTE,251,2025-12-25 07:47:31,2025-12-25,0,47,47,False,0,0,[],[],BAJA,MEDIO,0
DJUSST,Dow Jones U.S. Iron & Steel Index,694.05,416.26,697.28,66.7347330995051,36.24275485850667,🔴,FUERTE,251,2025-12-25 07:47:31,2025-12-25,0,46,46,False,0,0,[],[],BAJA,MEDIO,0
DJUSCN,Dow Jones U.S. Construction & Materials Index,2048.4,1484.39,2140.56,37.99607919751548,51.03422802265451,🔴,FUERTE,251,2025-12-25 07:47:31,2025-12-25,0,46,46,False,0,0,[],[],BAJA,BAJO,0
DJUSMT,Dow Jones U.S. Marine Transportation Index,363.84,261.01,402.11,39.396957970958965,53.52764914192322,🔴,FUERTE,251,2025-12-25 07:47:31,2025-12-25,0,45,45,False,0,0,[],[],BAJA,BAJO,0
DJUSSV,Dow Jones U.S. Software & Computer Services Index,8606.4,5509.7,8975.6,56.20451204239794,48.49017239486109,🔴,FUERTE,251,2025-12-25 07:47:31,2025-12-25,0,45,45,False,0,0,[],[],BAJA,MEDIO,0
DJUSHB,Dow Jones U.S. Home Construction Index,2396.16,1872.38,2900.07,27.9740223672545,73.15797849364583,🔴,FUERTE,251,2025-12-25 07:47:31,2025-12-25,0,44,44,False,0,0,[],[],BAJA,ALTO,0
DJUSNF,Dow Jones U.S. Nonferrous Metals Index,694.53,372.55,699.46,86.42598308951818,11.803765330833542,🔴,FUERTE,251,2025-12-25 07:47:31,2025-12-25,0,44,44,False,0,0,[],[],BAJA,MEDIO,0
DJUSCT,Dow Jones U.S. Telecommunications Equipment Index,2744.46,1708.47,2800.11,60.63846599589105,41.42690470425077,🔴,FUERTE,251,2025-12-25 07:47:31,2025-12-25,0,43,43,False,0,0,[],[],BAJA,MEDIO,0
DJUSOI,Dow Jones U.S. Oil Equipment & Services Index,275.31,198.86,293.05,38.44413154983404,62.76176653535143,🔴,FUERTE,251,2025-12-25 07:47:31,2025-12-25,0,40,40,False,0,0,[],[],BAJA,MEDIO,0
DJUSFH,Dow Jones U.S. Furnishings Index,483.88,319.67,509.31,51.36859886758218,51.77276921049163,🔴,FUERTE,251,2025-12-25 07:47:31,2025-12-25,0,40,40,False,0,0,[],[],BAJA,MEDIO,0
DJUSBS,Dow Jones U.S. Basic Resources Index,540.77,274.91,542.98,96.70801353170128,19.658413571756142,🔴,FUERTE,251,2025-12-25 07:47:31,2025-12-25,0,40,40,False,0,0,[],[],BAJA,MEDIO,0
DJUSAL,Dow Jones U.S. Aluminum Index,183.21,73.62,185.67,148.85900570497148,19.48365527488853,🔴,FUERTE,251,2025-12-25 07:47:31,2025-12-25,0,39,39,False,0,0,[],[],BAJA,MEDIO,0
DJUSLE,Dow Jones U.S. Leisure Goods Index,1005.53,724.03,1249.95,38.87960443628027,77.76915400820484,🔴,FUERTE,251,2025-12-25 07:47:31,2025-12-25,0,39,39,False,0,0,[],[],BAJA,ALTO,0
DJUSMG,Dow Jones U.S. Mining Index,234.88,84.25,236.72,178.7893175074184,24.442675159235637,🔴,FUERTE,251,2025-12-25 07:47:31,2025-12-25,0,39,39,False,0,0,[],[],BAJA,MEDIO,0
DJUSPM,Dow Jones U.S. Gold Mining Index,272.27,94.85,274.53,187.05324196099104,23.216047352844512,🔴,FUERTE,251,2025-12-25 07:47:31,2025-12-25,0,39,39,False,0,0,[],[],BAJA,MEDIO,0
DJUSTY,Dow Jones U.S. Toys Index,1667.06,1149.53,2066.13,45.02100858611781,76.15819209039564,🔴,FUERTE,251,2025-12-25 07:47:31,2025-12-25,0,37,37,False,0,0,[],[],BAJA,ALTO,0
DJUSAR,Dow Jones U.S. Airlines Index,263.34,137.83,268.82,91.06145251396644,32.752403846153925,🔴,FUERTE,251,2025-12-25 07:47:31,2025-12-25,0,37,37,False,0,0,[],[],BAJA,MEDIO,0
DJUSHR,Dow Jones U.S. Commercial Vehicles & Trucks Index,6373.8,3916.0,6645.0,62.76302349336058,53.5178035178035,🔴,FUERTE,251,2025-12-25 07:47:31,2025-12-25,0,36,36,False,0,0,[],[],BAJA,MEDIO,0
DJUSAP,Dow Jones U.S. Automobiles & Parts Index,1806.98,845.49,1853.16,113.71985475877892,36.80720600817567,🔴,FUERTE,251,2025-12-25 07:47:31,2025-12-25,0,33,33,False,0,0,[],[],BAJA,MEDIO,0
DJUSAU,Dow Jones U.S. Automobiles Index,1660.62,758.25,1704.26,119.00692383778436,36.80917622523462,🔴,FUERTE,251,2025-12-25 07:47:31,2025-12-25,0,33,33,False,0,0,[],[],BAJA,MEDIO,0
DJUSEC,Dow Jones U.S. Electrical Components & Equipment Index,1056.73,562.61,1122.04,87.82638061890118,49.79962378343011,🔴,FUERTE,251,2025-12-25 07:47:31,2025-12-25,0,32,32,False,0,0,[],[],BAJA,MEDIO,0
DJUSTC,Dow Jones U.S. Technology Index,8912.6,5115.5,9259.3,74.22734825530252,50.02608695652175,🔴,FUERTE,251,2025-12-25 07:47:31,2025-12-25,0,31,31,False,0,0,[],[],BAJA,MEDIO,0
DJUSEE,Dow Jones U.S. Electronic & Electrical Equipment Index,1245.07,643.85,1306.8,93.37889259920787,49.40093231112997,🔴,FUERTE,251,2025-12-25 07:47:31,2025-12-25,0,30,30,False,0,0,[],[],BAJA,MEDIO,0
DJUSCR,Dow Jones U.S. Computer Hardware Index,13778.6,8364.8,14401.2,64.72121270084165,63.36267605633807,🔴,FUERTE,251,2025-12-25 07:47:31,2025-12-25,0,29,29,False,0,0,[],[],BAJA,ALTO,0
DJUSAI,Dow Jones U.S. Electronic Equipment Index,1877.31,913.78,1932.6,105.44441769353674,48.48389134554644,🔴,FUERTE,251,2025-12-25 07:47:31,2025-12-25,0,27,27,False,0,0,[],[],BAJA,MEDIO,0
DJUSNS,Dow Jones U.S. Internet Index,7140.8,3842.4,7284.5,85.84218196960232,51.51484343228955,🔴,FUERTE,251,2025-12-25 07:47:31,2025-12-25,0,27,27,False,0,0,[],[],BAJA,MEDIO,0
DJUSSC,Dow Jones U.S. Semiconductors Index,28713.1,12938.1,31044.1,121.92671257758091,48.9912971658433,🔴,FUERTE,251,2025-12-25 07:47:31,2025-12-25,0,27,27,False,0,0,[],[],BAJA,MEDIO,0
DJUSTQ,Dow Jones U.S. Technology Hardware & Equipment Index,10316.5,5326.7,10826.1,93.67525860288734,50.88196993015269,🔴,FUERTE,251,2025-12-25 07:47:31,2025-12-25,0,24,24,False,0,0,[],[],BAJA,MEDIO,0
DJUSTR,Dow Jones U.S. Tires Index,10316.5,5326.7,10826.1,93.67525860288734,50.88196993015269,🔴,FUERTE,251,2025-12-25 07:47:31,2025-12-25,0,24,24,False,0,0,[],[],BAJA,MEDIO,0
DJUSHV,Dow Jones U.S. Heavy Construction Index,2195.05,1138.85,2402.18,92.74267901830795,60.79480152064362,🔴,FUERTE,251,2025-12-25 07:47:31,2025-12-25,0,18,18,False,0,0,[],[],BAJA,ALTO,0
