{
  "analysis_timestamp": "2025-07-03T20:34:58.729716",
  "opportunities": [
    {
      "Ticker": "DJUSHG",
      "Sector": "Household Goods",
      "CurrentPrice": 1063.25,
      "Min52w": 999.49,
      "Max52w": 1229.25,
      "DistanceFromMin": 6.379253419243813,
      "RSI": 48.66204162537166,
      "Estado": "🟢",
      "Classification": "OPORTUNIDAD",
      "DataPoints": 252,
      "AnalysisDate": "2025-07-03 20:18:46",
      "FileDate": "2025-07-03",
      "DaysAgo": 0,
      "BaseScore": 85,
      "FinalScore": 85,
      "InsiderActivity": false,
      "InsiderTrades": 0,
      "InsiderValue": 0,
      "InsiderTickers": [],
      "Signals": [],
      "Urgency": "CRÍTICA",
      "RiskLevel": "BAJO",
      "MappingCoverage": 0
    },
    {
      "Ticker": "DJUSFO",
      "Sector": "Food Producers",
      "CurrentPrice": 392.8,
      "Min52w": 367.79,
      "Max52w": 460.77,
      "DistanceFromMin": 6.800076130400498,
      "RSI": 44.86486486486485,
      "Estado": "🟢",
      "Classification": "OPORTUNIDAD",
      "DataPoints": 252,
      "AnalysisDate": "2025-07-03 20:18:46",
      "FileDate": "2025-07-03",
      "DaysAgo": 0,
      "BaseScore": 85,
      "FinalScore": 85,
      "InsiderActivity": false,
      "InsiderTrades": 0,
      "InsiderValue": 0,
      "InsiderTickers": [],
      "Signals": [],
      "Urgency": "CRÍTICA",
      "RiskLevel": "BAJO",
      "MappingCoverage": 0
    },
    {
      "Ticker": "DJUSBV",
      "Sector": "Beverages",
      "CurrentPrice": 946.06,
      "Min52w": 875.4,
      "Max52w": 1070.16,
      "DistanceFromMin": 8.071738633767417,
      "RSI": 47.735828761966275,
      "Estado": "🟢",
      "Classification": "OPORTUNIDAD",
      "DataPoints": 252,
      "AnalysisDate": "2025-07-03 20:18:46",
      "FileDate": "2025-07-03",
      "DaysAgo": 0,
      "BaseScore": 85,
      "FinalScore": 85,
      "InsiderActivity": false,
      "InsiderTrades": 0,
      "InsiderValue": 0,
      "InsiderTickers": [],
      "Signals": [],
      "Urgency": "CRÍTICA",
      "RiskLevel": "BAJO",
      "MappingCoverage": 0
    },
    {
      "Ticker": "DJUSFB",
      "Sector": "Food & Beverage",
      "CurrentPrice": 714.82,
      "Min52w": 668.77,
      "Max52w": 816.7,
      "DistanceFromMin": 6.8857753786802745,
      "RSI": 46.349478496928114,
      "Estado": "🟢",
      "Classification": "OPORTUNIDAD",
      "DataPoints": 252,
      "AnalysisDate": "2025-07-03 20:18:46",
      "FileDate": "2025-07-03",
      "DaysAgo": 0,
      "BaseScore": 85,
      "FinalScore": 85,
      "InsiderActivity": false,
      "InsiderTrades": 0,
      "InsiderValue": 0,
      "InsiderTickers": [],
      "Signals": [],
      "Urgency": "CRÍTICA",
      "RiskLevel": "BAJO",
      "MappingCoverage": 0
    },
    {
      "Ticker": "DJUSMC",
      "Sector": "Healthcare Equipment",
      "CurrentPrice": 2278.2,
      "Min52w": 2186.6,
      "Max52w": 2559.1,
      "DistanceFromMin": 4.189152108295981,
      "RSI": 50.15673981191229,
      "Estado": "🟢",
      "Classification": "OPORTUNIDAD",
      "DataPoints": 252,
      "AnalysisDate": "2025-07-03 20:18:46",
      "FileDate": "2025-07-03",
      "DaysAgo": 0,
      "BaseScore": 80,
      "FinalScore": 80,
      "InsiderActivity": false,
      "InsiderTrades": 0,
      "InsiderValue": 0,
      "InsiderTickers": [],
      "Signals": [],
      "Urgency": "ALTA",
      "RiskLevel": "BAJO",
      "MappingCoverage": 0
    },
    {
      "Ticker": "DJUSHC",
      "Sector": "Healthcare",
      "CurrentPrice": 1436.8,
      "Min52w": 1344.15,
      "Max52w": 1663.54,
      "DistanceFromMin": 6.892831901201492,
      "RSI": 52.99615173172071,
      "Estado": "🟢",
      "Classification": "OPORTUNIDAD",
      "DataPoints": 252,
      "AnalysisDate": "2025-07-03 20:18:46",
      "FileDate": "2025-07-03",
      "DaysAgo": 0,
      "BaseScore": 79,
      "FinalScore": 79,
      "InsiderActivity": false,
      "InsiderTrades": 0,
      "InsiderValue": 0,
      "InsiderTickers": [],
      "Signals": [],
      "Urgency": "ALTA",
      "RiskLevel": "BAJO",
      "MappingCoverage": 0
    },
    {
      "Ticker": "DJUSIT",
      "Sector": "Industrial Transport",
      "CurrentPrice": 1495.7,
      "Min52w": 1243.5,
      "Max52w": 1746.8,
      "DistanceFromMin": 20.281463610776036,
      "RSI": 31.464174454828537,
      "Estado": "🟡",
      "Classification": "CERCA",
      "DataPoints": 252,
      "AnalysisDate": "2025-07-03 20:18:46",
      "FileDate": "2025-07-03",
      "DaysAgo": 0,
      "BaseScore": 77,
      "FinalScore": 77,
      "InsiderActivity": false,
      "InsiderTrades": 0,
      "InsiderValue": 0,
      "InsiderTickers": [],
      "Signals": [],
      "Urgency": "ALTA",
      "RiskLevel": "BAJO",
      "MappingCoverage": 0
    },
    {
      "Ticker": "DJUSCH",
      "Sector": "Chemicals",
      "CurrentPrice": 864.73,
      "Min52w": 703.58,
      "Max52w": 952.75,
      "DistanceFromMin": 22.904289490889447,
      "RSI": 39.51965065502185,
      "Estado": "🟡",
      "Classification": "CERCA",
      "DataPoints": 252,
      "AnalysisDate": "2025-07-03 20:18:46",
      "FileDate": "2025-07-03",
      "DaysAgo": 0,
      "BaseScore": 76,
      "FinalScore": 76,
      "InsiderActivity": false,
      "InsiderTrades": 0,
      "InsiderValue": 0,
      "InsiderTickers": [],
      "Signals": [],
      "Urgency": "ALTA",
      "RiskLevel": "BAJO",
      "MappingCoverage": 0
    },
    {
      "Ticker": "DJUSRA",
      "Sector": "Apparel Retail",
      "CurrentPrice": 1652.42,
      "Min52w": 1490.78,
      "Max52w": 1826.93,
      "DistanceFromMin": 10.8426461315553,
      "RSI": 45.15496273048249,
      "Estado": "🟡",
      "Classification": "CERCA",
      "DataPoints": 252,
      "AnalysisDate": "2025-07-03 20:18:46",
      "FileDate": "2025-07-03",
      "DaysAgo": 0,
      "BaseScore": 75,
      "FinalScore": 75,
      "InsiderActivity": false,
      "InsiderTrades": 0,
      "InsiderValue": 0,
      "InsiderTickers": [],
      "Signals": [],
      "Urgency": "ALTA",
      "RiskLevel": "BAJO",
      "MappingCoverage": 0
    },
    {
      "Ticker": "DJUSNG",
      "Sector": "Personal Goods",
      "CurrentPrice": 1054.73,
      "Min52w": 909.61,
      "Max52w": 1069.74,
      "DistanceFromMin": 15.954090214487527,
      "RSI": 42.03839638622242,
      "Estado": "🟡",
      "Classification": "CERCA",
      "DataPoints": 252,
      "AnalysisDate": "2025-07-03 20:18:46",
      "FileDate": "2025-07-03",
      "DaysAgo": 0,
      "BaseScore": 73,
      "FinalScore": 73,
      "InsiderActivity": false,
      "InsiderTrades": 0,
      "InsiderValue": 0,
      "InsiderTickers": [],
      "Signals": [],
      "Urgency": "MEDIA",
      "RiskLevel": "BAJO",
      "MappingCoverage": 0
    },
    {
      "Ticker": "DJUSIS",
      "Sector": "Support Services",
      "CurrentPrice": 899.69,
      "Min52w": 764.29,
      "Max52w": 981.89,
      "DistanceFromMin": 17.715788509597154,
      "RSI": 48.039292730844785,
      "Estado": "🟡",
      "Classification": "CERCA",
      "DataPoints": 252,
      "AnalysisDate": "2025-07-03 20:18:46",
      "FileDate": "2025-07-03",
      "DaysAgo": 0,
      "BaseScore": 72,
      "FinalScore": 72,
      "InsiderActivity": false,
      "InsiderTrades": 0,
      "InsiderValue": 0,
      "InsiderTickers": [],
      "Signals": [],
      "Urgency": "MEDIA",
      "RiskLevel": "BAJO",
      "MappingCoverage": 0
    },
    {
      "Ticker": "DJUSEN",
      "Sector": "Oil & Gas",
      "CurrentPrice": 734.55,
      "Min52w": 623.85,
      "Max52w": 813.7,
      "DistanceFromMin": 17.74465015628756,
      "RSI": 45.23693209574988,
      "Estado": "🟡",
      "Classification": "CERCA",
      "DataPoints": 252,
      "AnalysisDate": "2025-07-03 20:18:46",
      "FileDate": "2025-07-03",
      "DaysAgo": 0,
      "BaseScore": 72,
      "FinalScore": 72,
      "InsiderActivity": false,
      "InsiderTrades": 0,
      "InsiderValue": 0,
      "InsiderTickers": [],
      "Signals": [],
      "Urgency": "MEDIA",
      "RiskLevel": "BAJO",
      "MappingCoverage": 0
    },
    {
      "Ticker": "DJUSOG",
      "Sector": "Oil Producers",
      "CurrentPrice": 833.18,
      "Min52w": 707.01,
      "Max52w": 918.73,
      "DistanceFromMin": 17.84557502722733,
      "RSI": 45.49243255099806,
      "Estado": "🟡",
      "Classification": "CERCA",
      "DataPoints": 252,
      "AnalysisDate": "2025-07-03 20:18:46",
      "FileDate": "2025-07-03",
      "DaysAgo": 0,
      "BaseScore": 72,
      "FinalScore": 72,
      "InsiderActivity": false,
      "InsiderTrades": 0,
      "InsiderValue": 0,
      "InsiderTickers": [],
      "Signals": [],
      "Urgency": "MEDIA",
      "RiskLevel": "BAJO",
      "MappingCoverage": 0
    },
    {
      "Ticker": "DJUSUT",
      "Sector": "Utilities",
      "CurrentPrice": 406.99,
      "Min52w": 337.44,
      "Max52w": 411.37,
      "DistanceFromMin": 20.611071597913707,
      "RSI": 47.266514806378105,
      "Estado": "🟡",
      "Classification": "CERCA",
      "DataPoints": 252,
      "AnalysisDate": "2025-07-03 20:18:46",
      "FileDate": "2025-07-03",
      "DaysAgo": 0,
      "BaseScore": 71,
      "FinalScore": 71,
      "InsiderActivity": false,
      "InsiderTrades": 0,
      "InsiderValue": 0,
      "InsiderTickers": [],
      "Signals": [],
      "Urgency": "MEDIA",
      "RiskLevel": "BAJO",
      "MappingCoverage": 0
    },
    {
      "Ticker": "DJUSGI",
      "Sector": "General Industrial",
      "CurrentPrice": 772.64,
      "Min52w": 613.23,
      "Max52w": 780.5,
      "DistanceFromMin": 25.99514048562529,
      "RSI": 29.07044440131959,
      "Estado": "🔴",
      "Classification": "FUERTE",
      "DataPoints": 252,
      "AnalysisDate": "2025-07-03 20:18:46",
      "FileDate": "2025-07-03",
      "DaysAgo": 0,
      "BaseScore": 69,
      "FinalScore": 69,
      "InsiderActivity": false,
      "InsiderTrades": 0,
      "InsiderValue": 0,
      "InsiderTickers": [],
      "Signals": [],
      "Urgency": "MEDIA",
      "RiskLevel": "BAJO",
      "MappingCoverage": 0
    },
    {
      "Ticker": "DJUSPN",
      "Sector": "Pharmaceuticals",
      "CurrentPrice": 1076.81,
      "Min52w": 960.01,
      "Max52w": 1277.87,
      "DistanceFromMin": 12.166539931875706,
      "RSI": 54.15019762845854,
      "Estado": "🟡",
      "Classification": "CERCA",
      "DataPoints": 252,
      "AnalysisDate": "2025-07-03 20:18:46",
      "FileDate": "2025-07-03",
      "DaysAgo": 0,
      "BaseScore": 68,
      "FinalScore": 68,
      "InsiderActivity": false,
      "InsiderTrades": 0,
      "InsiderValue": 0,
      "InsiderTickers": [],
      "Signals": [],
      "Urgency": "MEDIA",
      "RiskLevel": "BAJO",
      "MappingCoverage": 0
    },
    {
      "Ticker": "DJUSIX",
      "Sector": "Insurance",
      "CurrentPrice": 1356.28,
      "Min52w": 1157.36,
      "Max52w": 1458.15,
      "DistanceFromMin": 17.187391995576146,
      "RSI": 54.64718111776936,
      "Estado": "🟡",
      "Classification": "CERCA",
      "DataPoints": 252,
      "AnalysisDate": "2025-07-03 20:18:46",
      "FileDate": "2025-07-03",
      "DaysAgo": 0,
      "BaseScore": 66,
      "FinalScore": 66,
      "InsiderActivity": false,
      "InsiderTrades": 0,
      "InsiderValue": 0,
      "InsiderTickers": [],
      "Signals": [],
      "Urgency": "MEDIA",
      "RiskLevel": "BAJO",
      "MappingCoverage": 0
    },
    {
      "Ticker": "DJUSRE",
      "Sector": "Real Estate",
      "CurrentPrice": 364.69,
      "Min52w": 311.91,
      "Max52w": 396.67,
      "DistanceFromMin": 16.921547882401967,
      "RSI": 52.81090289608174,
      "Estado": "🟡",
      "Classification": "CERCA",
      "DataPoints": 252,
      "AnalysisDate": "2025-07-03 20:18:46",
      "FileDate": "2025-07-03",
      "DaysAgo": 0,
      "BaseScore": 66,
      "FinalScore": 66,
      "InsiderActivity": false,
      "InsiderTrades": 0,
      "InsiderValue": 0,
      "InsiderTickers": [],
      "Signals": [],
      "Urgency": "MEDIA",
      "RiskLevel": "BAJO",
      "MappingCoverage": 0
    },
    {
      "Ticker": "DJUSRI",
      "Sector": "REITs",
      "CurrentPrice": 147.62,
      "Min52w": 126.8,
      "Max52w": 162.95,
      "DistanceFromMin": 16.41955835962146,
      "RSI": 54.63041631265932,
      "Estado": "🟡",
      "Classification": "CERCA",
      "DataPoints": 252,
      "AnalysisDate": "2025-07-03 20:18:46",
      "FileDate": "2025-07-03",
      "DaysAgo": 0,
      "BaseScore": 66,
      "FinalScore": 66,
      "InsiderActivity": false,
      "InsiderTrades": 0,
      "InsiderValue": 0,
      "InsiderTickers": [],
      "Signals": [],
      "Urgency": "MEDIA",
      "RiskLevel": "BAJO",
      "MappingCoverage": 0
    },
    {
      "Ticker": "DJUSIQ",
      "Sector": "Industrial Engineering",
      "CurrentPrice": 4356.3,
      "Min52w": 3318.0,
      "Max52w": 4522.4,
      "DistanceFromMin": 31.29294755877035,
      "RSI": 29.83302411873835,
      "Estado": "🔴",
      "Classification": "FUERTE",
      "DataPoints": 252,
      "AnalysisDate": "2025-07-03 20:18:46",
      "FileDate": "2025-07-03",
      "DaysAgo": 0,
      "BaseScore": 66,
      "FinalScore": 66,
      "InsiderActivity": false,
      "InsiderTrades": 0,
      "InsiderValue": 0,
      "InsiderTickers": [],
      "Signals": [],
      "Urgency": "MEDIA",
      "RiskLevel": "BAJO",
      "MappingCoverage": 0
    },
    {
      "Ticker": "DJUSME",
      "Sector": "Media",
      "CurrentPrice": 889.53,
      "Min52w": 662.35,
      "Max52w": 936.97,
      "DistanceFromMin": 34.29908658564202,
      "RSI": 28.880976602238036,
      "Estado": "🔴",
      "Classification": "FUERTE",
      "DataPoints": 252,
      "AnalysisDate": "2025-07-03 20:18:46",
      "FileDate": "2025-07-03",
      "DaysAgo": 0,
      "BaseScore": 65,
      "FinalScore": 65,
      "InsiderActivity": false,
      "InsiderTrades": 0,
      "InsiderValue": 0,
      "InsiderTickers": [],
      "Signals": [],
      "Urgency": "MEDIA",
      "RiskLevel": "BAJO",
      "MappingCoverage": 0
    },
    {
      "Ticker": "DJUSBS",
      "Sector": "Basic Resources",
      "CurrentPrice": 393.05,
      "Min52w": 274.91,
      "Max52w": 394.51,
      "DistanceFromMin": 42.97406423920555,
      "RSI": 26.842105263157848,
      "Estado": "🔴",
      "Classification": "FUERTE",
      "DataPoints": 252,
      "AnalysisDate": "2025-07-03 20:18:46",
      "FileDate": "2025-07-03",
      "DaysAgo": 0,
      "BaseScore": 62,
      "FinalScore": 62,
      "InsiderActivity": false,
      "InsiderTrades": 0,
      "InsiderValue": 0,
      "InsiderTickers": [],
      "Signals": [],
      "Urgency": "MEDIA",
      "RiskLevel": "MEDIO",
      "MappingCoverage": 0
    },
    {
      "Ticker": "DJUSPG",
      "Sector": "Personal Goods",
      "CurrentPrice": 553.23,
      "Min52w": 426.49,
      "Max52w": 649.12,
      "DistanceFromMin": 29.716992192079537,
      "RSI": 30.36036810871248,
      "Estado": "🔴",
      "Classification": "FUERTE",
      "DataPoints": 252,
      "AnalysisDate": "2025-07-03 20:18:46",
      "FileDate": "2025-07-03",
      "DaysAgo": 0,
      "BaseScore": 61,
      "FinalScore": 61,
      "InsiderActivity": false,
      "InsiderTrades": 0,
      "InsiderValue": 0,
      "InsiderTickers": [],
      "Signals": [],
      "Urgency": "MEDIA",
      "RiskLevel": "BAJO",
      "MappingCoverage": 0
    },
    {
      "Ticker": "DJUSBK",
      "Sector": "Banks",
      "CurrentPrice": 751.57,
      "Min52w": 520.01,
      "Max52w": 752.87,
      "DistanceFromMin": 44.52991288629066,
      "RSI": 17.067329016233487,
      "Estado": "🔴",
      "Classification": "FUERTE",
      "DataPoints": 252,
      "AnalysisDate": "2025-07-03 20:18:46",
      "FileDate": "2025-07-03",
      "DaysAgo": 0,
      "BaseScore": 61,
      "FinalScore": 61,
      "InsiderActivity": false,
      "InsiderTrades": 0,
      "InsiderValue": 0,
      "InsiderTickers": [],
      "Signals": [],
      "Urgency": "MEDIA",
      "RiskLevel": "MEDIO",
      "MappingCoverage": 0
    },
    {
      "Ticker": "DJUSTC",
      "Sector": "Technology",
      "CurrentPrice": 7573.8,
      "Min52w": 5115.5,
      "Max52w": 7588.4,
      "DistanceFromMin": 48.055908513341805,
      "RSI": 28.91709639032136,
      "Estado": "🔴",
      "Classification": "FUERTE",
      "DataPoints": 252,
      "AnalysisDate": "2025-07-03 20:18:46",
      "FileDate": "2025-07-03",
      "DaysAgo": 0,
      "BaseScore": 60,
      "FinalScore": 60,
      "InsiderActivity": false,
      "InsiderTrades": 0,
      "InsiderValue": 0,
      "InsiderTickers": [],
      "Signals": [],
      "Urgency": "MEDIA",
      "RiskLevel": "MEDIO",
      "MappingCoverage": 0
    },
    {
      "Ticker": "DJUSCN",
      "Sector": "Construction",
      "CurrentPrice": 1981.63,
      "Min52w": 1484.39,
      "Max52w": 2065.78,
      "DistanceFromMin": 33.497935178760294,
      "RSI": 34.79444146633128,
      "Estado": "🔴",
      "Classification": "FUERTE",
      "DataPoints": 252,
      "AnalysisDate": "2025-07-03 20:18:46",
      "FileDate": "2025-07-03",
      "DaysAgo": 0,
      "BaseScore": 60,
      "FinalScore": 60,
      "InsiderActivity": false,
      "InsiderTrades": 0,
      "InsiderValue": 0,
      "InsiderTickers": [],
      "Signals": [],
      "Urgency": "MEDIA",
      "RiskLevel": "BAJO",
      "MappingCoverage": 0
    },
    {
      "Ticker": "DJUSIM",
      "Sector": "Metals & Mining",
      "CurrentPrice": 519.33,
      "Min52w": 350.58,
      "Max52w": 568.14,
      "DistanceFromMin": 48.13451993838783,
      "RSI": 23.633214247049892,
      "Estado": "🔴",
      "Classification": "FUERTE",
      "DataPoints": 252,
      "AnalysisDate": "2025-07-03 20:18:46",
      "FileDate": "2025-07-03",
      "DaysAgo": 0,
      "BaseScore": 60,
      "FinalScore": 60,
      "InsiderActivity": false,
      "InsiderTrades": 0,
      "InsiderValue": 0,
      "InsiderTickers": [],
      "Signals": [],
      "Urgency": "MEDIA",
      "RiskLevel": "MEDIO",
      "MappingCoverage": 0
    },
    {
      "Ticker": "DJUSLE",
      "Sector": "Leisure Goods",
      "CurrentPrice": 1032.87,
      "Min52w": 695.76,
      "Max52w": 1040.46,
      "DistanceFromMin": 48.45205243187304,
      "RSI": 27.569899610055515,
      "Estado": "🔴",
      "Classification": "FUERTE",
      "DataPoints": 252,
      "AnalysisDate": "2025-07-03 20:18:46",
      "FileDate": "2025-07-03",
      "DaysAgo": 0,
      "BaseScore": 60,
      "FinalScore": 60,
      "InsiderActivity": false,
      "InsiderTrades": 0,
      "InsiderValue": 0,
      "InsiderTickers": [],
      "Signals": [],
      "Urgency": "MEDIA",
      "RiskLevel": "MEDIO",
      "MappingCoverage": 0
    },
    {
      "Ticker": "DJUSIG",
      "Sector": "Industrial Goods",
      "CurrentPrice": 1439.85,
      "Min52w": 1094.74,
      "Max52w": 1441.4,
      "DistanceFromMin": 31.52438021813398,
      "RSI": 30.119192063378833,
      "Estado": "🔴",
      "Classification": "FUERTE",
      "DataPoints": 252,
      "AnalysisDate": "2025-07-03 20:18:46",
      "FileDate": "2025-07-03",
      "DaysAgo": 0,
      "BaseScore": 60,
      "FinalScore": 60,
      "InsiderActivity": false,
      "InsiderTrades": 0,
      "InsiderValue": 0,
      "InsiderTickers": [],
      "Signals": [],
      "Urgency": "MEDIA",
      "RiskLevel": "BAJO",
      "MappingCoverage": 0
    },
    {
      "Ticker": "DJUSFN",
      "Sector": "Financials",
      "CurrentPrice": 2446.1,
      "Min52w": 1812.0,
      "Max52w": 2447.7,
      "DistanceFromMin": 34.994481236203086,
      "RSI": 33.21234119782214,
      "Estado": "🔴",
      "Classification": "FUERTE",
      "DataPoints": 252,
      "AnalysisDate": "2025-07-03 20:18:46",
      "FileDate": "2025-07-03",
      "DaysAgo": 0,
      "BaseScore": 59,
      "FinalScore": 59,
      "InsiderActivity": false,
      "InsiderTrades": 0,
      "InsiderValue": 0,
      "InsiderTickers": [],
      "Signals": [],
      "Urgency": "BAJA",
      "RiskLevel": "BAJO",
      "MappingCoverage": 0
    },
    {
      "Ticker": "DJUSRT",
      "Sector": "Retail",
      "CurrentPrice": 3111.5,
      "Min52w": 2288.1,
      "Max52w": 3175.9,
      "DistanceFromMin": 35.98618941479831,
      "RSI": 32.25486959392536,
      "Estado": "🔴",
      "Classification": "FUERTE",
      "DataPoints": 252,
      "AnalysisDate": "2025-07-03 20:18:46",
      "FileDate": "2025-07-03",
      "DaysAgo": 0,
      "BaseScore": 59,
      "FinalScore": 59,
      "InsiderActivity": false,
      "InsiderTrades": 0,
      "InsiderValue": 0,
      "InsiderTickers": [],
      "Signals": [],
      "Urgency": "BAJA",
      "RiskLevel": "BAJO",
      "MappingCoverage": 0
    },
    {
      "Ticker": "DJUSDR",
      "Sector": "Drug Retailers",
      "CurrentPrice": 1582.9,
      "Min52w": 1149.77,
      "Max52w": 1595.6,
      "DistanceFromMin": 37.671012463362246,
      "RSI": 32.14561756067401,
      "Estado": "🔴",
      "Classification": "FUERTE",
      "DataPoints": 252,
      "AnalysisDate": "2025-07-03 20:18:46",
      "FileDate": "2025-07-03",
      "DaysAgo": 0,
      "BaseScore": 58,
      "FinalScore": 58,
      "InsiderActivity": false,
      "InsiderTrades": 0,
      "InsiderValue": 0,
      "InsiderTickers": [],
      "Signals": [],
      "Urgency": "BAJA",
      "RiskLevel": "BAJO",
      "MappingCoverage": 0
    },
    {
      "Ticker": "DJUSGT",
      "Sector": "General Retail",
      "CurrentPrice": 3464.4,
      "Min52w": 2540.2,
      "Max52w": 3560.4,
      "DistanceFromMin": 36.382961971498325,
      "RSI": 32.83029612756266,
      "Estado": "🔴",
      "Classification": "FUERTE",
      "DataPoints": 252,
      "AnalysisDate": "2025-07-03 20:18:46",
      "FileDate": "2025-07-03",
      "DaysAgo": 0,
      "BaseScore": 58,
      "FinalScore": 58,
      "InsiderActivity": false,
      "InsiderTrades": 0,
      "InsiderValue": 0,
      "InsiderTickers": [],
      "Signals": [],
      "Urgency": "BAJA",
      "RiskLevel": "BAJO",
      "MappingCoverage": 0
    },
    {
      "Ticker": "DJUSRH",
      "Sector": "RE Investment",
      "CurrentPrice": 702.49,
      "Min52w": 508.61,
      "Max52w": 730.22,
      "DistanceFromMin": 38.11958081830873,
      "RSI": 39.88680369377421,
      "Estado": "🔴",
      "Classification": "FUERTE",
      "DataPoints": 252,
      "AnalysisDate": "2025-07-03 20:18:46",
      "FileDate": "2025-07-03",
      "DaysAgo": 0,
      "BaseScore": 58,
      "FinalScore": 58,
      "InsiderActivity": false,
      "InsiderTrades": 0,
      "InsiderValue": 0,
      "InsiderTickers": [],
      "Signals": [],
      "Urgency": "BAJA",
      "RiskLevel": "BAJO",
      "MappingCoverage": 0
    },
    {
      "Ticker": "DJUSTQ",
      "Sector": "Tech Hardware",
      "CurrentPrice": 8239.3,
      "Min52w": 5326.7,
      "Max52w": 8276.9,
      "DistanceFromMin": 54.67925732629958,
      "RSI": 25.251019767806724,
      "Estado": "🔴",
      "Classification": "FUERTE",
      "DataPoints": 252,
      "AnalysisDate": "2025-07-03 20:18:46",
      "FileDate": "2025-07-03",
      "DaysAgo": 0,
      "BaseScore": 57,
      "FinalScore": 57,
      "InsiderActivity": false,
      "InsiderTrades": 0,
      "InsiderValue": 0,
      "InsiderTickers": [],
      "Signals": [],
      "Urgency": "BAJA",
      "RiskLevel": "MEDIO",
      "MappingCoverage": 0
    },
    {
      "Ticker": "DJUSSV",
      "Sector": "Software",
      "CurrentPrice": 7818.1,
      "Min52w": 5509.7,
      "Max52w": 7826.4,
      "DistanceFromMin": 41.897017986460256,
      "RSI": 35.210515067322106,
      "Estado": "🔴",
      "Classification": "FUERTE",
      "DataPoints": 252,
      "AnalysisDate": "2025-07-03 20:18:46",
      "FileDate": "2025-07-03",
      "DaysAgo": 0,
      "BaseScore": 56,
      "FinalScore": 56,
      "InsiderActivity": false,
      "InsiderTrades": 0,
      "InsiderValue": 0,
      "InsiderTickers": [],
      "Signals": [],
      "Urgency": "BAJA",
      "RiskLevel": "MEDIO",
      "MappingCoverage": 0
    },
    {
      "Ticker": "DJUSAL",
      "Sector": "Aluminum",
      "CurrentPrice": 106.41,
      "Min52w": 73.62,
      "Max52w": 163.19,
      "DistanceFromMin": 44.539527302363474,
      "RSI": 39.1388888888889,
      "Estado": "🔴",
      "Classification": "FUERTE",
      "DataPoints": 252,
      "AnalysisDate": "2025-07-03 20:18:46",
      "FileDate": "2025-07-03",
      "DaysAgo": 0,
      "BaseScore": 55,
      "FinalScore": 55,
      "InsiderActivity": false,
      "InsiderTrades": 0,
      "InsiderValue": 0,
      "InsiderTickers": [],
      "Signals": [],
      "Urgency": "BAJA",
      "RiskLevel": "MEDIO",
      "MappingCoverage": 0
    },
    {
      "Ticker": "DJUSEE",
      "Sector": "Electronics",
      "CurrentPrice": 1048.33,
      "Min52w": 643.85,
      "Max52w": 1050.39,
      "DistanceFromMin": 62.82208588957053,
      "RSI": 24.893351709654212,
      "Estado": "🔴",
      "Classification": "FUERTE",
      "DataPoints": 252,
      "AnalysisDate": "2025-07-03 20:18:46",
      "FileDate": "2025-07-03",
      "DaysAgo": 0,
      "BaseScore": 54,
      "FinalScore": 54,
      "InsiderActivity": false,
      "InsiderTrades": 0,
      "InsiderValue": 0,
      "InsiderTickers": [],
      "Signals": [],
      "Urgency": "BAJA",
      "RiskLevel": "MEDIO",
      "MappingCoverage": 0
    },
    {
      "Ticker": "DJUSAS",
      "Sector": "Aerospace",
      "CurrentPrice": 2793.8,
      "Min52w": 1883.9,
      "Max52w": 2825.3,
      "DistanceFromMin": 48.29874197144222,
      "RSI": 31.741573033707837,
      "Estado": "🔴",
      "Classification": "FUERTE",
      "DataPoints": 252,
      "AnalysisDate": "2025-07-03 20:18:46",
      "FileDate": "2025-07-03",
      "DaysAgo": 0,
      "BaseScore": 54,
      "FinalScore": 54,
      "InsiderActivity": false,
      "InsiderTrades": 0,
      "InsiderValue": 0,
      "InsiderTickers": [],
      "Signals": [],
      "Urgency": "BAJA",
      "RiskLevel": "MEDIO",
      "MappingCoverage": 0
    },
    {
      "Ticker": "DJUSTL",
      "Sector": "Telecommunications",
      "CurrentPrice": 188.72,
      "Min52w": 142.12,
      "Max52w": 199.75,
      "DistanceFromMin": 32.78919223191669,
      "RSI": 43.04327594229873,
      "Estado": "🔴",
      "Classification": "FUERTE",
      "DataPoints": 252,
      "AnalysisDate": "2025-07-03 20:18:46",
      "FileDate": "2025-07-03",
      "DaysAgo": 0,
      "BaseScore": 54,
      "FinalScore": 54,
      "InsiderActivity": false,
      "InsiderTrades": 0,
      "InsiderValue": 0,
      "InsiderTickers": [],
      "Signals": [],
      "Urgency": "BAJA",
      "RiskLevel": "BAJO",
      "MappingCoverage": 0
    },
    {
      "Ticker": "DJUSAR",
      "Sector": "Airlines",
      "CurrentPrice": 200.74,
      "Min52w": 126.73,
      "Max52w": 259.72,
      "DistanceFromMin": 58.39974749467372,
      "RSI": 39.665448952124606,
      "Estado": "🔴",
      "Classification": "FUERTE",
      "DataPoints": 252,
      "AnalysisDate": "2025-07-03 20:18:46",
      "FileDate": "2025-07-03",
      "DaysAgo": 0,
      "BaseScore": 50,
      "FinalScore": 50,
      "InsiderActivity": false,
      "InsiderTrades": 0,
      "InsiderValue": 0,
      "InsiderTickers": [],
      "Signals": [],
      "Urgency": "BAJA",
      "RiskLevel": "MEDIO",
      "MappingCoverage": 0
    },
    {
      "Ticker": "DJUSAP",
      "Sector": "Auto & Parts",
      "CurrentPrice": 1213.65,
      "Min52w": 768.67,
      "Max52w": 1748.7,
      "DistanceFromMin": 57.889601519507735,
      "RSI": 49.86187111512509,
      "Estado": "🔴",
      "Classification": "FUERTE",
      "DataPoints": 252,
      "AnalysisDate": "2025-07-03 20:18:46",
      "FileDate": "2025-07-03",
      "DaysAgo": 0,
      "BaseScore": 44,
      "FinalScore": 44,
      "InsiderActivity": false,
      "InsiderTrades": 0,
      "InsiderValue": 0,
      "InsiderTickers": [],
      "Signals": [],
      "Urgency": "BAJA",
      "RiskLevel": "MEDIO",
      "MappingCoverage": 0
    },
    {
      "Ticker": "DJUSMG",
      "Sector": "Mining",
      "CurrentPrice": 139.74,
      "Min52w": 84.25,
      "Max52w": 142.44,
      "DistanceFromMin": 65.86350148367953,
      "RSI": 40.806045340050325,
      "Estado": "🔴",
      "Classification": "FUERTE",
      "DataPoints": 252,
      "AnalysisDate": "2025-07-03 20:18:46",
      "FileDate": "2025-07-03",
      "DaysAgo": 0,
      "BaseScore": 41,
      "FinalScore": 41,
      "InsiderActivity": false,
      "InsiderTrades": 0,
      "InsiderValue": 0,
      "InsiderTickers": [],
      "Signals": [],
      "Urgency": "BAJA",
      "RiskLevel": "MEDIO",
      "MappingCoverage": 0
    }
  ],
  "enhanced_analysis": {
    "market_overview": {
      "market_state": "EXCEPCIONAL",
      "description": "Mercado en estado excepcional con 4 oportunidades críticas detectadas",
      "total_sectors_analyzed": 43,
      "critical_opportunities": 4,
      "high_quality_opportunities": 9,
      "sectors_with_insider_activity": 0,
      "average_opportunity_score": 65.0,
      "mapping_coverage_percentage": "0",
      "market_sentiment": "BULLISH"
    },
    "top_opportunities_analysis": [
      {
        "sector": "Household Goods",
        "ticker": "DJUSHG",
        "final_score": 85,
        "urgency": "CRÍTICA",
        "distance_from_min": 6.4,
        "upside_to_max_52w": 15.6,
        "current_price": 1063.25,
        "target_price_52w_max": 1229.25,
        "insider_activity": false,
        "insider_companies": 0,
        "risk_level": "BAJO",
        "description": "OPORTUNIDAD EXCEPCIONAL: Household Goods a solo 6.4% del mínimo con potencial upside de 15.6%",
        "recommendation": "COMPRA INMEDIATA"
      },
      {
        "sector": "Food Producers",
        "ticker": "DJUSFO",
        "final_score": 85,
        "urgency": "CRÍTICA",
        "distance_from_min": 6.8,
        "upside_to_max_52w": 17.3,
        "current_price": 392.8,
        "target_price_52w_max": 460.77,
        "insider_activity": false,
        "insider_companies": 0,
        "risk_level": "BAJO",
        "description": "OPORTUNIDAD EXCEPCIONAL: Food Producers a solo 6.8% del mínimo con potencial upside de 17.3%",
        "recommendation": "COMPRA INMEDIATA"
      },
      {
        "sector": "Beverages",
        "ticker": "DJUSBV",
        "final_score": 85,
        "urgency": "CRÍTICA",
        "distance_from_min": 8.1,
        "upside_to_max_52w": 13.1,
        "current_price": 946.06,
        "target_price_52w_max": 1070.16,
        "insider_activity": false,
        "insider_companies": 0,
        "risk_level": "BAJO",
        "description": "OPORTUNIDAD EXCEPCIONAL: Beverages a solo 8.1% del mínimo con potencial upside de 13.1%",
        "recommendation": "COMPRA INMEDIATA"
      },
      {
        "sector": "Food & Beverage",
        "ticker": "DJUSFB",
        "final_score": 85,
        "urgency": "CRÍTICA",
        "distance_from_min": 6.9,
        "upside_to_max_52w": 14.3,
        "current_price": 714.82,
        "target_price_52w_max": 816.7,
        "insider_activity": false,
        "insider_companies": 0,
        "risk_level": "BAJO",
        "description": "OPORTUNIDAD EXCEPCIONAL: Food & Beverage a solo 6.9% del mínimo con potencial upside de 14.3%",
        "recommendation": "COMPRA INMEDIATA"
      },
      {
        "sector": "Healthcare Equipment",
        "ticker": "DJUSMC",
        "final_score": 80,
        "urgency": "ALTA",
        "distance_from_min": 4.2,
        "upside_to_max_52w": 12.3,
        "current_price": 2278.2,
        "target_price_52w_max": 2559.1,
        "insider_activity": false,
        "insider_companies": 0,
        "risk_level": "BAJO",
        "description": "OPORTUNIDAD SÓLIDA: Healthcare Equipment con score alto y riesgo bajo",
        "recommendation": "CONSIDERAR COMPRA"
      }
    ],
    "insider_activity_analysis": {
      "status": "SIN_ACTIVIDAD",
      "description": "No se detectó actividad insider significativa en los sectores analizados",
      "recommendation": "Monitorear actividad insider en próximos días",
      "mapping_note": "Verificar que los tickers insider estén en el mapeo sectorial"
    },
    "risk_reward_analysis": {
      "risk_distribution": {
        "low_risk_count": 30,
        "medium_risk_count": 13,
        "high_risk_count": 0
      },
      "average_upside_low_risk": 8.4,
      "best_risk_reward_opportunities": [
        {
          "sector": "Household Goods",
          "score": 85,
          "upside": 15.6,
          "risk": "BAJO",
          "insider_activity": false
        },
        {
          "sector": "Food Producers",
          "score": 85,
          "upside": 17.3,
          "risk": "BAJO",
          "insider_activity": false
        },
        {
          "sector": "Beverages",
          "score": 85,
          "upside": 13.1,
          "risk": "BAJO",
          "insider_activity": false
        }
      ],
      "recommendation": "ENFOCARSE_BAJO_RIESGO"
    },
    "sector_strength_analysis": [
      {
        "sector_group": "Consumer",
        "strength": "MUY_FUERTE",
        "opportunities_count": 5,
        "average_score": 79.8,
        "critical_opportunities": 4,
        "insider_activity_count": 0,
        "total_insider_companies": 0,
        "top_sector": "Household Goods"
      },
      {
        "sector_group": "Healthcare",
        "strength": "FUERTE",
        "opportunities_count": 3,
        "average_score": 75.7,
        "critical_opportunities": 0,
        "insider_activity_count": 0,
        "total_insider_companies": 0,
        "top_sector": "Healthcare Equipment"
      },
      {
        "sector_group": "Energy",
        "strength": "MODERADO",
        "opportunities_count": 2,
        "average_score": 72.0,
        "critical_opportunities": 0,
        "insider_activity_count": 0,
        "total_insider_companies": 0,
        "top_sector": "Oil & Gas"
      },
      {
        "sector_group": "Utilities",
        "strength": "MODERADO",
        "opportunities_count": 1,
        "average_score": 71.0,
        "critical_opportunities": 0,
        "insider_activity_count": 0,
        "total_insider_companies": 0,
        "top_sector": "Utilities"
      },
      {
        "sector_group": "Industrial",
        "strength": "MODERADO",
        "opportunities_count": 4,
        "average_score": 69.5,
        "critical_opportunities": 0,
        "insider_activity_count": 0,
        "total_insider_companies": 0,
        "top_sector": "Industrial Transport"
      },
      {
        "sector_group": "Real Estate",
        "strength": "MODERADO",
        "opportunities_count": 2,
        "average_score": 66.0,
        "critical_opportunities": 0,
        "insider_activity_count": 0,
        "total_insider_companies": 0,
        "top_sector": "Real Estate"
      },
      {
        "sector_group": "Materials",
        "strength": "MODERADO",
        "opportunities_count": 3,
        "average_score": 66.0,
        "critical_opportunities": 0,
        "insider_activity_count": 0,
        "total_insider_companies": 0,
        "top_sector": "Chemicals"
      },
      {
        "sector_group": "Financial",
        "strength": "MODERADO",
        "opportunities_count": 3,
        "average_score": 62.0,
        "critical_opportunities": 0,
        "insider_activity_count": 0,
        "total_insider_companies": 0,
        "top_sector": "Insurance"
      },
      {
        "sector_group": "Technology",
        "strength": "DÉBIL",
        "opportunities_count": 3,
        "average_score": 57.7,
        "critical_opportunities": 0,
        "insider_activity_count": 0,
        "total_insider_companies": 0,
        "top_sector": "Technology"
      }
    ],
    "timing_analysis": {
      "overall_timing": "EXCELENTE",
      "description": "Timing excepcional: múltiples sectores en sobreventa cerca de mínimos",
      "oversold_count": 10,
      "very_close_to_min_count": 6,
      "overbought_count": 0,
      "recommendation": "ACTUAR_AHORA"
    },
    "correlation_analysis": {
      "mapping_quality": "DEFICIENTE",
      "mapping_description": "Cobertura deficiente (0.0%) - mapeo necesita mejoras",
      "mapping_coverage_percentage": "0",
      "correlation_rate_percentage": 0.0,
      "sectors_correlated": 0,
      "total_sectors": 43,
      "improvement_suggestion": "Expandir mapeo de tickers a sectores, especialmente para empresas mid-cap y small-cap"
    }
  },
  "summary": {
    "total_opportunities": 43,
    "critical_count": 4,
    "high_urgency_count": 9,
    "with_insider_activity": 0,
    "average_score": 65.0,
    "top_score": "85",
    "low_risk_opportunities": 30,
    "sectors_near_minimum": 6,
    "total_insider_volume_millions": 0.0,
    "mapping_coverage": "0",
    "correlation_effectiveness": 0.0
  },
  "special_patterns": [],
  "strategic_recommendations": {
    "short_term_strategy": {
      "timeframe": "1-3 meses",
      "focus": "Aprovechar actividad insider y momentum",
      "recommended_sectors": [],
      "allocation_suggestion": "30-40% del capital disponible",
      "insider_companies_total": 0
    },
    "medium_term_strategy": {
      "timeframe": "3-12 meses",
      "focus": "Sectores defensivos cerca de mínimos",
      "recommended_sectors": [
        "Household Goods",
        "Food Producers",
        "Beverages",
        "Food & Beverage",
        "Healthcare Equipment"
      ],
      "allocation_suggestion": "40-50% del capital disponible"
    },
    "long_term_strategy": {
      "timeframe": "12+ meses",
      "focus": "Sectores fundamentalmente sólidos",
      "recommended_sectors": [
        "Household Goods",
        "Food Producers",
        "Beverages",
        "Food & Beverage",
        "Healthcare Equipment"
      ],
      "allocation_suggestion": "20-30% del capital disponible"
    }
  },
  "risk_analysis": {
    "distribution": {
      "BAJO": 30,
      "MEDIO": 13
    },
    "low_risk_percentage": 69.8,
    "concentration_risk": "BAJO",
    "diversification_recommendation": "Buena diversificación disponible"
  },
  "upside_calculations": [
    {
      "sector": "Household Goods",
      "current_price": 1063.25,
      "upside_to_52w_max_percent": 15.6,
      "upside_to_52w_avg_percent": 4.8,
      "target_price_max": 1229.25,
      "target_price_avg": 1114.37,
      "risk_adjusted_upside": 15.6,
      "insider_support": false,
      "insider_companies": 0
    },
    {
      "sector": "Food Producers",
      "current_price": 392.8,
      "upside_to_52w_max_percent": 17.3,
      "upside_to_52w_avg_percent": 5.5,
      "target_price_max": 460.77,
      "target_price_avg": 414.28,
      "risk_adjusted_upside": 17.3,
      "insider_support": false,
      "insider_companies": 0
    },
    {
      "sector": "Beverages",
      "current_price": 946.06,
      "upside_to_52w_max_percent": 13.1,
      "upside_to_52w_avg_percent": 2.8,
      "target_price_max": 1070.16,
      "target_price_avg": 972.78,
      "risk_adjusted_upside": 13.1,
      "insider_support": false,
      "insider_companies": 0
    },
    {
      "sector": "Food & Beverage",
      "current_price": 714.82,
      "upside_to_52w_max_percent": 14.3,
      "upside_to_52w_avg_percent": 3.9,
      "target_price_max": 816.7,
      "target_price_avg": 742.74,
      "risk_adjusted_upside": 14.3,
      "insider_support": false,
      "insider_companies": 0
    },
    {
      "sector": "Healthcare Equipment",
      "current_price": 2278.2,
      "upside_to_52w_max_percent": 12.3,
      "upside_to_52w_avg_percent": 4.2,
      "target_price_max": 2559.1,
      "target_price_avg": 2372.85,
      "risk_adjusted_upside": 12.3,
      "insider_support": false,
      "insider_companies": 0
    },
    {
      "sector": "Healthcare",
      "current_price": 1436.8,
      "upside_to_52w_max_percent": 15.8,
      "upside_to_52w_avg_percent": 4.7,
      "target_price_max": 1663.54,
      "target_price_avg": 1503.85,
      "risk_adjusted_upside": 15.8,
      "insider_support": false,
      "insider_companies": 0
    },
    {
      "sector": "Industrial Transport",
      "current_price": 1495.7,
      "upside_to_52w_max_percent": 16.8,
      "upside_to_52w_avg_percent": -0.0,
      "target_price_max": 1746.8,
      "target_price_avg": 1495.15,
      "risk_adjusted_upside": 16.8,
      "insider_support": false,
      "insider_companies": 0
    },
    {
      "sector": "Chemicals",
      "current_price": 864.73,
      "upside_to_52w_max_percent": 10.2,
      "upside_to_52w_avg_percent": -4.2,
      "target_price_max": 952.75,
      "target_price_avg": 828.16,
      "risk_adjusted_upside": 10.2,
      "insider_support": false,
      "insider_companies": 0
    },
    {
      "sector": "Apparel Retail",
      "current_price": 1652.42,
      "upside_to_52w_max_percent": 10.6,
      "upside_to_52w_avg_percent": 0.4,
      "target_price_max": 1826.93,
      "target_price_avg": 1658.86,
      "risk_adjusted_upside": 10.6,
      "insider_support": false,
      "insider_companies": 0
    },
    {
      "sector": "Personal Goods",
      "current_price": 1054.73,
      "upside_to_52w_max_percent": 1.4,
      "upside_to_52w_avg_percent": -6.2,
      "target_price_max": 1069.74,
      "target_price_avg": 989.67,
      "risk_adjusted_upside": 1.4,
      "insider_support": false,
      "insider_companies": 0
    }
  ],
  "sector_correlations": {
    "sector_groups": {
      "Consumer": 8,
      "Healthcare": 3,
      "Other": 22,
      "Energy": 2,
      "Financial": 3,
      "Real Estate": 2,
      "Technology": 3
    },
    "group_average_scores": {
      "Consumer": 73.8,
      "Healthcare": 75.7,
      "Other": 61.0,
      "Energy": 72.0,
      "Financial": 62.0,
      "Real Estate": 66.0,
      "Technology": 57.7
    },
    "group_insider_rates": {
      "Consumer": 0.0,
      "Healthcare": 0.0,
      "Other": 0.0,
      "Energy": 0.0,
      "Financial": 0.0,
      "Real Estate": 0.0,
      "Technology": 0.0
    },
    "strongest_sector_group": "Healthcare",
    "most_insider_active_group": "Consumer",
    "diversification_available": true,
    "detailed_analysis": {
      "Consumer": {
        "average_score": 73.8,
        "sector_count": 8,
        "insider_activity_count": 0,
        "insider_rate": 0.0,
        "sectors": [
          "Household Goods",
          "Food Producers",
          "Beverages",
          "Food & Beverage",
          "Apparel Retail",
          "Retail",
          "Drug Retailers",
          "General Retail"
        ]
      },
      "Healthcare": {
        "average_score": 75.7,
        "sector_count": 3,
        "insider_activity_count": 0,
        "insider_rate": 0.0,
        "sectors": [
          "Healthcare Equipment",
          "Healthcare",
          "Pharmaceuticals"
        ]
      },
      "Other": {
        "average_score": 61.0,
        "sector_count": 22,
        "insider_activity_count": 0,
        "insider_rate": 0.0,
        "sectors": [
          "Industrial Transport",
          "Chemicals",
          "Personal Goods",
          "Support Services",
          "Utilities",
          "General Industrial",
          "Industrial Engineering",
          "Media",
          "Basic Resources",
          "Personal Goods",
          "Construction",
          "Metals & Mining",
          "Leisure Goods",
          "Industrial Goods",
          "RE Investment",
          "Aluminum",
          "Electronics",
          "Aerospace",
          "Telecommunications",
          "Airlines",
          "Auto & Parts",
          "Mining"
        ]
      },
      "Energy": {
        "average_score": 72.0,
        "sector_count": 2,
        "insider_activity_count": 0,
        "insider_rate": 0.0,
        "sectors": [
          "Oil & Gas",
          "Oil Producers"
        ]
      },
      "Financial": {
        "average_score": 62.0,
        "sector_count": 3,
        "insider_activity_count": 0,
        "insider_rate": 0.0,
        "sectors": [
          "Insurance",
          "Banks",
          "Financials"
        ]
      },
      "Real Estate": {
        "average_score": 66.0,
        "sector_count": 2,
        "insider_activity_count": 0,
        "insider_rate": 0.0,
        "sectors": [
          "Real Estate",
          "REITs"
        ]
      },
      "Technology": {
        "average_score": 57.7,
        "sector_count": 3,
        "insider_activity_count": 0,
        "insider_rate": 0.0,
        "sectors": [
          "Technology",
          "Tech Hardware",
          "Software"
        ]
      }
    }
  },
  "trading_alerts": [
    {
      "type": "CRITICAL_OPPORTUNITY",
      "sector": "Household Goods",
      "message": "Oportunidad crítica: Household Goods a 6.4% del mínimo con 0 empresas comprando",
      "action": "COMPRAR_INMEDIATAMENTE",
      "score": 85,
      "urgency": "CRÍTICA",
      "insider_companies": 0
    },
    {
      "type": "CRITICAL_OPPORTUNITY",
      "sector": "Food Producers",
      "message": "Oportunidad crítica: Food Producers a 6.8% del mínimo con 0 empresas comprando",
      "action": "COMPRAR_INMEDIATAMENTE",
      "score": 85,
      "urgency": "CRÍTICA",
      "insider_companies": 0
    },
    {
      "type": "CRITICAL_OPPORTUNITY",
      "sector": "Beverages",
      "message": "Oportunidad crítica: Beverages a 8.1% del mínimo con 0 empresas comprando",
      "action": "COMPRAR_INMEDIATAMENTE",
      "score": 85,
      "urgency": "CRÍTICA",
      "insider_companies": 0
    },
    {
      "type": "CRITICAL_OPPORTUNITY",
      "sector": "Food & Beverage",
      "message": "Oportunidad crítica: Food & Beverage a 6.9% del mínimo con 0 empresas comprando",
      "action": "COMPRAR_INMEDIATAMENTE",
      "score": 85,
      "urgency": "CRÍTICA",
      "insider_companies": 0
    }
  ],
  "mapping_statistics": {
    "total_insider_tickers": 10,
    "mapped_tickers": 10,
    "mapping_coverage_percentage": 100.0,
    "total_mappings_available": 690,
    "sectors_with_insider_activity": 0,
    "most_active_sectors": [],
    "coverage_quality": "EXCELENTE"
  }
}