Ticker,Sector,CurrentPrice,Min52w,Max52w,DistanceFromMin,RSI,Estado,Classification,DataPoints,AnalysisDate,FileDate,DaysAgo,BaseScore,FinalScore,InsiderActivity,InsiderTrades,InsiderValue,InsiderTickers,Signals,Urgency,RiskLevel,MappingCoverage
DJUSHG,Dow Jones U.S. Household Goods & Home Construction Index,1016.14,943.49,1158.74,7.7001346066201,33.738462944348,🟢,OPORTUNIDAD,252,2026-01-16 07:50:19,2026-01-16,0,91,91,False,0,0,[],[],CRÍTICA,BAJO,0
DJUSFB,Dow Jones U.S. Food & Beverage Index,713.66,667.95,770.54,6.843326596302106,36.51957393830404,🟢,OPORTUNIDAD,252,2026-01-16 07:50:19,2026-01-16,0,91,91,False,0,0,[],[],CRÍTICA,BAJO,0
DJUSFO,Dow Jones U.S. Food Producers Index,375.72,341.8,428.42,9.923932124049156,30.694472565296564,🟢,OPORTUNIDAD,251,2026-01-16 07:50:19,2026-01-16,0,90,90,False,0,0,[],[],CRÍTICA,BAJO,0
DJUSFP,Dow Jones U.S. Food Products Index,512.82,470.3,625.15,9.041037635551785,39.26096997690528,🟢,OPORTUNIDAD,251,2026-01-16 07:50:19,2026-01-16,0,90,90,False,0,0,[],[],CRÍTICA,BAJO,0
DJUSIS,Dow Jones U.S. Support Services Index,819.91,748.64,949.87,9.519929472109425,36.51165384186464,🟢,OPORTUNIDAD,251,2026-01-16 07:50:19,2026-01-16,0,90,90,False,0,0,[],[],CRÍTICA,BAJO,0
DJUSNG,Dow Jones U.S. Personal & Household Goods Index,1020.57,909.61,1081.16,12.19863457965502,29.556754469480538,🟡,CERCA,252,2026-01-16 07:50:19,2026-01-16,0,86,86,False,0,0,[],[],CRÍTICA,BAJO,0
DJUSCS,Dow Jones U.S. Specialized Consumer Services Index,2419.7,2307.7,3402.3,4.853317155609481,41.225103344607305,🟢,OPORTUNIDAD,252,2026-01-16 07:50:19,2026-01-16,0,86,86,False,0,0,[],[],CRÍTICA,BAJO,0
DJUSHN,Dow Jones U.S. Nondurable Household Products Index,1128.2,1067.39,1420.24,5.697074171577393,43.94137874570165,🟢,OPORTUNIDAD,252,2026-01-16 07:50:19,2026-01-16,0,86,86,False,0,0,[],[],CRÍTICA,BAJO,0
DJUSSR,Dow Jones U.S. Specialty REITs Index,260.11,229.18,273.52,13.49594205428048,24.28778367938193,🟡,CERCA,252,2026-01-16 07:50:19,2026-01-16,0,86,86,False,0,0,[],[],CRÍTICA,BAJO,0
DJUSCP,Dow Jones U.S. Containers & Packaging Index,449.16,388.62,514.38,15.578199783850552,24.846371034711822,🟡,CERCA,252,2026-01-16 07:50:19,2026-01-16,0,85,85,False,0,0,[],[],ALTA,BAJO,0
DJUSCC,Dow Jones U.S. Commodity Chemicals Index,697.43,608.9,794.88,14.539333223846276,16.422335694284342,🟡,CERCA,251,2026-01-16 07:50:19,2026-01-16,0,85,85,False,0,0,[],[],CRÍTICA,BAJO,0
DJUSDB,Dow Jones U.S. Brewers Index,516.97,438.36,659.78,17.93274933844329,21.1437565582371,🟡,CERCA,252,2026-01-16 07:50:19,2026-01-16,0,84,84,False,0,0,[],[],ALTA,BAJO,0
DJUSRP,Dow Jones U.S. Recreational Products Index,325.32,274.92,429.99,18.33260584897424,15.073471322483767,🟡,CERCA,251,2026-01-16 07:50:19,2026-01-16,0,84,84,False,0,0,[],[],ALTA,BAJO,0
DJUSRI,Dow Jones U.S. Real Estate Investment Trusts Index,148.85,126.8,155.77,17.389589905362772,29.52101661779075,🟡,CERCA,251,2026-01-16 07:50:19,2026-01-16,0,84,84,False,0,0,[],[],ALTA,BAJO,0
DJUSBV,Dow Jones U.S. Beverages Index,967.23,884.01,1013.26,9.413920657006146,41.58447343302577,🟢,OPORTUNIDAD,252,2026-01-16 07:50:19,2026-01-16,0,84,84,False,0,0,[],[],ALTA,BAJO,0
DJUSFR,Dow Jones U.S. Forestry & Paper Index,839.74,703.58,886.08,19.352454589385708,14.707453913972728,🟡,CERCA,252,2026-01-16 07:50:19,2026-01-16,0,83,83,False,0,0,[],[],ALTA,BAJO,0
DJUSVN,Dow Jones U.S. Distillers & Vintners Index,312.34,260.67,391.98,19.821997161161605,26.28452151573545,🟡,CERCA,252,2026-01-16 07:50:19,2026-01-16,0,83,83,False,0,0,[],[],ALTA,BAJO,0
DJUSGI,Dow Jones U.S. General Industrials Index,755.86,613.23,783.86,23.25880990819105,23.01313061506569,🟡,CERCA,252,2026-01-16 07:50:19,2026-01-16,0,82,82,False,0,0,[],[],ALTA,BAJO,0
DJUSHI,Dow Jones U.S. Home Improvement Retailers Index,873.7,705.04,940.02,23.92204697605811,18.33258961773022,🟡,CERCA,252,2026-01-16 07:50:19,2026-01-16,0,81,81,False,0,0,[],[],ALTA,BAJO,0
DJUSIV,Dow Jones U.S. Business Support Services Index,1192.46,1061.45,1395.19,12.342550284987515,32.65584335109679,🟡,CERCA,252,2026-01-16 07:50:19,2026-01-16,0,80,80,False,0,0,[],[],ALTA,BAJO,0
DJUSFA,Dow Jones U.S. Financial Administration Index,481.72,457.18,683.09,5.367688875278888,58.71773522064943,🟢,OPORTUNIDAD,252,2026-01-16 07:50:19,2026-01-16,0,80,80,False,0,0,[],[],ALTA,BAJO,0
DJUSRN,Dow Jones U.S. Residential REITs Index,215.94,206.56,263.03,4.541053446940354,52.71596858638743,🟢,OPORTUNIDAD,251,2026-01-16 07:50:19,2026-01-16,0,80,80,False,0,0,[],[],ALTA,BAJO,0
DJUSFD,Dow Jones U.S. Food Retailers & Wholesalers Index,1228.27,1099.62,1346.72,11.69949618959278,31.516402191702824,🟡,CERCA,252,2026-01-16 07:50:19,2026-01-16,0,80,80,False,0,0,[],[],ALTA,BAJO,0
DJUSAV,Dow Jones U.S. Media Agencies Index,367.73,346.44,656.63,6.145364276642426,51.50501672240804,🟢,OPORTUNIDAD,252,2026-01-16 07:50:19,2026-01-16,0,80,80,False,0,0,[],[],ALTA,BAJO,0
DJUSMU,Dow Jones U.S. Multiutilities Index,288.9,249.55,299.75,15.768383089561198,37.285034760336586,🟡,CERCA,251,2026-01-16 07:50:19,2026-01-16,0,79,79,False,0,0,[],[],ALTA,BAJO,0
DJUSRE,Dow Jones U.S. Real Estate Index,368.57,311.91,382.25,18.16549645731139,30.79073482428112,🟡,CERCA,252,2026-01-16 07:50:19,2026-01-16,0,78,78,False,0,0,[],[],ALTA,BAJO,0
DJUSCM,Dow Jones U.S. Personal Products Index,406.3,341.42,452.45,19.002987522699318,31.00938967136153,🟡,CERCA,252,2026-01-16 07:50:19,2026-01-16,0,77,77,False,0,0,[],[],ALTA,BAJO,0
DJUSFT,Dow Jones U.S. Footwear Index,1409.4,1186.7,1942.6,18.766326788573355,34.34142459212096,🟡,CERCA,252,2026-01-16 07:50:19,2026-01-16,0,77,77,False,0,0,[],[],ALTA,BAJO,0
DJUSRL,Dow Jones U.S. Retail REITs Index,101.69,83.32,103.81,22.047527604416715,38.43648208469048,🟡,CERCA,252,2026-01-16 07:50:19,2026-01-16,0,76,76,False,0,0,[],[],ALTA,BAJO,0
DJUSBE,Dow Jones U.S. Business Training & Employment Agencies Index,95.89,95.19,143.02,0.7353713625380848,67.31813246471225,🟢,OPORTUNIDAD,252,2026-01-16 07:50:19,2026-01-16,0,76,76,False,0,0,[],[],ALTA,MEDIO,0
DJUSTL,Dow Jones U.S. Telecommunications Index,161.27,158.22,199.75,1.927695613702447,65.80796252927396,🟢,OPORTUNIDAD,251,2026-01-16 07:50:19,2026-01-16,0,75,75,False,0,0,[],[],ALTA,MEDIO,0
DJUSWC,Dow Jones U.S. Mobile Telecommunications Index,357.76,352.84,458.56,1.3943997279220088,63.01720130172011,🟢,OPORTUNIDAD,252,2026-01-16 07:50:19,2026-01-16,0,75,75,False,0,0,[],[],ALTA,MEDIO,0
DJUSPC,Dow Jones U.S. Waste & Disposal Services Index,653.38,589.23,708.03,10.887089930926798,46.13099890573704,🟡,CERCA,252,2026-01-16 07:50:19,2026-01-16,0,75,75,False,0,0,[],[],ALTA,BAJO,0
DJUSIX,Dow Jones U.S. Nonlife Insurance Index,1268.77,1215.03,1458.15,4.422936059191955,71.45557655954634,🟢,OPORTUNIDAD,251,2026-01-16 07:50:19,2026-01-16,0,74,74,False,0,0,[],[],MEDIA,MEDIO,0
DJUSPL,Dow Jones U.S. Pipelines Index,1032.44,925.07,1229.95,11.60668922351822,44.94313411189987,🟡,CERCA,252,2026-01-16 07:50:19,2026-01-16,0,74,74,False,0,0,[],[],MEDIA,BAJO,0
DJUSMC,Dow Jones U.S. Health Care Equipment & Services Index,2345.9,2083.0,2541.8,12.62121939510322,43.60336432049577,🟡,CERCA,252,2026-01-16 07:50:19,2026-01-16,0,74,74,False,0,0,[],[],MEDIA,BAJO,0
DJUSWU,Dow Jones U.S. Water Index,2790.0,2472.2,3135.8,12.854947010759656,41.26157407407406,🟡,CERCA,251,2026-01-16 07:50:19,2026-01-16,0,74,74,False,0,0,[],[],MEDIA,BAJO,0
DJUSIR,Dow Jones U.S. Insurance Index,1296.42,1239.53,1458.0,4.589642848499036,69.3541422490901,🟢,OPORTUNIDAD,252,2026-01-16 07:50:19,2026-01-16,0,74,74,False,0,0,[],[],MEDIA,MEDIO,0
DJUSSD,Dow Jones U.S. Soft Drinks Index,940.86,845.7,972.52,11.252217098261792,44.09695920354943,🟡,CERCA,252,2026-01-16 07:50:19,2026-01-16,0,74,74,False,0,0,[],[],MEDIA,BAJO,0
DJUSIB,Dow Jones U.S. Insurance Brokers Index,690.26,658.66,891.38,4.797619409103334,60.72740631888318,🟢,OPORTUNIDAD,252,2026-01-16 07:50:19,2026-01-16,0,74,74,False,0,0,[],[],MEDIA,MEDIO,0
DJUSIP,Dow Jones U.S. Property & Casualty Insurance Index,1879.9,1792.93,2065.57,4.850719213800875,75.79508068306434,🟢,OPORTUNIDAD,252,2026-01-16 07:50:19,2026-01-16,0,74,74,False,0,0,[],[],MEDIA,MEDIO,0
DJUSRU,Dow Jones U.S. Restaurants & Bars Index,2993.6,2686.2,3265.8,11.44367508003872,40.295267042987454,🟡,CERCA,252,2026-01-16 07:50:19,2026-01-16,0,74,74,False,0,0,[],[],MEDIA,BAJO,0
DJUSFC,Dow Jones U.S. Fixed Line Telecommunications Index,141.89,130.51,175.95,8.719638341889507,66.02959309494452,🟢,OPORTUNIDAD,252,2026-01-16 07:50:19,2026-01-16,0,73,73,False,0,0,[],[],MEDIA,MEDIO,0
DJUSSP,Dow Jones U.S. Specialty Finance Index,739.29,682.16,803.35,8.37486806614284,63.83628588882098,🟢,OPORTUNIDAD,251,2026-01-16 07:50:19,2026-01-16,0,73,73,False,0,0,[],[],MEDIA,MEDIO,0
DJUSGU,Dow Jones U.S. Gas Distribution Index,384.38,324.1,397.36,18.599197778463427,45.16014234875448,🟡,CERCA,252,2026-01-16 07:50:19,2026-01-16,0,72,72,False,0,0,[],[],MEDIA,BAJO,0
DJUSUT,Dow Jones U.S. Utilities Index,434.14,353.79,466.02,22.71121286638965,40.54545454545454,🟡,CERCA,252,2026-01-16 07:50:19,2026-01-16,0,70,70,False,0,0,[],[],MEDIA,BAJO,0
DJUSHC,Dow Jones U.S. Health Care Index,1665.16,1344.15,1708.01,23.882007216456493,47.08759783263094,🟡,CERCA,252,2026-01-16 07:50:19,2026-01-16,0,69,69,False,0,0,[],[],MEDIA,BAJO,0
DJUSDR,Dow Jones U.S. Food & Drug Retailers Index,1682.57,1341.74,1697.13,25.402089823661804,29.484826235927585,🔴,FUERTE,252,2026-01-16 07:50:19,2026-01-16,0,69,69,False,0,0,[],[],MEDIA,BAJO,0
DJUSDT,Dow Jones U.S. Diversified REITs Index,59.25,46.37,60.0,27.77657968514126,27.88461538461536,🔴,FUERTE,252,2026-01-16 07:50:19,2026-01-16,0,68,68,False,0,0,[],[],MEDIA,BAJO,0
DJUSID,Dow Jones U.S. Diversified Industrials Index,1004.05,767.22,1017.95,30.86859049555537,23.619312261201827,🔴,FUERTE,252,2026-01-16 07:50:19,2026-01-16,0,67,67,False,0,0,[],[],MEDIA,BAJO,0
DJUSAM,Dow Jones U.S. Medical Equipment Index,2988.1,2589.3,3151.1,15.401846058780352,53.88831791709494,🟡,CERCA,252,2026-01-16 07:50:19,2026-01-16,0,67,67,False,0,0,[],[],MEDIA,BAJO,0
DJUSCX,Dow Jones U.S. Specialty Chemicals Index,1157.28,863.05,1160.7,34.0918834366491,20.291173794358517,🔴,FUERTE,252,2026-01-16 07:50:19,2026-01-16,0,65,65,False,0,0,[],[],MEDIA,BAJO,0
DJUSIL,Dow Jones U.S. Life Insurance Index,1304.47,1077.94,1349.12,21.015084327513588,55.34649776453056,🟡,CERCA,252,2026-01-16 07:50:19,2026-01-16,0,65,65,False,0,0,[],[],MEDIA,BAJO,0
DJUSEH,Dow Jones U.S. Real Estate Holding & Development Index,68.56,50.8,69.58,34.96062992125986,17.632552404439025,🔴,FUERTE,172,2026-01-16 07:50:19,2026-01-16,0,65,65,False,0,0,[],[],MEDIA,BAJO,0
DJUSTK,Dow Jones U.S. Trucking Index,1744.9,1244.48,1858.35,40.21117253792749,26.444268982760903,🔴,FUERTE,252,2026-01-16 07:50:19,2026-01-16,0,63,63,False,0,0,[],[],MEDIA,MEDIO,0
DJUSRR,Dow Jones U.S. Railroads Index,3482.3,2788.9,3616.1,24.86284915199541,56.707159472731945,🟡,CERCA,251,2026-01-16 07:50:19,2026-01-16,0,63,63,False,0,0,[],[],MEDIA,BAJO,0
DJUSPG,Sector PG,534.4,426.49,649.12,25.30188281085136,32.535885167464244,🔴,FUERTE,251,2026-01-16 07:50:19,2026-01-16,0,63,63,False,0,0,[],[],MEDIA,BAJO,0
DJUSHP,Dow Jones U.S. Health Care Providers Index,2673.8,2106.6,3374.9,26.9249026867939,36.72018952355879,🔴,FUERTE,252,2026-01-16 07:50:19,2026-01-16,0,62,62,False,0,0,[],[],MEDIA,BAJO,0
DJUSHB,Dow Jones U.S. Home Construction Index,2647.8,1872.38,2900.07,41.41360193977718,27.815783905776087,🔴,FUERTE,252,2026-01-16 07:50:19,2026-01-16,0,62,62,False,0,0,[],[],MEDIA,MEDIO,0
DJUSIU,Dow Jones U.S. Reinsurance Index,529.55,467.58,573.95,13.253347020830656,63.97279979076764,🟡,CERCA,252,2026-01-16 07:50:19,2026-01-16,0,62,62,False,0,0,[],[],MEDIA,MEDIO,0
DJUSOS,Dow Jones U.S. Exploration & Production Index,1047.2,821.29,1097.99,27.5067272218096,38.4863611153128,🔴,FUERTE,252,2026-01-16 07:50:19,2026-01-16,0,62,62,False,0,0,[],[],MEDIA,BAJO,0
DJUSOL,Dow Jones U.S. Integrated Oil & Gas Index,829.42,645.42,846.48,28.50856806420626,30.83319381661923,🔴,FUERTE,252,2026-01-16 07:50:19,2026-01-16,0,62,62,False,0,0,[],[],MEDIA,BAJO,0
DJUSOG,Dow Jones U.S. Oil & Gas Producers,906.39,707.01,927.91,28.20044978147409,32.764831701001896,🔴,FUERTE,252,2026-01-16 07:50:19,2026-01-16,0,62,62,False,0,0,[],[],MEDIA,BAJO,0
DJUSMS,Dow Jones U.S. Medical Supplies Index,1904.33,1493.05,1967.6,27.54629784668966,36.85582365207031,🔴,FUERTE,251,2026-01-16 07:50:19,2026-01-16,0,62,62,False,0,0,[],[],MEDIA,BAJO,0
DJUSEN,Dow Jones U.S. Oil & Gas Index,801.69,623.85,817.99,28.5068526088002,32.3215364985561,🔴,FUERTE,251,2026-01-16 07:50:19,2026-01-16,0,62,62,False,0,0,[],[],MEDIA,BAJO,0
DJUSRT,Dow Jones U.S. Retail Index,3211.5,2453.4,3267.5,30.899975544142816,32.23164668031586,🔴,FUERTE,251,2026-01-16 07:50:19,2026-01-16,0,61,61,False,0,0,[],[],MEDIA,BAJO,0
DJUSRS,Dow Jones U.S. Specialty Retailers Index,3943.1,3427.2,4908.8,15.053104575163404,61.05681124007331,🟡,CERCA,252,2026-01-16 07:50:19,2026-01-16,0,61,61,False,0,0,[],[],MEDIA,MEDIO,0
DJUSFE,Dow Jones U.S. Industrial Machinery Index,1405.21,969.18,1407.16,44.989578819208006,28.7588815035526,🔴,FUERTE,251,2026-01-16 07:50:19,2026-01-16,0,61,61,False,0,0,[],[],MEDIA,MEDIO,0
DJUSAF,Dow Jones U.S. Delivery Services Index,1330.1,916.9,1333.2,45.06489257279965,23.148724331051667,🔴,FUERTE,251,2026-01-16 07:50:19,2026-01-16,0,61,61,False,0,0,[],[],MEDIA,MEDIO,0
DJUSIT,Dow Jones U.S. Industrial Transportation Index,1657.5,1243.5,1668.3,33.293124246079614,35.9506449803702,🔴,FUERTE,251,2026-01-16 07:50:19,2026-01-16,0,60,60,False,0,0,[],[],MEDIA,BAJO,0
DJUSGT,Dow Jones U.S. General Retailers Index,3570.5,2720.3,3649.5,31.25390581921111,32.88437102922485,🔴,FUERTE,252,2026-01-16 07:50:19,2026-01-16,0,60,60,False,0,0,[],[],MEDIA,BAJO,0
DJUSIG,Dow Jones U.S. Industrial Goods & Services Index,1614.34,1094.74,1618.82,47.46332462502511,27.573018080667595,🔴,FUERTE,252,2026-01-16 07:50:19,2026-01-16,0,60,60,False,0,0,[],[],MEDIA,MEDIO,0
DJUSDN,Dow Jones U.S. Defense Index,900.42,598.11,902.19,50.54421427496614,23.22971496672957,🔴,FUERTE,252,2026-01-16 07:50:19,2026-01-16,0,59,59,False,0,0,[],[],BAJA,MEDIO,0
DJUSMR,Dow Jones U.S. Mortgage REITs Index,33.28,24.64,33.44,35.064935064935064,36.99284009546536,🔴,FUERTE,252,2026-01-16 07:50:19,2026-01-16,0,59,59,False,0,0,[],[],BAJA,BAJO,0
DJUSDS,Dow Jones U.S. Industrial Suppliers Index,1020.1,683.22,1023.83,49.307690055911706,22.33350025037558,🔴,FUERTE,252,2026-01-16 07:50:19,2026-01-16,0,59,59,False,0,0,[],[],BAJA,MEDIO,0
DJUSAT,Dow Jones U.S. Auto Parts Index,439.92,288.25,447.84,52.617519514310494,26.665645581252875,🔴,FUERTE,251,2026-01-16 07:50:19,2026-01-16,0,58,58,False,0,0,[],[],BAJA,MEDIO,0
DJUSHD,Dow Jones U.S. Durable Household Products Index,143.52,94.51,179.28,51.856946354883085,20.591233435270013,🔴,FUERTE,251,2026-01-16 07:50:19,2026-01-16,0,58,58,False,0,0,[],[],BAJA,MEDIO,0
DJUSTB,Dow Jones U.S. Tobacco Index,1152.97,836.88,1210.02,37.770050664372434,33.71185990979038,🔴,FUERTE,251,2026-01-16 07:50:19,2026-01-16,0,58,58,False,0,0,[],[],BAJA,BAJO,0
DJUSCA,Dow Jones U.S. Gambling Index,635.52,513.6,786.57,23.738317757009337,64.13545407901489,🟡,CERCA,252,2026-01-16 07:50:19,2026-01-16,0,58,58,False,0,0,[],[],BAJA,MEDIO,0
DJUSRB,Dow Jones U.S. Broadline Retailers Index,5073.7,3641.4,5208.1,39.333772724776175,33.63622362544277,🔴,FUERTE,251,2026-01-16 07:50:19,2026-01-16,0,57,57,False,0,0,[],[],BAJA,BAJO,0
DJUSME,Dow Jones U.S. Media Index,827.07,662.35,903.98,24.869026949498004,60.24602026049197,🟡,CERCA,252,2026-01-16 07:50:19,2026-01-16,0,57,57,False,0,0,[],[],BAJA,MEDIO,0
DJUSVE,Dow Jones U.S. Conventional Electricity Index,433.35,341.92,472.89,26.74017313991577,41.49540883253166,🔴,FUERTE,252,2026-01-16 07:50:19,2026-01-16,0,56,56,False,0,0,[],[],BAJA,BAJO,0
DJUSCN,Dow Jones U.S. Construction & Materials Index,2112.77,1484.39,2140.56,42.33254063958932,39.36911643270027,🔴,FUERTE,252,2026-01-16 07:50:19,2026-01-16,0,56,56,False,0,0,[],[],BAJA,MEDIO,0
DJUSMF,Dow Jones U.S. Mortgage Finance Index,14.29,9.98,14.77,43.18637274549097,37.53665689149561,🔴,FUERTE,252,2026-01-16 07:50:19,2026-01-16,0,56,56,False,0,0,[],[],BAJA,MEDIO,0
DJUSIO,Dow Jones U.S. Industrial & Office REITs Index,112.71,79.12,113.66,42.454499494438814,37.65609990393855,🔴,FUERTE,252,2026-01-16 07:50:19,2026-01-16,0,56,56,False,0,0,[],[],BAJA,MEDIO,0
DJUSEU,Dow Jones U.S. Electricity Index,432.32,340.99,471.47,26.783776650341647,41.47033158813264,🔴,FUERTE,252,2026-01-16 07:50:19,2026-01-16,0,56,56,False,0,0,[],[],BAJA,BAJO,0
DJUSES,Dow Jones U.S. Real Estate Services Index,346.82,268.15,392.49,29.33805705761701,49.11777679752976,🔴,FUERTE,252,2026-01-16 07:50:19,2026-01-16,0,55,55,False,0,0,[],[],BAJA,BAJO,0
DJUSBD,Dow Jones U.S. Building Materials & Fixtures Index,2427.4,1876.9,2514.3,29.330278650967017,43.54663774403471,🔴,FUERTE,252,2026-01-16 07:50:19,2026-01-16,0,55,55,False,0,0,[],[],BAJA,BAJO,0
DJUSMT,Dow Jones U.S. Marine Transportation Index,414.62,261.01,416.78,58.85215125857247,14.00623759569038,🔴,FUERTE,252,2026-01-16 07:50:19,2026-01-16,0,55,55,False,0,0,[],[],BAJA,MEDIO,0
DJUSRH,Dow Jones U.S. Real Estate Investment & Services,727.34,563.1,822.79,29.167110637542176,49.12151499210938,🔴,FUERTE,252,2026-01-16 07:50:19,2026-01-16,0,55,55,False,0,0,[],[],BAJA,BAJO,0
DJUSPB,Dow Jones U.S. Publishing Index,866.27,663.16,874.35,30.627601182218477,41.89400521285844,🔴,FUERTE,252,2026-01-16 07:50:19,2026-01-16,0,55,55,False,0,0,[],[],BAJA,BAJO,0
DJUSIQ,Dow Jones U.S. Industrial Engineering Index,5362.2,3318.0,5382.1,61.60940325497288,25.7553782934494,🔴,FUERTE,252,2026-01-16 07:50:19,2026-01-16,0,54,54,False,0,0,[],[],BAJA,MEDIO,0
DJUSLG,Dow Jones U.S. Hotels Index,4902.4,3245.4,4965.9,51.05688050779563,38.10238702897467,🔴,FUERTE,252,2026-01-16 07:50:19,2026-01-16,0,53,53,False,0,0,[],[],BAJA,MEDIO,0
DJUSOI,Dow Jones U.S. Oil Equipment & Services Index,325.95,198.86,326.87,63.90928291260182,18.53876739562625,🔴,FUERTE,252,2026-01-16 07:50:19,2026-01-16,0,53,53,False,0,0,[],[],BAJA,MEDIO,0
DJUSAG,Dow Jones U.S. Asset Managers Index,417.88,273.77,426.58,52.6390765971436,37.58245129621108,🔴,FUERTE,252,2026-01-16 07:50:19,2026-01-16,0,52,52,False,0,0,[],[],BAJA,MEDIO,0
DJUSPN,Dow Jones U.S. Pharmaceuticals & Biotechnology Index,1346.33,960.01,1386.88,40.24124748700534,49.92472344046605,🔴,FUERTE,252,2026-01-16 07:50:19,2026-01-16,0,51,51,False,0,0,[],[],BAJA,MEDIO,0
DJUSLE,Dow Jones U.S. Leisure Goods Index,1022.64,724.03,1249.95,41.24276618372168,44.011200560028,🔴,FUERTE,252,2026-01-16 07:50:19,2026-01-16,0,51,51,False,0,0,[],[],BAJA,MEDIO,0
DJUSSB,Dow Jones U.S. Investment Services Index,3251.0,2060.8,3276.0,57.75427018633539,37.02171664943118,🔴,FUERTE,251,2026-01-16 07:50:19,2026-01-16,0,50,50,False,0,0,[],[],BAJA,MEDIO,0
DJUSPR,Dow Jones U.S. Pharmaceuticals Index,1089.87,765.56,1117.37,42.36245362871623,46.859830097087375,🔴,FUERTE,251,2026-01-16 07:50:19,2026-01-16,0,50,50,False,0,0,[],[],BAJA,MEDIO,0
DJUSRA,Dow Jones U.S. Apparel Retailers Index,2129.27,1490.78,2154.58,42.82925716738888,41.93064104488823,🔴,FUERTE,252,2026-01-16 07:50:19,2026-01-16,0,50,50,False,0,0,[],[],BAJA,MEDIO,0
DJUSRD,Dow Jones U.S. Drug Retailers Index,1478.75,935.6,1533.48,58.05365540829413,34.935274181898976,🔴,FUERTE,252,2026-01-16 07:50:19,2026-01-16,0,50,50,False,0,0,[],[],BAJA,MEDIO,0
DJUSCH,Dow Jones U.S. Chemicals Index,1954.74,1497.87,2050.51,30.50131186284525,50.60749456452235,🔴,FUERTE,252,2026-01-16 07:50:19,2026-01-16,0,49,49,False,0,0,[],[],BAJA,BAJO,0
DJUSFH,Dow Jones U.S. Furnishings Index,509.95,319.67,511.95,59.52388400538054,37.71557817359345,🔴,FUERTE,251,2026-01-16 07:50:19,2026-01-16,0,49,49,False,0,0,[],[],BAJA,MEDIO,0
DJUSDV,Dow Jones U.S. Computer Services Index,297.79,231.08,312.52,28.86879002942704,54.51713395638629,🔴,FUERTE,252,2026-01-16 07:50:19,2026-01-16,0,49,49,False,0,0,[],[],BAJA,BAJO,0
DJUSAE,Dow Jones U.S. Aerospace & Defense Index,3252.7,1861.2,3257.5,74.76359338061465,24.74995097077856,🔴,FUERTE,252,2026-01-16 07:50:19,2026-01-16,0,49,49,False,0,0,[],[],BAJA,MEDIO,0
DJUSGF,Dow Jones U.S. Financial Services Index,2849.4,2138.5,2924.0,33.242927285480484,54.4376572044556,🔴,FUERTE,252,2026-01-16 07:50:19,2026-01-16,0,48,48,False,0,0,[],[],BAJA,BAJO,0
DJUSFI,Dow Jones U.S. Financial Services Index,2542.1,1907.9,2608.7,33.24073588762513,54.431909750201456,🔴,FUERTE,252,2026-01-16 07:50:19,2026-01-16,0,48,48,False,0,0,[],[],BAJA,BAJO,0
DJUSTY,Dow Jones U.S. Toys Index,1684.38,1149.53,2066.13,46.52771132549826,46.499878748686406,🔴,FUERTE,252,2026-01-16 07:50:19,2026-01-16,0,48,48,False,0,0,[],[],BAJA,MEDIO,0
DJUSHR,Dow Jones U.S. Commercial Vehicles & Trucks Index,7031.7,3916.0,7076.8,79.56332992849846,23.985765124555144,🔴,FUERTE,252,2026-01-16 07:50:19,2026-01-16,0,47,47,False,0,0,[],[],BAJA,MEDIO,0
DJUSTT,Dow Jones U.S. Travel & Tourism Index,1325.8,957.74,1432.9,38.43005408565999,52.87070524412301,🔴,FUERTE,251,2026-01-16 07:50:19,2026-01-16,0,46,46,False,0,0,[],[],BAJA,BAJO,0
DJUSBT,Dow Jones U.S. Biotechnology Index,3175.1,2297.4,3319.4,38.20405675981544,53.227050655695535,🔴,FUERTE,252,2026-01-16 07:50:19,2026-01-16,0,46,46,False,0,0,[],[],BAJA,BAJO,0
DJUSSF,Dow Jones U.S. Consumer Finance Index,774.34,619.26,837.68,25.042793011013156,74.8095024652622,🔴,FUERTE,251,2026-01-16 07:50:19,2026-01-16,0,45,45,False,0,0,[],[],BAJA,ALTO,0
DJUSBC,Dow Jones U.S. Broadcasting & Entertainment Index,1223.6,962.0,1294.9,27.193347193347183,60.9145815358068,🔴,FUERTE,252,2026-01-16 07:50:19,2026-01-16,0,44,44,False,0,0,[],[],BAJA,MEDIO,0
DJUSAS,Dow Jones U.S. Aerospace Index,3529.6,1883.9,3539.1,87.35601677371409,28.80184331797236,🔴,FUERTE,252,2026-01-16 07:50:19,2026-01-16,0,44,44,False,0,0,[],[],BAJA,MEDIO,0
DJUSSW,Dow Jones U.S. Software Index,7484.4,5758.2,9040.0,29.9781181619256,76.87111591461768,🔴,FUERTE,252,2026-01-16 07:50:19,2026-01-16,0,43,43,False,0,0,[],[],BAJA,ALTO,0
DJUSST,Dow Jones U.S. Iron & Steel Index,726.71,416.26,729.92,74.58079085187144,37.84970238095236,🔴,FUERTE,252,2026-01-16 07:50:19,2026-01-16,0,43,43,False,0,0,[],[],BAJA,MEDIO,0
DJUSIM,Dow Jones U.S. Industrial Metals & Mining Index,684.09,350.58,687.04,95.13092589423243,26.492813750185206,🔴,FUERTE,252,2026-01-16 07:50:19,2026-01-16,0,41,41,False,0,0,[],[],BAJA,MEDIO,0
DJUSHL,Dow Jones U.S. Hotel & Lodging REITs Index,98.28,65.02,99.61,51.15349123346664,50.73280721533259,🔴,FUERTE,252,2026-01-16 07:50:19,2026-01-16,0,41,41,False,0,0,[],[],BAJA,MEDIO,0
DJUSNF,Dow Jones U.S. Nonferrous Metals Index,802.08,372.55,812.04,115.29459133002284,26.60023497671989,🔴,FUERTE,252,2026-01-16 07:50:19,2026-01-16,0,39,39,False,0,0,[],[],BAJA,MEDIO,0
DJUSBS,Dow Jones U.S. Basic Resources Index,595.56,274.91,599.09,116.63817249281578,29.450153776910923,🔴,FUERTE,251,2026-01-16 07:50:19,2026-01-16,0,39,39,False,0,0,[],[],BAJA,MEDIO,0
DJUSAL,Dow Jones U.S. Aluminum Index,217.99,73.62,228.71,196.1016028253192,27.154492905938,🔴,FUERTE,252,2026-01-16 07:50:19,2026-01-16,0,39,39,False,0,0,[],[],BAJA,MEDIO,0
DJUSNS,Dow Jones U.S. Internet Index,7242.4,3842.4,7426.7,88.48636268998541,39.56878850102673,🔴,FUERTE,252,2026-01-16 07:50:19,2026-01-16,0,38,38,False,0,0,[],[],BAJA,MEDIO,0
DJUSCT,Dow Jones U.S. Telecommunications Equipment Index,2727.64,1708.47,2800.11,59.65395939056582,52.36541598694944,🔴,FUERTE,251,2026-01-16 07:50:19,2026-01-16,0,37,37,False,0,0,[],[],BAJA,MEDIO,0
DJUSSV,Dow Jones U.S. Software & Computer Services Index,8309.1,5509.7,8975.6,50.80857396954463,67.93340571842194,🔴,FUERTE,251,2026-01-16 07:50:19,2026-01-16,0,35,35,False,0,0,[],[],BAJA,ALTO,0
DJUSEE,Dow Jones U.S. Electronic & Electrical Equipment Index,1301.26,643.85,1316.07,102.10608060883746,38.30690473217629,🔴,FUERTE,252,2026-01-16 07:50:19,2026-01-16,0,33,33,False,0,0,[],[],BAJA,MEDIO,0
DJUSMG,Dow Jones U.S. Mining Index,258.22,94.01,260.28,174.67290713753857,32.64425936942294,🔴,FUERTE,252,2026-01-16 07:50:19,2026-01-16,0,33,33,False,0,0,[],[],BAJA,MEDIO,0
DJUSPM,Dow Jones U.S. Gold Mining Index,297.89,105.83,301.09,181.4797316450912,33.5135135135135,🔴,FUERTE,252,2026-01-16 07:50:19,2026-01-16,0,33,33,False,0,0,[],[],BAJA,MEDIO,0
DJUSAI,Dow Jones U.S. Electronic Equipment Index,2031.89,913.78,2053.9,122.3609621571932,31.44654088050312,🔴,FUERTE,252,2026-01-16 07:50:19,2026-01-16,0,33,33,False,0,0,[],[],BAJA,MEDIO,0
DJUSHV,Dow Jones U.S. Heavy Construction Index,2346.3,1138.85,2402.18,106.02362031874262,35.996666975280064,🔴,FUERTE,252,2026-01-16 07:50:19,2026-01-16,0,33,33,False,0,0,[],[],BAJA,MEDIO,0
DJUSBK,Dow Jones U.S. Banks Index,815.72,521.55,869.8,56.40302943150227,63.44484830502186,🔴,FUERTE,252,2026-01-16 07:50:19,2026-01-16,0,32,32,False,0,0,[],[],BAJA,ALTO,0
DJUSCR,Dow Jones U.S. Computer Hardware Index,13166.7,8364.8,14401.2,57.40603481254784,80.84484323016433,🔴,FUERTE,252,2026-01-16 07:50:19,2026-01-16,0,32,32,False,0,0,[],[],BAJA,ALTO,0
DJUSEC,Dow Jones U.S. Electrical Components & Equipment Index,1085.89,562.61,1122.04,93.00936705710885,42.3060686015831,🔴,FUERTE,252,2026-01-16 07:50:19,2026-01-16,0,30,30,False,0,0,[],[],BAJA,MEDIO,0
DJUSRQ,Dow Jones U.S. Recreational Services Index,180.92,110.98,215.97,63.020364029554855,62.73403436778662,🔴,FUERTE,252,2026-01-16 07:50:19,2026-01-16,0,30,30,False,0,0,[],[],BAJA,ALTO,0
DJUSTR,Dow Jones U.S. Tires Index,10341.0,5326.7,10826.1,94.13520566204218,48.88949324630587,🔴,FUERTE,251,2026-01-16 07:50:19,2026-01-16,0,29,29,False,0,0,[],[],BAJA,MEDIO,0
DJUSAR,Dow Jones U.S. Airlines Index,267.7,137.83,274.21,94.22476964376403,45.91147786946735,🔴,FUERTE,252,2026-01-16 07:50:19,2026-01-16,0,29,29,False,0,0,[],[],BAJA,MEDIO,0
DJUSTQ,Dow Jones U.S. Technology Hardware & Equipment Index,10341.0,5326.7,10826.1,94.13520566204218,48.88949324630587,🔴,FUERTE,251,2026-01-16 07:50:19,2026-01-16,0,29,29,False,0,0,[],[],BAJA,MEDIO,0
DJUSSC,Dow Jones U.S. Semiconductors Index,29487.6,12938.1,31044.1,127.91290838685742,40.49343316558242,🔴,FUERTE,251,2026-01-16 07:50:19,2026-01-16,0,27,27,False,0,0,[],[],BAJA,MEDIO,0
DJUSTC,Dow Jones U.S. Technology Index,8780.0,5115.5,9259.3,71.63522627309158,61.55857740585776,🔴,FUERTE,252,2026-01-16 07:50:19,2026-01-16,0,26,26,False,0,0,[],[],BAJA,ALTO,0
DJUSAP,Dow Jones U.S. Automobiles & Parts Index,1658.7,845.49,1853.16,96.1820955895398,70.29787001040354,🔴,FUERTE,252,2026-01-16 07:50:19,2026-01-16,0,17,17,False,0,0,[],[],BAJA,ALTO,0
DJUSAU,Dow Jones U.S. Automobiles Index,1513.23,758.25,1704.26,99.56874381800198,71.17124881496164,🔴,FUERTE,252,2026-01-16 07:50:19,2026-01-16,0,15,15,False,0,0,[],[],BAJA,ALTO,0
