Ticker,Sector,CurrentPrice,Min52w,Max52w,DistanceFromMin,RSI,Estado,Classification,DataPoints,AnalysisDate,FileDate,DaysAgo,BaseScore,FinalScore,InsiderActivity,InsiderTrades,InsiderValue,InsiderTickers,Signals,Urgency,RiskLevel,MappingCoverage
DJUSIX,Dow Jones U.S. Nonlife Insurance Index,1312.92,1215.03,1458.15,8.056591195279138,25.391925919908985,🟢,OPORTUNIDAD,251,2025-11-27 07:46:16,2025-11-27,0,97,97,False,0,0,[],[],CRÍTICA,BAJO,0
DJUSVN,Dow Jones U.S. Distillers & Vintners Index,278.53,260.67,489.82,6.851574788046172,28.95578050079912,🟢,OPORTUNIDAD,251,2025-11-27 07:46:16,2025-11-27,0,97,97,False,0,0,[],[],CRÍTICA,BAJO,0
DJUSIR,Dow Jones U.S. Insurance Index,1327.96,1239.53,1458.0,7.134155688043053,28.5702580909464,🟢,OPORTUNIDAD,251,2025-11-27 07:46:16,2025-11-27,0,97,97,False,0,0,[],[],CRÍTICA,BAJO,0
DJUSFB,Dow Jones U.S. Food & Beverage Index,712.37,668.77,770.54,6.5194311945811005,22.23098769327855,🟢,OPORTUNIDAD,251,2025-11-27 07:46:16,2025-11-27,0,97,97,False,0,0,[],[],CRÍTICA,BAJO,0
DJUSPC,Dow Jones U.S. Waste & Disposal Services Index,643.14,589.23,708.03,9.149228654345496,22.98529233013264,🟢,OPORTUNIDAD,251,2025-11-27 07:46:16,2025-11-27,0,96,96,False,0,0,[],[],CRÍTICA,BAJO,0
DJUSCP,Dow Jones U.S. Containers & Packaging Index,411.64,388.62,537.79,5.92352426534918,39.05914802329147,🟢,OPORTUNIDAD,251,2025-11-27 07:46:16,2025-11-27,0,92,92,False,0,0,[],[],CRÍTICA,BAJO,0
DJUSFO,Dow Jones U.S. Food Producers Index,369.01,353.81,428.42,4.296091122353802,32.78612716763011,🟢,OPORTUNIDAD,251,2025-11-27 07:46:16,2025-11-27,0,92,92,False,0,0,[],[],CRÍTICA,BAJO,0
DJUSFP,Dow Jones U.S. Food Products Index,513.99,492.31,625.15,4.403729357518638,31.781490519992477,🟢,OPORTUNIDAD,251,2025-11-27 07:46:16,2025-11-27,0,92,92,False,0,0,[],[],CRÍTICA,BAJO,0
DJUSRU,Dow Jones U.S. Restaurants & Bars Index,2847.2,2686.2,3265.8,5.993596902687813,34.65517241379317,🟢,OPORTUNIDAD,251,2025-11-27 07:46:16,2025-11-27,0,92,92,False,0,0,[],[],CRÍTICA,BAJO,0
DJUSWC,Dow Jones U.S. Mobile Telecommunications Index,377.4,360.57,458.56,4.667609618104664,37.82471473658664,🟢,OPORTUNIDAD,251,2025-11-27 07:46:16,2025-11-27,0,92,92,False,0,0,[],[],CRÍTICA,BAJO,0
DJUSHG,Dow Jones U.S. Household Goods & Home Construction Index,1016.33,968.15,1216.79,4.976501575169143,38.015102481121886,🟢,OPORTUNIDAD,251,2025-11-27 07:46:16,2025-11-27,0,92,92,False,0,0,[],[],CRÍTICA,BAJO,0
DJUSRN,Dow Jones U.S. Residential REITs Index,217.52,206.56,264.7,5.305964368706433,30.37790697674417,🟢,OPORTUNIDAD,251,2025-11-27 07:46:16,2025-11-27,0,92,92,False,0,0,[],[],CRÍTICA,BAJO,0
DJUSIB,Dow Jones U.S. Insurance Brokers Index,690.86,658.66,891.38,4.888713448516692,37.33552631578947,🟢,OPORTUNIDAD,251,2025-11-27 07:46:16,2025-11-27,0,92,92,False,0,0,[],[],CRÍTICA,BAJO,0
DJUSDB,Dow Jones U.S. Brewers Index,475.83,438.36,659.78,8.547768957021619,37.11309225683662,🟢,OPORTUNIDAD,251,2025-11-27 07:46:16,2025-11-27,0,91,91,False,0,0,[],[],CRÍTICA,BAJO,0
DJUSCM,Dow Jones U.S. Personal Products Index,368.92,341.42,458.91,8.054595512858063,36.72962226640158,🟢,OPORTUNIDAD,251,2025-11-27 07:46:16,2025-11-27,0,91,91,False,0,0,[],[],CRÍTICA,BAJO,0
DJUSNG,Dow Jones U.S. Personal & Household Goods Index,990.06,909.61,1081.16,8.844449819153256,36.71748573375351,🟢,OPORTUNIDAD,251,2025-11-27 07:46:16,2025-11-27,0,90,90,False,0,0,[],[],CRÍTICA,BAJO,0
DJUSIV,Dow Jones U.S. Business Support Services Index,1093.97,1061.45,1403.2,3.0637335720005634,42.67864115579853,🟢,OPORTUNIDAD,251,2025-11-27 07:46:16,2025-11-27,0,87,87,False,0,0,[],[],CRÍTICA,BAJO,0
DJUSFD,Dow Jones U.S. Food Retailers & Wholesalers Index,1213.18,1099.62,1346.72,10.327203943180388,27.044221293582,🟡,CERCA,251,2025-11-27 07:46:16,2025-11-27,0,87,87,False,0,0,[],[],CRÍTICA,BAJO,0
DJUSIS,Dow Jones U.S. Support Services Index,774.9,748.64,981.89,3.50769395169908,44.460011675423225,🟢,OPORTUNIDAD,251,2025-11-27 07:46:16,2025-11-27,0,87,87,False,0,0,[],[],CRÍTICA,BAJO,0
DJUSHN,Dow Jones U.S. Nondurable Household Products Index,1141.92,1108.37,1420.24,3.0269675288937976,41.9621070762164,🟢,OPORTUNIDAD,251,2025-11-27 07:46:16,2025-11-27,0,87,87,False,0,0,[],[],CRÍTICA,BAJO,0
DJUSBE,Dow Jones U.S. Business Training & Employment Agencies Index,98.15,95.19,150.89,3.1095703330181825,45.0261780104712,🟢,OPORTUNIDAD,251,2025-11-27 07:46:16,2025-11-27,0,87,87,False,0,0,[],[],CRÍTICA,BAJO,0
DJUSBV,Dow Jones U.S. Beverages Index,971.94,875.4,1013.26,11.028101439342024,17.967221135029376,🟡,CERCA,251,2025-11-27 07:46:16,2025-11-27,0,87,87,False,0,0,[],[],CRÍTICA,BAJO,0
DJUSIP,Dow Jones U.S. Property & Casualty Insurance Index,1982.09,1755.13,2065.57,12.931235862870544,20.878563457441373,🟡,CERCA,251,2025-11-27 07:46:16,2025-11-27,0,86,86,False,0,0,[],[],CRÍTICA,BAJO,0
DJUSSD,Dow Jones U.S. Soft Drinks Index,951.79,835.84,972.52,13.872272205206729,17.601620868684208,🟡,CERCA,251,2025-11-27 07:46:16,2025-11-27,0,85,85,False,0,0,[],[],CRÍTICA,BAJO,0
DJUSPG,Sector PG,497.15,426.49,649.12,16.567797603695272,28.49807445442879,🟡,CERCA,251,2025-11-27 07:46:16,2025-11-27,0,84,84,False,0,0,[],[],ALTA,BAJO,0
DJUSAM,Dow Jones U.S. Medical Equipment Index,3103.5,2589.3,3151.1,19.858649055729337,27.95892169448007,🟡,CERCA,251,2025-11-27 07:46:16,2025-11-27,0,83,83,False,0,0,[],[],ALTA,BAJO,0
DJUSFR,Dow Jones U.S. Forestry & Paper Index,779.2,703.58,911.6,10.747889365814832,38.89231401561858,🟡,CERCA,251,2025-11-27 07:46:16,2025-11-27,0,81,81,False,0,0,[],[],ALTA,BAJO,0
DJUSCX,Dow Jones U.S. Specialty Chemicals Index,1070.61,863.05,1169.13,24.04959156479925,29.486934960900285,🟡,CERCA,251,2025-11-27 07:46:16,2025-11-27,0,81,81,False,0,0,[],[],ALTA,BAJO,0
DJUSPL,Dow Jones U.S. Pipelines Index,1020.55,925.07,1229.95,10.321381084674664,35.39944903581274,🟡,CERCA,251,2025-11-27 07:46:16,2025-11-27,0,81,81,False,0,0,[],[],ALTA,BAJO,0
DJUSTL,Dow Jones U.S. Telecommunications Index,171.95,155.76,199.75,10.394196199280945,33.764705882353,🟡,CERCA,251,2025-11-27 07:46:16,2025-11-27,0,81,81,False,0,0,[],[],ALTA,BAJO,0
DJUSCC,Dow Jones U.S. Commodity Chemicals Index,648.97,636.26,809.05,1.997611039512155,51.01230138390565,🟢,OPORTUNIDAD,251,2025-11-27 07:46:16,2025-11-27,0,81,81,False,0,0,[],[],ALTA,BAJO,0
DJUSFA,Dow Jones U.S. Financial Administration Index,476.96,457.18,685.16,4.326523469968059,52.66843006068151,🟢,OPORTUNIDAD,251,2025-11-27 07:46:16,2025-11-27,0,80,80,False,0,0,[],[],ALTA,BAJO,0
DJUSSP,Dow Jones U.S. Specialty Finance Index,759.07,671.1,803.35,13.108329608106098,32.1569734613213,🟡,CERCA,251,2025-11-27 07:46:16,2025-11-27,0,80,80,False,0,0,[],[],ALTA,BAJO,0
DJUSRP,Dow Jones U.S. Recreational Products Index,296.95,279.15,476.7,6.376500089557591,53.31823027718551,🟢,OPORTUNIDAD,251,2025-11-27 07:46:16,2025-11-27,0,79,79,False,0,0,[],[],ALTA,BAJO,0
DJUSFT,Dow Jones U.S. Footwear Index,1371.8,1186.7,1942.6,15.597876464144258,39.78906999041231,🟡,CERCA,251,2025-11-27 07:46:16,2025-11-27,0,79,79,False,0,0,[],[],ALTA,BAJO,0
DJUSMC,Dow Jones U.S. Health Care Equipment & Services Index,2383.1,2083.0,2542.4,14.407105136821889,30.696202531645557,🟡,CERCA,251,2025-11-27 07:46:16,2025-11-27,0,79,79,False,0,0,[],[],ALTA,BAJO,0
DJUSIU,Dow Jones U.S. Reinsurance Index,512.11,467.58,599.38,9.523503999315633,56.40617539392005,🟢,OPORTUNIDAD,251,2025-11-27 07:46:16,2025-11-27,0,78,78,False,0,0,[],[],ALTA,BAJO,0
DJUSRE,Dow Jones U.S. Real Estate Index,365.88,311.91,396.19,17.303068192747897,39.8042414355628,🟡,CERCA,251,2025-11-27 07:46:16,2025-11-27,0,78,78,False,0,0,[],[],ALTA,BAJO,0
DJUSMU,Dow Jones U.S. Multiutilities Index,295.95,249.55,299.75,18.593468242837098,36.46322378716742,🟡,CERCA,251,2025-11-27 07:46:16,2025-11-27,0,78,78,False,0,0,[],[],ALTA,BAJO,0
DJUSFC,Dow Jones U.S. Fixed Line Telecommunications Index,153.6,127.84,175.95,20.15018773466833,32.06553540081923,🟡,CERCA,251,2025-11-27 07:46:16,2025-11-27,0,77,77,False,0,0,[],[],ALTA,BAJO,0
DJUSRL,Dow Jones U.S. Retail REITs Index,100.39,83.32,106.33,20.487277964474327,38.46153846153849,🟡,CERCA,251,2025-11-27 07:46:16,2025-11-27,0,77,77,False,0,0,[],[],ALTA,BAJO,0
DJUSIT,Dow Jones U.S. Industrial Transportation Index,1534.2,1243.5,1740.5,23.37756332931243,35.9257400903161,🟡,CERCA,251,2025-11-27 07:46:16,2025-11-27,0,76,76,False,0,0,[],[],ALTA,BAJO,0
DJUSPB,Dow Jones U.S. Publishing Index,810.22,663.16,874.35,22.175643886844814,35.183450429352035,🟡,CERCA,251,2025-11-27 07:46:16,2025-11-27,0,76,76,False,0,0,[],[],ALTA,BAJO,0
DJUSAV,Dow Jones U.S. Media Agencies Index,352.29,346.44,702.93,1.6886040872878487,69.08726487819916,🟢,OPORTUNIDAD,251,2025-11-27 07:46:16,2025-11-27,0,75,75,False,0,0,[],[],ALTA,MEDIO,0
DJUSCS,Dow Jones U.S. Specialized Consumer Services Index,2372.4,2326.4,3402.3,1.9773039889958732,60.69195498124212,🟢,OPORTUNIDAD,251,2025-11-27 07:46:16,2025-11-27,0,75,75,False,0,0,[],[],ALTA,MEDIO,0
DJUSHD,Dow Jones U.S. Durable Household Products Index,117.71,94.51,179.28,24.54766691355411,33.72175141242937,🟡,CERCA,251,2025-11-27 07:46:16,2025-11-27,0,75,75,False,0,0,[],[],ALTA,BAJO,0
DJUSRR,Dow Jones U.S. Railroads Index,3457.2,2788.9,3587.2,23.962852737638485,32.86111111111117,🟡,CERCA,251,2025-11-27 07:46:16,2025-11-27,0,75,75,False,0,0,[],[],ALTA,BAJO,0
DJUSSR,Dow Jones U.S. Specialty REITs Index,259.18,229.18,287.27,13.090147482328302,46.485682409817805,🟡,CERCA,251,2025-11-27 07:46:16,2025-11-27,0,74,74,False,0,0,[],[],MEDIA,BAJO,0
DJUSTK,Dow Jones U.S. Trucking Index,1421.03,1244.48,2031.23,14.18664823862175,47.22739341410565,🟡,CERCA,251,2025-11-27 07:46:16,2025-11-27,0,73,73,False,0,0,[],[],MEDIA,BAJO,0
DJUSGI,Dow Jones U.S. General Industrials Index,698.56,613.23,783.86,13.91484434877614,43.78705852023718,🟡,CERCA,251,2025-11-27 07:46:16,2025-11-27,0,73,73,False,0,0,[],[],MEDIA,BAJO,0
DJUSIL,Dow Jones U.S. Life Insurance Index,1268.23,1077.94,1380.29,17.65311612891255,48.139324735069415,🟡,CERCA,251,2025-11-27 07:46:16,2025-11-27,0,72,72,False,0,0,[],[],MEDIA,BAJO,0
DJUSRI,Dow Jones U.S. Real Estate Investment Trusts Index,147.71,126.8,161.13,16.490536277602533,41.17647058823528,🟡,CERCA,251,2025-11-27 07:46:16,2025-11-27,0,72,72,False,0,0,[],[],MEDIA,BAJO,0
DJUSOG,Dow Jones U.S. Oil & Gas Producers,843.9,707.01,896.78,19.36181949335936,48.96894808633557,🟡,CERCA,251,2025-11-27 07:46:16,2025-11-27,0,71,71,False,0,0,[],[],MEDIA,BAJO,0
DJUSEN,Dow Jones U.S. Oil & Gas Index,747.99,623.85,797.75,19.899014186102427,47.34552644587247,🟡,CERCA,251,2025-11-27 07:46:16,2025-11-27,0,71,71,False,0,0,[],[],MEDIA,BAJO,0
DJUSCA,Dow Jones U.S. Gambling Index,639.21,513.6,786.57,24.45677570093458,42.82126669116744,🟡,CERCA,251,2025-11-27 07:46:16,2025-11-27,0,69,69,False,0,0,[],[],MEDIA,BAJO,0
DJUSCH,Dow Jones U.S. Chemicals Index,1863.75,1497.87,2050.51,24.426685893969445,42.39857766284145,🟡,CERCA,251,2025-11-27 07:46:16,2025-11-27,0,69,69,False,0,0,[],[],MEDIA,BAJO,0
DJUSHP,Dow Jones U.S. Health Care Providers Index,2632.4,2106.6,3374.9,24.959650621855133,40.71952337305226,🟡,CERCA,251,2025-11-27 07:46:16,2025-11-27,0,69,69,False,0,0,[],[],MEDIA,BAJO,0
DJUSHC,Dow Jones U.S. Health Care Index,1682.36,1344.15,1687.44,25.16162630658779,14.922607368650588,🔴,FUERTE,251,2025-11-27 07:46:16,2025-11-27,0,69,69,False,0,0,[],[],MEDIA,BAJO,0
DJUSHI,Dow Jones U.S. Home Improvement Retailers Index,800.15,705.04,958.3,13.49001475093612,52.96458193230219,🟡,CERCA,251,2025-11-27 07:46:16,2025-11-27,0,68,68,False,0,0,[],[],MEDIA,BAJO,0
DJUSWU,Dow Jones U.S. Water Index,2723.1,2432.7,3135.8,11.937353557775316,50.01100110011,🟡,CERCA,251,2025-11-27 07:46:16,2025-11-27,0,68,68,False,0,0,[],[],MEDIA,BAJO,0
DJUSDR,Dow Jones U.S. Food & Drug Retailers Index,1685.99,1311.44,1697.13,28.56020862563289,13.620365065073315,🔴,FUERTE,251,2025-11-27 07:46:16,2025-11-27,0,68,68,False,0,0,[],[],MEDIA,BAJO,0
DJUSGU,Dow Jones U.S. Gas Distribution Index,394.79,309.31,395.33,27.635705279493077,29.825109306683245,🔴,FUERTE,251,2025-11-27 07:46:16,2025-11-27,0,68,68,False,0,0,[],[],MEDIA,BAJO,0
DJUSOL,Dow Jones U.S. Integrated Oil & Gas Index,742.46,645.42,801.92,15.035170896470529,52.18590398365677,🟡,CERCA,251,2025-11-27 07:46:16,2025-11-27,0,67,67,False,0,0,[],[],MEDIA,BAJO,0
DJUSMS,Dow Jones U.S. Medical Supplies Index,1945.73,1493.05,1967.6,30.319145373564183,25.6796426292278,🔴,FUERTE,251,2025-11-27 07:46:16,2025-11-27,0,67,67,False,0,0,[],[],MEDIA,BAJO,0
DJUSMF,Dow Jones U.S. Mortgage Finance Index,13.36,9.98,13.76,33.867735470941874,26.61064425770309,🔴,FUERTE,251,2025-11-27 07:46:16,2025-11-27,0,65,65,False,0,0,[],[],MEDIA,BAJO,0
DJUSEH,Dow Jones U.S. Real Estate Holding & Development Index,68.56,50.8,72.61,34.96062992125986,14.989517819706547,🔴,FUERTE,204,2025-11-27 07:46:16,2025-11-27,0,65,65,False,0,0,[],[],MEDIA,BAJO,0
DJUSRA,Dow Jones U.S. Apparel Retailers Index,2036.7,1490.78,2051.98,36.61975610083313,25.44933008968449,🔴,FUERTE,251,2025-11-27 07:46:16,2025-11-27,0,64,64,False,0,0,[],[],MEDIA,BAJO,0
DJUSID,Dow Jones U.S. Diversified Industrials Index,933.24,767.22,1017.95,21.63916477672636,50.10322900322074,🟡,CERCA,251,2025-11-27 07:46:16,2025-11-27,0,64,64,False,0,0,[],[],MEDIA,BAJO,0
DJUSBT,Dow Jones U.S. Biotechnology Index,3231.9,2297.4,3252.2,40.67641681901279,21.36824324324324,🔴,FUERTE,251,2025-11-27 07:46:16,2025-11-27,0,63,63,False,0,0,[],[],MEDIA,MEDIO,0
DJUSPN,Dow Jones U.S. Pharmaceuticals & Biotechnology Index,1355.94,960.01,1360.66,41.24227872626328,10.893871815237944,🔴,FUERTE,251,2025-11-27 07:46:16,2025-11-27,0,63,63,False,0,0,[],[],MEDIA,MEDIO,0
DJUSPR,Dow Jones U.S. Pharmaceuticals Index,1086.86,765.56,1089.83,41.96927739171325,9.995248841905308,🔴,FUERTE,251,2025-11-27 07:46:16,2025-11-27,0,62,62,False,0,0,[],[],MEDIA,MEDIO,0
DJUSAF,Dow Jones U.S. Delivery Services Index,1178.6,916.9,1368.7,28.54182571709019,36.187157789945225,🔴,FUERTE,251,2025-11-27 07:46:16,2025-11-27,0,62,62,False,0,0,[],[],MEDIA,BAJO,0
DJUSTB,Dow Jones U.S. Tobacco Index,1060.4,824.94,1210.02,28.542681892016397,37.43908694537057,🔴,FUERTE,251,2025-11-27 07:46:16,2025-11-27,0,62,62,False,0,0,[],[],MEDIA,BAJO,0
DJUSLG,Dow Jones U.S. Hotels Index,4609.0,3245.4,4663.6,42.016392432365805,26.084466714388,🔴,FUERTE,251,2025-11-27 07:46:16,2025-11-27,0,62,62,False,0,0,[],[],MEDIA,MEDIO,0
DJUSRH,Dow Jones U.S. Real Estate Investment & Services,724.89,563.1,822.79,28.73201917954181,32.25232853513977,🔴,FUERTE,251,2025-11-27 07:46:16,2025-11-27,0,62,62,False,0,0,[],[],MEDIA,BAJO,0
DJUSMR,Dow Jones U.S. Mortgage REITs Index,31.74,24.64,32.68,28.814935064935053,33.527696793002974,🔴,FUERTE,251,2025-11-27 07:46:16,2025-11-27,0,61,61,False,0,0,[],[],MEDIA,BAJO,0
DJUSES,Dow Jones U.S. Real Estate Services Index,345.65,268.15,392.49,28.901734104046245,32.23742669273149,🔴,FUERTE,251,2025-11-27 07:46:16,2025-11-27,0,61,61,False,0,0,[],[],MEDIA,BAJO,0
DJUSME,Dow Jones U.S. Media Index,760.82,662.35,936.97,14.86676228580056,61.20958539368577,🟡,CERCA,251,2025-11-27 07:46:16,2025-11-27,0,61,61,False,0,0,[],[],MEDIA,MEDIO,0
DJUSBC,Dow Jones U.S. Broadcasting & Entertainment Index,1120.1,962.0,1294.9,16.434511434511425,61.03051525762888,🟡,CERCA,251,2025-11-27 07:46:16,2025-11-27,0,60,60,False,0,0,[],[],MEDIA,MEDIO,0
DJUSIM,Dow Jones U.S. Industrial Metals & Mining Index,545.55,350.58,548.35,55.61355468081464,29.102058694699977,🔴,FUERTE,251,2025-11-27 07:46:16,2025-11-27,0,57,57,False,0,0,[],[],BAJA,MEDIO,0
DJUSOS,Dow Jones U.S. Exploration & Production Index,1034.2,821.29,1097.99,25.92385150190555,45.732093809423176,🔴,FUERTE,251,2025-11-27 07:46:16,2025-11-27,0,57,57,False,0,0,[],[],BAJA,BAJO,0
DJUSIO,Dow Jones U.S. Industrial & Office REITs Index,110.69,79.12,111.84,39.90141557128412,37.92569659442724,🔴,FUERTE,251,2025-11-27 07:46:16,2025-11-27,0,57,57,False,0,0,[],[],BAJA,BAJO,0
DJUSUT,Dow Jones U.S. Utilities Index,444.48,353.79,466.02,25.633850589332653,42.23652453740949,🔴,FUERTE,251,2025-11-27 07:46:16,2025-11-27,0,57,57,False,0,0,[],[],BAJA,BAJO,0
DJUSRS,Dow Jones U.S. Specialty Retailers Index,4312.5,3427.2,4908.8,25.83158263305323,46.690984887962486,🔴,FUERTE,251,2025-11-27 07:46:16,2025-11-27,0,57,57,False,0,0,[],[],BAJA,BAJO,0
DJUSHB,Dow Jones U.S. Home Construction Index,2605.22,1872.38,2936.5,39.13949091530564,32.79037988521456,🔴,FUERTE,251,2025-11-27 07:46:16,2025-11-27,0,57,57,False,0,0,[],[],BAJA,BAJO,0
DJUSBD,Dow Jones U.S. Building Materials & Fixtures Index,2375.3,1876.9,2541.4,26.55442484948586,48.772609819121385,🔴,FUERTE,251,2025-11-27 07:46:16,2025-11-27,0,56,56,False,0,0,[],[],BAJA,BAJO,0
DJUSST,Dow Jones U.S. Iron & Steel Index,658.0,416.26,659.28,58.07428049776582,22.10403044793604,🔴,FUERTE,251,2025-11-27 07:46:16,2025-11-27,0,56,56,False,0,0,[],[],BAJA,MEDIO,0
DJUSMT,Dow Jones U.S. Marine Transportation Index,371.22,261.01,426.6,42.224435845369925,32.91100595328953,🔴,FUERTE,251,2025-11-27 07:46:16,2025-11-27,0,56,56,False,0,0,[],[],BAJA,MEDIO,0
DJUSDT,Dow Jones U.S. Diversified REITs Index,57.94,45.49,60.0,27.36865245108814,41.10091743119268,🔴,FUERTE,251,2025-11-27 07:46:16,2025-11-27,0,56,56,False,0,0,[],[],BAJA,BAJO,0
DJUSFI,Dow Jones U.S. Financial Services Index,2448.6,1907.9,2532.3,28.34005975155929,46.26582278481015,🔴,FUERTE,251,2025-11-27 07:46:16,2025-11-27,0,56,56,False,0,0,[],[],BAJA,BAJO,0
DJUSGF,Dow Jones U.S. Financial Services Index,2744.6,2138.5,2838.4,28.342296001870466,46.27539503386002,🔴,FUERTE,251,2025-11-27 07:46:16,2025-11-27,0,56,56,False,0,0,[],[],BAJA,BAJO,0
DJUSEU,Dow Jones U.S. Electricity Index,443.22,340.99,471.47,29.980351329951027,45.771693530580656,🔴,FUERTE,251,2025-11-27 07:46:16,2025-11-27,0,55,55,False,0,0,[],[],BAJA,BAJO,0
DJUSVE,Dow Jones U.S. Conventional Electricity Index,444.28,341.92,472.89,29.93682732802993,45.82050153981526,🔴,FUERTE,251,2025-11-27 07:46:16,2025-11-27,0,55,55,False,0,0,[],[],BAJA,BAJO,0
DJUSDS,Dow Jones U.S. Industrial Suppliers Index,907.77,683.22,994.97,32.86642662685518,49.26728257406817,🔴,FUERTE,251,2025-11-27 07:46:16,2025-11-27,0,54,54,False,0,0,[],[],BAJA,BAJO,0
DJUSIG,Dow Jones U.S. Industrial Goods & Services Index,1465.14,1094.74,1511.78,33.83451778504486,49.25544794188861,🔴,FUERTE,251,2025-11-27 07:46:16,2025-11-27,0,53,53,False,0,0,[],[],BAJA,BAJO,0
DJUSFE,Dow Jones U.S. Industrial Machinery Index,1304.4,969.18,1321.76,34.58800222868818,42.25697853836439,🔴,FUERTE,251,2025-11-27 07:46:16,2025-11-27,0,53,53,False,0,0,[],[],BAJA,BAJO,0
DJUSAG,Dow Jones U.S. Asset Managers Index,374.45,273.77,426.58,36.77539540490193,49.50265251989393,🔴,FUERTE,251,2025-11-27 07:46:16,2025-11-27,0,52,52,False,0,0,[],[],BAJA,BAJO,0
DJUSOI,Dow Jones U.S. Oil Equipment & Services Index,273.74,198.86,291.9,37.65463139897415,47.75626924769026,🔴,FUERTE,251,2025-11-27 07:46:16,2025-11-27,0,52,52,False,0,0,[],[],BAJA,BAJO,0
DJUSCN,Dow Jones U.S. Construction & Materials Index,2056.06,1484.39,2140.56,38.51211608809004,49.26157783695916,🔴,FUERTE,251,2025-11-27 07:46:16,2025-11-27,0,52,52,False,0,0,[],[],BAJA,BAJO,0
DJUSNF,Dow Jones U.S. Nonferrous Metals Index,563.83,372.55,655.27,51.34344383304254,35.845176897490134,🔴,FUERTE,251,2025-11-27 07:46:16,2025-11-27,0,52,52,False,0,0,[],[],BAJA,MEDIO,0
DJUSSF,Dow Jones U.S. Consumer Finance Index,776.64,619.26,809.9,25.414204049995156,52.06520743657844,🔴,FUERTE,251,2025-11-27 07:46:16,2025-11-27,0,51,51,False,0,0,[],[],BAJA,BAJO,0
DJUSGT,Dow Jones U.S. General Retailers Index,3452.7,2720.3,3649.5,26.9235010844392,55.98820058997051,🔴,FUERTE,251,2025-11-27 07:46:16,2025-11-27,0,50,50,False,0,0,[],[],BAJA,BAJO,0
DJUSRT,Dow Jones U.S. Retail Index,3111.3,2453.4,3267.5,26.81584739545121,54.8970821081203,🔴,FUERTE,251,2025-11-27 07:46:16,2025-11-27,0,50,50,False,0,0,[],[],BAJA,BAJO,0
DJUSRD,Dow Jones U.S. Drug Retailers Index,1509.35,878.77,1533.48,71.75711505854774,27.540069686411183,🔴,FUERTE,251,2025-11-27 07:46:16,2025-11-27,0,50,50,False,0,0,[],[],BAJA,MEDIO,0
DJUSDV,Dow Jones U.S. Computer Services Index,296.54,231.08,312.52,28.32785182620738,55.168884339815726,🔴,FUERTE,251,2025-11-27 07:46:16,2025-11-27,0,50,50,False,0,0,[],[],BAJA,BAJO,0
DJUSSB,Dow Jones U.S. Investment Services Index,2987.4,2060.8,3078.4,44.96312111801241,47.31117824773411,🔴,FUERTE,251,2025-11-27 07:46:16,2025-11-27,0,49,49,False,0,0,[],[],BAJA,MEDIO,0
DJUSHL,Dow Jones U.S. Hotel & Lodging REITs Index,94.39,65.02,103.03,45.17071670255307,44.33146924250127,🔴,FUERTE,251,2025-11-27 07:46:16,2025-11-27,0,49,49,False,0,0,[],[],BAJA,MEDIO,0
DJUSIQ,Dow Jones U.S. Industrial Engineering Index,4851.0,3318.0,4878.1,46.20253164556962,42.35935370839013,🔴,FUERTE,251,2025-11-27 07:46:16,2025-11-27,0,49,49,False,0,0,[],[],BAJA,MEDIO,0
DJUSRB,Dow Jones U.S. Broadline Retailers Index,4815.2,3641.4,5185.7,32.2348547262042,59.90444214876037,🔴,FUERTE,251,2025-11-27 07:46:16,2025-11-27,0,48,48,False,0,0,[],[],BAJA,BAJO,0
DJUSTT,Dow Jones U.S. Travel & Tourism Index,1273.92,957.74,1432.9,33.013135088855016,54.82021308079312,🔴,FUERTE,251,2025-11-27 07:46:16,2025-11-27,0,48,48,False,0,0,[],[],BAJA,BAJO,0
DJUSBK,Dow Jones U.S. Banks Index,780.99,521.55,802.07,49.744032211676746,48.93028402803391,🔴,FUERTE,251,2025-11-27 07:46:16,2025-11-27,0,47,47,False,0,0,[],[],BAJA,MEDIO,0
DJUSCT,Dow Jones U.S. Telecommunications Equipment Index,2605.67,1708.47,2774.98,52.514823204387554,45.035888048557226,🔴,FUERTE,251,2025-11-27 07:46:16,2025-11-27,0,46,46,False,0,0,[],[],BAJA,MEDIO,0
DJUSSV,Dow Jones U.S. Software & Computer Services Index,8454.3,5509.7,8975.6,53.44392616657893,47.4523595321829,🔴,FUERTE,251,2025-11-27 07:46:16,2025-11-27,0,46,46,False,0,0,[],[],BAJA,MEDIO,0
DJUSRQ,Dow Jones U.S. Recreational Services Index,168.63,110.98,215.97,51.94629663002341,44.623526581669466,🔴,FUERTE,251,2025-11-27 07:46:16,2025-11-27,0,46,46,False,0,0,[],[],BAJA,MEDIO,0
DJUSAR,Dow Jones U.S. Airlines Index,235.14,137.83,259.72,70.60146557353258,38.54180969380751,🔴,FUERTE,251,2025-11-27 07:46:16,2025-11-27,0,45,45,False,0,0,[],[],BAJA,MEDIO,0
DJUSAT,Dow Jones U.S. Auto Parts Index,406.74,288.25,447.84,41.10667823070252,55.43036813834664,🔴,FUERTE,251,2025-11-27 07:46:16,2025-11-27,0,45,45,False,0,0,[],[],BAJA,MEDIO,0
DJUSFH,Dow Jones U.S. Furnishings Index,492.17,319.67,507.6,53.9618982075265,42.5718551698395,🔴,FUERTE,251,2025-11-27 07:46:16,2025-11-27,0,45,45,False,0,0,[],[],BAJA,MEDIO,0
DJUSDN,Dow Jones U.S. Defense Index,754.64,598.11,850.34,26.170771262811183,70.3388261433069,🔴,FUERTE,251,2025-11-27 07:46:16,2025-11-27,0,45,45,False,0,0,[],[],BAJA,ALTO,0
DJUSBS,Dow Jones U.S. Basic Resources Index,481.83,274.91,483.33,75.2682696155105,31.13376893803404,🔴,FUERTE,251,2025-11-27 07:46:16,2025-11-27,0,43,43,False,0,0,[],[],BAJA,MEDIO,0
DJUSHR,Dow Jones U.S. Commercial Vehicles & Trucks Index,6220.5,3916.0,6268.1,58.84831460674157,44.21368547418971,🔴,FUERTE,251,2025-11-27 07:46:16,2025-11-27,0,43,43,False,0,0,[],[],BAJA,MEDIO,0
DJUSAE,Dow Jones U.S. Aerospace & Defense Index,2780.9,1861.2,3004.0,49.41435632924995,59.80219003885552,🔴,FUERTE,251,2025-11-27 07:46:16,2025-11-27,0,41,41,False,0,0,[],[],BAJA,MEDIO,0
DJUSSW,Dow Jones U.S. Software Index,7860.5,5758.2,9040.0,36.50967316175194,63.99844720496896,🔴,FUERTE,251,2025-11-27 07:46:16,2025-11-27,0,40,40,False,0,0,[],[],BAJA,MEDIO,0
DJUSCR,Dow Jones U.S. Computer Hardware Index,13920.1,8364.8,14017.9,66.41282517214998,41.24478856462181,🔴,FUERTE,251,2025-11-27 07:46:16,2025-11-27,0,40,40,False,0,0,[],[],BAJA,MEDIO,0
DJUSNS,Dow Jones U.S. Internet Index,7105.2,3842.4,7199.6,84.91567770143659,33.05325668077583,🔴,FUERTE,251,2025-11-27 07:46:16,2025-11-27,0,39,39,False,0,0,[],[],BAJA,MEDIO,0
DJUSTC,Dow Jones U.S. Technology Index,8790.4,5115.5,9259.3,71.83852995797086,48.48904724201639,🔴,FUERTE,251,2025-11-27 07:46:16,2025-11-27,0,38,38,False,0,0,[],[],BAJA,MEDIO,0
DJUSLE,Dow Jones U.S. Leisure Goods Index,1041.26,724.03,1249.95,43.8144828252973,62.56555062525217,🔴,FUERTE,251,2025-11-27 07:46:16,2025-11-27,0,37,37,False,0,0,[],[],BAJA,ALTO,0
DJUSAS,Dow Jones U.S. Aerospace Index,3042.0,1883.9,3261.9,61.473538935187634,56.51715039577838,🔴,FUERTE,251,2025-11-27 07:46:16,2025-11-27,0,36,36,False,0,0,[],[],BAJA,MEDIO,0
DJUSAL,Dow Jones U.S. Aluminum Index,142.01,73.62,162.61,92.8959521869057,36.29324546952224,🔴,FUERTE,251,2025-11-27 07:46:16,2025-11-27,0,36,36,False,0,0,[],[],BAJA,MEDIO,0
DJUSTY,Dow Jones U.S. Toys Index,1724.64,1149.53,2066.13,50.0300122658826,62.97518219420913,🔴,FUERTE,251,2025-11-27 07:46:16,2025-11-27,0,35,35,False,0,0,[],[],BAJA,ALTO,0
DJUSPM,Dow Jones U.S. Gold Mining Index,242.79,94.85,251.35,155.97258829731155,32.12931995540691,🔴,FUERTE,251,2025-11-27 07:46:16,2025-11-27,0,33,33,False,0,0,[],[],BAJA,MEDIO,0
DJUSMG,Dow Jones U.S. Mining Index,211.48,84.25,223.28,151.0148367952522,32.358133669609074,🔴,FUERTE,251,2025-11-27 07:46:16,2025-11-27,0,33,33,False,0,0,[],[],BAJA,MEDIO,0
DJUSTR,Dow Jones U.S. Tires Index,10210.5,5326.7,10826.1,91.685283571442,49.21882137962538,🔴,FUERTE,251,2025-11-27 07:46:16,2025-11-27,0,30,30,False,0,0,[],[],BAJA,MEDIO,0
DJUSTQ,Dow Jones U.S. Technology Hardware & Equipment Index,10210.5,5326.7,10826.1,91.685283571442,49.21882137962538,🔴,FUERTE,251,2025-11-27 07:46:16,2025-11-27,0,30,30,False,0,0,[],[],BAJA,MEDIO,0
DJUSEC,Dow Jones U.S. Electrical Components & Equipment Index,1019.42,562.61,1092.13,81.19478857467873,55.15930556099857,🔴,FUERTE,251,2025-11-27 07:46:16,2025-11-27,0,29,29,False,0,0,[],[],BAJA,MEDIO,0
DJUSEE,Dow Jones U.S. Electronic & Electrical Equipment Index,1201.97,643.85,1263.86,86.6847868292304,53.87286416612232,🔴,FUERTE,251,2025-11-27 07:46:16,2025-11-27,0,26,26,False,0,0,[],[],BAJA,MEDIO,0
DJUSAP,Dow Jones U.S. Automobiles & Parts Index,1602.03,845.49,1748.7,89.47947344143631,56.639665058705766,🔴,FUERTE,251,2025-11-27 07:46:16,2025-11-27,0,25,25,False,0,0,[],[],BAJA,MEDIO,0
DJUSAU,Dow Jones U.S. Automobiles Index,1464.63,758.25,1613.6,93.15924826904056,56.39461209931009,🔴,FUERTE,251,2025-11-27 07:46:16,2025-11-27,0,24,24,False,0,0,[],[],BAJA,MEDIO,0
DJUSAI,Dow Jones U.S. Electronic Equipment Index,1815.0,913.78,1874.93,98.6254897240036,50.90620954421677,🔴,FUERTE,251,2025-11-27 07:46:16,2025-11-27,0,22,22,False,0,0,[],[],BAJA,MEDIO,0
DJUSHV,Dow Jones U.S. Heavy Construction Index,2244.25,1138.85,2402.18,97.06282653554024,50.39934330212538,🔴,FUERTE,251,2025-11-27 07:46:16,2025-11-27,0,22,22,False,0,0,[],[],BAJA,MEDIO,0
DJUSSC,Dow Jones U.S. Semiconductors Index,28201.6,12938.1,31044.1,117.97327273710977,51.12093717698404,🔴,FUERTE,251,2025-11-27 07:46:16,2025-11-27,0,21,21,False,0,0,[],[],BAJA,MEDIO,0
