{
  "analysis_timestamp": "2025-07-03T18:59:41.601289",
  "opportunities": [
    {
      "Ticker": "DJUSHG",
      "Sector": "Household Goods",
      "CurrentPrice": 1059.85,
      "Min52w": 999.49,
      "Max52w": 1229.25,
      "DistanceFromMin": 6.03907993076468,
      "RSI": 49.95912907780341,
      "Estado": "🟢",
      "Classification": "OPORTUNIDAD",
      "DataPoints": 252,
      "AnalysisDate": "2025-07-03 16:35:34",
      "FileDate": "2025-07-03",
      "DaysAgo": 0,
      "BaseScore": 86,
      "FinalScore": 86,
      "InsiderActivity": false,
      "InsiderTrades": 0,
      "InsiderValue": 0,
      "Signals": [],
      "Urgency": "CRÍTICA",
      "RiskLevel": "BAJO"
    },
    {
      "Ticker": "DJUSFO",
      "Sector": "Food Producers",
      "CurrentPrice": 392.55,
      "Min52w": 367.79,
      "Max52w": 460.77,
      "DistanceFromMin": 6.732102558525242,
      "RSI": 45.16129032258064,
      "Estado": "🟢",
      "Classification": "OPORTUNIDAD",
      "DataPoints": 252,
      "AnalysisDate": "2025-07-03 16:35:34",
      "FileDate": "2025-07-03",
      "DaysAgo": 0,
      "BaseScore": 85,
      "FinalScore": 85,
      "InsiderActivity": false,
      "InsiderTrades": 0,
      "InsiderValue": 0,
      "Signals": [],
      "Urgency": "CRÍTICA",
      "RiskLevel": "BAJO"
    },
    {
      "Ticker": "DJUSBV",
      "Sector": "Beverages",
      "CurrentPrice": 943.07,
      "Min52w": 875.4,
      "Max52w": 1070.16,
      "DistanceFromMin": 7.73018048891936,
      "RSI": 49.3643184660275,
      "Estado": "🟢",
      "Classification": "OPORTUNIDAD",
      "DataPoints": 252,
      "AnalysisDate": "2025-07-03 16:35:34",
      "FileDate": "2025-07-03",
      "DaysAgo": 0,
      "BaseScore": 85,
      "FinalScore": 85,
      "InsiderActivity": false,
      "InsiderTrades": 0,
      "InsiderValue": 0,
      "Signals": [],
      "Urgency": "CRÍTICA",
      "RiskLevel": "BAJO"
    },
    {
      "Ticker": "DJUSFB",
      "Sector": "Food & Beverage",
      "CurrentPrice": 712.93,
      "Min52w": 668.77,
      "Max52w": 816.7,
      "DistanceFromMin": 6.603167008089474,
      "RSI": 47.7601558152477,
      "Estado": "🟢",
      "Classification": "OPORTUNIDAD",
      "DataPoints": 252,
      "AnalysisDate": "2025-07-03 16:35:34",
      "FileDate": "2025-07-03",
      "DaysAgo": 0,
      "BaseScore": 85,
      "FinalScore": 85,
      "InsiderActivity": false,
      "InsiderTrades": 0,
      "InsiderValue": 0,
      "Signals": [],
      "Urgency": "CRÍTICA",
      "RiskLevel": "BAJO"
    },
    {
      "Ticker": "DJUSMC",
      "Sector": "Healthcare Equipment",
      "CurrentPrice": 2276.2,
      "Min52w": 2186.6,
      "Max52w": 2559.1,
      "DistanceFromMin": 4.097685905058078,
      "RSI": 50.610031631269834,
      "Estado": "🟢",
      "Classification": "OPORTUNIDAD",
      "DataPoints": 252,
      "AnalysisDate": "2025-07-03 16:35:34",
      "FileDate": "2025-07-03",
      "DaysAgo": 0,
      "BaseScore": 80,
      "FinalScore": 80,
      "InsiderActivity": false,
      "InsiderTrades": 0,
      "InsiderValue": 0,
      "Signals": [],
      "Urgency": "ALTA",
      "RiskLevel": "BAJO"
    },
    {
      "Ticker": "DJUSHC",
      "Sector": "Healthcare",
      "CurrentPrice": 1433.61,
      "Min52w": 1344.15,
      "Max52w": 1663.54,
      "DistanceFromMin": 6.655507197857367,
      "RSI": 54.43846364382812,
      "Estado": "🟢",
      "Classification": "OPORTUNIDAD",
      "DataPoints": 252,
      "AnalysisDate": "2025-07-03 16:35:34",
      "FileDate": "2025-07-03",
      "DaysAgo": 0,
      "BaseScore": 79,
      "FinalScore": 79,
      "InsiderActivity": false,
      "InsiderTrades": 0,
      "InsiderValue": 0,
      "Signals": [],
      "Urgency": "ALTA",
      "RiskLevel": "BAJO"
    },
    {
      "Ticker": "DJUSIT",
      "Sector": "Industrial Transport",
      "CurrentPrice": 1497.3,
      "Min52w": 1243.5,
      "Max52w": 1746.8,
      "DistanceFromMin": 20.410132689987933,
      "RSI": 30.89005235602085,
      "Estado": "🟡",
      "Classification": "CERCA",
      "DataPoints": 252,
      "AnalysisDate": "2025-07-03 16:35:34",
      "FileDate": "2025-07-03",
      "DaysAgo": 0,
      "BaseScore": 77,
      "FinalScore": 77,
      "InsiderActivity": false,
      "InsiderTrades": 0,
      "InsiderValue": 0,
      "Signals": [],
      "Urgency": "ALTA",
      "RiskLevel": "BAJO"
    },
    {
      "Ticker": "DJUSRA",
      "Sector": "Apparel Retail",
      "CurrentPrice": 1645.22,
      "Min52w": 1490.78,
      "Max52w": 1826.93,
      "DistanceFromMin": 10.359677484269984,
      "RSI": 47.38575545491968,
      "Estado": "🟡",
      "Classification": "CERCA",
      "DataPoints": 252,
      "AnalysisDate": "2025-07-03 16:35:34",
      "FileDate": "2025-07-03",
      "DaysAgo": 0,
      "BaseScore": 75,
      "FinalScore": 75,
      "InsiderActivity": false,
      "InsiderTrades": 0,
      "InsiderValue": 0,
      "Signals": [],
      "Urgency": "ALTA",
      "RiskLevel": "BAJO"
    },
    {
      "Ticker": "DJUSNG",
      "Sector": "Personal Goods",
      "CurrentPrice": 1049.97,
      "Min52w": 909.61,
      "Max52w": 1069.74,
      "DistanceFromMin": 15.430789019469884,
      "RSI": 44.28463996991911,
      "Estado": "🟡",
      "Classification": "CERCA",
      "DataPoints": 252,
      "AnalysisDate": "2025-07-03 16:35:34",
      "FileDate": "2025-07-03",
      "DaysAgo": 0,
      "BaseScore": 73,
      "FinalScore": 73,
      "InsiderActivity": false,
      "InsiderTrades": 0,
      "InsiderValue": 0,
      "Signals": [],
      "Urgency": "MEDIA",
      "RiskLevel": "BAJO"
    },
    {
      "Ticker": "DJUSIS",
      "Sector": "Support Services",
      "CurrentPrice": 896.8,
      "Min52w": 764.29,
      "Max52w": 981.89,
      "DistanceFromMin": 17.337659788823615,
      "RSI": 49.15567706658093,
      "Estado": "🟡",
      "Classification": "CERCA",
      "DataPoints": 252,
      "AnalysisDate": "2025-07-03 16:35:34",
      "FileDate": "2025-07-03",
      "DaysAgo": 0,
      "BaseScore": 72,
      "FinalScore": 72,
      "InsiderActivity": false,
      "InsiderTrades": 0,
      "InsiderValue": 0,
      "Signals": [],
      "Urgency": "MEDIA",
      "RiskLevel": "BAJO"
    },
    {
      "Ticker": "DJUSOG",
      "Sector": "Oil Producers",
      "CurrentPrice": 830.59,
      "Min52w": 707.01,
      "Max52w": 918.73,
      "DistanceFromMin": 17.479243575055524,
      "RSI": 46.37054702638248,
      "Estado": "🟡",
      "Classification": "CERCA",
      "DataPoints": 252,
      "AnalysisDate": "2025-07-03 16:35:34",
      "FileDate": "2025-07-03",
      "DaysAgo": 0,
      "BaseScore": 72,
      "FinalScore": 72,
      "InsiderActivity": false,
      "InsiderTrades": 0,
      "InsiderValue": 0,
      "Signals": [],
      "Urgency": "MEDIA",
      "RiskLevel": "BAJO"
    },
    {
      "Ticker": "DJUSEN",
      "Sector": "Oil & Gas",
      "CurrentPrice": 732.79,
      "Min52w": 623.85,
      "Max52w": 813.7,
      "DistanceFromMin": 17.462531057145135,
      "RSI": 46.028432249726606,
      "Estado": "🟡",
      "Classification": "CERCA",
      "DataPoints": 252,
      "AnalysisDate": "2025-07-03 16:35:34",
      "FileDate": "2025-07-03",
      "DaysAgo": 0,
      "BaseScore": 72,
      "FinalScore": 72,
      "InsiderActivity": false,
      "InsiderTrades": 0,
      "InsiderValue": 0,
      "Signals": [],
      "Urgency": "MEDIA",
      "RiskLevel": "BAJO"
    },
    {
      "Ticker": "DJUSUT",
      "Sector": "Utilities",
      "CurrentPrice": 407.16,
      "Min52w": 337.44,
      "Max52w": 411.37,
      "DistanceFromMin": 20.661450924608825,
      "RSI": 47.038821195806136,
      "Estado": "🟡",
      "Classification": "CERCA",
      "DataPoints": 252,
      "AnalysisDate": "2025-07-03 16:35:34",
      "FileDate": "2025-07-03",
      "DaysAgo": 0,
      "BaseScore": 71,
      "FinalScore": 71,
      "InsiderActivity": false,
      "InsiderTrades": 0,
      "InsiderValue": 0,
      "Signals": [],
      "Urgency": "MEDIA",
      "RiskLevel": "BAJO"
    },
    {
      "Ticker": "DJUSCH",
      "Sector": "Chemicals",
      "CurrentPrice": 863.95,
      "Min52w": 703.58,
      "Max52w": 952.75,
      "DistanceFromMin": 22.79342789732511,
      "RSI": 40.006188118811885,
      "Estado": "🟡",
      "Classification": "CERCA",
      "DataPoints": 252,
      "AnalysisDate": "2025-07-03 16:35:34",
      "FileDate": "2025-07-03",
      "DaysAgo": 0,
      "BaseScore": 70,
      "FinalScore": 70,
      "InsiderActivity": false,
      "InsiderTrades": 0,
      "InsiderValue": 0,
      "Signals": [],
      "Urgency": "MEDIA",
      "RiskLevel": "BAJO"
    },
    {
      "Ticker": "DJUSGI",
      "Sector": "General Industrial",
      "CurrentPrice": 773.59,
      "Min52w": 613.23,
      "Max52w": 780.5,
      "DistanceFromMin": 26.150057890188023,
      "RSI": 28.80492260359577,
      "Estado": "🔴",
      "Classification": "FUERTE",
      "DataPoints": 252,
      "AnalysisDate": "2025-07-03 16:35:34",
      "FileDate": "2025-07-03",
      "DaysAgo": 0,
      "BaseScore": 69,
      "FinalScore": 69,
      "InsiderActivity": false,
      "InsiderTrades": 0,
      "InsiderValue": 0,
      "Signals": [],
      "Urgency": "MEDIA",
      "RiskLevel": "BAJO"
    },
    {
      "Ticker": "DJUSPN",
      "Sector": "Pharmaceuticals",
      "CurrentPrice": 1073.42,
      "Min52w": 960.01,
      "Max52w": 1277.87,
      "DistanceFromMin": 11.813418610222818,
      "RSI": 55.67313345091122,
      "Estado": "🟡",
      "Classification": "CERCA",
      "DataPoints": 252,
      "AnalysisDate": "2025-07-03 16:35:34",
      "FileDate": "2025-07-03",
      "DaysAgo": 0,
      "BaseScore": 68,
      "FinalScore": 68,
      "InsiderActivity": false,
      "InsiderTrades": 0,
      "InsiderValue": 0,
      "Signals": [],
      "Urgency": "MEDIA",
      "RiskLevel": "BAJO"
    },
    {
      "Ticker": "DJUSRI",
      "Sector": "REITs",
      "CurrentPrice": 147.01,
      "Min52w": 126.8,
      "Max52w": 162.95,
      "DistanceFromMin": 15.9384858044164,
      "RSI": 57.00164744645805,
      "Estado": "🟡",
      "Classification": "CERCA",
      "DataPoints": 252,
      "AnalysisDate": "2025-07-03 16:35:34",
      "FileDate": "2025-07-03",
      "DaysAgo": 0,
      "BaseScore": 67,
      "FinalScore": 67,
      "InsiderActivity": false,
      "InsiderTrades": 0,
      "InsiderValue": 0,
      "Signals": [],
      "Urgency": "MEDIA",
      "RiskLevel": "BAJO"
    },
    {
      "Ticker": "DJUSIX",
      "Sector": "Insurance",
      "CurrentPrice": 1353.63,
      "Min52w": 1157.36,
      "Max52w": 1458.15,
      "DistanceFromMin": 16.95842261699041,
      "RSI": 55.54726831997013,
      "Estado": "🟡",
      "Classification": "CERCA",
      "DataPoints": 252,
      "AnalysisDate": "2025-07-03 16:35:34",
      "FileDate": "2025-07-03",
      "DaysAgo": 0,
      "BaseScore": 66,
      "FinalScore": 66,
      "InsiderActivity": false,
      "InsiderTrades": 0,
      "InsiderValue": 0,
      "Signals": [],
      "Urgency": "MEDIA",
      "RiskLevel": "BAJO"
    },
    {
      "Ticker": "DJUSRE",
      "Sector": "Real Estate",
      "CurrentPrice": 363.43,
      "Min52w": 311.91,
      "Max52w": 396.67,
      "DistanceFromMin": 16.517585200859212,
      "RSI": 54.91720175735041,
      "Estado": "🟡",
      "Classification": "CERCA",
      "DataPoints": 252,
      "AnalysisDate": "2025-07-03 16:35:34",
      "FileDate": "2025-07-03",
      "DaysAgo": 0,
      "BaseScore": 66,
      "FinalScore": 66,
      "InsiderActivity": false,
      "InsiderTrades": 0,
      "InsiderValue": 0,
      "Signals": [],
      "Urgency": "MEDIA",
      "RiskLevel": "BAJO"
    },
    {
      "Ticker": "DJUSIQ",
      "Sector": "Industrial Engineering",
      "CurrentPrice": 4359.9,
      "Min52w": 3318.0,
      "Max52w": 4522.4,
      "DistanceFromMin": 31.4014466546112,
      "RSI": 29.63509030593437,
      "Estado": "🔴",
      "Classification": "FUERTE",
      "DataPoints": 252,
      "AnalysisDate": "2025-07-03 16:35:34",
      "FileDate": "2025-07-03",
      "DaysAgo": 0,
      "BaseScore": 66,
      "FinalScore": 66,
      "InsiderActivity": false,
      "InsiderTrades": 0,
      "InsiderValue": 0,
      "Signals": [],
      "Urgency": "MEDIA",
      "RiskLevel": "BAJO"
    },
    {
      "Ticker": "DJUSME",
      "Sector": "Media",
      "CurrentPrice": 889.09,
      "Min52w": 662.35,
      "Max52w": 936.97,
      "DistanceFromMin": 34.2326564505171,
      "RSI": 29.010831800531363,
      "Estado": "🔴",
      "Classification": "FUERTE",
      "DataPoints": 252,
      "AnalysisDate": "2025-07-03 16:35:34",
      "FileDate": "2025-07-03",
      "DaysAgo": 0,
      "BaseScore": 65,
      "FinalScore": 65,
      "InsiderActivity": false,
      "InsiderTrades": 0,
      "InsiderValue": 0,
      "Signals": [],
      "Urgency": "MEDIA",
      "RiskLevel": "BAJO"
    },
    {
      "Ticker": "DJUSBS",
      "Sector": "Basic Resources",
      "CurrentPrice": 392.89,
      "Min52w": 274.91,
      "Max52w": 394.51,
      "DistanceFromMin": 42.91586337346766,
      "RSI": 27.040298002031804,
      "Estado": "🔴",
      "Classification": "FUERTE",
      "DataPoints": 252,
      "AnalysisDate": "2025-07-03 16:35:34",
      "FileDate": "2025-07-03",
      "DaysAgo": 0,
      "BaseScore": 62,
      "FinalScore": 62,
      "InsiderActivity": false,
      "InsiderTrades": 0,
      "InsiderValue": 0,
      "Signals": [],
      "Urgency": "MEDIA",
      "RiskLevel": "MEDIO"
    },
    {
      "Ticker": "DJUSPG",
      "Sector": "Personal Goods",
      "CurrentPrice": 550.63,
      "Min52w": 426.49,
      "Max52w": 649.12,
      "DistanceFromMin": 29.107364768224336,
      "RSI": 31.054807776898045,
      "Estado": "🔴",
      "Classification": "FUERTE",
      "DataPoints": 252,
      "AnalysisDate": "2025-07-03 16:35:34",
      "FileDate": "2025-07-03",
      "DaysAgo": 0,
      "BaseScore": 61,
      "FinalScore": 61,
      "InsiderActivity": false,
      "InsiderTrades": 0,
      "InsiderValue": 0,
      "Signals": [],
      "Urgency": "MEDIA",
      "RiskLevel": "BAJO"
    },
    {
      "Ticker": "DJUSBK",
      "Sector": "Banks",
      "CurrentPrice": 750.44,
      "Min52w": 520.01,
      "Max52w": 752.17,
      "DistanceFromMin": 44.31260937289669,
      "RSI": 17.24014336917564,
      "Estado": "🔴",
      "Classification": "FUERTE",
      "DataPoints": 252,
      "AnalysisDate": "2025-07-03 16:35:34",
      "FileDate": "2025-07-03",
      "DaysAgo": 0,
      "BaseScore": 61,
      "FinalScore": 61,
      "InsiderActivity": false,
      "InsiderTrades": 0,
      "InsiderValue": 0,
      "Signals": [],
      "Urgency": "MEDIA",
      "RiskLevel": "MEDIO"
    },
    {
      "Ticker": "DJUSTC",
      "Sector": "Technology",
      "CurrentPrice": 7572.0,
      "Min52w": 5115.5,
      "Max52w": 7580.7,
      "DistanceFromMin": 48.0207213371127,
      "RSI": 28.96880588118424,
      "Estado": "🔴",
      "Classification": "FUERTE",
      "DataPoints": 252,
      "AnalysisDate": "2025-07-03 16:35:34",
      "FileDate": "2025-07-03",
      "DaysAgo": 0,
      "BaseScore": 60,
      "FinalScore": 60,
      "InsiderActivity": false,
      "InsiderTrades": 0,
      "InsiderValue": 0,
      "Signals": [],
      "Urgency": "MEDIA",
      "RiskLevel": "MEDIO"
    },
    {
      "Ticker": "DJUSCN",
      "Sector": "Construction",
      "CurrentPrice": 1977.36,
      "Min52w": 1484.39,
      "Max52w": 2065.78,
      "DistanceFromMin": 33.21027492774809,
      "RSI": 35.418065815983894,
      "Estado": "🔴",
      "Classification": "FUERTE",
      "DataPoints": 252,
      "AnalysisDate": "2025-07-03 16:35:34",
      "FileDate": "2025-07-03",
      "DaysAgo": 0,
      "BaseScore": 60,
      "FinalScore": 60,
      "InsiderActivity": false,
      "InsiderTrades": 0,
      "InsiderValue": 0,
      "Signals": [],
      "Urgency": "MEDIA",
      "RiskLevel": "BAJO"
    },
    {
      "Ticker": "DJUSIM",
      "Sector": "Metals & Mining",
      "CurrentPrice": 519.65,
      "Min52w": 350.58,
      "Max52w": 568.14,
      "DistanceFromMin": 48.22579725027098,
      "RSI": 23.367734926670323,
      "Estado": "🔴",
      "Classification": "FUERTE",
      "DataPoints": 252,
      "AnalysisDate": "2025-07-03 16:35:34",
      "FileDate": "2025-07-03",
      "DaysAgo": 0,
      "BaseScore": 60,
      "FinalScore": 60,
      "InsiderActivity": false,
      "InsiderTrades": 0,
      "InsiderValue": 0,
      "Signals": [],
      "Urgency": "MEDIA",
      "RiskLevel": "MEDIO"
    },
    {
      "Ticker": "DJUSLE",
      "Sector": "Leisure Goods",
      "CurrentPrice": 1029.98,
      "Min52w": 695.76,
      "Max52w": 1040.46,
      "DistanceFromMin": 48.03667931470623,
      "RSI": 28.945203225275563,
      "Estado": "🔴",
      "Classification": "FUERTE",
      "DataPoints": 252,
      "AnalysisDate": "2025-07-03 16:35:34",
      "FileDate": "2025-07-03",
      "DaysAgo": 0,
      "BaseScore": 60,
      "FinalScore": 60,
      "InsiderActivity": false,
      "InsiderTrades": 0,
      "InsiderValue": 0,
      "Signals": [],
      "Urgency": "MEDIA",
      "RiskLevel": "MEDIO"
    },
    {
      "Ticker": "DJUSIG",
      "Sector": "Industrial Goods",
      "CurrentPrice": 1439.35,
      "Min52w": 1094.74,
      "Max52w": 1439.79,
      "DistanceFromMin": 31.47870727295978,
      "RSI": 30.22706109877521,
      "Estado": "🔴",
      "Classification": "FUERTE",
      "DataPoints": 252,
      "AnalysisDate": "2025-07-03 16:35:34",
      "FileDate": "2025-07-03",
      "DaysAgo": 0,
      "BaseScore": 60,
      "FinalScore": 60,
      "InsiderActivity": false,
      "InsiderTrades": 0,
      "InsiderValue": 0,
      "Signals": [],
      "Urgency": "MEDIA",
      "RiskLevel": "BAJO"
    },
    {
      "Ticker": "DJUSFN",
      "Sector": "Financials",
      "CurrentPrice": 2442.8,
      "Min52w": 1812.0,
      "Max52w": 2444.5,
      "DistanceFromMin": 34.812362030905085,
      "RSI": 33.61498897869211,
      "Estado": "🔴",
      "Classification": "FUERTE",
      "DataPoints": 252,
      "AnalysisDate": "2025-07-03 16:35:34",
      "FileDate": "2025-07-03",
      "DaysAgo": 0,
      "BaseScore": 59,
      "FinalScore": 59,
      "InsiderActivity": false,
      "InsiderTrades": 0,
      "InsiderValue": 0,
      "Signals": [],
      "Urgency": "BAJA",
      "RiskLevel": "BAJO"
    },
    {
      "Ticker": "DJUSGT",
      "Sector": "General Retail",
      "CurrentPrice": 3445.0,
      "Min52w": 2540.2,
      "Max52w": 3560.4,
      "DistanceFromMin": 35.61924257932447,
      "RSI": 34.74984930681137,
      "Estado": "🔴",
      "Classification": "FUERTE",
      "DataPoints": 252,
      "AnalysisDate": "2025-07-03 16:35:34",
      "FileDate": "2025-07-03",
      "DaysAgo": 0,
      "BaseScore": 59,
      "FinalScore": 59,
      "InsiderActivity": false,
      "InsiderTrades": 0,
      "InsiderValue": 0,
      "Signals": [],
      "Urgency": "BAJA",
      "RiskLevel": "BAJO"
    },
    {
      "Ticker": "DJUSRT",
      "Sector": "Retail",
      "CurrentPrice": 3093.7,
      "Min52w": 2288.1,
      "Max52w": 3175.9,
      "DistanceFromMin": 35.208251387614176,
      "RSI": 34.26867765696247,
      "Estado": "🔴",
      "Classification": "FUERTE",
      "DataPoints": 252,
      "AnalysisDate": "2025-07-03 16:35:34",
      "FileDate": "2025-07-03",
      "DaysAgo": 0,
      "BaseScore": 59,
      "FinalScore": 59,
      "InsiderActivity": false,
      "InsiderTrades": 0,
      "InsiderValue": 0,
      "Signals": [],
      "Urgency": "BAJA",
      "RiskLevel": "BAJO"
    },
    {
      "Ticker": "DJUSDR",
      "Sector": "Drug Retailers",
      "CurrentPrice": 1570.75,
      "Min52w": 1149.77,
      "Max52w": 1595.6,
      "DistanceFromMin": 36.61427937761466,
      "RSI": 35.55121785623359,
      "Estado": "🔴",
      "Classification": "FUERTE",
      "DataPoints": 252,
      "AnalysisDate": "2025-07-03 16:35:34",
      "FileDate": "2025-07-03",
      "DaysAgo": 0,
      "BaseScore": 58,
      "FinalScore": 58,
      "InsiderActivity": false,
      "InsiderTrades": 0,
      "InsiderValue": 0,
      "Signals": [],
      "Urgency": "BAJA",
      "RiskLevel": "BAJO"
    },
    {
      "Ticker": "DJUSTQ",
      "Sector": "Tech Hardware",
      "CurrentPrice": 8269.8,
      "Min52w": 5326.7,
      "Max52w": 8276.9,
      "DistanceFromMin": 55.251844481573954,
      "RSI": 24.660997471845548,
      "Estado": "🔴",
      "Classification": "FUERTE",
      "DataPoints": 252,
      "AnalysisDate": "2025-07-03 16:35:34",
      "FileDate": "2025-07-03",
      "DaysAgo": 0,
      "BaseScore": 57,
      "FinalScore": 57,
      "InsiderActivity": false,
      "InsiderTrades": 0,
      "InsiderValue": 0,
      "Signals": [],
      "Urgency": "BAJA",
      "RiskLevel": "MEDIO"
    },
    {
      "Ticker": "DJUSSV",
      "Sector": "Software",
      "CurrentPrice": 7788.1,
      "Min52w": 5509.7,
      "Max52w": 7825.3,
      "DistanceFromMin": 41.35252373087465,
      "RSI": 36.37668359461253,
      "Estado": "🔴",
      "Classification": "FUERTE",
      "DataPoints": 252,
      "AnalysisDate": "2025-07-03 16:35:34",
      "FileDate": "2025-07-03",
      "DaysAgo": 0,
      "BaseScore": 56,
      "FinalScore": 56,
      "InsiderActivity": false,
      "InsiderTrades": 0,
      "InsiderValue": 0,
      "Signals": [],
      "Urgency": "BAJA",
      "RiskLevel": "MEDIO"
    },
    {
      "Ticker": "DJUSAL",
      "Sector": "Aluminum",
      "CurrentPrice": 107.34,
      "Min52w": 73.62,
      "Max52w": 163.19,
      "DistanceFromMin": 45.80277098614506,
      "RSI": 37.52495009980039,
      "Estado": "🔴",
      "Classification": "FUERTE",
      "DataPoints": 252,
      "AnalysisDate": "2025-07-03 16:35:34",
      "FileDate": "2025-07-03",
      "DaysAgo": 0,
      "BaseScore": 55,
      "FinalScore": 55,
      "InsiderActivity": false,
      "InsiderTrades": 0,
      "InsiderValue": 0,
      "Signals": [],
      "Urgency": "BAJA",
      "RiskLevel": "MEDIO"
    },
    {
      "Ticker": "DJUSEE",
      "Sector": "Electronics",
      "CurrentPrice": 1049.45,
      "Min52w": 643.85,
      "Max52w": 1050.39,
      "DistanceFromMin": 62.996039450182494,
      "RSI": 24.71170760310125,
      "Estado": "🔴",
      "Classification": "FUERTE",
      "DataPoints": 252,
      "AnalysisDate": "2025-07-03 16:35:34",
      "FileDate": "2025-07-03",
      "DaysAgo": 0,
      "BaseScore": 54,
      "FinalScore": 54,
      "InsiderActivity": false,
      "InsiderTrades": 0,
      "InsiderValue": 0,
      "Signals": [],
      "Urgency": "BAJA",
      "RiskLevel": "MEDIO"
    },
    {
      "Ticker": "DJUSAS",
      "Sector": "Aerospace",
      "CurrentPrice": 2797.9,
      "Min52w": 1883.9,
      "Max52w": 2825.3,
      "DistanceFromMin": 48.516375603800626,
      "RSI": 31.340523882896747,
      "Estado": "🔴",
      "Classification": "FUERTE",
      "DataPoints": 252,
      "AnalysisDate": "2025-07-03 16:35:34",
      "FileDate": "2025-07-03",
      "DaysAgo": 0,
      "BaseScore": 54,
      "FinalScore": 54,
      "InsiderActivity": false,
      "InsiderTrades": 0,
      "InsiderValue": 0,
      "Signals": [],
      "Urgency": "BAJA",
      "RiskLevel": "MEDIO"
    },
    {
      "Ticker": "DJUSTL",
      "Sector": "Telecommunications",
      "CurrentPrice": 188.54,
      "Min52w": 142.12,
      "Max52w": 199.75,
      "DistanceFromMin": 32.662538699690394,
      "RSI": 43.40685124354763,
      "Estado": "🔴",
      "Classification": "FUERTE",
      "DataPoints": 252,
      "AnalysisDate": "2025-07-03 16:35:34",
      "FileDate": "2025-07-03",
      "DaysAgo": 0,
      "BaseScore": 54,
      "FinalScore": 54,
      "InsiderActivity": false,
      "InsiderTrades": 0,
      "InsiderValue": 0,
      "Signals": [],
      "Urgency": "BAJA",
      "RiskLevel": "BAJO"
    },
    {
      "Ticker": "DJUSRH",
      "Sector": "RE Investment",
      "CurrentPrice": 701.73,
      "Min52w": 508.61,
      "Max52w": 730.22,
      "DistanceFromMin": 37.970153948998245,
      "RSI": 40.19009504752377,
      "Estado": "🔴",
      "Classification": "FUERTE",
      "DataPoints": 252,
      "AnalysisDate": "2025-07-03 16:35:34",
      "FileDate": "2025-07-03",
      "DaysAgo": 0,
      "BaseScore": 52,
      "FinalScore": 52,
      "InsiderActivity": false,
      "InsiderTrades": 0,
      "InsiderValue": 0,
      "Signals": [],
      "Urgency": "BAJA",
      "RiskLevel": "BAJO"
    },
    {
      "Ticker": "DJUSAR",
      "Sector": "Airlines",
      "CurrentPrice": 201.47,
      "Min52w": 126.73,
      "Max52w": 259.72,
      "DistanceFromMin": 58.9757752702596,
      "RSI": 39.11642017444067,
      "Estado": "🔴",
      "Classification": "FUERTE",
      "DataPoints": 252,
      "AnalysisDate": "2025-07-03 16:35:34",
      "FileDate": "2025-07-03",
      "DaysAgo": 0,
      "BaseScore": 49,
      "FinalScore": 49,
      "InsiderActivity": false,
      "InsiderTrades": 0,
      "InsiderValue": 0,
      "Signals": [],
      "Urgency": "BAJA",
      "RiskLevel": "MEDIO"
    },
    {
      "Ticker": "DJUSMG",
      "Sector": "Mining",
      "CurrentPrice": 139.51,
      "Min52w": 84.25,
      "Max52w": 142.44,
      "DistanceFromMin": 65.59050445103857,
      "RSI": 41.29193433261954,
      "Estado": "🔴",
      "Classification": "FUERTE",
      "DataPoints": 252,
      "AnalysisDate": "2025-07-03 16:35:34",
      "FileDate": "2025-07-03",
      "DaysAgo": 0,
      "BaseScore": 41,
      "FinalScore": 41,
      "InsiderActivity": false,
      "InsiderTrades": 0,
      "InsiderValue": 0,
      "Signals": [],
      "Urgency": "BAJA",
      "RiskLevel": "MEDIO"
    },
    {
      "Ticker": "DJUSAP",
      "Sector": "Auto & Parts",
      "CurrentPrice": 1208.88,
      "Min52w": 768.67,
      "Max52w": 1748.7,
      "DistanceFromMin": 57.26904913682076,
      "RSI": 50.48920599113394,
      "Estado": "🔴",
      "Classification": "FUERTE",
      "DataPoints": 252,
      "AnalysisDate": "2025-07-03 16:35:34",
      "FileDate": "2025-07-03",
      "DaysAgo": 0,
      "BaseScore": 38,
      "FinalScore": 38,
      "InsiderActivity": false,
      "InsiderTrades": 0,
      "InsiderValue": 0,
      "Signals": [],
      "Urgency": "BAJA",
      "RiskLevel": "MEDIO"
    }
  ],
  "enhanced_analysis": {
    "market_overview": {
      "market_state": "EXCEPCIONAL",
      "description": "Mercado en estado excepcional con 4 oportunidades críticas detectadas",
      "total_sectors_analyzed": 43,
      "critical_opportunities": 4,
      "high_quality_opportunities": 8,
      "sectors_with_insider_activity": 0,
      "average_opportunity_score": 64.6,
      "market_sentiment": "BULLISH"
    },
    "top_opportunities_analysis": [
      {
        "sector": "Household Goods",
        "ticker": "DJUSHG",
        "final_score": 86,
        "urgency": "CRÍTICA",
        "distance_from_min": 6.0,
        "upside_to_max_52w": 16.0,
        "current_price": 1059.85,
        "target_price_52w_max": 1229.25,
        "insider_activity": false,
        "risk_level": "BAJO",
        "description": "OPORTUNIDAD EXCEPCIONAL: Household Goods a solo 6.0% del mínimo con potencial upside de 16.0%",
        "recommendation": "COMPRA INMEDIATA"
      },
      {
        "sector": "Food Producers",
        "ticker": "DJUSFO",
        "final_score": 85,
        "urgency": "CRÍTICA",
        "distance_from_min": 6.7,
        "upside_to_max_52w": 17.4,
        "current_price": 392.55,
        "target_price_52w_max": 460.77,
        "insider_activity": false,
        "risk_level": "BAJO",
        "description": "OPORTUNIDAD EXCEPCIONAL: Food Producers a solo 6.7% del mínimo con potencial upside de 17.4%",
        "recommendation": "COMPRA INMEDIATA"
      },
      {
        "sector": "Beverages",
        "ticker": "DJUSBV",
        "final_score": 85,
        "urgency": "CRÍTICA",
        "distance_from_min": 7.7,
        "upside_to_max_52w": 13.5,
        "current_price": 943.07,
        "target_price_52w_max": 1070.16,
        "insider_activity": false,
        "risk_level": "BAJO",
        "description": "OPORTUNIDAD EXCEPCIONAL: Beverages a solo 7.7% del mínimo con potencial upside de 13.5%",
        "recommendation": "COMPRA INMEDIATA"
      },
      {
        "sector": "Food & Beverage",
        "ticker": "DJUSFB",
        "final_score": 85,
        "urgency": "CRÍTICA",
        "distance_from_min": 6.6,
        "upside_to_max_52w": 14.6,
        "current_price": 712.93,
        "target_price_52w_max": 816.7,
        "insider_activity": false,
        "risk_level": "BAJO",
        "description": "OPORTUNIDAD EXCEPCIONAL: Food & Beverage a solo 6.6% del mínimo con potencial upside de 14.6%",
        "recommendation": "COMPRA INMEDIATA"
      },
      {
        "sector": "Healthcare Equipment",
        "ticker": "DJUSMC",
        "final_score": 80,
        "urgency": "ALTA",
        "distance_from_min": 4.1,
        "upside_to_max_52w": 12.4,
        "current_price": 2276.2,
        "target_price_52w_max": 2559.1,
        "insider_activity": false,
        "risk_level": "BAJO",
        "description": "OPORTUNIDAD SÓLIDA: Healthcare Equipment con score alto y riesgo bajo",
        "recommendation": "CONSIDERAR COMPRA"
      }
    ],
    "insider_activity_analysis": {
      "status": "SIN_ACTIVIDAD",
      "description": "No se detectó actividad insider significativa en los sectores analizados",
      "recommendation": "Monitorear actividad insider en próximos días"
    },
    "risk_reward_analysis": {
      "risk_distribution": {
        "low_risk_count": 30,
        "medium_risk_count": 13,
        "high_risk_count": 0
      },
      "average_upside_low_risk": 8.6,
      "best_risk_reward_opportunities": [
        {
          "sector": "Household Goods",
          "score": 86,
          "upside": 16.0,
          "risk": "BAJO"
        },
        {
          "sector": "Food Producers",
          "score": 85,
          "upside": 17.4,
          "risk": "BAJO"
        },
        {
          "sector": "Beverages",
          "score": 85,
          "upside": 13.5,
          "risk": "BAJO"
        }
      ],
      "recommendation": "ENFOCARSE_BAJO_RIESGO"
    },
    "sector_strength_analysis": [
      {
        "sector_group": "Consumer",
        "strength": "MUY_FUERTE",
        "opportunities_count": 4,
        "average_score": 85.2,
        "critical_opportunities": 4,
        "insider_activity_count": 0,
        "top_sector": "Household Goods"
      },
      {
        "sector_group": "Healthcare",
        "strength": "FUERTE",
        "opportunities_count": 3,
        "average_score": 75.7,
        "critical_opportunities": 0,
        "insider_activity_count": 0,
        "top_sector": "Healthcare Equipment"
      },
      {
        "sector_group": "Industrial",
        "strength": "MODERADO",
        "opportunities_count": 3,
        "average_score": 72.7,
        "critical_opportunities": 0,
        "insider_activity_count": 0,
        "top_sector": "Industrial Transport"
      },
      {
        "sector_group": "Energy",
        "strength": "MODERADO",
        "opportunities_count": 2,
        "average_score": 72.0,
        "critical_opportunities": 0,
        "insider_activity_count": 0,
        "top_sector": "Oil Producers"
      },
      {
        "sector_group": "Financial",
        "strength": "MODERADO",
        "opportunities_count": 3,
        "average_score": 62.0,
        "critical_opportunities": 0,
        "insider_activity_count": 0,
        "top_sector": "Insurance"
      },
      {
        "sector_group": "Technology",
        "strength": "DÉBIL",
        "opportunities_count": 3,
        "average_score": 57.7,
        "critical_opportunities": 0,
        "insider_activity_count": 0,
        "top_sector": "Technology"
      }
    ],
    "timing_analysis": {
      "overall_timing": "EXCELENTE",
      "description": "Timing excepcional: múltiples sectores en sobreventa cerca de mínimos",
      "oversold_count": 10,
      "very_close_to_min_count": 6,
      "overbought_count": 0,
      "recommendation": "ACTUAR_AHORA"
    }
  },
  "summary": {
    "total_opportunities": 43,
    "critical_count": 4,
    "high_urgency_count": 8,
    "with_insider_activity": 0,
    "average_score": 64.6,
    "top_score": "86",
    "low_risk_opportunities": 30,
    "sectors_near_minimum": 6,
    "total_insider_volume_millions": 0.0
  },
  "special_patterns": [],
  "strategic_recommendations": {
    "short_term_strategy": {
      "timeframe": "1-3 meses",
      "focus": "Aprovechar actividad insider y momentum",
      "recommended_sectors": [],
      "allocation_suggestion": "30-40% del capital disponible"
    },
    "medium_term_strategy": {
      "timeframe": "3-12 meses",
      "focus": "Sectores defensivos cerca de mínimos",
      "recommended_sectors": [
        "Household Goods",
        "Food Producers",
        "Beverages",
        "Food & Beverage",
        "Healthcare Equipment"
      ],
      "allocation_suggestion": "40-50% del capital disponible"
    },
    "long_term_strategy": {
      "timeframe": "12+ meses",
      "focus": "Sectores fundamentalmente sólidos",
      "recommended_sectors": [
        "Household Goods",
        "Food Producers",
        "Beverages",
        "Food & Beverage",
        "Healthcare Equipment"
      ],
      "allocation_suggestion": "20-30% del capital disponible"
    }
  },
  "risk_analysis": {
    "distribution": {
      "BAJO": 30,
      "MEDIO": 13
    },
    "low_risk_percentage": 69.8,
    "concentration_risk": "BAJO",
    "diversification_recommendation": "Buena diversificación disponible"
  },
  "upside_calculations": [
    {
      "sector": "Household Goods",
      "current_price": 1059.85,
      "upside_to_52w_max_percent": 16.0,
      "upside_to_52w_avg_percent": 5.1,
      "target_price_max": 1229.25,
      "target_price_avg": 1114.37,
      "risk_adjusted_upside": 16.0
    },
    {
      "sector": "Food Producers",
      "current_price": 392.55,
      "upside_to_52w_max_percent": 17.4,
      "upside_to_52w_avg_percent": 5.5,
      "target_price_max": 460.77,
      "target_price_avg": 414.28,
      "risk_adjusted_upside": 17.4
    },
    {
      "sector": "Beverages",
      "current_price": 943.07,
      "upside_to_52w_max_percent": 13.5,
      "upside_to_52w_avg_percent": 3.2,
      "target_price_max": 1070.16,
      "target_price_avg": 972.78,
      "risk_adjusted_upside": 13.5
    },
    {
      "sector": "Food & Beverage",
      "current_price": 712.93,
      "upside_to_52w_max_percent": 14.6,
      "upside_to_52w_avg_percent": 4.2,
      "target_price_max": 816.7,
      "target_price_avg": 742.74,
      "risk_adjusted_upside": 14.6
    },
    {
      "sector": "Healthcare Equipment",
      "current_price": 2276.2,
      "upside_to_52w_max_percent": 12.4,
      "upside_to_52w_avg_percent": 4.2,
      "target_price_max": 2559.1,
      "target_price_avg": 2372.85,
      "risk_adjusted_upside": 12.4
    },
    {
      "sector": "Healthcare",
      "current_price": 1433.61,
      "upside_to_52w_max_percent": 16.0,
      "upside_to_52w_avg_percent": 4.9,
      "target_price_max": 1663.54,
      "target_price_avg": 1503.85,
      "risk_adjusted_upside": 16.0
    },
    {
      "sector": "Industrial Transport",
      "current_price": 1497.3,
      "upside_to_52w_max_percent": 16.7,
      "upside_to_52w_avg_percent": -0.1,
      "target_price_max": 1746.8,
      "target_price_avg": 1495.15,
      "risk_adjusted_upside": 16.7
    },
    {
      "sector": "Apparel Retail",
      "current_price": 1645.22,
      "upside_to_52w_max_percent": 11.0,
      "upside_to_52w_avg_percent": 0.8,
      "target_price_max": 1826.93,
      "target_price_avg": 1658.86,
      "risk_adjusted_upside": 11.0
    },
    {
      "sector": "Personal Goods",
      "current_price": 1049.97,
      "upside_to_52w_max_percent": 1.9,
      "upside_to_52w_avg_percent": -5.7,
      "target_price_max": 1069.74,
      "target_price_avg": 989.67,
      "risk_adjusted_upside": 1.9
    },
    {
      "sector": "Support Services",
      "current_price": 896.8,
      "upside_to_52w_max_percent": 9.5,
      "upside_to_52w_avg_percent": -2.6,
      "target_price_max": 981.89,
      "target_price_avg": 873.09,
      "risk_adjusted_upside": 9.5
    }
  ],
  "sector_correlations": {
    "sector_groups": {
      "Consumer": 4,
      "Healthcare": 3,
      "Other": 28,
      "Energy": 2,
      "Financial": 3,
      "Technology": 3
    },
    "group_average_scores": {
      "Consumer": 85.2,
      "Healthcare": 75.7,
      "Other": 61.0,
      "Energy": 72.0,
      "Financial": 62.0,
      "Technology": 57.7
    },
    "strongest_sector_group": "Consumer",
    "diversification_available": true
  },
  "trading_alerts": [
    {
      "type": "CRITICAL_OPPORTUNITY",
      "sector": "Household Goods",
      "message": "Oportunidad crítica: Household Goods a 6.0% del mínimo",
      "action": "COMPRAR_INMEDIATAMENTE",
      "score": 86,
      "urgency": "CRÍTICA"
    },
    {
      "type": "CRITICAL_OPPORTUNITY",
      "sector": "Food Producers",
      "message": "Oportunidad crítica: Food Producers a 6.7% del mínimo",
      "action": "COMPRAR_INMEDIATAMENTE",
      "score": 85,
      "urgency": "CRÍTICA"
    },
    {
      "type": "CRITICAL_OPPORTUNITY",
      "sector": "Beverages",
      "message": "Oportunidad crítica: Beverages a 7.7% del mínimo",
      "action": "COMPRAR_INMEDIATAMENTE",
      "score": 85,
      "urgency": "CRÍTICA"
    },
    {
      "type": "CRITICAL_OPPORTUNITY",
      "sector": "Food & Beverage",
      "message": "Oportunidad crítica: Food & Beverage a 6.6% del mínimo",
      "action": "COMPRAR_INMEDIATAMENTE",
      "score": 85,
      "urgency": "CRÍTICA"
    }
  ]
}