Ticker,Sector,CurrentPrice,Min52w,Max52w,DistanceFromMin,RSI,Estado,Classification,DataPoints,AnalysisDate,FileDate,DaysAgo,BaseScore,FinalScore,InsiderActivity,InsiderTrades,InsiderValue,InsiderTickers,Signals,Urgency,RiskLevel,MappingCoverage
DJUSDB,Dow Jones U.S. Brewers Index,531.67,479.19,659.78,10.951814520336391,29.78325276781537,🟡,CERCA,251,2025-07-24 07:49:15,2025-07-24,0,87,87,False,0,0,[],[],CRÍTICA,BAJO,0
DJUSFP,Dow Jones U.S. Food Products Index,565.03,529.4,667.01,6.730260672459387,49.726008149501205,🟢,OPORTUNIDAD,251,2025-07-24 07:49:15,2025-07-24,0,85,85,False,0,0,[],[],CRÍTICA,BAJO,0
DJUSBV,Dow Jones U.S. Beverages Index,951.81,875.4,1070.16,8.728581220013705,47.20484753713844,🟢,OPORTUNIDAD,251,2025-07-24 07:49:15,2025-07-24,0,85,85,False,0,0,[],[],CRÍTICA,BAJO,0
DJUSFB,Dow Jones U.S. Food & Beverage Index,719.54,668.77,816.7,7.591548663965188,48.53496549029822,🟢,OPORTUNIDAD,251,2025-07-24 07:49:15,2025-07-24,0,85,85,False,0,0,[],[],CRÍTICA,BAJO,0
DJUSHC,Dow Jones U.S. Health Care Index,1441.88,1344.15,1663.54,7.270765911542612,48.264525169774686,🟢,OPORTUNIDAD,251,2025-07-24 07:49:15,2025-07-24,0,85,85,False,0,0,[],[],CRÍTICA,BAJO,0
DJUSMU,Dow Jones U.S. Multiutilities Index,281.51,240.88,286.25,16.867319827299898,27.05971277399844,🟡,CERCA,251,2025-07-24 07:49:15,2025-07-24,0,84,84,False,0,0,[],[],ALTA,BAJO,0
DJUSSD,Dow Jones U.S. Soft Drinks Index,918.49,835.84,1016.29,9.88825612557427,47.98094843652932,🟢,OPORTUNIDAD,251,2025-07-24 07:49:15,2025-07-24,0,84,84,False,0,0,[],[],ALTA,BAJO,0
DJUSUT,Dow Jones U.S. Utilities Index,420.03,349.48,427.8,20.18713517225591,29.398207426376544,🟡,CERCA,251,2025-07-24 07:49:15,2025-07-24,0,83,83,False,0,0,[],[],ALTA,BAJO,0
DJUSRA,Dow Jones U.S. Apparel Retailers Index,1684.68,1490.78,1826.93,13.006613987308665,36.50164573117487,🟡,CERCA,251,2025-07-24 07:49:15,2025-07-24,0,80,80,False,0,0,[],[],ALTA,BAJO,0
DJUSPC,Dow Jones U.S. Waste & Disposal Services Index,682.58,602.49,708.03,13.293166691563352,39.09108052046009,🟡,CERCA,251,2025-07-24 07:49:15,2025-07-24,0,80,80,False,0,0,[],[],ALTA,BAJO,0
DJUSHG,Dow Jones U.S. Household Goods & Home Construction Index,1066.51,999.49,1229.25,6.705419764079679,50.89906153735941,🟢,OPORTUNIDAD,251,2025-07-24 07:49:15,2025-07-24,0,79,79,False,0,0,[],[],ALTA,BAJO,0
DJUSPR,Dow Jones U.S. Pharmaceuticals Index,875.0,765.56,1006.37,14.295417733423909,39.416058394160586,🟡,CERCA,251,2025-07-24 07:49:15,2025-07-24,0,79,79,False,0,0,[],[],ALTA,BAJO,0
DJUSFO,Dow Jones U.S. Food Producers Index,395.76,367.79,460.77,7.604883221403509,50.91841093549767,🟢,OPORTUNIDAD,251,2025-07-24 07:49:15,2025-07-24,0,79,79,False,0,0,[],[],ALTA,BAJO,0
DJUSIB,Dow Jones U.S. Insurance Brokers Index,777.26,715.01,891.38,8.706171941651165,53.834461793560834,🟢,OPORTUNIDAD,251,2025-07-24 07:49:15,2025-07-24,0,79,79,False,0,0,[],[],ALTA,BAJO,0
DJUSSR,Dow Jones U.S. Specialty REITs Index,271.98,229.18,287.27,18.67527707478838,31.683168316831484,🟡,CERCA,251,2025-07-24 07:49:15,2025-07-24,0,78,78,False,0,0,[],[],ALTA,BAJO,0
DJUSRI,Dow Jones U.S. Real Estate Investment Trusts Index,150.48,126.8,162.95,18.675078864353303,35.83650190114075,🟡,CERCA,251,2025-07-24 07:49:15,2025-07-24,0,78,78,False,0,0,[],[],ALTA,BAJO,0
DJUSRE,Dow Jones U.S. Real Estate Index,372.8,311.91,396.67,19.521656888204923,34.27007299270065,🟡,CERCA,251,2025-07-24 07:49:15,2025-07-24,0,77,77,False,0,0,[],[],ALTA,BAJO,0
DJUSEU,Dow Jones U.S. Electricity Index,416.64,339.9,425.87,22.57722859664608,31.359545239223124,🟡,CERCA,251,2025-07-24 07:49:15,2025-07-24,0,76,76,False,0,0,[],[],ALTA,BAJO,0
DJUSVE,Dow Jones U.S. Conventional Electricity Index,417.71,340.83,426.99,22.556699821025145,31.309073724007614,🟡,CERCA,251,2025-07-24 07:49:15,2025-07-24,0,76,76,False,0,0,[],[],ALTA,BAJO,0
DJUSHP,Dow Jones U.S. Health Care Providers Index,2328.5,2265.6,3545.2,2.776306497175145,74.28661022264033,🟢,OPORTUNIDAD,251,2025-07-24 07:49:15,2025-07-24,0,75,75,False,0,0,[],[],ALTA,MEDIO,0
DJUSIU,Dow Jones U.S. Reinsurance Index,515.71,467.58,599.38,10.2934257239403,48.34974713867447,🟡,CERCA,251,2025-07-24 07:49:15,2025-07-24,0,75,75,False,0,0,[],[],ALTA,BAJO,0
DJUSMR,Dow Jones U.S. Mortgage REITs Index,30.52,24.64,32.23,23.86363636363636,36.14035087719297,🟡,CERCA,251,2025-07-24 07:49:15,2025-07-24,0,75,75,False,0,0,[],[],ALTA,BAJO,0
DJUSHN,Dow Jones U.S. Nondurable Household Products Index,1243.21,1202.81,1421.48,3.358801473216892,60.3140847374448,🟢,OPORTUNIDAD,251,2025-07-24 07:49:15,2025-07-24,0,75,75,False,0,0,[],[],ALTA,MEDIO,0
DJUSMC,Dow Jones U.S. Health Care Equipment & Services Index,2204.6,2153.3,2559.1,2.3823898202758427,67.7848775292865,🟢,OPORTUNIDAD,251,2025-07-24 07:49:15,2025-07-24,0,75,75,False,0,0,[],[],ALTA,MEDIO,0
DJUSRN,Dow Jones U.S. Residential REITs Index,238.58,212.75,271.87,12.14101057579319,42.70952927669337,🟡,CERCA,251,2025-07-24 07:49:15,2025-07-24,0,74,74,False,0,0,[],[],MEDIA,BAJO,0
DJUSVN,Dow Jones U.S. Distillers & Vintners Index,348.18,309.98,523.8,12.323375701658168,44.09702748177228,🟡,CERCA,251,2025-07-24 07:49:15,2025-07-24,0,74,74,False,0,0,[],[],MEDIA,BAJO,0
DJUSOL,Dow Jones U.S. Integrated Oil & Gas Index,731.86,645.42,807.01,13.392829475380385,48.13527477689054,🟡,CERCA,251,2025-07-24 07:49:15,2025-07-24,0,74,74,False,0,0,[],[],MEDIA,BAJO,0
DJUSHI,Dow Jones U.S. Home Improvement Retailers Index,816.32,705.04,958.3,15.783501645296733,44.86392376065242,🟡,CERCA,251,2025-07-24 07:49:15,2025-07-24,0,73,73,False,0,0,[],[],MEDIA,BAJO,0
DJUSBE,Dow Jones U.S. Business Training & Employment Agencies Index,119.32,104.12,152.72,14.598540145985387,44.02057436776684,🟡,CERCA,251,2025-07-24 07:49:15,2025-07-24,0,73,73,False,0,0,[],[],MEDIA,BAJO,0
DJUSPN,Dow Jones U.S. Pharmaceuticals & Biotechnology Index,1107.89,960.01,1277.87,15.404006208268676,41.51614516756511,🟡,CERCA,251,2025-07-24 07:49:15,2025-07-24,0,73,73,False,0,0,[],[],MEDIA,BAJO,0
DJUSRL,Dow Jones U.S. Retail REITs Index,97.7,83.32,106.75,17.258761401824305,46.93877551020405,🟡,CERCA,251,2025-07-24 07:49:15,2025-07-24,0,72,72,False,0,0,[],[],MEDIA,BAJO,0
DJUSCC,Dow Jones U.S. Commodity Chemicals Index,759.07,647.09,855.73,17.305166205628275,48.59716479621967,🟡,CERCA,251,2025-07-24 07:49:15,2025-07-24,0,72,72,False,0,0,[],[],MEDIA,BAJO,0
DJUSEH,Dow Jones U.S. Real Estate Holding & Development Index,58.08,49.5,72.61,17.333333333333332,42.24270353302614,🟡,CERCA,251,2025-07-24 07:49:15,2025-07-24,0,72,72,False,0,0,[],[],MEDIA,BAJO,0
DJUSIS,Dow Jones U.S. Support Services Index,891.93,764.29,981.89,16.700467100184486,49.248373345299576,🟡,CERCA,251,2025-07-24 07:49:15,2025-07-24,0,72,72,False,0,0,[],[],MEDIA,BAJO,0
DJUSBT,Dow Jones U.S. Biotechnology Index,2682.5,2297.4,3119.9,16.76242709149473,44.15920398009953,🟡,CERCA,251,2025-07-24 07:49:15,2025-07-24,0,72,72,False,0,0,[],[],MEDIA,BAJO,0
DJUSCS,Dow Jones U.S. Specialized Consumer Services Index,2765.3,2537.0,3402.3,8.998817500985423,80.33088235294113,🟢,OPORTUNIDAD,251,2025-07-24 07:49:15,2025-07-24,0,72,72,False,0,0,[],[],MEDIA,MEDIO,0
DJUSWU,Dow Jones U.S. Water Index,2867.6,2432.7,3135.8,17.877255724092578,43.492769744160206,🟡,CERCA,251,2025-07-24 07:49:15,2025-07-24,0,72,72,False,0,0,[],[],MEDIA,BAJO,0
DJUSMS,Dow Jones U.S. Medical Supplies Index,1716.98,1469.4,1749.93,16.849054035660807,46.09315347416645,🟡,CERCA,251,2025-07-24 07:49:15,2025-07-24,0,72,72,False,0,0,[],[],MEDIA,BAJO,0
DJUSDT,Dow Jones U.S. Diversified REITs Index,54.53,45.49,56.83,19.872499450428663,49.37062937062935,🟡,CERCA,251,2025-07-24 07:49:15,2025-07-24,0,71,71,False,0,0,[],[],MEDIA,BAJO,0
DJUSSP,Dow Jones U.S. Specialty Finance Index,730.09,603.52,803.35,20.971964475079545,45.4230835784737,🟡,CERCA,251,2025-07-24 07:49:15,2025-07-24,0,71,71,False,0,0,[],[],MEDIA,BAJO,0
DJUSIT,Dow Jones U.S. Industrial Transportation Index,1499.4,1243.5,1746.8,20.579010856453568,49.75186104218356,🟡,CERCA,251,2025-07-24 07:49:15,2025-07-24,0,71,71,False,0,0,[],[],MEDIA,BAJO,0
DJUSRR,Dow Jones U.S. Railroads Index,3423.7,2788.9,3607.9,22.76166230413424,42.54658385093177,🟡,CERCA,251,2025-07-24 07:49:15,2025-07-24,0,70,70,False,0,0,[],[],MEDIA,BAJO,0
DJUSFR,Dow Jones U.S. Forestry & Paper Index,865.13,703.58,952.75,22.961141590153208,49.931412894375846,🟡,CERCA,251,2025-07-24 07:49:15,2025-07-24,0,70,70,False,0,0,[],[],MEDIA,BAJO,0
DJUSCP,Dow Jones U.S. Containers & Packaging Index,488.08,397.01,541.01,22.938968791718093,42.04837879567682,🟡,CERCA,251,2025-07-24 07:49:15,2025-07-24,0,70,70,False,0,0,[],[],MEDIA,BAJO,0
DJUSIX,Dow Jones U.S. Nonlife Insurance Index,1325.97,1196.69,1458.15,10.80313197235708,54.47446617372678,🟡,CERCA,251,2025-07-24 07:49:15,2025-07-24,0,69,69,False,0,0,[],[],MEDIA,BAJO,0
DJUSIR,Dow Jones U.S. Insurance Index,1333.44,1203.09,1458.0,10.834600902675623,54.698593902269245,🟡,CERCA,251,2025-07-24 07:49:15,2025-07-24,0,69,69,False,0,0,[],[],MEDIA,BAJO,0
DJUSDN,Dow Jones U.S. Defense Index,743.85,598.11,775.57,24.366755279129254,44.48921545389899,🟡,CERCA,251,2025-07-24 07:49:15,2025-07-24,0,69,69,False,0,0,[],[],MEDIA,BAJO,0
DJUSOI,Dow Jones U.S. Oil Equipment & Services Index,247.31,198.86,306.45,24.363874082268925,44.43919344675488,🟡,CERCA,251,2025-07-24 07:49:15,2025-07-24,0,69,69,False,0,0,[],[],MEDIA,BAJO,0
DJUSIV,Dow Jones U.S. Business Support Services Index,1237.85,1092.82,1443.42,13.271170000549038,57.1570881226054,🟡,CERCA,251,2025-07-24 07:49:15,2025-07-24,0,68,68,False,0,0,[],[],MEDIA,BAJO,0
DJUSGU,Dow Jones U.S. Gas Distribution Index,366.46,290.01,375.77,26.361159960001373,26.058394160584115,🔴,FUERTE,251,2025-07-24 07:49:15,2025-07-24,0,68,68,False,0,0,[],[],MEDIA,BAJO,0
DJUSIP,Dow Jones U.S. Property & Casualty Insurance Index,1904.63,1670.76,2065.57,13.997821350762536,54.78667396706393,🟡,CERCA,251,2025-07-24 07:49:15,2025-07-24,0,67,67,False,0,0,[],[],MEDIA,BAJO,0
DJUSIL,Dow Jones U.S. Life Insurance Index,1234.45,1077.94,1380.29,14.519361003395364,54.41863214517944,🟡,CERCA,251,2025-07-24 07:49:15,2025-07-24,0,67,67,False,0,0,[],[],MEDIA,BAJO,0
DJUSNG,Dow Jones U.S. Personal & Household Goods Index,1050.44,909.61,1069.74,15.482459515616586,51.2972474647702,🟡,CERCA,251,2025-07-24 07:49:15,2025-07-24,0,67,67,False,0,0,[],[],MEDIA,BAJO,0
DJUSOG,Dow Jones U.S. Oil & Gas Producers,829.11,707.01,914.32,17.26991131667162,50.28810020876824,🟡,CERCA,251,2025-07-24 07:49:15,2025-07-24,0,66,66,False,0,0,[],[],MEDIA,BAJO,0
DJUSAM,Dow Jones U.S. Medical Equipment Index,2974.9,2553.2,3151.1,16.516528278239086,56.53710247349817,🟡,CERCA,251,2025-07-24 07:49:15,2025-07-24,0,66,66,False,0,0,[],[],MEDIA,BAJO,0
DJUSAF,Dow Jones U.S. Delivery Services Index,1086.1,916.9,1383.0,18.45348456756461,54.05572755417962,🟡,CERCA,251,2025-07-24 07:49:15,2025-07-24,0,66,66,False,0,0,[],[],MEDIA,BAJO,0
DJUSEN,Dow Jones U.S. Oil & Gas Index,729.25,623.85,813.7,16.89508696000641,51.573408883942136,🟡,CERCA,251,2025-07-24 07:49:15,2025-07-24,0,66,66,False,0,0,[],[],MEDIA,BAJO,0
DJUSWC,Dow Jones U.S. Mobile Telecommunications Index,407.09,344.98,458.56,18.003942257522162,56.997084548104965,🟡,CERCA,251,2025-07-24 07:49:15,2025-07-24,0,66,66,False,0,0,[],[],MEDIA,BAJO,0
DJUSFA,Dow Jones U.S. Financial Administration Index,606.89,517.54,685.16,17.264366039339958,53.4878487848785,🟡,CERCA,251,2025-07-24 07:49:15,2025-07-24,0,66,66,False,0,0,[],[],MEDIA,BAJO,0
DJUSFD,Dow Jones U.S. Food Retailers & Wholesalers Index,1339.11,983.01,1346.72,36.22547074800866,29.25624636839042,🔴,FUERTE,251,2025-07-24 07:49:15,2025-07-24,0,65,65,False,0,0,[],[],MEDIA,BAJO,0
DJUSTK,Dow Jones U.S. Trucking Index,1502.34,1244.48,2071.67,20.720300848547176,52.65797014025036,🟡,CERCA,251,2025-07-24 07:49:15,2025-07-24,0,65,65,False,0,0,[],[],MEDIA,BAJO,0
DJUSRH,Dow Jones U.S. Real Estate Investment & Services,741.45,545.51,742.6,35.91868160070394,28.25686293529928,🔴,FUERTE,251,2025-07-24 07:49:15,2025-07-24,0,65,65,False,0,0,[],[],MEDIA,BAJO,0
DJUSOS,Dow Jones U.S. Exploration & Production Index,1011.54,821.29,1129.57,23.164777362442013,53.2293080054274,🟡,CERCA,251,2025-07-24 07:49:15,2025-07-24,0,64,64,False,0,0,[],[],MEDIA,BAJO,0
DJUSES,Dow Jones U.S. Real Estate Services Index,354.22,259.71,354.8,36.3905895036772,28.145762029393996,🔴,FUERTE,251,2025-07-24 07:49:15,2025-07-24,0,64,64,False,0,0,[],[],MEDIA,BAJO,0
DJUSRP,Dow Jones U.S. Recreational Products Index,385.43,305.34,511.66,26.229776642431403,35.42952064546749,🔴,FUERTE,251,2025-07-24 07:49:15,2025-07-24,0,63,63,False,0,0,[],[],MEDIA,BAJO,0
DJUSAE,Dow Jones U.S. Aerospace & Defense Index,2720.8,1861.2,2730.8,46.1852568235547,24.625043599581343,🔴,FUERTE,251,2025-07-24 07:49:15,2025-07-24,0,61,61,False,0,0,[],[],MEDIA,MEDIO,0
DJUSCM,Dow Jones U.S. Personal Products Index,445.11,345.1,483.97,28.98000579542161,37.94790617355014,🔴,FUERTE,251,2025-07-24 07:49:15,2025-07-24,0,61,61,False,0,0,[],[],MEDIA,BAJO,0
DJUSBD,Dow Jones U.S. Building Materials & Fixtures Index,2448.7,1876.9,2557.1,30.46512866961477,35.39659006671607,🔴,FUERTE,251,2025-07-24 07:49:15,2025-07-24,0,61,61,False,0,0,[],[],MEDIA,BAJO,0
DJUSPG,Sector PG,565.7,426.49,649.12,32.64085910572347,39.12983425414362,🔴,FUERTE,251,2025-07-24 07:49:15,2025-07-24,0,60,60,False,0,0,[],[],MEDIA,BAJO,0
DJUSMF,Dow Jones U.S. Mortgage Finance Index,11.7,9.98,12.71,17.23446893787574,60.08968609865474,🟡,CERCA,251,2025-07-24 07:49:15,2025-07-24,0,60,60,False,0,0,[],[],MEDIA,MEDIO,0
DJUSCA,Dow Jones U.S. Gambling Index,752.58,513.6,765.15,46.5303738317757,28.01926826470921,🔴,FUERTE,251,2025-07-24 07:49:15,2025-07-24,0,60,60,False,0,0,[],[],MEDIA,MEDIO,0
DJUSDS,Dow Jones U.S. Industrial Suppliers Index,930.23,683.22,966.01,36.15380111823424,32.51249432076331,🔴,FUERTE,251,2025-07-24 07:49:15,2025-07-24,0,59,59,False,0,0,[],[],BAJA,BAJO,0
DJUSFH,Dow Jones U.S. Furnishings Index,428.66,319.67,430.04,34.09453498920762,36.1956047154708,🔴,FUERTE,251,2025-07-24 07:49:15,2025-07-24,0,59,59,False,0,0,[],[],BAJA,BAJO,0
DJUSIG,Dow Jones U.S. Industrial Goods & Services Index,1471.18,1094.74,1471.74,34.38624696274915,32.23064744604609,🔴,FUERTE,251,2025-07-24 07:49:15,2025-07-24,0,59,59,False,0,0,[],[],BAJA,BAJO,0
DJUSHL,Dow Jones U.S. Hotel & Lodging REITs Index,88.33,65.02,103.03,35.85050753614273,39.5050412465628,🔴,FUERTE,251,2025-07-24 07:49:15,2025-07-24,0,59,59,False,0,0,[],[],BAJA,BAJO,0
DJUSTC,Dow Jones U.S. Technology Index,7735.1,5115.5,7804.8,51.20907047209462,28.417818740399422,🔴,FUERTE,251,2025-07-24 07:49:15,2025-07-24,0,59,59,False,0,0,[],[],BAJA,MEDIO,0
DJUSAV,Dow Jones U.S. Media Agencies Index,532.46,346.44,702.93,53.69472347304007,21.539061484466387,🔴,FUERTE,251,2025-07-24 07:49:15,2025-07-24,0,58,58,False,0,0,[],[],BAJA,MEDIO,0
DJUSPB,Dow Jones U.S. Publishing Index,809.81,663.16,852.97,22.11381868628988,65.0321074138937,🟡,CERCA,251,2025-07-24 07:49:15,2025-07-24,0,58,58,False,0,0,[],[],BAJA,MEDIO,0
DJUSDR,Dow Jones U.S. Food & Drug Retailers Index,1611.43,1174.85,1615.62,37.16048857300934,35.83754208754213,🔴,FUERTE,251,2025-07-24 07:49:15,2025-07-24,0,58,58,False,0,0,[],[],BAJA,BAJO,0
DJUSCN,Dow Jones U.S. Construction & Materials Index,2041.64,1484.39,2065.78,37.5406732731964,32.65296782755941,🔴,FUERTE,251,2025-07-24 07:49:15,2025-07-24,0,58,58,False,0,0,[],[],BAJA,BAJO,0
DJUSHR,Dow Jones U.S. Commercial Vehicles & Trucks Index,5450.5,3916.0,5456.5,39.18539325842696,37.76464118779216,🔴,FUERTE,251,2025-07-24 07:49:15,2025-07-24,0,57,57,False,0,0,[],[],BAJA,BAJO,0
DJUSNS,Dow Jones U.S. Internet Index,5422.6,3842.4,5640.3,41.12533833021029,30.179372197309437,🔴,FUERTE,251,2025-07-24 07:49:15,2025-07-24,0,57,57,False,0,0,[],[],BAJA,MEDIO,0
DJUSCH,Dow Jones U.S. Chemicals Index,2026.69,1424.81,2050.51,42.2428253591707,38.69923857868018,🔴,FUERTE,251,2025-07-24 07:49:15,2025-07-24,0,56,56,False,0,0,[],[],BAJA,MEDIO,0
DJUSAS,Dow Jones U.S. Aerospace Index,2967.2,1883.9,2969.8,57.50305217899038,18.10371279533601,🔴,FUERTE,251,2025-07-24 07:49:15,2025-07-24,0,56,56,False,0,0,[],[],BAJA,MEDIO,0
DJUSIO,Dow Jones U.S. Industrial & Office REITs Index,100.26,79.12,119.27,26.71890798786653,43.32822085889567,🔴,FUERTE,251,2025-07-24 07:49:15,2025-07-24,0,56,56,False,0,0,[],[],BAJA,BAJO,0
DJUSCR,Dow Jones U.S. Computer Hardware Index,10759.9,8364.8,12829.5,28.63308148431523,44.53077576787663,🔴,FUERTE,251,2025-07-24 07:49:15,2025-07-24,0,56,56,False,0,0,[],[],BAJA,BAJO,0
DJUSFE,Dow Jones U.S. Industrial Machinery Index,1245.11,969.18,1325.15,28.470459563754925,48.494499131441856,🔴,FUERTE,251,2025-07-24 07:49:15,2025-07-24,0,56,56,False,0,0,[],[],BAJA,BAJO,0
DJUSGI,Dow Jones U.S. General Industrials Index,774.41,613.23,783.86,26.283776070968468,47.923875432525946,🔴,FUERTE,251,2025-07-24 07:49:15,2025-07-24,0,56,56,False,0,0,[],[],BAJA,BAJO,0
DJUSCT,Dow Jones U.S. Telecommunications Equipment Index,2351.79,1652.5,2356.15,42.31709531013615,32.43516645208753,🔴,FUERTE,251,2025-07-24 07:49:15,2025-07-24,0,56,56,False,0,0,[],[],BAJA,MEDIO,0
DJUSSV,Dow Jones U.S. Software & Computer Services Index,7926.8,5509.7,7961.7,43.869902172532086,31.514347321280496,🔴,FUERTE,251,2025-07-24 07:49:15,2025-07-24,0,55,55,False,0,0,[],[],BAJA,MEDIO,0
DJUSAI,Dow Jones U.S. Electronic Equipment Index,1452.79,913.78,1495.57,58.986845849110296,29.949874686716868,🔴,FUERTE,251,2025-07-24 07:49:15,2025-07-24,0,55,55,False,0,0,[],[],BAJA,MEDIO,0
DJUSHB,Dow Jones U.S. Home Construction Index,2434.25,1872.38,3170.03,30.008331642081192,40.45782890296271,🔴,FUERTE,251,2025-07-24 07:49:15,2025-07-24,0,55,55,False,0,0,[],[],BAJA,BAJO,0
DJUSST,Dow Jones U.S. Iron & Steel Index,608.4,416.26,642.02,46.15865084322298,35.88888888888887,🔴,FUERTE,251,2025-07-24 07:49:15,2025-07-24,0,55,55,False,0,0,[],[],BAJA,MEDIO,0
DJUSIQ,Dow Jones U.S. Industrial Engineering Index,4429.8,3318.0,4522.4,33.50813743218807,42.25812656280053,🔴,FUERTE,251,2025-07-24 07:49:15,2025-07-24,0,54,54,False,0,0,[],[],BAJA,BAJO,0
DJUSSW,Dow Jones U.S. Software Index,8456.6,5758.2,8516.8,46.861866555520834,33.63550263834388,🔴,FUERTE,251,2025-07-24 07:49:15,2025-07-24,0,54,54,False,0,0,[],[],BAJA,MEDIO,0
DJUSME,Dow Jones U.S. Media Index,901.01,662.35,936.97,36.03230920208348,40.874428063040135,🔴,FUERTE,251,2025-07-24 07:49:15,2025-07-24,0,53,53,False,0,0,[],[],BAJA,BAJO,0
DJUSBC,Dow Jones U.S. Broadcasting & Entertainment Index,1291.0,962.0,1293.1,34.1995841995842,44.90339773484346,🔴,FUERTE,251,2025-07-24 07:49:15,2025-07-24,0,53,53,False,0,0,[],[],BAJA,BAJO,0
DJUSAG,Dow Jones U.S. Asset Managers Index,408.5,273.77,416.27,49.21284289732258,34.087280468334214,🔴,FUERTE,251,2025-07-24 07:49:15,2025-07-24,0,53,53,False,0,0,[],[],BAJA,MEDIO,0
DJUSRT,Dow Jones U.S. Retail Index,3101.7,2288.1,3175.9,35.55788645601153,45.79476861167008,🔴,FUERTE,251,2025-07-24 07:49:15,2025-07-24,0,53,53,False,0,0,[],[],BAJA,BAJO,0
DJUSFI,Dow Jones U.S. Financial Services Index,2457.9,1812.0,2459.9,35.645695364238414,43.2764775882586,🔴,FUERTE,251,2025-07-24 07:49:15,2025-07-24,0,53,53,False,0,0,[],[],BAJA,BAJO,0
DJUSGT,Dow Jones U.S. General Retailers Index,3449.6,2540.2,3560.4,35.80033068262342,46.52631578947374,🔴,FUERTE,251,2025-07-24 07:49:15,2025-07-24,0,53,53,False,0,0,[],[],BAJA,BAJO,0
DJUSGF,Dow Jones U.S. Financial Services Index,2754.9,2031.0,2757.2,35.64254062038405,43.28728303223524,🔴,FUERTE,251,2025-07-24 07:49:15,2025-07-24,0,53,53,False,0,0,[],[],BAJA,BAJO,0
DJUSRB,Dow Jones U.S. Broadline Retailers Index,4764.6,3388.9,5034.6,40.59429313346514,40.55399264228516,🔴,FUERTE,251,2025-07-24 07:49:15,2025-07-24,0,51,51,False,0,0,[],[],BAJA,MEDIO,0
DJUSFT,Dow Jones U.S. Footwear Index,1647.8,1186.7,2012.4,38.85565012218757,47.88248760015262,🔴,FUERTE,251,2025-07-24 07:49:15,2025-07-24,0,51,51,False,0,0,[],[],BAJA,BAJO,0
DJUSAT,Dow Jones U.S. Auto Parts Index,401.29,288.25,436.25,39.21595836947096,43.46928239545688,🔴,FUERTE,251,2025-07-24 07:49:15,2025-07-24,0,51,51,False,0,0,[],[],BAJA,BAJO,0
DJUSLE,Dow Jones U.S. Leisure Goods Index,1079.49,701.73,1102.42,53.83267068530632,32.311811960725976,🔴,FUERTE,251,2025-07-24 07:49:15,2025-07-24,0,51,51,False,0,0,[],[],BAJA,MEDIO,0
DJUSHV,Dow Jones U.S. Heavy Construction Index,1954.71,1138.85,1954.71,71.63893401238093,28.929649407940587,🔴,FUERTE,251,2025-07-24 07:49:15,2025-07-24,0,50,50,False,0,0,[],[],BAJA,MEDIO,0
DJUSEE,Dow Jones U.S. Electronic & Electrical Equipment Index,1115.46,643.85,1119.99,73.24842742874893,17.553318005232725,🔴,FUERTE,251,2025-07-24 07:49:15,2025-07-24,0,50,50,False,0,0,[],[],BAJA,MEDIO,0
DJUSRU,Dow Jones U.S. Restaurants & Bars Index,3130.4,2472.2,3265.8,26.62405954210826,51.653696498054416,🔴,FUERTE,251,2025-07-24 07:49:15,2025-07-24,0,50,50,False,0,0,[],[],BAJA,BAJO,0
DJUSTL,Dow Jones U.S. Telecommunications Index,184.83,143.8,199.75,28.5326842837274,58.50840336134448,🔴,FUERTE,251,2025-07-24 07:49:15,2025-07-24,0,50,50,False,0,0,[],[],BAJA,BAJO,0
DJUSID,Dow Jones U.S. Diversified Industrials Index,988.91,767.22,1017.95,28.8952321368056,54.1559353781316,🔴,FUERTE,251,2025-07-24 07:49:15,2025-07-24,0,49,49,False,0,0,[],[],BAJA,BAJO,0
DJUSTR,Dow Jones U.S. Tires Index,8475.2,5326.7,8598.7,59.10789043873319,32.061068702290044,🔴,FUERTE,251,2025-07-24 07:49:15,2025-07-24,0,49,49,False,0,0,[],[],BAJA,MEDIO,0
DJUSBK,Dow Jones U.S. Banks Index,755.05,520.01,755.67,45.199130785946416,43.29963432996347,🔴,FUERTE,251,2025-07-24 07:49:15,2025-07-24,0,49,49,False,0,0,[],[],BAJA,MEDIO,0
DJUSCX,Dow Jones U.S. Specialty Chemicals Index,1122.35,863.05,1218.81,30.04460923469092,51.50067504413756,🔴,FUERTE,251,2025-07-24 07:49:15,2025-07-24,0,49,49,False,0,0,[],[],BAJA,BAJO,0
DJUSTQ,Dow Jones U.S. Technology Hardware & Equipment Index,8475.2,5326.7,8598.7,59.10789043873319,32.061068702290044,🔴,FUERTE,251,2025-07-24 07:49:15,2025-07-24,0,49,49,False,0,0,[],[],BAJA,MEDIO,0
DJUSBS,Dow Jones U.S. Basic Resources Index,399.74,274.91,404.44,45.40758793787057,44.82523444160274,🔴,FUERTE,251,2025-07-24 07:49:15,2025-07-24,0,49,49,False,0,0,[],[],BAJA,MEDIO,0
DJUSLG,Dow Jones U.S. Hotels Index,4288.3,3245.4,4663.6,32.13471374869046,54.55506235468183,🔴,FUERTE,251,2025-07-24 07:49:15,2025-07-24,0,48,48,False,0,0,[],[],BAJA,BAJO,0
DJUSSB,Dow Jones U.S. Investment Services Index,2966.3,2026.7,3012.5,46.3610795875068,44.36930314613347,🔴,FUERTE,251,2025-07-24 07:49:15,2025-07-24,0,48,48,False,0,0,[],[],BAJA,MEDIO,0
DJUSAR,Dow Jones U.S. Airlines Index,225.96,126.73,259.72,78.3003235224493,25.34258764904789,🔴,FUERTE,251,2025-07-24 07:49:15,2025-07-24,0,48,48,False,0,0,[],[],BAJA,MEDIO,0
DJUSAL,Dow Jones U.S. Aluminum Index,109.66,73.62,163.19,48.9540885628905,47.14697406340059,🔴,FUERTE,251,2025-07-24 07:49:15,2025-07-24,0,47,47,False,0,0,[],[],BAJA,MEDIO,0
DJUSEC,Dow Jones U.S. Electrical Components & Equipment Index,1010.65,562.61,1010.92,79.63598229679528,17.036925848093617,🔴,FUERTE,251,2025-07-24 07:49:15,2025-07-24,0,47,47,False,0,0,[],[],BAJA,MEDIO,0
DJUSAP,Dow Jones U.S. Automobiles & Parts Index,1270.7,768.67,1748.7,65.31151209231531,39.67179711094133,🔴,FUERTE,251,2025-07-24 07:49:15,2025-07-24,0,47,47,False,0,0,[],[],BAJA,MEDIO,0
DJUSIM,Dow Jones U.S. Industrial Metals & Mining Index,527.68,350.58,568.14,50.51628729533915,46.09826589595378,🔴,FUERTE,251,2025-07-24 07:49:15,2025-07-24,0,47,47,False,0,0,[],[],BAJA,MEDIO,0
DJUSRD,Dow Jones U.S. Drug Retailers Index,1161.02,830.4,1209.83,39.814547206165706,52.770800627943466,🔴,FUERTE,251,2025-07-24 07:49:15,2025-07-24,0,45,45,False,0,0,[],[],BAJA,BAJO,0
DJUSSF,Dow Jones U.S. Consumer Finance Index,782.9,563.33,801.93,38.977153710968686,50.86860778076834,🔴,FUERTE,251,2025-07-24 07:49:15,2025-07-24,0,45,45,False,0,0,[],[],BAJA,BAJO,0
DJUSMT,Dow Jones U.S. Marine Transportation Index,384.12,275.54,433.97,39.40625680481962,51.43461900282216,🔴,FUERTE,251,2025-07-24 07:49:15,2025-07-24,0,45,45,False,0,0,[],[],BAJA,BAJO,0
DJUSTY,Dow Jones U.S. Toys Index,1758.27,1033.39,1813.11,70.1458307125093,36.00702129283373,🔴,FUERTE,251,2025-07-24 07:49:15,2025-07-24,0,45,45,False,0,0,[],[],BAJA,MEDIO,0
DJUSAU,Dow Jones U.S. Automobiles Index,1147.95,666.09,1613.6,72.3415754627753,39.760058635188805,🔴,FUERTE,251,2025-07-24 07:49:15,2025-07-24,0,44,44,False,0,0,[],[],BAJA,MEDIO,0
DJUSHD,Dow Jones U.S. Durable Household Products Index,148.58,94.51,179.28,57.21087715585653,43.51732991014118,🔴,FUERTE,251,2025-07-24 07:49:15,2025-07-24,0,44,44,False,0,0,[],[],BAJA,MEDIO,0
DJUSPL,Dow Jones U.S. Pipelines Index,1032.91,801.91,1229.95,28.80622513748427,64.51341194764804,🔴,FUERTE,251,2025-07-24 07:49:15,2025-07-24,0,43,43,False,0,0,[],[],BAJA,MEDIO,0
DJUSTT,Dow Jones U.S. Travel & Tourism Index,1378.35,861.39,1425.35,60.01462752063525,47.99917491749176,🔴,FUERTE,251,2025-07-24 07:49:15,2025-07-24,0,43,43,False,0,0,[],[],BAJA,MEDIO,0
DJUSFC,Dow Jones U.S. Fixed Line Telecommunications Index,164.31,111.04,172.38,47.97370317002881,59.62732919254657,🔴,FUERTE,251,2025-07-24 07:49:15,2025-07-24,0,42,42,False,0,0,[],[],BAJA,MEDIO,0
DJUSDV,Dow Jones U.S. Computer Services Index,288.73,219.72,304.29,31.408155834698714,68.07628524046433,🔴,FUERTE,251,2025-07-24 07:49:15,2025-07-24,0,42,42,False,0,0,[],[],BAJA,MEDIO,0
DJUSMG,Dow Jones U.S. Mining Index,142.69,84.25,144.68,69.36498516320474,45.673227116526064,🔴,FUERTE,251,2025-07-24 07:49:15,2025-07-24,0,39,39,False,0,0,[],[],BAJA,MEDIO,0
DJUSPM,Dow Jones U.S. Gold Mining Index,160.63,94.85,162.88,69.35160780179231,45.66907273736813,🔴,FUERTE,251,2025-07-24 07:49:15,2025-07-24,0,39,39,False,0,0,[],[],BAJA,MEDIO,0
DJUSSC,Dow Jones U.S. Semiconductors Index,24115.3,12938.1,24655.7,86.38980994118145,31.1708043392385,🔴,FUERTE,251,2025-07-24 07:49:15,2025-07-24,0,38,38,False,0,0,[],[],BAJA,MEDIO,0
DJUSTB,Dow Jones U.S. Tobacco Index,1105.42,782.1,1210.02,41.339982099475776,61.58279257612195,🔴,FUERTE,251,2025-07-24 07:49:15,2025-07-24,0,38,38,False,0,0,[],[],BAJA,ALTO,0
DJUSNF,Dow Jones U.S. Nonferrous Metals Index,599.82,372.55,702.28,61.00389209502081,54.5809397554868,🔴,FUERTE,251,2025-07-24 07:49:15,2025-07-24,0,37,37,False,0,0,[],[],BAJA,MEDIO,0
DJUSRQ,Dow Jones U.S. Recreational Services Index,206.9,95.65,208.22,116.30946157867224,30.940675188462805,🔴,FUERTE,251,2025-07-24 07:49:15,2025-07-24,0,33,33,False,0,0,[],[],BAJA,MEDIO,0
DJUSRS,Dow Jones U.S. Specialty Retailers Index,4580.3,2840.4,4884.3,61.25545697789045,63.676029451868,🔴,FUERTE,251,2025-07-24 07:49:15,2025-07-24,0,30,30,False,0,0,[],[],BAJA,ALTO,0
