Ticker,Sector,CurrentPrice,Min52w,Max52w,DistanceFromMin,RSI,Estado,Classification,DataPoints,AnalysisDate,FileDate,DaysAgo,BaseScore,FinalScore,InsiderActivity,InsiderTrades,InsiderValue,InsiderTickers,Signals,Urgency,RiskLevel,MappingCoverage
DJUSFB,Dow Jones U.S. Food & Beverage Index,717.2,668.77,783.54,7.2416525860908925,27.73656320968955,🟢,OPORTUNIDAD,251,2025-10-23 07:44:00,2025-10-23,0,97,97,False,0,0,[],[],CRÍTICA,BAJO,0
DJUSFO,Dow Jones U.S. Food Producers Index,378.53,367.79,436.28,2.9201446477609374,48.35880022637242,🟢,OPORTUNIDAD,251,2025-10-23 07:44:00,2025-10-23,0,87,87,False,0,0,[],[],CRÍTICA,BAJO,0
DJUSBV,Dow Jones U.S. Beverages Index,969.4,875.4,1029.92,10.737948366461046,25.323412530650216,🟡,CERCA,251,2025-10-23 07:44:00,2025-10-23,0,87,87,False,0,0,[],[],CRÍTICA,BAJO,0
DJUSHN,Dow Jones U.S. Nondurable Household Products Index,1177.68,1140.99,1420.24,3.215628533115983,49.84251363601441,🟢,OPORTUNIDAD,251,2025-10-23 07:44:00,2025-10-23,0,87,87,False,0,0,[],[],CRÍTICA,BAJO,0
DJUSSD,Dow Jones U.S. Soft Drinks Index,948.17,835.84,975.53,13.439174961715151,24.595005062436726,🟡,CERCA,251,2025-10-23 07:44:00,2025-10-23,0,86,86,False,0,0,[],[],CRÍTICA,BAJO,0
DJUSVN,Dow Jones U.S. Distillers & Vintners Index,285.27,268.56,494.0,6.222073279714023,49.50819672131149,🟢,OPORTUNIDAD,251,2025-10-23 07:44:00,2025-10-23,0,86,86,False,0,0,[],[],CRÍTICA,BAJO,0
DJUSRN,Dow Jones U.S. Residential REITs Index,221.08,212.75,264.7,3.915393654524095,48.86943836615609,🟢,OPORTUNIDAD,251,2025-10-23 07:44:00,2025-10-23,0,86,86,False,0,0,[],[],CRÍTICA,BAJO,0
DJUSDB,Dow Jones U.S. Brewers Index,475.62,447.85,659.78,6.200736853857314,46.23287671232875,🟢,OPORTUNIDAD,251,2025-10-23 07:44:00,2025-10-23,0,86,86,False,0,0,[],[],CRÍTICA,BAJO,0
DJUSCM,Dow Jones U.S. Personal Products Index,371.5,345.1,458.91,7.649956534337867,48.21945976259463,🟢,OPORTUNIDAD,251,2025-10-23 07:44:00,2025-10-23,0,85,85,False,0,0,[],[],CRÍTICA,BAJO,0
DJUSMT,Dow Jones U.S. Marine Transportation Index,280.89,261.01,433.97,7.616566415079881,43.406000431685705,🟢,OPORTUNIDAD,251,2025-10-23 07:44:00,2025-10-23,0,85,85,False,0,0,[],[],CRÍTICA,BAJO,0
DJUSCP,Dow Jones U.S. Containers & Packaging Index,435.83,397.01,541.01,9.778091231958893,48.132701421800974,🟢,OPORTUNIDAD,251,2025-10-23 07:44:00,2025-10-23,0,84,84,False,0,0,[],[],ALTA,BAJO,0
DJUSMS,Dow Jones U.S. Medical Supplies Index,1752.14,1472.69,1756.33,18.9754802436358,29.235801367826284,🟡,CERCA,251,2025-10-23 07:44:00,2025-10-23,0,83,83,False,0,0,[],[],ALTA,BAJO,0
DJUSWU,Dow Jones U.S. Water Index,2977.1,2432.7,3135.8,22.378427261890085,28.554832713754664,🟡,CERCA,251,2025-10-23 07:44:00,2025-10-23,0,82,82,False,0,0,[],[],ALTA,BAJO,0
DJUSBE,Dow Jones U.S. Business Training & Employment Agencies Index,106.67,104.12,152.72,2.449097195543601,54.16116248348741,🟢,OPORTUNIDAD,251,2025-10-23 07:44:00,2025-10-23,0,81,81,False,0,0,[],[],ALTA,BAJO,0
DJUSFP,Dow Jones U.S. Food Products Index,529.2,518.27,630.31,2.108939355934178,53.930700447093805,🟢,OPORTUNIDAD,251,2025-10-23 07:44:00,2025-10-23,0,81,81,False,0,0,[],[],ALTA,BAJO,0
DJUSFA,Dow Jones U.S. Financial Administration Index,549.08,532.41,685.16,3.131045622734373,52.78619724877593,🟢,OPORTUNIDAD,251,2025-10-23 07:44:00,2025-10-23,0,81,81,False,0,0,[],[],ALTA,BAJO,0
DJUSCS,Dow Jones U.S. Specialized Consumer Services Index,2706.4,2651.3,3402.3,2.0782257760343947,52.014250479583424,🟢,OPORTUNIDAD,251,2025-10-23 07:44:00,2025-10-23,0,81,81,False,0,0,[],[],ALTA,BAJO,0
DJUSHG,Dow Jones U.S. Household Goods & Home Construction Index,1033.49,999.49,1216.79,3.401734884791244,56.12182116488927,🟢,OPORTUNIDAD,251,2025-10-23 07:44:00,2025-10-23,0,81,81,False,0,0,[],[],ALTA,BAJO,0
DJUSMC,Dow Jones U.S. Health Care Equipment & Services Index,2367.9,2083.0,2553.7,13.677388382141148,34.93681206685693,🟡,CERCA,251,2025-10-23 07:44:00,2025-10-23,0,80,80,False,0,0,[],[],ALTA,BAJO,0
DJUSIV,Dow Jones U.S. Business Support Services Index,1116.81,1072.64,1443.42,4.11787738663483,52.82018782047587,🟢,OPORTUNIDAD,251,2025-10-23 07:44:00,2025-10-23,0,80,80,False,0,0,[],[],ALTA,BAJO,0
DJUSHC,Dow Jones U.S. Health Care Index,1556.06,1344.15,1597.65,15.765353569170095,35.71875000000004,🟡,CERCA,251,2025-10-23 07:44:00,2025-10-23,0,79,79,False,0,0,[],[],ALTA,BAJO,0
DJUSIS,Dow Jones U.S. Support Services Index,828.1,764.29,981.89,8.34892514621414,54.227838691693,🟢,OPORTUNIDAD,251,2025-10-23 07:44:00,2025-10-23,0,79,79,False,0,0,[],[],ALTA,BAJO,0
DJUSTK,Dow Jones U.S. Trucking Index,1433.69,1244.48,2071.67,15.203940601697097,37.68389102391499,🟡,CERCA,251,2025-10-23 07:44:00,2025-10-23,0,79,79,False,0,0,[],[],ALTA,BAJO,0
DJUSAM,Dow Jones U.S. Medical Equipment Index,3009.6,2589.3,3151.1,16.232186305178995,35.65285379202501,🟡,CERCA,251,2025-10-23 07:44:00,2025-10-23,0,79,79,False,0,0,[],[],ALTA,BAJO,0
DJUSPC,Dow Jones U.S. Waste & Disposal Services Index,648.86,609.51,708.03,6.456005643877873,51.22438780609698,🟢,OPORTUNIDAD,251,2025-10-23 07:44:00,2025-10-23,0,79,79,False,0,0,[],[],ALTA,BAJO,0
DJUSMU,Dow Jones U.S. Multiutilities Index,296.56,249.55,299.75,18.83790823482268,32.25806451612907,🟡,CERCA,251,2025-10-23 07:44:00,2025-10-23,0,77,77,False,0,0,[],[],ALTA,BAJO,0
DJUSIR,Dow Jones U.S. Insurance Index,1299.0,1264.26,1458.0,2.7478524986948893,65.26914568629516,🟢,OPORTUNIDAD,251,2025-10-23 07:44:00,2025-10-23,0,75,75,False,0,0,[],[],ALTA,MEDIO,0
DJUSIX,Dow Jones U.S. Nonlife Insurance Index,1283.25,1246.37,1458.15,2.958992915426407,65.6877266458961,🟢,OPORTUNIDAD,251,2025-10-23 07:44:00,2025-10-23,0,75,75,False,0,0,[],[],ALTA,MEDIO,0
DJUSIB,Dow Jones U.S. Insurance Brokers Index,722.33,711.7,891.38,1.4936068568216938,69.13109079613027,🟢,OPORTUNIDAD,251,2025-10-23 07:44:00,2025-10-23,0,75,75,False,0,0,[],[],ALTA,MEDIO,0
DJUSCC,Dow Jones U.S. Commodity Chemicals Index,686.85,647.09,843.97,6.144431222859261,73.35822817409216,🟢,OPORTUNIDAD,251,2025-10-23 07:44:00,2025-10-23,0,74,74,False,0,0,[],[],MEDIA,MEDIO,0
DJUSRU,Dow Jones U.S. Restaurants & Bars Index,2998.1,2686.2,3265.8,11.611197974834344,49.12217843067,🟡,CERCA,251,2025-10-23 07:44:00,2025-10-23,0,74,74,False,0,0,[],[],MEDIA,BAJO,0
DJUSWC,Dow Jones U.S. Mobile Telecommunications Index,384.95,360.57,458.56,6.761516487783231,70.94173689996332,🟢,OPORTUNIDAD,251,2025-10-23 07:44:00,2025-10-23,0,73,73,False,0,0,[],[],MEDIA,MEDIO,0
DJUSSR,Dow Jones U.S. Specialty REITs Index,265.91,229.18,287.27,16.026703900863957,41.03585657370509,🟡,CERCA,251,2025-10-23 07:44:00,2025-10-23,0,73,73,False,0,0,[],[],MEDIA,BAJO,0
DJUSIP,Dow Jones U.S. Property & Casualty Insurance Index,1875.39,1755.13,2065.57,6.851914103228819,63.79491347488904,🟢,OPORTUNIDAD,251,2025-10-23 07:44:00,2025-10-23,0,73,73,False,0,0,[],[],MEDIA,MEDIO,0
DJUSGI,Dow Jones U.S. General Industrials Index,716.46,613.23,783.86,16.83381439264224,47.76119402985073,🟡,CERCA,251,2025-10-23 07:44:00,2025-10-23,0,72,72,False,0,0,[],[],MEDIA,BAJO,0
DJUSOL,Dow Jones U.S. Integrated Oil & Gas Index,753.16,645.42,806.96,16.693006104552076,41.14052953156825,🟡,CERCA,251,2025-10-23 07:44:00,2025-10-23,0,72,72,False,0,0,[],[],MEDIA,BAJO,0
DJUSRI,Dow Jones U.S. Real Estate Investment Trusts Index,150.17,126.8,161.13,18.430599369085165,41.150112023898494,🟡,CERCA,251,2025-10-23 07:44:00,2025-10-23,0,72,72,False,0,0,[],[],MEDIA,BAJO,0
DJUSRE,Dow Jones U.S. Real Estate Index,372.62,311.91,396.19,19.46394793369881,41.77325581395346,🟡,CERCA,251,2025-10-23 07:44:00,2025-10-23,0,71,71,False,0,0,[],[],MEDIA,BAJO,0
DJUSID,Dow Jones U.S. Diversified Industrials Index,937.76,767.22,1017.95,22.228304788717704,47.74825349301396,🟡,CERCA,251,2025-10-23 07:44:00,2025-10-23,0,70,70,False,0,0,[],[],MEDIA,BAJO,0
DJUSRL,Dow Jones U.S. Retail REITs Index,102.41,83.32,106.33,22.91166586653865,49.34210526315795,🟡,CERCA,251,2025-10-23 07:44:00,2025-10-23,0,70,70,False,0,0,[],[],MEDIA,BAJO,0
DJUSDV,Dow Jones U.S. Computer Services Index,281.49,231.08,304.29,21.814955859442613,48.566214807090695,🟡,CERCA,251,2025-10-23 07:44:00,2025-10-23,0,70,70,False,0,0,[],[],MEDIA,BAJO,0
DJUSPN,Dow Jones U.S. Pharmaceuticals & Biotechnology Index,1199.4,960.01,1220.98,24.93619858126479,42.07550053492274,🟡,CERCA,251,2025-10-23 07:44:00,2025-10-23,0,69,69,False,0,0,[],[],MEDIA,BAJO,0
DJUSSP,Dow Jones U.S. Specialty Finance Index,732.31,663.1,803.35,10.437339767757493,54.67543608807557,🟡,CERCA,251,2025-10-23 07:44:00,2025-10-23,0,69,69,False,0,0,[],[],MEDIA,BAJO,0
DJUSIU,Dow Jones U.S. Reinsurance Index,518.93,467.58,599.38,10.982077933187895,58.67797808412867,🟡,CERCA,251,2025-10-23 07:44:00,2025-10-23,0,69,69,False,0,0,[],[],MEDIA,BAJO,0
DJUSMR,Dow Jones U.S. Mortgage REITs Index,30.52,24.64,32.68,23.86363636363636,48.1283422459893,🟡,CERCA,251,2025-10-23 07:44:00,2025-10-23,0,69,69,False,0,0,[],[],MEDIA,BAJO,0
DJUSAF,Dow Jones U.S. Delivery Services Index,1033.0,916.9,1383.0,12.66223143199913,52.163315051797646,🟡,CERCA,251,2025-10-23 07:44:00,2025-10-23,0,68,68,False,0,0,[],[],MEDIA,BAJO,0
DJUSFD,Dow Jones U.S. Food Retailers & Wholesalers Index,1244.13,1076.27,1346.72,15.59645813782788,51.13981762917933,🟡,CERCA,251,2025-10-23 07:44:00,2025-10-23,0,67,67,False,0,0,[],[],MEDIA,BAJO,0
DJUSIL,Dow Jones U.S. Life Insurance Index,1245.83,1077.94,1380.29,15.575078390262895,59.57506134285082,🟡,CERCA,251,2025-10-23 07:44:00,2025-10-23,0,67,67,False,0,0,[],[],MEDIA,BAJO,0
DJUSEN,Dow Jones U.S. Oil & Gas Index,739.63,623.85,813.7,18.55894846517592,53.32037947193968,🟡,CERCA,251,2025-10-23 07:44:00,2025-10-23,0,66,66,False,0,0,[],[],MEDIA,BAJO,0
DJUSOG,Dow Jones U.S. Oil & Gas Producers,838.07,707.01,914.32,18.537220124184955,51.5440335493709,🟡,CERCA,251,2025-10-23 07:44:00,2025-10-23,0,66,66,False,0,0,[],[],MEDIA,BAJO,0
DJUSIT,Dow Jones U.S. Industrial Transportation Index,1461.3,1243.5,1746.8,17.515078407720143,52.171552660152,🟡,CERCA,251,2025-10-23 07:44:00,2025-10-23,0,66,66,False,0,0,[],[],MEDIA,BAJO,0
DJUSHI,Dow Jones U.S. Home Improvement Retailers Index,849.48,705.04,958.3,20.4867808918643,57.34904270986747,🟡,CERCA,251,2025-10-23 07:44:00,2025-10-23,0,65,65,False,0,0,[],[],MEDIA,BAJO,0
DJUSPG,Sector PG,511.54,426.49,649.12,19.94185092264766,58.00851621356043,🟡,CERCA,251,2025-10-23 07:44:00,2025-10-23,0,65,65,False,0,0,[],[],MEDIA,BAJO,0
DJUSEH,Dow Jones U.S. Real Estate Holding & Development Index,68.56,50.8,72.61,34.96062992125986,24.62825278810412,🔴,FUERTE,228,2025-10-23 07:44:00,2025-10-23,0,65,65,False,0,0,[],[],MEDIA,BAJO,0
DJUSPR,Dow Jones U.S. Pharmaceuticals Index,911.57,765.56,965.29,19.07231307800827,53.02757021386236,🟡,CERCA,251,2025-10-23 07:44:00,2025-10-23,0,65,65,False,0,0,[],[],MEDIA,BAJO,0
DJUSMF,Dow Jones U.S. Mortgage Finance Index,12.33,9.98,13.76,23.54709418837675,58.41121495327101,🟡,CERCA,251,2025-10-23 07:44:00,2025-10-23,0,64,64,False,0,0,[],[],MEDIA,BAJO,0
DJUSCX,Dow Jones U.S. Specialty Chemicals Index,1047.07,863.05,1195.08,21.322055500840044,56.9479208720226,🟡,CERCA,251,2025-10-23 07:44:00,2025-10-23,0,64,64,False,0,0,[],[],MEDIA,BAJO,0
DJUSME,Dow Jones U.S. Media Index,819.56,662.35,936.97,23.735185324979227,52.493744787322775,🟡,CERCA,251,2025-10-23 07:44:00,2025-10-23,0,64,64,False,0,0,[],[],MEDIA,BAJO,0
DJUSBC,Dow Jones U.S. Broadcasting & Entertainment Index,1190.1,962.0,1294.9,23.711018711018703,54.53521126760567,🟡,CERCA,251,2025-10-23 07:44:00,2025-10-23,0,64,64,False,0,0,[],[],MEDIA,BAJO,0
DJUSTL,Dow Jones U.S. Telecommunications Index,173.22,155.76,199.75,11.209553158705706,71.31182795698916,🟡,CERCA,251,2025-10-23 07:44:00,2025-10-23,0,63,63,False,0,0,[],[],MEDIA,ALTO,0
DJUSPL,Dow Jones U.S. Pipelines Index,1025.62,925.07,1229.95,10.869447717470011,65.00294092933372,🟡,CERCA,251,2025-10-23 07:44:00,2025-10-23,0,63,63,False,0,0,[],[],MEDIA,MEDIO,0
DJUSAV,Dow Jones U.S. Media Agencies Index,441.58,346.44,702.93,27.462186814455603,35.76902748414379,🔴,FUERTE,251,2025-10-23 07:44:00,2025-10-23,0,62,62,False,0,0,[],[],MEDIA,BAJO,0
DJUSFR,Dow Jones U.S. Forestry & Paper Index,794.06,703.58,940.19,12.8599448534637,65.77683458058752,🟡,CERCA,251,2025-10-23 07:44:00,2025-10-23,0,62,62,False,0,0,[],[],MEDIA,MEDIO,0
DJUSNG,Dow Jones U.S. Personal & Household Goods Index,1026.88,909.61,1081.16,12.892338474730938,60.80408952749367,🟡,CERCA,251,2025-10-23 07:44:00,2025-10-23,0,62,62,False,0,0,[],[],MEDIA,MEDIO,0
DJUSUT,Dow Jones U.S. Utilities Index,448.39,353.79,466.02,26.739025975861374,37.68935111914992,🔴,FUERTE,251,2025-10-23 07:44:00,2025-10-23,0,62,62,False,0,0,[],[],MEDIA,BAJO,0
DJUSGU,Dow Jones U.S. Gas Distribution Index,386.27,304.15,390.51,26.99983560743055,38.89555822328932,🔴,FUERTE,251,2025-10-23 07:44:00,2025-10-23,0,62,62,False,0,0,[],[],MEDIA,BAJO,0
DJUSHP,Dow Jones U.S. Health Care Providers Index,2747.4,2106.6,3422.4,30.41868413557392,39.745264532985,🔴,FUERTE,251,2025-10-23 07:44:00,2025-10-23,0,61,61,False,0,0,[],[],MEDIA,BAJO,0
DJUSBT,Dow Jones U.S. Biotechnology Index,3016.5,2297.4,3068.1,31.300600679028463,35.91278324070113,🔴,FUERTE,251,2025-10-23 07:44:00,2025-10-23,0,60,60,False,0,0,[],[],MEDIA,BAJO,0
DJUSHD,Dow Jones U.S. Durable Household Products Index,110.68,94.51,179.28,17.109300603110782,70.77151335311571,🟡,CERCA,251,2025-10-23 07:44:00,2025-10-23,0,60,60,False,0,0,[],[],MEDIA,ALTO,0
DJUSRP,Dow Jones U.S. Recreational Products Index,361.77,305.34,496.77,18.48103753193162,63.96883447288916,🟡,CERCA,251,2025-10-23 07:44:00,2025-10-23,0,60,60,False,0,0,[],[],MEDIA,MEDIO,0
DJUSLG,Dow Jones U.S. Hotels Index,4311.2,3245.4,4663.6,32.840327848647306,38.55404438081604,🔴,FUERTE,251,2025-10-23 07:44:00,2025-10-23,0,60,60,False,0,0,[],[],MEDIA,BAJO,0
DJUSPB,Dow Jones U.S. Publishing Index,776.75,663.16,874.35,17.128596417154238,67.78583379810374,🟡,CERCA,251,2025-10-23 07:44:00,2025-10-23,0,60,60,False,0,0,[],[],MEDIA,MEDIO,0
DJUSFC,Dow Jones U.S. Fixed Line Telecommunications Index,152.01,126.36,175.95,20.29914529914529,68.38103756708409,🟡,CERCA,251,2025-10-23 07:44:00,2025-10-23,0,59,59,False,0,0,[],[],BAJA,MEDIO,0
DJUSOS,Dow Jones U.S. Exploration & Production Index,995.48,821.29,1123.35,21.209317050006703,63.92973856209152,🟡,CERCA,251,2025-10-23 07:44:00,2025-10-23,0,59,59,False,0,0,[],[],BAJA,MEDIO,0
DJUSRR,Dow Jones U.S. Railroads Index,3426.6,2788.9,3607.9,22.86564595360177,62.75337837837839,🟡,CERCA,251,2025-10-23 07:44:00,2025-10-23,0,58,58,False,0,0,[],[],BAJA,MEDIO,0
DJUSIO,Dow Jones U.S. Industrial & Office REITs Index,110.28,79.12,113.39,39.38321536905965,34.242424242424235,🔴,FUERTE,251,2025-10-23 07:44:00,2025-10-23,0,57,57,False,0,0,[],[],BAJA,BAJO,0
DJUSRA,Dow Jones U.S. Apparel Retailers Index,1879.19,1490.78,1923.54,26.054146151678992,48.17220418019819,🔴,FUERTE,251,2025-10-23 07:44:00,2025-10-23,0,57,57,False,0,0,[],[],BAJA,BAJO,0
DJUSFT,Dow Jones U.S. Footwear Index,1482.2,1186.7,1942.6,24.900985927361592,65.10204081632651,🟡,CERCA,251,2025-10-23 07:44:00,2025-10-23,0,57,57,False,0,0,[],[],BAJA,MEDIO,0
DJUSDR,Dow Jones U.S. Food & Drug Retailers Index,1587.34,1264.81,1615.62,25.50027276824187,41.17728531855953,🔴,FUERTE,251,2025-10-23 07:44:00,2025-10-23,0,57,57,False,0,0,[],[],BAJA,BAJO,0
DJUSSF,Dow Jones U.S. Consumer Finance Index,794.14,619.26,809.9,28.240157607466976,47.19172633253781,🔴,FUERTE,251,2025-10-23 07:44:00,2025-10-23,0,56,56,False,0,0,[],[],BAJA,BAJO,0
DJUSEU,Dow Jones U.S. Electricity Index,447.67,340.99,471.47,31.28537493768146,41.28822145829564,🔴,FUERTE,251,2025-10-23 07:44:00,2025-10-23,0,54,54,False,0,0,[],[],BAJA,BAJO,0
DJUSVE,Dow Jones U.S. Conventional Electricity Index,449.02,341.92,472.89,31.323116518483847,41.28904134320277,🔴,FUERTE,251,2025-10-23 07:44:00,2025-10-23,0,54,54,False,0,0,[],[],BAJA,BAJO,0
DJUSOI,Dow Jones U.S. Oil Equipment & Services Index,261.23,198.86,294.15,31.36377350900131,47.43537135822733,🔴,FUERTE,251,2025-10-23 07:44:00,2025-10-23,0,54,54,False,0,0,[],[],BAJA,BAJO,0
DJUSRH,Dow Jones U.S. Real Estate Investment & Services,752.98,563.1,822.79,33.72047593677854,47.28777450016388,🔴,FUERTE,251,2025-10-23 07:44:00,2025-10-23,0,54,54,False,0,0,[],[],BAJA,BAJO,0
DJUSRD,Dow Jones U.S. Drug Retailers Index,1261.15,860.93,1265.07,46.4869385432033,30.276065022421434,🔴,FUERTE,251,2025-10-23 07:44:00,2025-10-23,0,54,54,False,0,0,[],[],BAJA,MEDIO,0
DJUSES,Dow Jones U.S. Real Estate Services Index,359.04,268.15,392.49,33.89520790602277,47.29334937274443,🔴,FUERTE,251,2025-10-23 07:44:00,2025-10-23,0,53,53,False,0,0,[],[],BAJA,BAJO,0
DJUSRT,Dow Jones U.S. Retail Index,3077.5,2453.4,3267.5,25.438167441102134,54.11267605633801,🔴,FUERTE,251,2025-10-23 07:44:00,2025-10-23,0,51,51,False,0,0,[],[],BAJA,BAJO,0
DJUSGT,Dow Jones U.S. General Retailers Index,3424.4,2720.3,3649.5,25.88317464985479,54.53653751839136,🔴,FUERTE,251,2025-10-23 07:44:00,2025-10-23,0,51,51,False,0,0,[],[],BAJA,BAJO,0
DJUSBD,Dow Jones U.S. Building Materials & Fixtures Index,2358.1,1876.9,2557.1,25.638020139591877,59.49769053117786,🔴,FUERTE,251,2025-10-23 07:44:00,2025-10-23,0,51,51,False,0,0,[],[],BAJA,BAJO,0
DJUSDT,Dow Jones U.S. Diversified REITs Index,58.16,45.49,60.0,27.852275225324234,56.27306273062737,🔴,FUERTE,251,2025-10-23 07:44:00,2025-10-23,0,50,50,False,0,0,[],[],BAJA,BAJO,0
DJUSFE,Dow Jones U.S. Industrial Machinery Index,1245.44,969.18,1325.15,28.50450896634269,57.0841889117043,🔴,FUERTE,251,2025-10-23 07:44:00,2025-10-23,0,50,50,False,0,0,[],[],BAJA,BAJO,0
DJUSFI,Dow Jones U.S. Financial Services Index,2441.5,1907.9,2532.3,27.967922847109385,54.50254175744377,🔴,FUERTE,251,2025-10-23 07:44:00,2025-10-23,0,50,50,False,0,0,[],[],BAJA,BAJO,0
DJUSGF,Dow Jones U.S. Financial Services Index,2736.6,2138.5,2838.4,27.9682020107552,54.50713359273673,🔴,FUERTE,251,2025-10-23 07:44:00,2025-10-23,0,50,50,False,0,0,[],[],BAJA,BAJO,0
DJUSRB,Dow Jones U.S. Broadline Retailers Index,4683.6,3641.4,5034.6,28.62086010874939,50.14568317742674,🔴,FUERTE,251,2025-10-23 07:44:00,2025-10-23,0,50,50,False,0,0,[],[],BAJA,BAJO,0
DJUSCH,Dow Jones U.S. Chemicals Index,1948.03,1497.87,2050.51,30.05334241289298,53.55458750617505,🔴,FUERTE,251,2025-10-23 07:44:00,2025-10-23,0,49,49,False,0,0,[],[],BAJA,BAJO,0
DJUSIM,Dow Jones U.S. Industrial Metals & Mining Index,505.21,350.58,568.14,44.10690855154316,46.244961750431855,🔴,FUERTE,251,2025-10-23 07:44:00,2025-10-23,0,49,49,False,0,0,[],[],BAJA,MEDIO,0
DJUSNF,Dow Jones U.S. Nonferrous Metals Index,545.51,372.55,658.01,46.42598308951818,42.53229672064068,🔴,FUERTE,251,2025-10-23 07:44:00,2025-10-23,0,48,48,False,0,0,[],[],BAJA,MEDIO,0
DJUSHR,Dow Jones U.S. Commercial Vehicles & Trucks Index,5730.3,3916.0,5880.6,46.33043922369765,46.123110151187895,🔴,FUERTE,251,2025-10-23 07:44:00,2025-10-23,0,48,48,False,0,0,[],[],BAJA,MEDIO,0
DJUSTB,Dow Jones U.S. Tobacco Index,1092.07,824.94,1210.02,32.38174897568306,53.315546662220015,🔴,FUERTE,251,2025-10-23 07:44:00,2025-10-23,0,48,48,False,0,0,[],[],BAJA,BAJO,0
DJUSDN,Dow Jones U.S. Defense Index,805.49,598.11,850.34,34.67255187172928,55.8821186778176,🔴,FUERTE,251,2025-10-23 07:44:00,2025-10-23,0,47,47,False,0,0,[],[],BAJA,BAJO,0
DJUSCN,Dow Jones U.S. Construction & Materials Index,2018.95,1484.39,2099.78,36.01209924615498,58.424677466291584,🔴,FUERTE,251,2025-10-23 07:44:00,2025-10-23,0,47,47,False,0,0,[],[],BAJA,BAJO,0
DJUSIG,Dow Jones U.S. Industrial Goods & Services Index,1473.72,1094.74,1497.45,34.61826552423407,50.98847718029824,🔴,FUERTE,251,2025-10-23 07:44:00,2025-10-23,0,47,47,False,0,0,[],[],BAJA,BAJO,0
DJUSDS,Dow Jones U.S. Industrial Suppliers Index,942.28,683.22,994.97,37.91750826966423,58.47926957042362,🔴,FUERTE,251,2025-10-23 07:44:00,2025-10-23,0,46,46,False,0,0,[],[],BAJA,BAJO,0
DJUSHL,Dow Jones U.S. Hotel & Lodging REITs Index,89.39,65.02,103.03,37.4807751461089,55.11469311841292,🔴,FUERTE,251,2025-10-23 07:44:00,2025-10-23,0,46,46,False,0,0,[],[],BAJA,BAJO,0
DJUSIQ,Dow Jones U.S. Industrial Engineering Index,4545.6,3318.0,4646.3,36.998191681736,50.942476438089,🔴,FUERTE,251,2025-10-23 07:44:00,2025-10-23,0,46,46,False,0,0,[],[],BAJA,BAJO,0
DJUSAE,Dow Jones U.S. Aerospace & Defense Index,2877.1,1861.2,2936.0,54.58306468944766,47.93254793254793,🔴,FUERTE,251,2025-10-23 07:44:00,2025-10-23,0,45,45,False,0,0,[],[],BAJA,MEDIO,0
DJUSSV,Dow Jones U.S. Software & Computer Services Index,8513.3,5509.7,8710.2,54.51476486923063,49.66573215441024,🔴,FUERTE,251,2025-10-23 07:44:00,2025-10-23,0,45,45,False,0,0,[],[],BAJA,MEDIO,0
DJUSTT,Dow Jones U.S. Travel & Tourism Index,1344.22,957.74,1432.9,40.353331801950425,57.977104146121846,🔴,FUERTE,251,2025-10-23 07:44:00,2025-10-23,0,45,45,False,0,0,[],[],BAJA,MEDIO,0
DJUSCT,Dow Jones U.S. Telecommunications Equipment Index,2656.02,1708.47,2771.34,55.46190451105375,43.72633465329367,🔴,FUERTE,251,2025-10-23 07:44:00,2025-10-23,0,45,45,False,0,0,[],[],BAJA,MEDIO,0
DJUSCR,Dow Jones U.S. Computer Hardware Index,13012.4,8364.8,13336.1,55.5614001530222,49.668660837551776,🔴,FUERTE,251,2025-10-23 07:44:00,2025-10-23,0,45,45,False,0,0,[],[],BAJA,MEDIO,0
DJUSST,Dow Jones U.S. Iron & Steel Index,596.13,416.26,642.02,43.21097391053669,50.74698464912279,🔴,FUERTE,251,2025-10-23 07:44:00,2025-10-23,0,44,44,False,0,0,[],[],BAJA,MEDIO,0
DJUSBK,Dow Jones U.S. Banks Index,748.88,521.55,799.76,43.58738375994633,57.07794751273015,🔴,FUERTE,251,2025-10-23 07:44:00,2025-10-23,0,44,44,False,0,0,[],[],BAJA,MEDIO,0
DJUSCA,Dow Jones U.S. Gambling Index,651.58,513.6,786.57,26.86526479750779,62.0669577874818,🔴,FUERTE,251,2025-10-23 07:44:00,2025-10-23,0,44,44,False,0,0,[],[],BAJA,MEDIO,0
DJUSAG,Dow Jones U.S. Asset Managers Index,388.89,273.77,426.58,42.04989589801659,55.58419243986256,🔴,FUERTE,251,2025-10-23 07:44:00,2025-10-23,0,44,44,False,0,0,[],[],BAJA,MEDIO,0
DJUSAS,Dow Jones U.S. Aerospace Index,3107.2,1883.9,3189.8,64.93444450342373,44.74867184307319,🔴,FUERTE,251,2025-10-23 07:44:00,2025-10-23,0,41,41,False,0,0,[],[],BAJA,MEDIO,0
DJUSAR,Dow Jones U.S. Airlines Index,225.99,137.83,259.72,63.962852789668425,47.94943407320299,🔴,FUERTE,251,2025-10-23 07:44:00,2025-10-23,0,41,41,False,0,0,[],[],BAJA,MEDIO,0
DJUSAL,Dow Jones U.S. Aluminum Index,121.79,73.62,163.19,65.4305895137191,47.56878352656169,🔴,FUERTE,251,2025-10-23 07:44:00,2025-10-23,0,41,41,False,0,0,[],[],BAJA,MEDIO,0
DJUSFH,Dow Jones U.S. Furnishings Index,476.94,319.67,507.6,49.197610035348944,51.06162610046607,🔴,FUERTE,251,2025-10-23 07:44:00,2025-10-23,0,41,41,False,0,0,[],[],BAJA,MEDIO,0
DJUSSW,Dow Jones U.S. Software Index,8596.6,5758.2,8972.9,49.29318189712064,54.07841369986477,🔴,FUERTE,251,2025-10-23 07:44:00,2025-10-23,0,41,41,False,0,0,[],[],BAJA,MEDIO,0
DJUSRS,Dow Jones U.S. Specialty Retailers Index,4437.2,3308.6,4908.8,34.11110439460799,64.84059856864025,🔴,FUERTE,251,2025-10-23 07:44:00,2025-10-23,0,41,41,False,0,0,[],[],BAJA,MEDIO,0
DJUSHB,Dow Jones U.S. Home Construction Index,2562.48,1872.38,2981.07,36.856834616904685,61.2930937885183,🔴,FUERTE,251,2025-10-23 07:44:00,2025-10-23,0,40,40,False,0,0,[],[],BAJA,MEDIO,0
DJUSNS,Dow Jones U.S. Internet Index,6415.8,3842.4,6645.5,66.9737663960025,45.17755831056943,🔴,FUERTE,251,2025-10-23 07:44:00,2025-10-23,0,40,40,False,0,0,[],[],BAJA,MEDIO,0
DJUSSB,Dow Jones U.S. Investment Services Index,2922.0,2060.8,3066.3,41.78959627329191,60.5388717373,🔴,FUERTE,251,2025-10-23 07:44:00,2025-10-23,0,38,38,False,0,0,[],[],BAJA,ALTO,0
DJUSAT,Dow Jones U.S. Auto Parts Index,424.53,288.25,447.84,47.2784041630529,63.84472138662085,🔴,FUERTE,251,2025-10-23 07:44:00,2025-10-23,0,36,36,False,0,0,[],[],BAJA,ALTO,0
DJUSBS,Dow Jones U.S. Basic Resources Index,445.51,274.91,478.98,62.05667309301224,50.21608916521343,🔴,FUERTE,251,2025-10-23 07:44:00,2025-10-23,0,36,36,False,0,0,[],[],BAJA,MEDIO,0
DJUSLE,Dow Jones U.S. Leisure Goods Index,1187.52,724.03,1249.95,64.01530323329145,56.19577076947054,🔴,FUERTE,251,2025-10-23 07:44:00,2025-10-23,0,35,35,False,0,0,[],[],BAJA,MEDIO,0
DJUSTC,Dow Jones U.S. Technology Index,8610.4,5115.5,8759.8,68.3198123350601,51.4421177400237,🔴,FUERTE,251,2025-10-23 07:44:00,2025-10-23,0,34,34,False,0,0,[],[],BAJA,MEDIO,0
DJUSAI,Dow Jones U.S. Electronic Equipment Index,1732.35,913.78,1798.45,89.58064304318326,45.70548732979633,🔴,FUERTE,251,2025-10-23 07:44:00,2025-10-23,0,31,31,False,0,0,[],[],BAJA,MEDIO,0
DJUSTY,Dow Jones U.S. Toys Index,1960.39,1122.95,2066.13,74.5750033394185,55.568449018230645,🔴,FUERTE,251,2025-10-23 07:44:00,2025-10-23,0,31,31,False,0,0,[],[],BAJA,MEDIO,0
DJUSRQ,Dow Jones U.S. Recreational Services Index,193.4,110.98,215.97,74.26563344746802,52.15457325549067,🔴,FUERTE,251,2025-10-23 07:44:00,2025-10-23,0,31,31,False,0,0,[],[],BAJA,MEDIO,0
DJUSAP,Dow Jones U.S. Automobiles & Parts Index,1633.52,845.49,1748.7,93.20394091000485,48.48798193597401,🔴,FUERTE,251,2025-10-23 07:44:00,2025-10-23,0,30,30,False,0,0,[],[],BAJA,MEDIO,0
DJUSEC,Dow Jones U.S. Electrical Components & Equipment Index,1015.4,562.61,1072.04,80.48026163772417,53.16940177213864,🔴,FUERTE,251,2025-10-23 07:44:00,2025-10-23,0,29,29,False,0,0,[],[],BAJA,MEDIO,0
DJUSAU,Dow Jones U.S. Automobiles Index,1491.7,758.25,1613.6,96.72931091328718,48.100479318302845,🔴,FUERTE,251,2025-10-23 07:44:00,2025-10-23,0,28,28,False,0,0,[],[],BAJA,MEDIO,0
DJUSEE,Dow Jones U.S. Electronic & Electrical Equipment Index,1180.66,643.85,1224.87,83.37500970722995,51.11456193958819,🔴,FUERTE,251,2025-10-23 07:44:00,2025-10-23,0,28,28,False,0,0,[],[],BAJA,MEDIO,0
DJUSTR,Dow Jones U.S. Tires Index,9758.5,5326.7,10069.1,83.19972966376932,52.35190680294538,🔴,FUERTE,251,2025-10-23 07:44:00,2025-10-23,0,28,28,False,0,0,[],[],BAJA,MEDIO,0
DJUSTQ,Dow Jones U.S. Technology Hardware & Equipment Index,9758.5,5326.7,10069.1,83.19972966376932,52.35190680294538,🔴,FUERTE,251,2025-10-23 07:44:00,2025-10-23,0,28,28,False,0,0,[],[],BAJA,MEDIO,0
DJUSHV,Dow Jones U.S. Heavy Construction Index,2125.05,1138.85,2254.94,86.59612767265227,53.87318444479149,🔴,FUERTE,251,2025-10-23 07:44:00,2025-10-23,0,26,26,False,0,0,[],[],BAJA,MEDIO,0
DJUSMG,Dow Jones U.S. Mining Index,193.93,84.25,223.28,130.1839762611276,52.23325062034738,🔴,FUERTE,251,2025-10-23 07:44:00,2025-10-23,0,21,21,False,0,0,[],[],BAJA,MEDIO,0
DJUSPM,Dow Jones U.S. Gold Mining Index,219.53,94.85,251.35,131.44965735371642,52.213503826407056,🔴,FUERTE,251,2025-10-23 07:44:00,2025-10-23,0,21,21,False,0,0,[],[],BAJA,MEDIO,0
DJUSSC,Dow Jones U.S. Semiconductors Index,27135.0,12938.1,28545.8,109.72940385373433,53.34020747406573,🔴,FUERTE,251,2025-10-23 07:44:00,2025-10-23,0,21,21,False,0,0,[],[],BAJA,MEDIO,0
