Ticker,Sector,CurrentPrice,Min52w,Max52w,DistanceFromMin,RSI,Estado,Classification,DataPoints,AnalysisDate,FileDate,DaysAgo,BaseScore,FinalScore,InsiderActivity,InsiderTrades,InsiderValue,InsiderTickers,Signals,Urgency,RiskLevel,MappingCoverage
DJUSWC,Dow Jones U.S. Mobile Telecommunications Index,381.29,360.57,458.56,5.746456998641048,28.9635036496351,🟢,OPORTUNIDAD,250,2025-11-24 07:45:27,2025-11-24,0,98,98,False,0,0,[],[],CRÍTICA,BAJO,0
DJUSFB,Dow Jones U.S. Food & Beverage Index,706.44,668.77,770.54,5.632728740822715,27.64830508474563,🟢,OPORTUNIDAD,250,2025-11-24 07:45:27,2025-11-24,0,98,98,False,0,0,[],[],CRÍTICA,BAJO,0
DJUSIR,Dow Jones U.S. Insurance Index,1318.11,1239.53,1458.0,6.339499649060524,26.19641642095721,🟢,OPORTUNIDAD,250,2025-11-24 07:45:27,2025-11-24,0,97,97,False,0,0,[],[],CRÍTICA,BAJO,0
DJUSIX,Dow Jones U.S. Nonlife Insurance Index,1303.16,1215.03,1458.15,7.253318848094295,23.050595238095227,🟢,OPORTUNIDAD,250,2025-11-24 07:45:27,2025-11-24,0,97,97,False,0,0,[],[],CRÍTICA,BAJO,0
DJUSPC,Dow Jones U.S. Waste & Disposal Services Index,637.59,589.23,708.03,8.207321419479662,20.136667635940785,🟢,OPORTUNIDAD,250,2025-11-24 07:45:27,2025-11-24,0,97,97,False,0,0,[],[],CRÍTICA,BAJO,0
DJUSFO,Dow Jones U.S. Food Producers Index,365.56,353.81,428.42,3.320991492609028,38.796791443850296,🟢,OPORTUNIDAD,250,2025-11-24 07:45:27,2025-11-24,0,93,93,False,0,0,[],[],CRÍTICA,BAJO,0
DJUSHG,Dow Jones U.S. Household Goods & Home Construction Index,1009.04,968.15,1216.79,4.2235190827867575,38.86753538951909,🟢,OPORTUNIDAD,250,2025-11-24 07:45:27,2025-11-24,0,92,92,False,0,0,[],[],CRÍTICA,BAJO,0
DJUSFP,Dow Jones U.S. Food Products Index,511.56,492.31,625.15,3.910137921228495,33.03853442830064,🟢,OPORTUNIDAD,250,2025-11-24 07:45:27,2025-11-24,0,92,92,False,0,0,[],[],CRÍTICA,BAJO,0
DJUSHN,Dow Jones U.S. Nondurable Household Products Index,1154.48,1108.37,1420.24,4.16016312242303,38.13267379206771,🟢,OPORTUNIDAD,250,2025-11-24 07:45:27,2025-11-24,0,92,92,False,0,0,[],[],CRÍTICA,BAJO,0
DJUSRN,Dow Jones U.S. Residential REITs Index,216.49,206.56,264.7,4.807319907048803,37.05953827460509,🟢,OPORTUNIDAD,250,2025-11-24 07:45:27,2025-11-24,0,92,92,False,0,0,[],[],CRÍTICA,BAJO,0
DJUSDB,Dow Jones U.S. Brewers Index,470.72,438.36,659.78,7.3820604069714415,38.280629270618135,🟢,OPORTUNIDAD,250,2025-11-24 07:45:27,2025-11-24,0,91,91,False,0,0,[],[],CRÍTICA,BAJO,0
DJUSFD,Dow Jones U.S. Food Retailers & Wholesalers Index,1189.58,1099.62,1346.72,8.181007984576494,34.70124202752605,🟢,OPORTUNIDAD,250,2025-11-24 07:45:27,2025-11-24,0,91,91,False,0,0,[],[],CRÍTICA,BAJO,0
DJUSPL,Dow Jones U.S. Pipelines Index,1012.19,925.07,1229.95,9.417665690163988,38.20602868012877,🟢,OPORTUNIDAD,250,2025-11-24 07:45:27,2025-11-24,0,90,90,False,0,0,[],[],CRÍTICA,BAJO,0
DJUSIV,Dow Jones U.S. Business Support Services Index,1091.75,1061.45,1403.2,2.8545857082293047,47.670088109728354,🟢,OPORTUNIDAD,250,2025-11-24 07:45:27,2025-11-24,0,87,87,False,0,0,[],[],CRÍTICA,BAJO,0
DJUSBV,Dow Jones U.S. Beverages Index,964.33,875.4,1013.26,10.15878455563172,24.27957532861477,🟡,CERCA,250,2025-11-24 07:45:27,2025-11-24,0,87,87,False,0,0,[],[],CRÍTICA,BAJO,0
DJUSCC,Dow Jones U.S. Commodity Chemicals Index,648.01,636.26,809.05,1.8467293244899885,45.82649324409647,🟢,OPORTUNIDAD,250,2025-11-24 07:45:27,2025-11-24,0,87,87,False,0,0,[],[],CRÍTICA,BAJO,0
DJUSTL,Dow Jones U.S. Telecommunications Index,173.28,155.76,199.75,11.248073959938374,21.949404761904844,🟡,CERCA,250,2025-11-24 07:45:27,2025-11-24,0,87,87,False,0,0,[],[],CRÍTICA,BAJO,0
DJUSCP,Dow Jones U.S. Containers & Packaging Index,402.35,388.62,541.01,3.533014255571,42.51753035744825,🟢,OPORTUNIDAD,250,2025-11-24 07:45:27,2025-11-24,0,87,87,False,0,0,[],[],CRÍTICA,BAJO,0
DJUSSP,Dow Jones U.S. Specialty Finance Index,748.38,671.1,803.35,11.515422440768882,26.97773567029849,🟡,CERCA,250,2025-11-24 07:45:27,2025-11-24,0,86,86,False,0,0,[],[],CRÍTICA,BAJO,0
DJUSIB,Dow Jones U.S. Insurance Brokers Index,685.69,658.66,891.38,4.103786475571628,40.59603426023696,🟢,OPORTUNIDAD,250,2025-11-24 07:45:27,2025-11-24,0,86,86,False,0,0,[],[],CRÍTICA,BAJO,0
DJUSIP,Dow Jones U.S. Property & Casualty Insurance Index,1967.87,1755.13,2065.57,12.121039467161964,17.373681543917854,🟡,CERCA,250,2025-11-24 07:45:27,2025-11-24,0,86,86,False,0,0,[],[],CRÍTICA,BAJO,0
DJUSSD,Dow Jones U.S. Soft Drinks Index,944.41,835.84,972.52,12.989328101071967,23.42247398234741,🟡,CERCA,250,2025-11-24 07:45:27,2025-11-24,0,86,86,False,0,0,[],[],CRÍTICA,BAJO,0
DJUSRU,Dow Jones U.S. Restaurants & Bars Index,2789.3,2686.2,3265.8,3.838135656317488,49.98904229673457,🟢,OPORTUNIDAD,250,2025-11-24 07:45:27,2025-11-24,0,86,86,False,0,0,[],[],CRÍTICA,BAJO,0
DJUSVN,Dow Jones U.S. Distillers & Vintners Index,276.09,260.67,489.82,5.9155253769133225,41.87886279357229,🟢,OPORTUNIDAD,250,2025-11-24 07:45:27,2025-11-24,0,86,86,False,0,0,[],[],CRÍTICA,BAJO,0
DJUSIU,Dow Jones U.S. Reinsurance Index,506.16,467.58,599.38,8.25099448222765,46.68205424120022,🟢,OPORTUNIDAD,250,2025-11-24 07:45:27,2025-11-24,0,85,85,False,0,0,[],[],CRÍTICA,BAJO,0
DJUSNG,Dow Jones U.S. Personal & Household Goods Index,974.81,909.61,1081.16,7.167907125031599,41.51556833812682,🟢,OPORTUNIDAD,250,2025-11-24 07:45:27,2025-11-24,0,85,85,False,0,0,[],[],CRÍTICA,BAJO,0
DJUSFR,Dow Jones U.S. Forestry & Paper Index,768.83,703.58,911.76,9.273998692401715,41.15168539325843,🟢,OPORTUNIDAD,250,2025-11-24 07:45:27,2025-11-24,0,84,84,False,0,0,[],[],ALTA,BAJO,0
DJUSFC,Dow Jones U.S. Fixed Line Telecommunications Index,154.23,127.84,175.95,20.6429912390488,24.96855345911952,🟡,CERCA,250,2025-11-24 07:45:27,2025-11-24,0,83,83,False,0,0,[],[],ALTA,BAJO,0
DJUSHC,Dow Jones U.S. Health Care Index,1641.82,1344.15,1653.07,22.14559386973179,16.127749801219153,🟡,CERCA,250,2025-11-24 07:45:27,2025-11-24,0,82,82,False,0,0,[],[],ALTA,BAJO,0
DJUSBE,Dow Jones U.S. Business Training & Employment Agencies Index,98.66,95.19,152.72,3.645340897153061,59.48275862068966,🟢,OPORTUNIDAD,250,2025-11-24 07:45:27,2025-11-24,0,81,81,False,0,0,[],[],ALTA,BAJO,0
DJUSIS,Dow Jones U.S. Support Services Index,765.16,748.64,981.89,2.2066680914725345,55.920267366913386,🟢,OPORTUNIDAD,250,2025-11-24 07:45:27,2025-11-24,0,81,81,False,0,0,[],[],ALTA,BAJO,0
DJUSWU,Dow Jones U.S. Water Index,2783.4,2432.7,3135.8,14.416080897767923,36.520912547528525,🟡,CERCA,250,2025-11-24 07:45:27,2025-11-24,0,79,79,False,0,0,[],[],ALTA,BAJO,0
DJUSMU,Dow Jones U.S. Multiutilities Index,291.84,249.55,299.75,16.946503706671994,38.74450219912041,🟡,CERCA,250,2025-11-24 07:45:27,2025-11-24,0,78,78,False,0,0,[],[],ALTA,BAJO,0
DJUSAM,Dow Jones U.S. Medical Equipment Index,3035.5,2589.3,3151.1,17.232456648515036,34.16296296296292,🟡,CERCA,250,2025-11-24 07:45:27,2025-11-24,0,78,78,False,0,0,[],[],ALTA,BAJO,0
DJUSCX,Dow Jones U.S. Specialty Chemicals Index,1042.71,863.05,1169.99,20.81687040148312,39.54224931277636,🟡,CERCA,250,2025-11-24 07:45:27,2025-11-24,0,77,77,False,0,0,[],[],ALTA,BAJO,0
DJUSPB,Dow Jones U.S. Publishing Index,804.98,663.16,874.35,21.38548766511853,36.76023290171199,🟡,CERCA,250,2025-11-24 07:45:27,2025-11-24,0,76,76,False,0,0,[],[],ALTA,BAJO,0
DJUSFA,Dow Jones U.S. Financial Administration Index,470.14,457.18,685.16,2.834769674963905,62.40980258679377,🟢,OPORTUNIDAD,250,2025-11-24 07:45:27,2025-11-24,0,75,75,False,0,0,[],[],ALTA,MEDIO,0
DJUSCS,Dow Jones U.S. Specialized Consumer Services Index,2400.9,2354.2,3402.3,1.9836887265313172,81.64203612479471,🟢,OPORTUNIDAD,250,2025-11-24 07:45:27,2025-11-24,0,75,75,False,0,0,[],[],ALTA,MEDIO,0
DJUSAV,Dow Jones U.S. Media Agencies Index,358.3,346.44,702.93,3.423392217988689,79.14065751144398,🟢,OPORTUNIDAD,250,2025-11-24 07:45:27,2025-11-24,0,75,75,False,0,0,[],[],ALTA,MEDIO,0
DJUSMC,Dow Jones U.S. Health Care Equipment & Services Index,2322.3,2083.0,2542.4,11.488238118098906,42.21183800623051,🟡,CERCA,250,2025-11-24 07:45:27,2025-11-24,0,74,74,False,0,0,[],[],MEDIA,BAJO,0
DJUSRP,Dow Jones U.S. Recreational Products Index,291.73,279.15,496.77,4.506537703743522,65.7248972012203,🟢,OPORTUNIDAD,250,2025-11-24 07:45:27,2025-11-24,0,74,74,False,0,0,[],[],MEDIA,MEDIO,0
DJUSFT,Dow Jones U.S. Footwear Index,1337.6,1186.7,1942.6,12.715934945647584,48.077566031427615,🟡,CERCA,250,2025-11-24 07:45:27,2025-11-24,0,74,74,False,0,0,[],[],MEDIA,BAJO,0
DJUSCM,Dow Jones U.S. Personal Products Index,354.55,341.42,458.91,3.845703239411866,64.06997607655501,🟢,OPORTUNIDAD,250,2025-11-24 07:45:27,2025-11-24,0,74,74,False,0,0,[],[],MEDIA,MEDIO,0
DJUSGI,Dow Jones U.S. General Industrials Index,689.41,613.23,783.86,12.422745136408842,48.38793891136934,🟡,CERCA,250,2025-11-24 07:45:27,2025-11-24,0,74,74,False,0,0,[],[],MEDIA,BAJO,0
DJUSRE,Dow Jones U.S. Real Estate Index,360.42,311.91,396.19,15.552563239395974,48.452696728558784,🟡,CERCA,250,2025-11-24 07:45:27,2025-11-24,0,73,73,False,0,0,[],[],MEDIA,BAJO,0
DJUSRI,Dow Jones U.S. Real Estate Investment Trusts Index,145.7,126.8,161.13,14.90536277602523,48.68913857677905,🟡,CERCA,250,2025-11-24 07:45:27,2025-11-24,0,73,73,False,0,0,[],[],MEDIA,BAJO,0
DJUSHD,Dow Jones U.S. Durable Household Products Index,108.14,94.51,179.28,14.42175431171304,43.480101608806095,🟡,CERCA,250,2025-11-24 07:45:27,2025-11-24,0,73,73,False,0,0,[],[],MEDIA,BAJO,0
DJUSIL,Dow Jones U.S. Life Insurance Index,1258.84,1077.94,1380.29,16.782010130433964,46.72966923650837,🟡,CERCA,250,2025-11-24 07:45:27,2025-11-24,0,72,72,False,0,0,[],[],MEDIA,BAJO,0
DJUSHI,Dow Jones U.S. Home Improvement Retailers Index,773.24,705.04,958.3,9.673210030636566,67.8765069847547,🟢,OPORTUNIDAD,250,2025-11-24 07:45:27,2025-11-24,0,72,72,False,0,0,[],[],MEDIA,MEDIO,0
DJUSOL,Dow Jones U.S. Integrated Oil & Gas Index,752.37,645.42,802.49,16.57060518731989,46.56971580817054,🟡,CERCA,250,2025-11-24 07:45:27,2025-11-24,0,72,72,False,0,0,[],[],MEDIA,BAJO,0
DJUSOG,Dow Jones U.S. Oil & Gas Producers,847.53,707.01,913.87,19.87524928926041,47.51663690959259,🟡,CERCA,250,2025-11-24 07:45:27,2025-11-24,0,71,71,False,0,0,[],[],MEDIA,BAJO,0
DJUSIT,Dow Jones U.S. Industrial Transportation Index,1499.0,1243.5,1746.8,20.546843586650585,44.45707788516204,🟡,CERCA,250,2025-11-24 07:45:27,2025-11-24,0,71,71,False,0,0,[],[],MEDIA,BAJO,0
DJUSRL,Dow Jones U.S. Retail REITs Index,99.48,83.32,106.33,19.395103216514656,45.08196721311472,🟡,CERCA,250,2025-11-24 07:45:27,2025-11-24,0,71,71,False,0,0,[],[],MEDIA,BAJO,0
DJUSEN,Dow Jones U.S. Oil & Gas Index,748.39,623.85,813.4,19.963132163180244,46.976967370441486,🟡,CERCA,250,2025-11-24 07:45:27,2025-11-24,0,71,71,False,0,0,[],[],MEDIA,BAJO,0
DJUSRR,Dow Jones U.S. Railroads Index,3387.8,2788.9,3604.6,21.474416436587905,45.18905625576389,🟡,CERCA,250,2025-11-24 07:45:27,2025-11-24,0,70,70,False,0,0,[],[],MEDIA,BAJO,0
DJUSRH,Dow Jones U.S. Real Estate Investment & Services,703.21,563.1,822.79,24.88190374711419,47.00987033094637,🟡,CERCA,250,2025-11-24 07:45:27,2025-11-24,0,69,69,False,0,0,[],[],MEDIA,BAJO,0
DJUSMR,Dow Jones U.S. Mortgage REITs Index,30.78,24.64,32.68,24.91883116883117,42.34527687296416,🟡,CERCA,250,2025-11-24 07:45:27,2025-11-24,0,69,69,False,0,0,[],[],MEDIA,BAJO,0
DJUSTK,Dow Jones U.S. Trucking Index,1376.04,1244.48,2031.23,10.571483671895084,55.01147221980192,🟡,CERCA,250,2025-11-24 07:45:27,2025-11-24,0,69,69,False,0,0,[],[],MEDIA,BAJO,0
DJUSOS,Dow Jones U.S. Exploration & Production Index,1025.28,821.29,1123.35,24.837755238709835,48.47578274101202,🟡,CERCA,250,2025-11-24 07:45:27,2025-11-24,0,69,69,False,0,0,[],[],MEDIA,BAJO,0
DJUSMS,Dow Jones U.S. Medical Supplies Index,1901.41,1493.05,1909.14,27.350725025953597,21.910782970069377,🔴,FUERTE,250,2025-11-24 07:45:27,2025-11-24,0,68,68,False,0,0,[],[],MEDIA,BAJO,0
DJUSDR,Dow Jones U.S. Food & Drug Retailers Index,1659.01,1311.44,1670.59,26.50292807905813,10.832341360681212,🔴,FUERTE,250,2025-11-24 07:45:27,2025-11-24,0,68,68,False,0,0,[],[],MEDIA,BAJO,0
DJUSSR,Dow Jones U.S. Specialty REITs Index,255.62,229.18,287.27,11.536783314425342,53.482880755608,🟡,CERCA,250,2025-11-24 07:45:27,2025-11-24,0,68,68,False,0,0,[],[],MEDIA,BAJO,0
DJUSTB,Dow Jones U.S. Tobacco Index,1051.77,824.94,1210.02,27.496545203287504,25.621399176954768,🔴,FUERTE,250,2025-11-24 07:45:27,2025-11-24,0,68,68,False,0,0,[],[],MEDIA,BAJO,0
DJUSPG,Sector PG,476.77,426.49,649.12,11.789256489014976,50.71014657425293,🟡,CERCA,250,2025-11-24 07:45:27,2025-11-24,0,68,68,False,0,0,[],[],MEDIA,BAJO,0
DJUSCA,Dow Jones U.S. Gambling Index,606.99,513.6,786.57,18.183411214953267,59.70775178559728,🟡,CERCA,250,2025-11-24 07:45:27,2025-11-24,0,66,66,False,0,0,[],[],MEDIA,BAJO,0
DJUSRA,Dow Jones U.S. Apparel Retailers Index,2024.93,1490.78,2036.82,35.83023652047922,19.70461538461538,🔴,FUERTE,250,2025-11-24 07:45:27,2025-11-24,0,65,65,False,0,0,[],[],MEDIA,BAJO,0
DJUSID,Dow Jones U.S. Diversified Industrials Index,926.96,767.22,1017.95,20.820625114048124,53.08661417322831,🟡,CERCA,250,2025-11-24 07:45:27,2025-11-24,0,65,65,False,0,0,[],[],MEDIA,BAJO,0
DJUSEH,Dow Jones U.S. Real Estate Holding & Development Index,68.56,50.8,72.61,34.96062992125986,14.989517819706547,🔴,FUERTE,206,2025-11-24 07:45:27,2025-11-24,0,65,65,False,0,0,[],[],MEDIA,BAJO,0
DJUSHP,Dow Jones U.S. Health Care Providers Index,2550.6,2106.6,3374.9,21.07661634861863,55.34713763702803,🟡,CERCA,250,2025-11-24 07:45:27,2025-11-24,0,65,65,False,0,0,[],[],MEDIA,BAJO,0
DJUSPR,Dow Jones U.S. Pharmaceuticals Index,1045.97,765.56,1057.53,36.62808924186218,10.14348629066626,🔴,FUERTE,250,2025-11-24 07:45:27,2025-11-24,0,64,64,False,0,0,[],[],MEDIA,BAJO,0
DJUSCH,Dow Jones U.S. Chemicals Index,1816.2,1497.87,2050.51,21.25217809289192,59.13681701273444,🟡,CERCA,250,2025-11-24 07:45:27,2025-11-24,0,64,64,False,0,0,[],[],MEDIA,BAJO,0
DJUSRS,Dow Jones U.S. Specialty Retailers Index,4194.4,3427.2,4908.8,22.385620915032675,57.2172007669132,🟡,CERCA,250,2025-11-24 07:45:27,2025-11-24,0,64,64,False,0,0,[],[],MEDIA,BAJO,0
DJUSPN,Dow Jones U.S. Pharmaceuticals & Biotechnology Index,1324.4,960.01,1335.19,37.956896282330405,9.378241925444328,🔴,FUERTE,250,2025-11-24 07:45:27,2025-11-24,0,64,64,False,0,0,[],[],MEDIA,BAJO,0
DJUSSF,Dow Jones U.S. Consumer Finance Index,759.35,619.26,809.9,22.622161935213,59.7525541287843,🟡,CERCA,250,2025-11-24 07:45:27,2025-11-24,0,64,64,False,0,0,[],[],MEDIA,BAJO,0
DJUSLG,Dow Jones U.S. Hotels Index,4454.0,3245.4,4663.6,37.240401799470014,25.31610393219401,🔴,FUERTE,250,2025-11-24 07:45:27,2025-11-24,0,64,64,False,0,0,[],[],MEDIA,BAJO,0
DJUSAF,Dow Jones U.S. Delivery Services Index,1151.9,916.9,1383.0,25.62983967717309,38.78132118451022,🔴,FUERTE,250,2025-11-24 07:45:27,2025-11-24,0,63,63,False,0,0,[],[],MEDIA,BAJO,0
DJUSBT,Dow Jones U.S. Biotechnology Index,3206.2,2297.4,3227.9,39.55776094715765,15.612465288491308,🔴,FUERTE,250,2025-11-24 07:45:27,2025-11-24,0,63,63,False,0,0,[],[],MEDIA,BAJO,0
DJUSGF,Dow Jones U.S. Financial Services Index,2669.3,2138.5,2838.4,24.82113631049802,56.43810114799878,🟡,CERCA,250,2025-11-24 07:45:27,2025-11-24,0,63,63,False,0,0,[],[],MEDIA,BAJO,0
DJUSFI,Dow Jones U.S. Financial Services Index,2381.5,1907.9,2532.3,24.823103936265,56.43254520166897,🟡,CERCA,250,2025-11-24 07:45:27,2025-11-24,0,63,63,False,0,0,[],[],MEDIA,BAJO,0
DJUSGU,Dow Jones U.S. Gas Distribution Index,390.34,309.31,392.95,26.19701917170476,36.04314654038414,🔴,FUERTE,250,2025-11-24 07:45:27,2025-11-24,0,63,63,False,0,0,[],[],MEDIA,BAJO,0
DJUSME,Dow Jones U.S. Media Index,765.54,662.35,936.97,15.579376462595295,66.02456258411843,🟡,CERCA,250,2025-11-24 07:45:27,2025-11-24,0,61,61,False,0,0,[],[],MEDIA,MEDIO,0
DJUSBC,Dow Jones U.S. Broadcasting & Entertainment Index,1126.3,962.0,1294.9,17.079002079002073,63.700234192037456,🟡,CERCA,250,2025-11-24 07:45:27,2025-11-24,0,60,60,False,0,0,[],[],MEDIA,MEDIO,0
DJUSMT,Dow Jones U.S. Marine Transportation Index,353.4,261.01,430.99,35.397111221792265,39.93332098536764,🔴,FUERTE,250,2025-11-24 07:45:27,2025-11-24,0,59,59,False,0,0,[],[],BAJA,BAJO,0
DJUSGT,Dow Jones U.S. General Retailers Index,3348.7,2720.3,3649.5,23.10039333896995,76.0591526778577,🟡,CERCA,250,2025-11-24 07:45:27,2025-11-24,0,58,58,False,0,0,[],[],BAJA,ALTO,0
DJUSRT,Dow Jones U.S. Retail Index,3019.9,2453.4,3267.5,23.09040515203391,74.90123169881471,🟡,CERCA,250,2025-11-24 07:45:27,2025-11-24,0,58,58,False,0,0,[],[],BAJA,ALTO,0
DJUSUT,Dow Jones U.S. Utilities Index,435.27,353.79,466.02,23.03061137963197,62.14782896917467,🟡,CERCA,250,2025-11-24 07:45:27,2025-11-24,0,58,58,False,0,0,[],[],BAJA,MEDIO,0
DJUSBD,Dow Jones U.S. Building Materials & Fixtures Index,2286.9,1876.9,2557.1,21.84453087537961,72.49216300940431,🟡,CERCA,250,2025-11-24 07:45:27,2025-11-24,0,58,58,False,0,0,[],[],BAJA,ALTO,0
DJUSES,Dow Jones U.S. Real Estate Services Index,335.31,268.15,392.49,25.04568338616447,47.00385943530368,🔴,FUERTE,250,2025-11-24 07:45:27,2025-11-24,0,57,57,False,0,0,[],[],BAJA,BAJO,0
DJUSMF,Dow Jones U.S. Mortgage Finance Index,12.5,9.98,13.76,25.250501002004,45.25993883792048,🔴,FUERTE,250,2025-11-24 07:45:27,2025-11-24,0,57,57,False,0,0,[],[],BAJA,BAJO,0
DJUSDT,Dow Jones U.S. Diversified REITs Index,57.71,45.49,60.0,26.86304682347768,40.90121317157709,🔴,FUERTE,250,2025-11-24 07:45:27,2025-11-24,0,56,56,False,0,0,[],[],BAJA,BAJO,0
DJUSHL,Dow Jones U.S. Hotel & Lodging REITs Index,92.69,65.02,103.03,42.556136573362046,35.502958579881664,🔴,FUERTE,250,2025-11-24 07:45:27,2025-11-24,0,56,56,False,0,0,[],[],BAJA,MEDIO,0
DJUSFE,Dow Jones U.S. Industrial Machinery Index,1276.33,969.18,1325.15,31.6917394085722,43.908745247148296,🔴,FUERTE,250,2025-11-24 07:45:27,2025-11-24,0,54,54,False,0,0,[],[],BAJA,BAJO,0
DJUSHB,Dow Jones U.S. Home Construction Index,2460.62,1872.38,2981.07,31.416699601576592,44.83208346918813,🔴,FUERTE,250,2025-11-24 07:45:27,2025-11-24,0,54,54,False,0,0,[],[],BAJA,BAJO,0
DJUSFH,Dow Jones U.S. Furnishings Index,472.74,319.67,507.6,47.88375512247004,37.71163083707378,🔴,FUERTE,250,2025-11-24 07:45:27,2025-11-24,0,54,54,False,0,0,[],[],BAJA,MEDIO,0
DJUSRD,Dow Jones U.S. Drug Retailers Index,1491.75,878.77,1501.84,69.75431569125028,14.16295746785353,🔴,FUERTE,250,2025-11-24 07:45:27,2025-11-24,0,51,51,False,0,0,[],[],BAJA,MEDIO,0
DJUSDV,Dow Jones U.S. Computer Services Index,291.66,231.08,312.52,26.21602908083781,54.4194419441944,🔴,FUERTE,250,2025-11-24 07:45:27,2025-11-24,0,51,51,False,0,0,[],[],BAJA,BAJO,0
DJUSIQ,Dow Jones U.S. Industrial Engineering Index,4746.0,3318.0,4874.6,43.03797468354431,46.27527492018447,🔴,FUERTE,250,2025-11-24 07:45:27,2025-11-24,0,50,50,False,0,0,[],[],BAJA,MEDIO,0
DJUSAG,Dow Jones U.S. Asset Managers Index,364.45,273.77,426.58,33.12269423238485,58.177037686240126,🔴,FUERTE,250,2025-11-24 07:45:27,2025-11-24,0,48,48,False,0,0,[],[],BAJA,BAJO,0
DJUSST,Dow Jones U.S. Iron & Steel Index,625.77,416.26,655.87,50.33152356700139,47.504528074059145,🔴,FUERTE,250,2025-11-24 07:45:27,2025-11-24,0,47,47,False,0,0,[],[],BAJA,MEDIO,0
DJUSAT,Dow Jones U.S. Auto Parts Index,399.32,288.25,447.84,38.532523850823935,57.8953846153846,🔴,FUERTE,250,2025-11-24 07:45:27,2025-11-24,0,46,46,False,0,0,[],[],BAJA,BAJO,0
DJUSOI,Dow Jones U.S. Oil Equipment & Services Index,273.06,198.86,294.15,37.31268228904756,52.11267605633801,🔴,FUERTE,250,2025-11-24 07:45:27,2025-11-24,0,46,46,False,0,0,[],[],BAJA,BAJO,0
DJUSIO,Dow Jones U.S. Industrial & Office REITs Index,108.25,79.12,111.84,36.8174924165824,50.311665182546726,🔴,FUERTE,250,2025-11-24 07:45:27,2025-11-24,0,46,46,False,0,0,[],[],BAJA,BAJO,0
DJUSDN,Dow Jones U.S. Defense Index,753.11,598.11,850.34,25.914965474578256,87.24965791765155,🔴,FUERTE,250,2025-11-24 07:45:27,2025-11-24,0,45,45,False,0,0,[],[],BAJA,ALTO,0
DJUSHR,Dow Jones U.S. Commercial Vehicles & Trucks Index,6085.2,3916.0,6249.7,55.39325842696629,48.18446288115506,🔴,FUERTE,250,2025-11-24 07:45:27,2025-11-24,0,45,45,False,0,0,[],[],BAJA,MEDIO,0
DJUSRB,Dow Jones U.S. Broadline Retailers Index,4655.1,3641.4,5185.7,27.83819410116989,80.60706121412244,🔴,FUERTE,250,2025-11-24 07:45:27,2025-11-24,0,44,44,False,0,0,[],[],BAJA,ALTO,0
DJUSVE,Dow Jones U.S. Conventional Electricity Index,433.05,341.92,472.89,26.65243331773514,68.48061642186366,🔴,FUERTE,250,2025-11-24 07:45:27,2025-11-24,0,44,44,False,0,0,[],[],BAJA,MEDIO,0
DJUSNF,Dow Jones U.S. Nonferrous Metals Index,533.34,372.55,655.27,43.15930747550665,54.61489832472869,🔴,FUERTE,250,2025-11-24 07:45:27,2025-11-24,0,44,44,False,0,0,[],[],BAJA,MEDIO,0
DJUSEU,Dow Jones U.S. Electricity Index,432.04,340.99,471.47,26.701662805360865,68.20265379975872,🔴,FUERTE,250,2025-11-24 07:45:27,2025-11-24,0,44,44,False,0,0,[],[],BAJA,MEDIO,0
DJUSBK,Dow Jones U.S. Banks Index,758.96,521.55,802.07,45.52008436391527,59.812981298129785,🔴,FUERTE,250,2025-11-24 07:45:27,2025-11-24,0,43,43,False,0,0,[],[],BAJA,MEDIO,0
DJUSDS,Dow Jones U.S. Industrial Suppliers Index,881.33,683.22,994.97,28.99651649541876,65.3889334402566,🔴,FUERTE,250,2025-11-24 07:45:27,2025-11-24,0,43,43,False,0,0,[],[],BAJA,MEDIO,0
DJUSIG,Dow Jones U.S. Industrial Goods & Services Index,1429.89,1094.74,1511.78,30.614575150263995,64.73687361551815,🔴,FUERTE,250,2025-11-24 07:45:27,2025-11-24,0,43,43,False,0,0,[],[],BAJA,MEDIO,0
DJUSTT,Dow Jones U.S. Travel & Tourism Index,1241.13,957.74,1432.9,29.589450163927587,70.44266525507838,🔴,FUERTE,250,2025-11-24 07:45:27,2025-11-24,0,43,43,False,0,0,[],[],BAJA,ALTO,0
DJUSCN,Dow Jones U.S. Construction & Materials Index,1967.24,1484.39,2140.56,32.52851339607515,72.65898848272391,🔴,FUERTE,250,2025-11-24 07:45:27,2025-11-24,0,42,42,False,0,0,[],[],BAJA,ALTO,0
DJUSIM,Dow Jones U.S. Industrial Metals & Mining Index,514.95,350.58,548.35,46.88516173198701,52.07030589825924,🔴,FUERTE,250,2025-11-24 07:45:27,2025-11-24,0,42,42,False,0,0,[],[],BAJA,MEDIO,0
DJUSBS,Dow Jones U.S. Basic Resources Index,448.23,274.91,478.98,63.04608781055617,46.70890793887438,🔴,FUERTE,250,2025-11-24 07:45:27,2025-11-24,0,42,42,False,0,0,[],[],BAJA,MEDIO,0
DJUSSW,Dow Jones U.S. Software Index,7668.4,5758.2,9040.0,33.17356118231392,82.22280403194138,🔴,FUERTE,250,2025-11-24 07:45:27,2025-11-24,0,42,42,False,0,0,[],[],BAJA,ALTO,0
DJUSLE,Dow Jones U.S. Leisure Goods Index,1011.27,724.03,1249.95,39.67238926563817,86.60736146249907,🔴,FUERTE,250,2025-11-24 07:45:27,2025-11-24,0,39,39,False,0,0,[],[],BAJA,ALTO,0
DJUSSB,Dow Jones U.S. Investment Services Index,2864.3,2060.8,3078.4,38.98971273291925,65.43155092078986,🔴,FUERTE,250,2025-11-24 07:45:27,2025-11-24,0,39,39,False,0,0,[],[],BAJA,MEDIO,0
DJUSAR,Dow Jones U.S. Airlines Index,215.67,137.83,259.72,56.475368207211766,54.02921178544447,🔴,FUERTE,250,2025-11-24 07:45:27,2025-11-24,0,38,38,False,0,0,[],[],BAJA,MEDIO,0
DJUSNS,Dow Jones U.S. Internet Index,6663.3,3842.4,6853.4,73.41505309181761,49.167226827993126,🔴,FUERTE,250,2025-11-24 07:45:27,2025-11-24,0,38,38,False,0,0,[],[],BAJA,MEDIO,0
DJUSTY,Dow Jones U.S. Toys Index,1674.03,1149.53,2066.13,45.6273433490209,87.60338914666133,🔴,FUERTE,250,2025-11-24 07:45:27,2025-11-24,0,37,37,False,0,0,[],[],BAJA,ALTO,0
DJUSAE,Dow Jones U.S. Aerospace & Defense Index,2719.6,1861.2,3004.0,46.12078229099505,82.66182298546897,🔴,FUERTE,250,2025-11-24 07:45:27,2025-11-24,0,37,37,False,0,0,[],[],BAJA,ALTO,0
DJUSCT,Dow Jones U.S. Telecommunications Equipment Index,2523.45,1708.47,2774.98,47.702330155051,70.15639374425024,🔴,FUERTE,250,2025-11-24 07:45:27,2025-11-24,0,36,36,False,0,0,[],[],BAJA,ALTO,0
DJUSSV,Dow Jones U.S. Software & Computer Services Index,8112.0,5509.7,8975.6,47.231246710347214,73.20795182710562,🔴,FUERTE,250,2025-11-24 07:45:27,2025-11-24,0,36,36,False,0,0,[],[],BAJA,ALTO,0
DJUSCR,Dow Jones U.S. Computer Hardware Index,13558.4,8364.8,13998.5,62.08875286916604,52.41814143440566,🔴,FUERTE,250,2025-11-24 07:45:27,2025-11-24,0,36,36,False,0,0,[],[],BAJA,MEDIO,0
DJUSAL,Dow Jones U.S. Aluminum Index,124.14,73.62,163.19,68.62265688671556,52.70319970577418,🔴,FUERTE,250,2025-11-24 07:45:27,2025-11-24,0,34,34,False,0,0,[],[],BAJA,MEDIO,0
DJUSRQ,Dow Jones U.S. Recreational Services Index,167.94,110.98,215.97,51.32456298432149,60.3896103896104,🔴,FUERTE,250,2025-11-24 07:45:27,2025-11-24,0,34,34,False,0,0,[],[],BAJA,ALTO,0
DJUSAS,Dow Jones U.S. Aerospace Index,2950.3,1883.9,3261.9,56.605976962683805,79.26829268292683,🔴,FUERTE,250,2025-11-24 07:45:27,2025-11-24,0,32,32,False,0,0,[],[],BAJA,ALTO,0
DJUSTC,Dow Jones U.S. Technology Index,8421.3,5115.5,9259.3,64.62320398787996,71.58576051779934,🔴,FUERTE,250,2025-11-24 07:45:27,2025-11-24,0,29,29,False,0,0,[],[],BAJA,ALTO,0
DJUSPM,Dow Jones U.S. Gold Mining Index,222.36,94.85,251.35,134.4333157617291,42.40315472048248,🔴,FUERTE,250,2025-11-24 07:45:27,2025-11-24,0,27,27,False,0,0,[],[],BAJA,MEDIO,0
DJUSMG,Dow Jones U.S. Mining Index,193.71,84.25,223.28,129.92284866468844,43.08489438023117,🔴,FUERTE,250,2025-11-24 07:45:27,2025-11-24,0,27,27,False,0,0,[],[],BAJA,MEDIO,0
DJUSEC,Dow Jones U.S. Electrical Components & Equipment Index,976.89,562.61,1092.13,73.6353779705302,67.47823058167887,🔴,FUERTE,250,2025-11-24 07:45:27,2025-11-24,0,26,26,False,0,0,[],[],BAJA,ALTO,0
DJUSAP,Dow Jones U.S. Automobiles & Parts Index,1481.0,845.49,1748.7,75.16469739441034,73.95811174070279,🔴,FUERTE,250,2025-11-24 07:45:27,2025-11-24,0,25,25,False,0,0,[],[],BAJA,ALTO,0
DJUSAU,Dow Jones U.S. Automobiles Index,1349.9,758.25,1613.6,78.02835476425982,73.56895273586984,🔴,FUERTE,250,2025-11-24 07:45:27,2025-11-24,0,24,24,False,0,0,[],[],BAJA,ALTO,0
DJUSEE,Dow Jones U.S. Electronic & Electrical Equipment Index,1146.04,643.85,1263.86,77.99798089617146,66.85409504225177,🔴,FUERTE,250,2025-11-24 07:45:27,2025-11-24,0,24,24,False,0,0,[],[],BAJA,ALTO,0
DJUSTR,Dow Jones U.S. Tires Index,9768.3,5326.7,10826.1,83.38370848743124,69.62674604991982,🔴,FUERTE,250,2025-11-24 07:45:27,2025-11-24,0,22,22,False,0,0,[],[],BAJA,ALTO,0
DJUSTQ,Dow Jones U.S. Technology Hardware & Equipment Index,9768.3,5326.7,10826.1,83.38370848743124,69.62674604991982,🔴,FUERTE,250,2025-11-24 07:45:27,2025-11-24,0,22,22,False,0,0,[],[],BAJA,ALTO,0
DJUSHV,Dow Jones U.S. Heavy Construction Index,2103.79,1138.85,2402.18,84.72933222110024,69.98303190828949,🔴,FUERTE,250,2025-11-24 07:45:27,2025-11-24,0,21,21,False,0,0,[],[],BAJA,ALTO,0
DJUSAI,Dow Jones U.S. Electronic Equipment Index,1712.95,913.78,1874.93,87.45759373153277,63.11793864153975,🔴,FUERTE,250,2025-11-24 07:45:27,2025-11-24,0,20,20,False,0,0,[],[],BAJA,ALTO,0
DJUSSC,Dow Jones U.S. Semiconductors Index,26698.8,12938.1,31044.1,106.35796600737356,70.14413721319637,🔴,FUERTE,250,2025-11-24 07:45:27,2025-11-24,0,15,15,False,0,0,[],[],BAJA,ALTO,0
