{
  "analysis_timestamp": "2025-07-08T07:43:07.757442",
  "opportunities": [
    {
      "Ticker": "DJUSFB",
      "Sector": "Food & Beverage",
      "CurrentPrice": 708.59,
      "Min52w": 668.77,
      "Max52w": 816.7,
      "DistanceFromMin": 5.954214453399532,
      "RSI": 44.40331655315364,
      "Estado": "🟢",
      "Classification": "OPORTUNIDAD",
      "DataPoints": 251,
      "AnalysisDate": "2025-07-08 07:42:22",
      "FileDate": "2025-07-08",
      "DaysAgo": 0,
      "BaseScore": 86,
      "FinalScore": 86,
      "InsiderActivity": false,
      "InsiderTrades": 0,
      "InsiderValue": 0,
      "InsiderTickers": [],
      "Signals": [],
      "Urgency": "CRÍTICA",
      "RiskLevel": "BAJO",
      "MappingCoverage": 0
    },
    {
      "Ticker": "DJUSHC",
      "Sector": "Healthcare",
      "CurrentPrice": 1422.63,
      "Min52w": 1344.15,
      "Max52w": 1663.54,
      "DistanceFromMin": 5.838634081017744,
      "RSI": 55.46488410452294,
      "Estado": "🟢",
      "Classification": "OPORTUNIDAD",
      "DataPoints": 251,
      "AnalysisDate": "2025-07-08 07:42:22",
      "FileDate": "2025-07-08",
      "DaysAgo": 0,
      "BaseScore": 80,
      "FinalScore": 80,
      "InsiderActivity": false,
      "InsiderTrades": 0,
      "InsiderValue": 0,
      "InsiderTickers": [],
      "Signals": [],
      "Urgency": "ALTA",
      "RiskLevel": "BAJO",
      "MappingCoverage": 0
    },
    {
      "Ticker": "DJUSNG",
      "Sector": "Personal Goods",
      "CurrentPrice": 1056.44,
      "Min52w": 909.61,
      "Max52w": 1069.74,
      "DistanceFromMin": 16.142082870680845,
      "RSI": 30.35537462867198,
      "Estado": "🟡",
      "Classification": "CERCA",
      "DataPoints": 251,
      "AnalysisDate": "2025-07-08 07:42:22",
      "FileDate": "2025-07-08",
      "DaysAgo": 0,
      "BaseScore": 79,
      "FinalScore": 79,
      "InsiderActivity": false,
      "InsiderTrades": 0,
      "InsiderValue": 0,
      "InsiderTickers": [],
      "Signals": [],
      "Urgency": "ALTA",
      "RiskLevel": "BAJO",
      "MappingCoverage": 0
    },
    {
      "Ticker": "DJUSCH",
      "Sector": "Chemicals",
      "CurrentPrice": 853.73,
      "Min52w": 703.58,
      "Max52w": 952.75,
      "DistanceFromMin": 21.3408567611359,
      "RSI": 38.87137452711218,
      "Estado": "🟡",
      "Classification": "CERCA",
      "DataPoints": 251,
      "AnalysisDate": "2025-07-08 07:42:22",
      "FileDate": "2025-07-08",
      "DaysAgo": 0,
      "BaseScore": 76,
      "FinalScore": 76,
      "InsiderActivity": false,
      "InsiderTrades": 0,
      "InsiderValue": 0,
      "InsiderTickers": [],
      "Signals": [],
      "Urgency": "ALTA",
      "RiskLevel": "BAJO",
      "MappingCoverage": 0
    },
    {
      "Ticker": "DJUSUT",
      "Sector": "Utilities",
      "CurrentPrice": 407.5,
      "Min52w": 338.93,
      "Max52w": 411.37,
      "DistanceFromMin": 20.231316200985454,
      "RSI": 42.47279322853684,
      "Estado": "🟡",
      "Classification": "CERCA",
      "DataPoints": 251,
      "AnalysisDate": "2025-07-08 07:42:22",
      "FileDate": "2025-07-08",
      "DaysAgo": 0,
      "BaseScore": 71,
      "FinalScore": 71,
      "InsiderActivity": false,
      "InsiderTrades": 0,
      "InsiderValue": 0,
      "InsiderTickers": [],
      "Signals": [],
      "Urgency": "MEDIA",
      "RiskLevel": "BAJO",
      "MappingCoverage": 0
    },
    {
      "Ticker": "DJUSRE",
      "Sector": "Real Estate",
      "CurrentPrice": 361.67,
      "Min52w": 311.91,
      "Max52w": 396.67,
      "DistanceFromMin": 15.953319867910611,
      "RSI": 51.62417045057634,
      "Estado": "🟡",
      "Classification": "CERCA",
      "DataPoints": 251,
      "AnalysisDate": "2025-07-08 07:42:22",
      "FileDate": "2025-07-08",
      "DaysAgo": 0,
      "BaseScore": 67,
      "FinalScore": 67,
      "InsiderActivity": false,
      "InsiderTrades": 0,
      "InsiderValue": 0,
      "InsiderTickers": [],
      "Signals": [],
      "Urgency": "MEDIA",
      "RiskLevel": "BAJO",
      "MappingCoverage": 0
    },
    {
      "Ticker": "DJUSIG",
      "Sector": "Industrial Goods",
      "CurrentPrice": 1431.39,
      "Min52w": 1094.74,
      "Max52w": 1442.13,
      "DistanceFromMin": 30.751593985786585,
      "RSI": 26.077765194412866,
      "Estado": "🔴",
      "Classification": "FUERTE",
      "DataPoints": 251,
      "AnalysisDate": "2025-07-08 07:42:22",
      "FileDate": "2025-07-08",
      "DaysAgo": 0,
      "BaseScore": 67,
      "FinalScore": 67,
      "InsiderActivity": false,
      "InsiderTrades": 0,
      "InsiderValue": 0,
      "InsiderTickers": [],
      "Signals": [],
      "Urgency": "MEDIA",
      "RiskLevel": "BAJO",
      "MappingCoverage": 0
    },
    {
      "Ticker": "DJUSCN",
      "Sector": "Construction",
      "CurrentPrice": 1966.04,
      "Min52w": 1484.39,
      "Max52w": 2065.78,
      "DistanceFromMin": 32.44767210773448,
      "RSI": 28.034405861739387,
      "Estado": "🔴",
      "Classification": "FUERTE",
      "DataPoints": 251,
      "AnalysisDate": "2025-07-08 07:42:22",
      "FileDate": "2025-07-08",
      "DaysAgo": 0,
      "BaseScore": 66,
      "FinalScore": 66,
      "InsiderActivity": false,
      "InsiderTrades": 0,
      "InsiderValue": 0,
      "InsiderTickers": [],
      "Signals": [],
      "Urgency": "MEDIA",
      "RiskLevel": "BAJO",
      "MappingCoverage": 0
    },
    {
      "Ticker": "DJUSME",
      "Sector": "Media",
      "CurrentPrice": 879.2,
      "Min52w": 662.35,
      "Max52w": 936.97,
      "DistanceFromMin": 32.73948818600438,
      "RSI": 29.412358642972464,
      "Estado": "🔴",
      "Classification": "FUERTE",
      "DataPoints": 251,
      "AnalysisDate": "2025-07-08 07:42:22",
      "FileDate": "2025-07-08",
      "DaysAgo": 0,
      "BaseScore": 66,
      "FinalScore": 66,
      "InsiderActivity": false,
      "InsiderTrades": 0,
      "InsiderValue": 0,
      "InsiderTickers": [],
      "Signals": [],
      "Urgency": "MEDIA",
      "RiskLevel": "BAJO",
      "MappingCoverage": 0
    },
    {
      "Ticker": "DJUSEN",
      "Sector": "Oil & Gas",
      "CurrentPrice": 726.99,
      "Min52w": 623.85,
      "Max52w": 813.7,
      "DistanceFromMin": 16.532820389516708,
      "RSI": 55.49144858850195,
      "Estado": "🟡",
      "Classification": "CERCA",
      "DataPoints": 251,
      "AnalysisDate": "2025-07-08 07:42:22",
      "FileDate": "2025-07-08",
      "DaysAgo": 0,
      "BaseScore": 66,
      "FinalScore": 66,
      "InsiderActivity": false,
      "InsiderTrades": 0,
      "InsiderValue": 0,
      "InsiderTickers": [],
      "Signals": [],
      "Urgency": "MEDIA",
      "RiskLevel": "BAJO",
      "MappingCoverage": 0
    },
    {
      "Ticker": "DJUSFN",
      "Sector": "Financials",
      "CurrentPrice": 2427.2,
      "Min52w": 1812.0,
      "Max52w": 2448.9,
      "DistanceFromMin": 33.951434878587186,
      "RSI": 22.81879194630875,
      "Estado": "🔴",
      "Classification": "FUERTE",
      "DataPoints": 251,
      "AnalysisDate": "2025-07-08 07:42:22",
      "FileDate": "2025-07-08",
      "DaysAgo": 0,
      "BaseScore": 65,
      "FinalScore": 65,
      "InsiderActivity": false,
      "InsiderTrades": 0,
      "InsiderValue": 0,
      "InsiderTickers": [],
      "Signals": [],
      "Urgency": "MEDIA",
      "RiskLevel": "BAJO",
      "MappingCoverage": 0
    },
    {
      "Ticker": "DJUSRT",
      "Sector": "Retail",
      "CurrentPrice": 3112.1,
      "Min52w": 2288.1,
      "Max52w": 3175.9,
      "DistanceFromMin": 36.01241204492811,
      "RSI": 25.488776249094784,
      "Estado": "🔴",
      "Classification": "FUERTE",
      "DataPoints": 251,
      "AnalysisDate": "2025-07-08 07:42:22",
      "FileDate": "2025-07-08",
      "DaysAgo": 0,
      "BaseScore": 65,
      "FinalScore": 65,
      "InsiderActivity": false,
      "InsiderTrades": 0,
      "InsiderValue": 0,
      "InsiderTickers": [],
      "Signals": [],
      "Urgency": "MEDIA",
      "RiskLevel": "BAJO",
      "MappingCoverage": 0
    },
    {
      "Ticker": "DJUSBK",
      "Sector": "Banks",
      "CurrentPrice": 743.5,
      "Min52w": 520.01,
      "Max52w": 752.87,
      "DistanceFromMin": 42.9780196534682,
      "RSI": 13.93721807972014,
      "Estado": "🔴",
      "Classification": "FUERTE",
      "DataPoints": 251,
      "AnalysisDate": "2025-07-08 07:42:22",
      "FileDate": "2025-07-08",
      "DaysAgo": 0,
      "BaseScore": 62,
      "FinalScore": 62,
      "InsiderActivity": false,
      "InsiderTrades": 0,
      "InsiderValue": 0,
      "InsiderTickers": [],
      "Signals": [],
      "Urgency": "MEDIA",
      "RiskLevel": "MEDIO",
      "MappingCoverage": 0
    },
    {
      "Ticker": "DJUSTC",
      "Sector": "Technology",
      "CurrentPrice": 7512.4,
      "Min52w": 5115.5,
      "Max52w": 7588.4,
      "DistanceFromMin": 46.85563483530446,
      "RSI": 25.91980157089712,
      "Estado": "🔴",
      "Classification": "FUERTE",
      "DataPoints": 251,
      "AnalysisDate": "2025-07-08 07:42:22",
      "FileDate": "2025-07-08",
      "DaysAgo": 0,
      "BaseScore": 60,
      "FinalScore": 60,
      "InsiderActivity": false,
      "InsiderTrades": 0,
      "InsiderValue": 0,
      "InsiderTickers": [],
      "Signals": [],
      "Urgency": "MEDIA",
      "RiskLevel": "MEDIO",
      "MappingCoverage": 0
    },
    {
      "Ticker": "DJUSBS",
      "Sector": "Basic Resources",
      "CurrentPrice": 389.88,
      "Min52w": 274.91,
      "Max52w": 394.51,
      "DistanceFromMin": 41.82095958677384,
      "RSI": 33.205038488453454,
      "Estado": "🔴",
      "Classification": "FUERTE",
      "DataPoints": 251,
      "AnalysisDate": "2025-07-08 07:42:22",
      "FileDate": "2025-07-08",
      "DaysAgo": 0,
      "BaseScore": 56,
      "FinalScore": 56,
      "InsiderActivity": false,
      "InsiderTrades": 0,
      "InsiderValue": 0,
      "InsiderTickers": [],
      "Signals": [],
      "Urgency": "BAJA",
      "RiskLevel": "MEDIO",
      "MappingCoverage": 0
    },
    {
      "Ticker": "DJUSTL",
      "Sector": "Telecommunications",
      "CurrentPrice": 187.14,
      "Min52w": 142.12,
      "Max52w": 199.75,
      "DistanceFromMin": 31.677455671263704,
      "RSI": 45.57581147176528,
      "Estado": "🔴",
      "Classification": "FUERTE",
      "DataPoints": 251,
      "AnalysisDate": "2025-07-08 07:42:22",
      "FileDate": "2025-07-08",
      "DaysAgo": 0,
      "BaseScore": 54,
      "FinalScore": 54,
      "InsiderActivity": false,
      "InsiderTrades": 0,
      "InsiderValue": 0,
      "InsiderTickers": [],
      "Signals": [],
      "Urgency": "BAJA",
      "RiskLevel": "BAJO",
      "MappingCoverage": 0
    }
  ],
  "enhanced_analysis": {
    "market_overview": {
      "market_state": "NORMAL",
      "description": "Mercado en estado normal con oportunidades moderadas",
      "total_sectors_analyzed": 16,
      "critical_opportunities": 1,
      "high_quality_opportunities": 4,
      "sectors_with_insider_activity": 0,
      "average_opportunity_score": 67.9,
      "mapping_coverage_percentage": "0",
      "market_sentiment": "BEARISH"
    },
    "top_opportunities_analysis": [
      {
        "sector": "Food & Beverage",
        "ticker": "DJUSFB",
        "final_score": 86,
        "urgency": "CRÍTICA",
        "distance_from_min": 6.0,
        "upside_to_max_52w": 15.3,
        "current_price": 708.59,
        "target_price_52w_max": 816.7,
        "insider_activity": false,
        "insider_companies": 0,
        "risk_level": "BAJO",
        "description": "OPORTUNIDAD EXCEPCIONAL: Food & Beverage a solo 6.0% del mínimo con potencial upside de 15.3%",
        "recommendation": "COMPRA INMEDIATA"
      },
      {
        "sector": "Healthcare",
        "ticker": "DJUSHC",
        "final_score": 80,
        "urgency": "ALTA",
        "distance_from_min": 5.8,
        "upside_to_max_52w": 16.9,
        "current_price": 1422.63,
        "target_price_52w_max": 1663.54,
        "insider_activity": false,
        "insider_companies": 0,
        "risk_level": "BAJO",
        "description": "OPORTUNIDAD SÓLIDA: Healthcare con score alto y riesgo bajo",
        "recommendation": "CONSIDERAR COMPRA"
      },
      {
        "sector": "Personal Goods",
        "ticker": "DJUSNG",
        "final_score": 79,
        "urgency": "ALTA",
        "distance_from_min": 16.1,
        "upside_to_max_52w": 1.3,
        "current_price": 1056.44,
        "target_price_52w_max": 1069.74,
        "insider_activity": false,
        "insider_companies": 0,
        "risk_level": "BAJO",
        "description": "OPORTUNIDAD MODERADA: Personal Goods en seguimiento",
        "recommendation": "MONITOREAR"
      },
      {
        "sector": "Chemicals",
        "ticker": "DJUSCH",
        "final_score": 76,
        "urgency": "ALTA",
        "distance_from_min": 21.3,
        "upside_to_max_52w": 11.6,
        "current_price": 853.73,
        "target_price_52w_max": 952.75,
        "insider_activity": false,
        "insider_companies": 0,
        "risk_level": "BAJO",
        "description": "OPORTUNIDAD MODERADA: Chemicals en seguimiento",
        "recommendation": "MONITOREAR"
      },
      {
        "sector": "Utilities",
        "ticker": "DJUSUT",
        "final_score": 71,
        "urgency": "MEDIA",
        "distance_from_min": 20.2,
        "upside_to_max_52w": 0.9,
        "current_price": 407.5,
        "target_price_52w_max": 411.37,
        "insider_activity": false,
        "insider_companies": 0,
        "risk_level": "BAJO",
        "description": "OPORTUNIDAD MODERADA: Utilities en seguimiento",
        "recommendation": "MONITOREAR"
      }
    ],
    "insider_activity_analysis": {
      "status": "SIN_ACTIVIDAD",
      "description": "No se detectó actividad insider significativa en los sectores analizados",
      "recommendation": "Monitorear actividad insider en próximos días",
      "mapping_note": "Verificar que los tickers insider estén en el mapeo sectorial"
    },
    "risk_reward_analysis": {
      "risk_distribution": {
        "low_risk_count": 13,
        "medium_risk_count": 3,
        "high_risk_count": 0
      },
      "average_upside_low_risk": 6.9,
      "best_risk_reward_opportunities": [
        {
          "sector": "Food & Beverage",
          "score": 86,
          "upside": 15.3,
          "risk": "BAJO",
          "insider_activity": false
        },
        {
          "sector": "Healthcare",
          "score": 80,
          "upside": 16.9,
          "risk": "BAJO",
          "insider_activity": false
        },
        {
          "sector": "Personal Goods",
          "score": 79,
          "upside": 1.3,
          "risk": "BAJO",
          "insider_activity": false
        }
      ],
      "recommendation": "ENFOCARSE_BAJO_RIESGO"
    },
    "sector_strength_analysis": [
      {
        "sector_group": "Healthcare",
        "strength": "FUERTE",
        "opportunities_count": 1,
        "average_score": 80.0,
        "critical_opportunities": 0,
        "insider_activity_count": 0,
        "total_insider_companies": 0,
        "top_sector": "Healthcare"
      },
      {
        "sector_group": "Consumer",
        "strength": "FUERTE",
        "opportunities_count": 2,
        "average_score": 75.5,
        "critical_opportunities": 1,
        "insider_activity_count": 0,
        "total_insider_companies": 0,
        "top_sector": "Food & Beverage"
      },
      {
        "sector_group": "Utilities",
        "strength": "MODERADO",
        "opportunities_count": 1,
        "average_score": 71.0,
        "critical_opportunities": 0,
        "insider_activity_count": 0,
        "total_insider_companies": 0,
        "top_sector": "Utilities"
      },
      {
        "sector_group": "Industrial",
        "strength": "MODERADO",
        "opportunities_count": 1,
        "average_score": 67.0,
        "critical_opportunities": 0,
        "insider_activity_count": 0,
        "total_insider_companies": 0,
        "top_sector": "Industrial Goods"
      },
      {
        "sector_group": "Real Estate",
        "strength": "MODERADO",
        "opportunities_count": 1,
        "average_score": 67.0,
        "critical_opportunities": 0,
        "insider_activity_count": 0,
        "total_insider_companies": 0,
        "top_sector": "Real Estate"
      },
      {
        "sector_group": "Energy",
        "strength": "MODERADO",
        "opportunities_count": 1,
        "average_score": 66.0,
        "critical_opportunities": 0,
        "insider_activity_count": 0,
        "total_insider_companies": 0,
        "top_sector": "Oil & Gas"
      },
      {
        "sector_group": "Materials",
        "strength": "MODERADO",
        "opportunities_count": 3,
        "average_score": 66.0,
        "critical_opportunities": 0,
        "insider_activity_count": 0,
        "total_insider_companies": 0,
        "top_sector": "Chemicals"
      },
      {
        "sector_group": "Financial",
        "strength": "MODERADO",
        "opportunities_count": 2,
        "average_score": 63.5,
        "critical_opportunities": 0,
        "insider_activity_count": 0,
        "total_insider_companies": 0,
        "top_sector": "Financials"
      },
      {
        "sector_group": "Technology",
        "strength": "MODERADO",
        "opportunities_count": 1,
        "average_score": 60.0,
        "critical_opportunities": 0,
        "insider_activity_count": 0,
        "total_insider_companies": 0,
        "top_sector": "Technology"
      }
    ],
    "timing_analysis": {
      "overall_timing": "BUENO",
      "description": "Buen timing: varios sectores en zona de compra",
      "oversold_count": 7,
      "very_close_to_min_count": 2,
      "overbought_count": 0,
      "recommendation": "SELECTIVO"
    },
    "correlation_analysis": {
      "mapping_quality": "DEFICIENTE",
      "mapping_description": "Cobertura deficiente (0.0%) - mapeo necesita mejoras",
      "mapping_coverage_percentage": "0",
      "correlation_rate_percentage": 0.0,
      "sectors_correlated": 0,
      "total_sectors": 16,
      "improvement_suggestion": "Expandir mapeo de tickers a sectores, especialmente para empresas mid-cap y small-cap"
    }
  },
  "summary": {
    "total_opportunities": 16,
    "critical_count": 1,
    "high_urgency_count": 4,
    "with_insider_activity": 0,
    "average_score": 67.9,
    "top_score": "86",
    "low_risk_opportunities": 13,
    "sectors_near_minimum": 2,
    "total_insider_volume_millions": 0.0,
    "mapping_coverage": "0",
    "correlation_effectiveness": 0.0
  },
  "special_patterns": [],
  "strategic_recommendations": {
    "short_term_strategy": {
      "timeframe": "1-3 meses",
      "focus": "Aprovechar actividad insider y momentum",
      "recommended_sectors": [],
      "allocation_suggestion": "30-40% del capital disponible",
      "insider_companies_total": 0
    },
    "medium_term_strategy": {
      "timeframe": "3-12 meses",
      "focus": "Sectores defensivos cerca de mínimos",
      "recommended_sectors": [
        "Food & Beverage",
        "Healthcare"
      ],
      "allocation_suggestion": "40-50% del capital disponible"
    },
    "long_term_strategy": {
      "timeframe": "12+ meses",
      "focus": "Sectores fundamentalmente sólidos",
      "recommended_sectors": [
        "Food & Beverage",
        "Healthcare"
      ],
      "allocation_suggestion": "20-30% del capital disponible"
    }
  },
  "risk_analysis": {
    "distribution": {
      "BAJO": 13,
      "MEDIO": 3
    },
    "low_risk_percentage": 81.2,
    "concentration_risk": "BAJO",
    "diversification_recommendation": "Buena diversificación disponible"
  },
  "upside_calculations": [
    {
      "sector": "Food & Beverage",
      "current_price": 708.59,
      "upside_to_52w_max_percent": 15.3,
      "upside_to_52w_avg_percent": 4.8,
      "target_price_max": 816.7,
      "target_price_avg": 742.74,
      "risk_adjusted_upside": 15.3,
      "insider_support": false,
      "insider_companies": 0
    },
    {
      "sector": "Healthcare",
      "current_price": 1422.63,
      "upside_to_52w_max_percent": 16.9,
      "upside_to_52w_avg_percent": 5.7,
      "target_price_max": 1663.54,
      "target_price_avg": 1503.85,
      "risk_adjusted_upside": 16.9,
      "insider_support": false,
      "insider_companies": 0
    },
    {
      "sector": "Personal Goods",
      "current_price": 1056.44,
      "upside_to_52w_max_percent": 1.3,
      "upside_to_52w_avg_percent": -6.3,
      "target_price_max": 1069.74,
      "target_price_avg": 989.67,
      "risk_adjusted_upside": 1.3,
      "insider_support": false,
      "insider_companies": 0
    },
    {
      "sector": "Chemicals",
      "current_price": 853.73,
      "upside_to_52w_max_percent": 11.6,
      "upside_to_52w_avg_percent": -3.0,
      "target_price_max": 952.75,
      "target_price_avg": 828.16,
      "risk_adjusted_upside": 11.6,
      "insider_support": false,
      "insider_companies": 0
    },
    {
      "sector": "Utilities",
      "current_price": 407.5,
      "upside_to_52w_max_percent": 0.9,
      "upside_to_52w_avg_percent": -7.9,
      "target_price_max": 411.37,
      "target_price_avg": 375.15,
      "risk_adjusted_upside": 0.9,
      "insider_support": false,
      "insider_companies": 0
    },
    {
      "sector": "Real Estate",
      "current_price": 361.67,
      "upside_to_52w_max_percent": 9.7,
      "upside_to_52w_avg_percent": -2.0,
      "target_price_max": 396.67,
      "target_price_avg": 354.29,
      "risk_adjusted_upside": 9.7,
      "insider_support": false,
      "insider_companies": 0
    },
    {
      "sector": "Industrial Goods",
      "current_price": 1431.39,
      "upside_to_52w_max_percent": 0.8,
      "upside_to_52w_avg_percent": -11.4,
      "target_price_max": 1442.13,
      "target_price_avg": 1268.43,
      "risk_adjusted_upside": 0.8,
      "insider_support": false,
      "insider_companies": 0
    },
    {
      "sector": "Construction",
      "current_price": 1966.04,
      "upside_to_52w_max_percent": 5.1,
      "upside_to_52w_avg_percent": -9.7,
      "target_price_max": 2065.78,
      "target_price_avg": 1775.09,
      "risk_adjusted_upside": 5.1,
      "insider_support": false,
      "insider_companies": 0
    },
    {
      "sector": "Media",
      "current_price": 879.2,
      "upside_to_52w_max_percent": 6.6,
      "upside_to_52w_avg_percent": -9.0,
      "target_price_max": 936.97,
      "target_price_avg": 799.66,
      "risk_adjusted_upside": 6.6,
      "insider_support": false,
      "insider_companies": 0
    },
    {
      "sector": "Oil & Gas",
      "current_price": 726.99,
      "upside_to_52w_max_percent": 11.9,
      "upside_to_52w_avg_percent": -1.1,
      "target_price_max": 813.7,
      "target_price_avg": 718.78,
      "risk_adjusted_upside": 11.9,
      "insider_support": false,
      "insider_companies": 0
    }
  ],
  "sector_correlations": {
    "sector_groups": {
      "Consumer": 2,
      "Healthcare": 1,
      "Other": 8,
      "Real Estate": 1,
      "Energy": 1,
      "Financial": 2,
      "Technology": 1
    },
    "group_average_scores": {
      "Consumer": 75.5,
      "Healthcare": 80.0,
      "Other": 66.9,
      "Real Estate": 67.0,
      "Energy": 66.0,
      "Financial": 63.5,
      "Technology": 60.0
    },
    "group_insider_rates": {
      "Consumer": 0.0,
      "Healthcare": 0.0,
      "Other": 0.0,
      "Real Estate": 0.0,
      "Energy": 0.0,
      "Financial": 0.0,
      "Technology": 0.0
    },
    "strongest_sector_group": "Healthcare",
    "most_insider_active_group": "Consumer",
    "diversification_available": true,
    "detailed_analysis": {
      "Consumer": {
        "average_score": 75.5,
        "sector_count": 2,
        "insider_activity_count": 0,
        "insider_rate": 0.0,
        "sectors": [
          "Food & Beverage",
          "Retail"
        ]
      },
      "Healthcare": {
        "average_score": 80.0,
        "sector_count": 1,
        "insider_activity_count": 0,
        "insider_rate": 0.0,
        "sectors": [
          "Healthcare"
        ]
      },
      "Other": {
        "average_score": 66.9,
        "sector_count": 8,
        "insider_activity_count": 0,
        "insider_rate": 0.0,
        "sectors": [
          "Personal Goods",
          "Chemicals",
          "Utilities",
          "Industrial Goods",
          "Construction",
          "Media",
          "Basic Resources",
          "Telecommunications"
        ]
      },
      "Real Estate": {
        "average_score": 67.0,
        "sector_count": 1,
        "insider_activity_count": 0,
        "insider_rate": 0.0,
        "sectors": [
          "Real Estate"
        ]
      },
      "Energy": {
        "average_score": 66.0,
        "sector_count": 1,
        "insider_activity_count": 0,
        "insider_rate": 0.0,
        "sectors": [
          "Oil & Gas"
        ]
      },
      "Financial": {
        "average_score": 63.5,
        "sector_count": 2,
        "insider_activity_count": 0,
        "insider_rate": 0.0,
        "sectors": [
          "Financials",
          "Banks"
        ]
      },
      "Technology": {
        "average_score": 60.0,
        "sector_count": 1,
        "insider_activity_count": 0,
        "insider_rate": 0.0,
        "sectors": [
          "Technology"
        ]
      }
    }
  },
  "trading_alerts": [
    {
      "type": "CRITICAL_OPPORTUNITY",
      "sector": "Food & Beverage",
      "message": "Oportunidad crítica: Food & Beverage a 6.0% del mínimo con 0 empresas comprando",
      "action": "COMPRAR_INMEDIATAMENTE",
      "score": 86,
      "urgency": "CRÍTICA",
      "insider_companies": 0
    }
  ],
  "mapping_statistics": {
    "total_insider_tickers": 0,
    "mapped_tickers": 0,
    "mapping_coverage_percentage": 0,
    "total_mappings_available": 218,
    "sectors_with_insider_activity": 0,
    "most_active_sectors": [],
    "coverage_quality": "DEFICIENTE"
  }
}