{
  "analysis_timestamp": "2025-07-04T14:42:56.262169",
  "opportunities": [
    {
      "Ticker": "DJUSFB",
      "Sector": "Food & Beverage",
      "CurrentPrice": 714.82,
      "Min52w": 668.77,
      "Max52w": 816.7,
      "DistanceFromMin": 6.8857753786802745,
      "RSI": 46.349478496928114,
      "Estado": "🟢",
      "Classification": "OPORTUNIDAD",
      "DataPoints": 251,
      "AnalysisDate": "2025-07-04 14:42:12",
      "FileDate": "2025-07-04",
      "DaysAgo": 0,
      "BaseScore": 85,
      "FinalScore": 85,
      "InsiderActivity": false,
      "InsiderTrades": 0,
      "InsiderValue": 0,
      "InsiderTickers": [],
      "Signals": [],
      "Urgency": "CRÍTICA",
      "RiskLevel": "BAJO",
      "MappingCoverage": 0
    },
    {
      "Ticker": "DJUSHC",
      "Sector": "Healthcare",
      "CurrentPrice": 1436.8,
      "Min52w": 1344.15,
      "Max52w": 1663.54,
      "DistanceFromMin": 6.892831901201492,
      "RSI": 52.99615173172071,
      "Estado": "🟢",
      "Classification": "OPORTUNIDAD",
      "DataPoints": 251,
      "AnalysisDate": "2025-07-04 14:42:12",
      "FileDate": "2025-07-04",
      "DaysAgo": 0,
      "BaseScore": 79,
      "FinalScore": 79,
      "InsiderActivity": false,
      "InsiderTrades": 0,
      "InsiderValue": 0,
      "InsiderTickers": [],
      "Signals": [],
      "Urgency": "ALTA",
      "RiskLevel": "BAJO",
      "MappingCoverage": 0
    },
    {
      "Ticker": "DJUSCH",
      "Sector": "Chemicals",
      "CurrentPrice": 864.73,
      "Min52w": 703.58,
      "Max52w": 952.75,
      "DistanceFromMin": 22.904289490889447,
      "RSI": 39.51965065502185,
      "Estado": "🟡",
      "Classification": "CERCA",
      "DataPoints": 251,
      "AnalysisDate": "2025-07-04 14:42:12",
      "FileDate": "2025-07-04",
      "DaysAgo": 0,
      "BaseScore": 76,
      "FinalScore": 76,
      "InsiderActivity": false,
      "InsiderTrades": 0,
      "InsiderValue": 0,
      "InsiderTickers": [],
      "Signals": [],
      "Urgency": "ALTA",
      "RiskLevel": "BAJO",
      "MappingCoverage": 0
    },
    {
      "Ticker": "DJUSNG",
      "Sector": "Personal Goods",
      "CurrentPrice": 1054.73,
      "Min52w": 909.61,
      "Max52w": 1069.74,
      "DistanceFromMin": 15.954090214487527,
      "RSI": 42.03839638622242,
      "Estado": "🟡",
      "Classification": "CERCA",
      "DataPoints": 251,
      "AnalysisDate": "2025-07-04 14:42:12",
      "FileDate": "2025-07-04",
      "DaysAgo": 0,
      "BaseScore": 73,
      "FinalScore": 73,
      "InsiderActivity": false,
      "InsiderTrades": 0,
      "InsiderValue": 0,
      "InsiderTickers": [],
      "Signals": [],
      "Urgency": "MEDIA",
      "RiskLevel": "BAJO",
      "MappingCoverage": 0
    },
    {
      "Ticker": "DJUSEN",
      "Sector": "Oil & Gas",
      "CurrentPrice": 734.55,
      "Min52w": 623.85,
      "Max52w": 813.7,
      "DistanceFromMin": 17.74465015628756,
      "RSI": 45.23693209574988,
      "Estado": "🟡",
      "Classification": "CERCA",
      "DataPoints": 251,
      "AnalysisDate": "2025-07-04 14:42:12",
      "FileDate": "2025-07-04",
      "DaysAgo": 0,
      "BaseScore": 72,
      "FinalScore": 72,
      "InsiderActivity": false,
      "InsiderTrades": 0,
      "InsiderValue": 0,
      "InsiderTickers": [],
      "Signals": [],
      "Urgency": "MEDIA",
      "RiskLevel": "BAJO",
      "MappingCoverage": 0
    },
    {
      "Ticker": "DJUSUT",
      "Sector": "Utilities",
      "CurrentPrice": 406.99,
      "Min52w": 338.52,
      "Max52w": 411.37,
      "DistanceFromMin": 20.22627909724685,
      "RSI": 47.266514806378105,
      "Estado": "🟡",
      "Classification": "CERCA",
      "DataPoints": 251,
      "AnalysisDate": "2025-07-04 14:42:12",
      "FileDate": "2025-07-04",
      "DaysAgo": 0,
      "BaseScore": 71,
      "FinalScore": 71,
      "InsiderActivity": false,
      "InsiderTrades": 0,
      "InsiderValue": 0,
      "InsiderTickers": [],
      "Signals": [],
      "Urgency": "MEDIA",
      "RiskLevel": "BAJO",
      "MappingCoverage": 0
    },
    {
      "Ticker": "DJUSRE",
      "Sector": "Real Estate",
      "CurrentPrice": 364.69,
      "Min52w": 311.91,
      "Max52w": 396.67,
      "DistanceFromMin": 16.921547882401967,
      "RSI": 52.81090289608174,
      "Estado": "🟡",
      "Classification": "CERCA",
      "DataPoints": 251,
      "AnalysisDate": "2025-07-04 14:42:12",
      "FileDate": "2025-07-04",
      "DaysAgo": 0,
      "BaseScore": 66,
      "FinalScore": 66,
      "InsiderActivity": false,
      "InsiderTrades": 0,
      "InsiderValue": 0,
      "InsiderTickers": [],
      "Signals": [],
      "Urgency": "MEDIA",
      "RiskLevel": "BAJO",
      "MappingCoverage": 0
    },
    {
      "Ticker": "DJUSME",
      "Sector": "Media",
      "CurrentPrice": 889.53,
      "Min52w": 662.35,
      "Max52w": 936.97,
      "DistanceFromMin": 34.29908658564202,
      "RSI": 28.88097660223804,
      "Estado": "🔴",
      "Classification": "FUERTE",
      "DataPoints": 251,
      "AnalysisDate": "2025-07-04 14:42:12",
      "FileDate": "2025-07-04",
      "DaysAgo": 0,
      "BaseScore": 65,
      "FinalScore": 65,
      "InsiderActivity": false,
      "InsiderTrades": 0,
      "InsiderValue": 0,
      "InsiderTickers": [],
      "Signals": [],
      "Urgency": "MEDIA",
      "RiskLevel": "BAJO",
      "MappingCoverage": 0
    },
    {
      "Ticker": "DJUSBS",
      "Sector": "Basic Resources",
      "CurrentPrice": 393.05,
      "Min52w": 274.91,
      "Max52w": 394.51,
      "DistanceFromMin": 42.97406423920555,
      "RSI": 26.842105263157848,
      "Estado": "🔴",
      "Classification": "FUERTE",
      "DataPoints": 251,
      "AnalysisDate": "2025-07-04 14:42:12",
      "FileDate": "2025-07-04",
      "DaysAgo": 0,
      "BaseScore": 62,
      "FinalScore": 62,
      "InsiderActivity": false,
      "InsiderTrades": 0,
      "InsiderValue": 0,
      "InsiderTickers": [],
      "Signals": [],
      "Urgency": "MEDIA",
      "RiskLevel": "MEDIO",
      "MappingCoverage": 0
    },
    {
      "Ticker": "DJUSBK",
      "Sector": "Banks",
      "CurrentPrice": 751.57,
      "Min52w": 520.01,
      "Max52w": 752.87,
      "DistanceFromMin": 44.52991288629066,
      "RSI": 17.067329016233487,
      "Estado": "🔴",
      "Classification": "FUERTE",
      "DataPoints": 251,
      "AnalysisDate": "2025-07-04 14:42:12",
      "FileDate": "2025-07-04",
      "DaysAgo": 0,
      "BaseScore": 61,
      "FinalScore": 61,
      "InsiderActivity": false,
      "InsiderTrades": 0,
      "InsiderValue": 0,
      "InsiderTickers": [],
      "Signals": [],
      "Urgency": "MEDIA",
      "RiskLevel": "MEDIO",
      "MappingCoverage": 0
    },
    {
      "Ticker": "DJUSIG",
      "Sector": "Industrial Goods",
      "CurrentPrice": 1439.85,
      "Min52w": 1094.74,
      "Max52w": 1441.4,
      "DistanceFromMin": 31.52438021813398,
      "RSI": 30.119192063378836,
      "Estado": "🔴",
      "Classification": "FUERTE",
      "DataPoints": 251,
      "AnalysisDate": "2025-07-04 14:42:12",
      "FileDate": "2025-07-04",
      "DaysAgo": 0,
      "BaseScore": 60,
      "FinalScore": 60,
      "InsiderActivity": false,
      "InsiderTrades": 0,
      "InsiderValue": 0,
      "InsiderTickers": [],
      "Signals": [],
      "Urgency": "MEDIA",
      "RiskLevel": "BAJO",
      "MappingCoverage": 0
    },
    {
      "Ticker": "DJUSCN",
      "Sector": "Construction",
      "CurrentPrice": 1981.63,
      "Min52w": 1484.39,
      "Max52w": 2065.78,
      "DistanceFromMin": 33.497935178760294,
      "RSI": 34.79444146633128,
      "Estado": "🔴",
      "Classification": "FUERTE",
      "DataPoints": 251,
      "AnalysisDate": "2025-07-04 14:42:12",
      "FileDate": "2025-07-04",
      "DaysAgo": 0,
      "BaseScore": 60,
      "FinalScore": 60,
      "InsiderActivity": false,
      "InsiderTrades": 0,
      "InsiderValue": 0,
      "InsiderTickers": [],
      "Signals": [],
      "Urgency": "MEDIA",
      "RiskLevel": "BAJO",
      "MappingCoverage": 0
    },
    {
      "Ticker": "DJUSTC",
      "Sector": "Technology",
      "CurrentPrice": 7573.8,
      "Min52w": 5115.5,
      "Max52w": 7588.4,
      "DistanceFromMin": 48.055908513341805,
      "RSI": 28.91709639032136,
      "Estado": "🔴",
      "Classification": "FUERTE",
      "DataPoints": 251,
      "AnalysisDate": "2025-07-04 14:42:12",
      "FileDate": "2025-07-04",
      "DaysAgo": 0,
      "BaseScore": 60,
      "FinalScore": 60,
      "InsiderActivity": false,
      "InsiderTrades": 0,
      "InsiderValue": 0,
      "InsiderTickers": [],
      "Signals": [],
      "Urgency": "MEDIA",
      "RiskLevel": "MEDIO",
      "MappingCoverage": 0
    },
    {
      "Ticker": "DJUSFN",
      "Sector": "Financials",
      "CurrentPrice": 2446.1,
      "Min52w": 1812.0,
      "Max52w": 2447.7,
      "DistanceFromMin": 34.994481236203086,
      "RSI": 33.21234119782214,
      "Estado": "🔴",
      "Classification": "FUERTE",
      "DataPoints": 251,
      "AnalysisDate": "2025-07-04 14:42:12",
      "FileDate": "2025-07-04",
      "DaysAgo": 0,
      "BaseScore": 59,
      "FinalScore": 59,
      "InsiderActivity": false,
      "InsiderTrades": 0,
      "InsiderValue": 0,
      "InsiderTickers": [],
      "Signals": [],
      "Urgency": "BAJA",
      "RiskLevel": "BAJO",
      "MappingCoverage": 0
    },
    {
      "Ticker": "DJUSRT",
      "Sector": "Retail",
      "CurrentPrice": 3111.5,
      "Min52w": 2288.1,
      "Max52w": 3175.9,
      "DistanceFromMin": 35.98618941479831,
      "RSI": 32.25486959392536,
      "Estado": "🔴",
      "Classification": "FUERTE",
      "DataPoints": 251,
      "AnalysisDate": "2025-07-04 14:42:12",
      "FileDate": "2025-07-04",
      "DaysAgo": 0,
      "BaseScore": 59,
      "FinalScore": 59,
      "InsiderActivity": false,
      "InsiderTrades": 0,
      "InsiderValue": 0,
      "InsiderTickers": [],
      "Signals": [],
      "Urgency": "BAJA",
      "RiskLevel": "BAJO",
      "MappingCoverage": 0
    },
    {
      "Ticker": "DJUSTL",
      "Sector": "Telecommunications",
      "CurrentPrice": 188.72,
      "Min52w": 142.12,
      "Max52w": 199.75,
      "DistanceFromMin": 32.78919223191669,
      "RSI": 43.04327594229873,
      "Estado": "🔴",
      "Classification": "FUERTE",
      "DataPoints": 251,
      "AnalysisDate": "2025-07-04 14:42:12",
      "FileDate": "2025-07-04",
      "DaysAgo": 0,
      "BaseScore": 54,
      "FinalScore": 54,
      "InsiderActivity": false,
      "InsiderTrades": 0,
      "InsiderValue": 0,
      "InsiderTickers": [],
      "Signals": [],
      "Urgency": "BAJA",
      "RiskLevel": "BAJO",
      "MappingCoverage": 0
    }
  ],
  "enhanced_analysis": {
    "market_overview": {
      "market_state": "NORMAL",
      "description": "Mercado en estado normal con oportunidades moderadas",
      "total_sectors_analyzed": 16,
      "critical_opportunities": 1,
      "high_quality_opportunities": 3,
      "sectors_with_insider_activity": 0,
      "average_opportunity_score": 66.4,
      "mapping_coverage_percentage": "0",
      "market_sentiment": "BEARISH"
    },
    "top_opportunities_analysis": [
      {
        "sector": "Food & Beverage",
        "ticker": "DJUSFB",
        "final_score": 85,
        "urgency": "CRÍTICA",
        "distance_from_min": 6.9,
        "upside_to_max_52w": 14.3,
        "current_price": 714.82,
        "target_price_52w_max": 816.7,
        "insider_activity": false,
        "insider_companies": 0,
        "risk_level": "BAJO",
        "description": "OPORTUNIDAD EXCEPCIONAL: Food & Beverage a solo 6.9% del mínimo con potencial upside de 14.3%",
        "recommendation": "COMPRA INMEDIATA"
      },
      {
        "sector": "Healthcare",
        "ticker": "DJUSHC",
        "final_score": 79,
        "urgency": "ALTA",
        "distance_from_min": 6.9,
        "upside_to_max_52w": 15.8,
        "current_price": 1436.8,
        "target_price_52w_max": 1663.54,
        "insider_activity": false,
        "insider_companies": 0,
        "risk_level": "BAJO",
        "description": "OPORTUNIDAD MODERADA: Healthcare en seguimiento",
        "recommendation": "MONITOREAR"
      },
      {
        "sector": "Chemicals",
        "ticker": "DJUSCH",
        "final_score": 76,
        "urgency": "ALTA",
        "distance_from_min": 22.9,
        "upside_to_max_52w": 10.2,
        "current_price": 864.73,
        "target_price_52w_max": 952.75,
        "insider_activity": false,
        "insider_companies": 0,
        "risk_level": "BAJO",
        "description": "OPORTUNIDAD MODERADA: Chemicals en seguimiento",
        "recommendation": "MONITOREAR"
      },
      {
        "sector": "Personal Goods",
        "ticker": "DJUSNG",
        "final_score": 73,
        "urgency": "MEDIA",
        "distance_from_min": 16.0,
        "upside_to_max_52w": 1.4,
        "current_price": 1054.73,
        "target_price_52w_max": 1069.74,
        "insider_activity": false,
        "insider_companies": 0,
        "risk_level": "BAJO",
        "description": "OPORTUNIDAD MODERADA: Personal Goods en seguimiento",
        "recommendation": "MONITOREAR"
      },
      {
        "sector": "Oil & Gas",
        "ticker": "DJUSEN",
        "final_score": 72,
        "urgency": "MEDIA",
        "distance_from_min": 17.7,
        "upside_to_max_52w": 10.8,
        "current_price": 734.55,
        "target_price_52w_max": 813.7,
        "insider_activity": false,
        "insider_companies": 0,
        "risk_level": "BAJO",
        "description": "OPORTUNIDAD MODERADA: Oil & Gas en seguimiento",
        "recommendation": "MONITOREAR"
      }
    ],
    "insider_activity_analysis": {
      "status": "SIN_ACTIVIDAD",
      "description": "No se detectó actividad insider significativa en los sectores analizados",
      "recommendation": "Monitorear actividad insider en próximos días",
      "mapping_note": "Verificar que los tickers insider estén en el mapeo sectorial"
    },
    "risk_reward_analysis": {
      "risk_distribution": {
        "low_risk_count": 13,
        "medium_risk_count": 3,
        "high_risk_count": 0
      },
      "average_upside_low_risk": 6.1,
      "best_risk_reward_opportunities": [
        {
          "sector": "Food & Beverage",
          "score": 85,
          "upside": 14.3,
          "risk": "BAJO",
          "insider_activity": false
        },
        {
          "sector": "Healthcare",
          "score": 79,
          "upside": 15.8,
          "risk": "BAJO",
          "insider_activity": false
        },
        {
          "sector": "Chemicals",
          "score": 76,
          "upside": 10.2,
          "risk": "BAJO",
          "insider_activity": false
        }
      ],
      "recommendation": "ENFOCARSE_BAJO_RIESGO"
    },
    "sector_strength_analysis": [
      {
        "sector_group": "Healthcare",
        "strength": "FUERTE",
        "opportunities_count": 1,
        "average_score": 79.0,
        "critical_opportunities": 0,
        "insider_activity_count": 0,
        "total_insider_companies": 0,
        "top_sector": "Healthcare"
      },
      {
        "sector_group": "Energy",
        "strength": "MODERADO",
        "opportunities_count": 1,
        "average_score": 72.0,
        "critical_opportunities": 0,
        "insider_activity_count": 0,
        "total_insider_companies": 0,
        "top_sector": "Oil & Gas"
      },
      {
        "sector_group": "Consumer",
        "strength": "MODERADO",
        "opportunities_count": 2,
        "average_score": 72.0,
        "critical_opportunities": 1,
        "insider_activity_count": 0,
        "total_insider_companies": 0,
        "top_sector": "Food & Beverage"
      },
      {
        "sector_group": "Utilities",
        "strength": "MODERADO",
        "opportunities_count": 1,
        "average_score": 71.0,
        "critical_opportunities": 0,
        "insider_activity_count": 0,
        "total_insider_companies": 0,
        "top_sector": "Utilities"
      },
      {
        "sector_group": "Real Estate",
        "strength": "MODERADO",
        "opportunities_count": 1,
        "average_score": 66.0,
        "critical_opportunities": 0,
        "insider_activity_count": 0,
        "total_insider_companies": 0,
        "top_sector": "Real Estate"
      },
      {
        "sector_group": "Materials",
        "strength": "MODERADO",
        "opportunities_count": 3,
        "average_score": 66.0,
        "critical_opportunities": 0,
        "insider_activity_count": 0,
        "total_insider_companies": 0,
        "top_sector": "Chemicals"
      },
      {
        "sector_group": "Technology",
        "strength": "MODERADO",
        "opportunities_count": 1,
        "average_score": 60.0,
        "critical_opportunities": 0,
        "insider_activity_count": 0,
        "total_insider_companies": 0,
        "top_sector": "Technology"
      },
      {
        "sector_group": "Financial",
        "strength": "MODERADO",
        "opportunities_count": 2,
        "average_score": 60.0,
        "critical_opportunities": 0,
        "insider_activity_count": 0,
        "total_insider_companies": 0,
        "top_sector": "Banks"
      },
      {
        "sector_group": "Industrial",
        "strength": "MODERADO",
        "opportunities_count": 1,
        "average_score": 60.0,
        "critical_opportunities": 0,
        "insider_activity_count": 0,
        "total_insider_companies": 0,
        "top_sector": "Industrial Goods"
      }
    ],
    "timing_analysis": {
      "overall_timing": "BUENO",
      "description": "Buen timing: varios sectores en zona de compra",
      "oversold_count": 4,
      "very_close_to_min_count": 2,
      "overbought_count": 0,
      "recommendation": "SELECTIVO"
    },
    "correlation_analysis": {
      "mapping_quality": "DEFICIENTE",
      "mapping_description": "Cobertura deficiente (0.0%) - mapeo necesita mejoras",
      "mapping_coverage_percentage": "0",
      "correlation_rate_percentage": 0.0,
      "sectors_correlated": 0,
      "total_sectors": 16,
      "improvement_suggestion": "Expandir mapeo de tickers a sectores, especialmente para empresas mid-cap y small-cap"
    }
  },
  "summary": {
    "total_opportunities": 16,
    "critical_count": 1,
    "high_urgency_count": 3,
    "with_insider_activity": 0,
    "average_score": 66.4,
    "top_score": "85",
    "low_risk_opportunities": 13,
    "sectors_near_minimum": 2,
    "total_insider_volume_millions": 0.0,
    "mapping_coverage": "0",
    "correlation_effectiveness": 0.0
  },
  "special_patterns": [],
  "strategic_recommendations": {
    "short_term_strategy": {
      "timeframe": "1-3 meses",
      "focus": "Aprovechar actividad insider y momentum",
      "recommended_sectors": [],
      "allocation_suggestion": "30-40% del capital disponible",
      "insider_companies_total": 0
    },
    "medium_term_strategy": {
      "timeframe": "3-12 meses",
      "focus": "Sectores defensivos cerca de mínimos",
      "recommended_sectors": [
        "Food & Beverage",
        "Healthcare"
      ],
      "allocation_suggestion": "40-50% del capital disponible"
    },
    "long_term_strategy": {
      "timeframe": "12+ meses",
      "focus": "Sectores fundamentalmente sólidos",
      "recommended_sectors": [
        "Food & Beverage",
        "Healthcare"
      ],
      "allocation_suggestion": "20-30% del capital disponible"
    }
  },
  "risk_analysis": {
    "distribution": {
      "BAJO": 13,
      "MEDIO": 3
    },
    "low_risk_percentage": 81.2,
    "concentration_risk": "BAJO",
    "diversification_recommendation": "Buena diversificación disponible"
  },
  "upside_calculations": [
    {
      "sector": "Food & Beverage",
      "current_price": 714.82,
      "upside_to_52w_max_percent": 14.3,
      "upside_to_52w_avg_percent": 3.9,
      "target_price_max": 816.7,
      "target_price_avg": 742.74,
      "risk_adjusted_upside": 14.3,
      "insider_support": false,
      "insider_companies": 0
    },
    {
      "sector": "Healthcare",
      "current_price": 1436.8,
      "upside_to_52w_max_percent": 15.8,
      "upside_to_52w_avg_percent": 4.7,
      "target_price_max": 1663.54,
      "target_price_avg": 1503.85,
      "risk_adjusted_upside": 15.8,
      "insider_support": false,
      "insider_companies": 0
    },
    {
      "sector": "Chemicals",
      "current_price": 864.73,
      "upside_to_52w_max_percent": 10.2,
      "upside_to_52w_avg_percent": -4.2,
      "target_price_max": 952.75,
      "target_price_avg": 828.16,
      "risk_adjusted_upside": 10.2,
      "insider_support": false,
      "insider_companies": 0
    },
    {
      "sector": "Personal Goods",
      "current_price": 1054.73,
      "upside_to_52w_max_percent": 1.4,
      "upside_to_52w_avg_percent": -6.2,
      "target_price_max": 1069.74,
      "target_price_avg": 989.67,
      "risk_adjusted_upside": 1.4,
      "insider_support": false,
      "insider_companies": 0
    },
    {
      "sector": "Oil & Gas",
      "current_price": 734.55,
      "upside_to_52w_max_percent": 10.8,
      "upside_to_52w_avg_percent": -2.1,
      "target_price_max": 813.7,
      "target_price_avg": 718.78,
      "risk_adjusted_upside": 10.8,
      "insider_support": false,
      "insider_companies": 0
    },
    {
      "sector": "Utilities",
      "current_price": 406.99,
      "upside_to_52w_max_percent": 1.1,
      "upside_to_52w_avg_percent": -7.9,
      "target_price_max": 411.37,
      "target_price_avg": 374.94,
      "risk_adjusted_upside": 1.1,
      "insider_support": false,
      "insider_companies": 0
    },
    {
      "sector": "Real Estate",
      "current_price": 364.69,
      "upside_to_52w_max_percent": 8.8,
      "upside_to_52w_avg_percent": -2.9,
      "target_price_max": 396.67,
      "target_price_avg": 354.29,
      "risk_adjusted_upside": 8.8,
      "insider_support": false,
      "insider_companies": 0
    },
    {
      "sector": "Media",
      "current_price": 889.53,
      "upside_to_52w_max_percent": 5.3,
      "upside_to_52w_avg_percent": -10.1,
      "target_price_max": 936.97,
      "target_price_avg": 799.66,
      "risk_adjusted_upside": 5.3,
      "insider_support": false,
      "insider_companies": 0
    },
    {
      "sector": "Basic Resources",
      "current_price": 393.05,
      "upside_to_52w_max_percent": 0.4,
      "upside_to_52w_avg_percent": -14.8,
      "target_price_max": 394.51,
      "target_price_avg": 334.71,
      "risk_adjusted_upside": 0.3,
      "insider_support": false,
      "insider_companies": 0
    },
    {
      "sector": "Banks",
      "current_price": 751.57,
      "upside_to_52w_max_percent": 0.2,
      "upside_to_52w_avg_percent": -15.3,
      "target_price_max": 752.87,
      "target_price_avg": 636.44,
      "risk_adjusted_upside": 0.1,
      "insider_support": false,
      "insider_companies": 0
    }
  ],
  "sector_correlations": {
    "sector_groups": {
      "Consumer": 2,
      "Healthcare": 1,
      "Other": 8,
      "Energy": 1,
      "Real Estate": 1,
      "Financial": 2,
      "Technology": 1
    },
    "group_average_scores": {
      "Consumer": 72.0,
      "Healthcare": 79.0,
      "Other": 65.1,
      "Energy": 72.0,
      "Real Estate": 66.0,
      "Financial": 60.0,
      "Technology": 60.0
    },
    "group_insider_rates": {
      "Consumer": 0.0,
      "Healthcare": 0.0,
      "Other": 0.0,
      "Energy": 0.0,
      "Real Estate": 0.0,
      "Financial": 0.0,
      "Technology": 0.0
    },
    "strongest_sector_group": "Healthcare",
    "most_insider_active_group": "Consumer",
    "diversification_available": true,
    "detailed_analysis": {
      "Consumer": {
        "average_score": 72.0,
        "sector_count": 2,
        "insider_activity_count": 0,
        "insider_rate": 0.0,
        "sectors": [
          "Food & Beverage",
          "Retail"
        ]
      },
      "Healthcare": {
        "average_score": 79.0,
        "sector_count": 1,
        "insider_activity_count": 0,
        "insider_rate": 0.0,
        "sectors": [
          "Healthcare"
        ]
      },
      "Other": {
        "average_score": 65.1,
        "sector_count": 8,
        "insider_activity_count": 0,
        "insider_rate": 0.0,
        "sectors": [
          "Chemicals",
          "Personal Goods",
          "Utilities",
          "Media",
          "Basic Resources",
          "Industrial Goods",
          "Construction",
          "Telecommunications"
        ]
      },
      "Energy": {
        "average_score": 72.0,
        "sector_count": 1,
        "insider_activity_count": 0,
        "insider_rate": 0.0,
        "sectors": [
          "Oil & Gas"
        ]
      },
      "Real Estate": {
        "average_score": 66.0,
        "sector_count": 1,
        "insider_activity_count": 0,
        "insider_rate": 0.0,
        "sectors": [
          "Real Estate"
        ]
      },
      "Financial": {
        "average_score": 60.0,
        "sector_count": 2,
        "insider_activity_count": 0,
        "insider_rate": 0.0,
        "sectors": [
          "Banks",
          "Financials"
        ]
      },
      "Technology": {
        "average_score": 60.0,
        "sector_count": 1,
        "insider_activity_count": 0,
        "insider_rate": 0.0,
        "sectors": [
          "Technology"
        ]
      }
    }
  },
  "trading_alerts": [
    {
      "type": "CRITICAL_OPPORTUNITY",
      "sector": "Food & Beverage",
      "message": "Oportunidad crítica: Food & Beverage a 6.9% del mínimo con 0 empresas comprando",
      "action": "COMPRAR_INMEDIATAMENTE",
      "score": 85,
      "urgency": "CRÍTICA",
      "insider_companies": 0
    }
  ],
  "mapping_statistics": {
    "total_insider_tickers": 0,
    "mapped_tickers": 0,
    "mapping_coverage_percentage": 0,
    "total_mappings_available": 218,
    "sectors_with_insider_activity": 0,
    "most_active_sectors": [],
    "coverage_quality": "DEFICIENTE"
  }
}