Ticker,Sector,CurrentPrice,Min52w,Max52w,DistanceFromMin,RSI,Estado,Classification,DataPoints,AnalysisDate,FileDate,DaysAgo,BaseScore,FinalScore,InsiderActivity,InsiderTrades,InsiderValue,InsiderTickers,Signals,Urgency,RiskLevel,MappingCoverage
DJUSCS,Dow Jones U.S. Specialized Consumer Services Index,2826.1,2592.2,3402.3,9.023223516703965,34.64624361779725,🟢,OPORTUNIDAD,250,2025-08-11 07:50:35,2025-08-11,0,90,90,False,0,0,[],[],CRÍTICA,BAJO,0
DJUSHG,Dow Jones U.S. Household Goods & Home Construction Index,1049.59,999.49,1229.25,5.012556403765911,42.20030228303241,🟢,OPORTUNIDAD,250,2025-08-11 07:50:35,2025-08-11,0,86,86,False,0,0,[],[],CRÍTICA,BAJO,0
DJUSDB,Dow Jones U.S. Brewers Index,517.48,479.19,659.78,7.99056741584758,46.93760262725779,🟢,OPORTUNIDAD,250,2025-08-11 07:50:35,2025-08-11,0,85,85,False,0,0,[],[],CRÍTICA,BAJO,0
DJUSFB,Dow Jones U.S. Food & Beverage Index,716.06,668.77,816.7,7.07119039430596,45.25878352852285,🟢,OPORTUNIDAD,250,2025-08-11 07:50:35,2025-08-11,0,85,85,False,0,0,[],[],CRÍTICA,BAJO,0
DJUSIU,Dow Jones U.S. Reinsurance Index,505.24,467.58,599.38,8.0542367081569,49.51608684279361,🟢,OPORTUNIDAD,250,2025-08-11 07:50:35,2025-08-11,0,85,85,False,0,0,[],[],CRÍTICA,BAJO,0
DJUSIX,Dow Jones U.S. Nonlife Insurance Index,1316.78,1223.72,1458.15,7.604680809335464,49.74055348589676,🟢,OPORTUNIDAD,250,2025-08-11 07:50:35,2025-08-11,0,85,85,False,0,0,[],[],CRÍTICA,BAJO,0
DJUSIR,Dow Jones U.S. Insurance Index,1322.51,1230.08,1458.0,7.51414542143601,49.22604422604423,🟢,OPORTUNIDAD,250,2025-08-11 07:50:35,2025-08-11,0,85,85,False,0,0,[],[],CRÍTICA,BAJO,0
DJUSRA,Dow Jones U.S. Apparel Retailers Index,1745.4,1490.78,1826.93,17.07964957941481,28.417576835153724,🟡,CERCA,250,2025-08-11 07:50:35,2025-08-11,0,84,84,False,0,0,[],[],ALTA,BAJO,0
DJUSVN,Dow Jones U.S. Distillers & Vintners Index,339.13,309.98,523.8,9.403832505322915,43.468286099865054,🟢,OPORTUNIDAD,250,2025-08-11 07:50:35,2025-08-11,0,84,84,False,0,0,[],[],ALTA,BAJO,0
DJUSHI,Dow Jones U.S. Home Improvement Retailers Index,847.99,705.04,958.3,20.275445364802007,25.3654203343293,🟡,CERCA,250,2025-08-11 07:50:35,2025-08-11,0,83,83,False,0,0,[],[],ALTA,BAJO,0
DJUSMC,Dow Jones U.S. Health Care Equipment & Services Index,2155.1,2083.0,2559.1,3.461353816610653,50.290023201856144,🟢,OPORTUNIDAD,250,2025-08-11 07:50:35,2025-08-11,0,81,81,False,0,0,[],[],ALTA,BAJO,0
DJUSFP,Dow Jones U.S. Food Products Index,538.23,529.4,667.01,1.6679259539100946,57.90370026319871,🟢,OPORTUNIDAD,250,2025-08-11 07:50:35,2025-08-11,0,81,81,False,0,0,[],[],ALTA,BAJO,0
DJUSHN,Dow Jones U.S. Nondurable Household Products Index,1210.17,1180.41,1421.48,2.5211579027625985,53.419578114700045,🟢,OPORTUNIDAD,250,2025-08-11 07:50:35,2025-08-11,0,81,81,False,0,0,[],[],ALTA,BAJO,0
DJUSFO,Dow Jones U.S. Food Producers Index,379.81,367.79,460.77,3.2681693357622508,54.77751756440279,🟢,OPORTUNIDAD,250,2025-08-11 07:50:35,2025-08-11,0,81,81,False,0,0,[],[],ALTA,BAJO,0
DJUSHC,Dow Jones U.S. Health Care Index,1382.93,1344.15,1663.54,2.88509466949373,50.97546841800269,🟢,OPORTUNIDAD,250,2025-08-11 07:50:35,2025-08-11,0,81,81,False,0,0,[],[],ALTA,BAJO,0
DJUSHP,Dow Jones U.S. Health Care Providers Index,2230.4,2106.6,3545.2,5.876768252159888,53.55298308103297,🟢,OPORTUNIDAD,250,2025-08-11 07:50:35,2025-08-11,0,80,80,False,0,0,[],[],ALTA,BAJO,0
DJUSPC,Dow Jones U.S. Waste & Disposal Services Index,691.53,609.51,708.03,13.456711128611504,39.40655908381053,🟡,CERCA,250,2025-08-11 07:50:35,2025-08-11,0,80,80,False,0,0,[],[],ALTA,BAJO,0
DJUSIB,Dow Jones U.S. Insurance Brokers Index,758.02,729.23,891.38,3.947999945147616,56.04248397282557,🟢,OPORTUNIDAD,250,2025-08-11 07:50:35,2025-08-11,0,80,80,False,0,0,[],[],ALTA,BAJO,0
DJUSMU,Dow Jones U.S. Multiutilities Index,288.79,249.55,292.91,15.724303746744145,36.098130841121424,🟡,CERCA,250,2025-08-11 07:50:35,2025-08-11,0,79,79,False,0,0,[],[],ALTA,BAJO,0
DJUSWC,Dow Jones U.S. Mobile Telecommunications Index,416.25,360.57,458.56,15.44221649055662,36.67621776504295,🟡,CERCA,250,2025-08-11 07:50:35,2025-08-11,0,79,79,False,0,0,[],[],ALTA,BAJO,0
DJUSBT,Dow Jones U.S. Biotechnology Index,2646.5,2297.4,3119.9,15.195438321580912,37.52158894645941,🟡,CERCA,250,2025-08-11 07:50:35,2025-08-11,0,79,79,False,0,0,[],[],ALTA,BAJO,0
DJUSPN,Dow Jones U.S. Pharmaceuticals & Biotechnology Index,1049.01,960.01,1277.87,9.270736763158718,51.15221501200756,🟢,OPORTUNIDAD,250,2025-08-11 07:50:35,2025-08-11,0,78,78,False,0,0,[],[],ALTA,BAJO,0
DJUSAF,Dow Jones U.S. Delivery Services Index,1002.1,916.9,1383.0,9.292180172319778,57.12062256809339,🟢,OPORTUNIDAD,250,2025-08-11 07:50:35,2025-08-11,0,78,78,False,0,0,[],[],ALTA,BAJO,0
DJUSUT,Dow Jones U.S. Utilities Index,428.4,353.79,435.98,21.08878148053929,38.68268611885864,🟡,CERCA,250,2025-08-11 07:50:35,2025-08-11,0,77,77,False,0,0,[],[],ALTA,BAJO,0
DJUSMF,Dow Jones U.S. Mortgage Finance Index,12.15,9.98,12.71,21.743486973947896,33.3333333333333,🟡,CERCA,250,2025-08-11 07:50:35,2025-08-11,0,76,76,False,0,0,[],[],ALTA,BAJO,0
DJUSMR,Dow Jones U.S. Mortgage REITs Index,30.46,24.64,32.23,23.620129870129876,39.9425287356322,🟡,CERCA,250,2025-08-11 07:50:35,2025-08-11,0,76,76,False,0,0,[],[],ALTA,BAJO,0
DJUSBV,Dow Jones U.S. Beverages Index,965.74,875.4,1070.16,10.31985378112863,41.77014948983623,🟡,CERCA,250,2025-08-11 07:50:35,2025-08-11,0,75,75,False,0,0,[],[],ALTA,BAJO,0
DJUSBE,Dow Jones U.S. Business Training & Employment Agencies Index,107.4,104.12,152.72,3.150211294660009,68.65950490425035,🟢,OPORTUNIDAD,250,2025-08-11 07:50:35,2025-08-11,0,75,75,False,0,0,[],[],ALTA,MEDIO,0
DJUSIP,Dow Jones U.S. Property & Casualty Insurance Index,1909.76,1720.06,2065.57,11.028685045870496,46.319951338199495,🟡,CERCA,250,2025-08-11 07:50:35,2025-08-11,0,75,75,False,0,0,[],[],ALTA,BAJO,0
DJUSDT,Dow Jones U.S. Diversified REITs Index,56.64,45.49,57.29,24.51088151242031,30.536912751677832,🟡,CERCA,250,2025-08-11 07:50:35,2025-08-11,0,75,75,False,0,0,[],[],ALTA,BAJO,0
DJUSEU,Dow Jones U.S. Electricity Index,424.11,340.99,433.59,24.376081410012024,39.9793388429752,🟡,CERCA,250,2025-08-11 07:50:35,2025-08-11,0,75,75,False,0,0,[],[],ALTA,BAJO,0
DJUSVE,Dow Jones U.S. Conventional Electricity Index,425.35,341.92,434.77,24.400444548432382,39.78539001238133,🟡,CERCA,250,2025-08-11 07:50:35,2025-08-11,0,75,75,False,0,0,[],[],ALTA,BAJO,0
DJUSPR,Dow Jones U.S. Pharmaceuticals Index,794.64,765.56,1006.37,3.7985265687862535,61.85622899273555,🟢,OPORTUNIDAD,250,2025-08-11 07:50:35,2025-08-11,0,74,74,False,0,0,[],[],MEDIA,MEDIO,0
DJUSMS,Dow Jones U.S. Medical Supplies Index,1554.84,1469.4,1749.93,5.814618211514891,68.72653085361169,🟢,OPORTUNIDAD,250,2025-08-11 07:50:35,2025-08-11,0,74,74,False,0,0,[],[],MEDIA,MEDIO,0
DJUSOL,Dow Jones U.S. Integrated Oil & Gas Index,722.74,645.42,807.01,11.9797961017632,46.9833408374606,🟡,CERCA,250,2025-08-11 07:50:35,2025-08-11,0,74,74,False,0,0,[],[],MEDIA,BAJO,0
DJUSIL,Dow Jones U.S. Life Insurance Index,1215.79,1077.94,1380.29,12.788281351466676,47.690579227696425,🟡,CERCA,250,2025-08-11 07:50:35,2025-08-11,0,74,74,False,0,0,[],[],MEDIA,BAJO,0
DJUSRN,Dow Jones U.S. Residential REITs Index,221.66,212.75,271.87,4.188014101057578,67.32156180054717,🟢,OPORTUNIDAD,250,2025-08-11 07:50:35,2025-08-11,0,74,74,False,0,0,[],[],MEDIA,MEDIO,0
DJUSSD,Dow Jones U.S. Soft Drinks Index,934.77,835.84,1016.29,11.83599732006125,41.84461235216818,🟡,CERCA,250,2025-08-11 07:50:35,2025-08-11,0,74,74,False,0,0,[],[],MEDIA,BAJO,0
DJUSIV,Dow Jones U.S. Business Support Services Index,1155.53,1092.82,1443.42,5.738364964037998,74.09040068425558,🟢,OPORTUNIDAD,250,2025-08-11 07:50:35,2025-08-11,0,74,74,False,0,0,[],[],MEDIA,MEDIO,0
DJUSAM,Dow Jones U.S. Medical Equipment Index,2972.4,2589.3,3151.1,14.795504576526469,43.621683967704726,🟡,CERCA,250,2025-08-11 07:50:35,2025-08-11,0,73,73,False,0,0,[],[],MEDIA,BAJO,0
DJUSRL,Dow Jones U.S. Retail REITs Index,96.32,83.32,106.75,15.60249639942391,47.71615008156612,🟡,CERCA,250,2025-08-11 07:50:35,2025-08-11,0,73,73,False,0,0,[],[],MEDIA,BAJO,0
DJUSTK,Dow Jones U.S. Trucking Index,1342.29,1244.48,2071.67,7.859507585497552,66.38007117437722,🟢,OPORTUNIDAD,250,2025-08-11 07:50:35,2025-08-11,0,73,73,False,0,0,[],[],MEDIA,MEDIO,0
DJUSFA,Dow Jones U.S. Financial Administration Index,577.16,532.41,685.16,8.405176461749404,69.70841695195368,🟢,OPORTUNIDAD,250,2025-08-11 07:50:35,2025-08-11,0,73,73,False,0,0,[],[],MEDIA,MEDIO,0
DJUSEH,Dow Jones U.S. Real Estate Holding & Development Index,58.81,50.8,72.61,15.767716535433085,41.025641025641015,🟡,CERCA,250,2025-08-11 07:50:35,2025-08-11,0,73,73,False,0,0,[],[],MEDIA,BAJO,0
DJUSNG,Dow Jones U.S. Personal & Household Goods Index,1046.84,909.61,1069.74,15.086685502578018,49.29476108232584,🟡,CERCA,250,2025-08-11 07:50:35,2025-08-11,0,73,73,False,0,0,[],[],MEDIA,BAJO,0
DJUSDV,Dow Jones U.S. Computer Services Index,246.35,225.92,304.29,9.043024079320116,88.42086395411364,🟢,OPORTUNIDAD,250,2025-08-11 07:50:35,2025-08-11,0,72,72,False,0,0,[],[],MEDIA,MEDIO,0
DJUSRP,Dow Jones U.S. Recreational Products Index,364.27,305.34,496.77,19.299796947664905,46.29340382073774,🟡,CERCA,250,2025-08-11 07:50:35,2025-08-11,0,71,71,False,0,0,[],[],MEDIA,BAJO,0
DJUSRR,Dow Jones U.S. Railroads Index,3366.9,2788.9,3607.9,20.72501703180465,49.47099598686609,🟡,CERCA,250,2025-08-11 07:50:35,2025-08-11,0,71,71,False,0,0,[],[],MEDIA,BAJO,0
DJUSWU,Dow Jones U.S. Water Index,2941.1,2432.7,3135.8,20.89859004398405,44.00527009222664,🟡,CERCA,250,2025-08-11 07:50:35,2025-08-11,0,71,71,False,0,0,[],[],MEDIA,BAJO,0
DJUSOI,Dow Jones U.S. Oil Equipment & Services Index,236.67,198.86,294.15,19.01337624459417,44.36790169428412,🟡,CERCA,250,2025-08-11 07:50:35,2025-08-11,0,71,71,False,0,0,[],[],MEDIA,BAJO,0
DJUSPB,Dow Jones U.S. Publishing Index,821.24,663.16,874.35,23.837384643223363,45.18041046158407,🟡,CERCA,250,2025-08-11 07:50:35,2025-08-11,0,69,69,False,0,0,[],[],MEDIA,BAJO,0
DJUSSP,Dow Jones U.S. Specialty Finance Index,702.67,631.44,803.35,11.280565057646,58.07297356346959,🟡,CERCA,250,2025-08-11 07:50:35,2025-08-11,0,68,68,False,0,0,[],[],MEDIA,BAJO,0
DJUSRU,Dow Jones U.S. Restaurants & Bars Index,3056.4,2634.6,3265.8,16.01002049647006,53.05848513902207,🟡,CERCA,250,2025-08-11 07:50:35,2025-08-11,0,67,67,False,0,0,[],[],MEDIA,BAJO,0
DJUSIT,Dow Jones U.S. Industrial Transportation Index,1422.6,1243.5,1746.8,14.40289505428226,56.8297455968689,🟡,CERCA,250,2025-08-11 07:50:35,2025-08-11,0,67,67,False,0,0,[],[],MEDIA,BAJO,0
DJUSOG,Dow Jones U.S. Oil & Gas Producers,811.17,707.01,914.32,14.732464887342466,51.108949416342455,🟡,CERCA,250,2025-08-11 07:50:35,2025-08-11,0,67,67,False,0,0,[],[],MEDIA,BAJO,0
DJUSRE,Dow Jones U.S. Real Estate Index,360.56,311.91,396.67,15.59744798178961,55.783883629646695,🟡,CERCA,250,2025-08-11 07:50:35,2025-08-11,0,67,67,False,0,0,[],[],MEDIA,BAJO,0
DJUSSR,Dow Jones U.S. Specialty REITs Index,261.28,229.18,287.27,14.006457806091266,59.39193257074052,🟡,CERCA,250,2025-08-11 07:50:35,2025-08-11,0,67,67,False,0,0,[],[],MEDIA,BAJO,0
DJUSRI,Dow Jones U.S. Real Estate Investment Trusts Index,144.43,126.8,162.95,13.903785488958995,59.61646926113927,🟡,CERCA,250,2025-08-11 07:50:35,2025-08-11,0,67,67,False,0,0,[],[],MEDIA,BAJO,0
DJUSEN,Dow Jones U.S. Oil & Gas Index,714.13,623.85,813.7,14.47142742646469,50.39941902686999,🟡,CERCA,250,2025-08-11 07:50:35,2025-08-11,0,67,67,False,0,0,[],[],MEDIA,BAJO,0
DJUSPL,Dow Jones U.S. Pipelines Index,1025.19,856.79,1229.95,19.654757875325355,53.46955455659992,🟡,CERCA,250,2025-08-11 07:50:35,2025-08-11,0,65,65,False,0,0,[],[],MEDIA,BAJO,0
DJUSOS,Dow Jones U.S. Exploration & Production Index,975.99,821.29,1123.35,18.83622106685824,56.307777855007984,🟡,CERCA,250,2025-08-11 07:50:35,2025-08-11,0,65,65,False,0,0,[],[],MEDIA,BAJO,0
DJUSIO,Dow Jones U.S. Industrial & Office REITs Index,95.25,79.12,119.27,20.386754297269963,58.31831831831828,🟡,CERCA,250,2025-08-11 07:50:35,2025-08-11,0,65,65,False,0,0,[],[],MEDIA,BAJO,0
DJUSHB,Dow Jones U.S. Home Construction Index,2510.04,1872.38,3170.03,34.05612108653157,28.503013913857984,🔴,FUERTE,250,2025-08-11 07:50:35,2025-08-11,0,65,65,False,0,0,[],[],MEDIA,BAJO,0
DJUSCM,Dow Jones U.S. Personal Products Index,426.2,345.1,483.97,23.50043465662126,54.16438356164383,🟡,CERCA,250,2025-08-11 07:50:35,2025-08-11,0,64,64,False,0,0,[],[],MEDIA,BAJO,0
DJUSES,Dow Jones U.S. Real Estate Services Index,371.94,268.15,381.33,38.70594816334143,22.043104958822525,🔴,FUERTE,250,2025-08-11 07:50:35,2025-08-11,0,64,64,False,0,0,[],[],MEDIA,BAJO,0
DJUSRH,Dow Jones U.S. Real Estate Investment & Services,778.0,563.1,797.37,38.163736458888295,22.102859076298454,🔴,FUERTE,250,2025-08-11 07:50:35,2025-08-11,0,64,64,False,0,0,[],[],MEDIA,BAJO,0
DJUSTL,Dow Jones U.S. Telecommunications Index,188.11,149.46,199.75,25.85976180917972,35.053380782918154,🔴,FUERTE,250,2025-08-11 07:50:35,2025-08-11,0,63,63,False,0,0,[],[],MEDIA,BAJO,0
DJUSIS,Dow Jones U.S. Support Services Index,855.44,764.29,981.89,11.92610134896441,66.44844517184939,🟡,CERCA,250,2025-08-11 07:50:35,2025-08-11,0,62,62,False,0,0,[],[],MEDIA,MEDIO,0
DJUSCC,Dow Jones U.S. Commodity Chemicals Index,730.14,647.09,855.73,12.834381616158485,61.01206362762889,🟡,CERCA,250,2025-08-11 07:50:35,2025-08-11,0,62,62,False,0,0,[],[],MEDIA,MEDIO,0
DJUSDN,Dow Jones U.S. Defense Index,767.96,598.11,788.84,28.3977863603685,32.983398437499986,🔴,FUERTE,250,2025-08-11 07:50:35,2025-08-11,0,62,62,False,0,0,[],[],MEDIA,BAJO,0
DJUSCP,Dow Jones U.S. Containers & Packaging Index,451.82,397.01,541.01,13.805697589481374,62.22388618494947,🟡,CERCA,250,2025-08-11 07:50:35,2025-08-11,0,61,61,False,0,0,[],[],MEDIA,MEDIO,0
DJUSBC,Dow Jones U.S. Broadcasting & Entertainment Index,1140.7,962.0,1294.9,18.57588357588358,79.66507177033499,🟡,CERCA,250,2025-08-11 07:50:35,2025-08-11,0,60,60,False,0,0,[],[],MEDIA,ALTO,0
DJUSGI,Dow Jones U.S. General Industrials Index,724.63,613.23,783.86,18.166104071881676,67.74289392888986,🟡,CERCA,250,2025-08-11 07:50:35,2025-08-11,0,60,60,False,0,0,[],[],MEDIA,MEDIO,0
DJUSFR,Dow Jones U.S. Forestry & Paper Index,822.13,703.58,952.75,16.849540919298438,65.0093632958802,🟡,CERCA,250,2025-08-11 07:50:35,2025-08-11,0,60,60,False,0,0,[],[],MEDIA,MEDIO,0
DJUSMT,Dow Jones U.S. Marine Transportation Index,327.01,275.54,433.97,18.679683530521874,68.46159183956702,🟡,CERCA,250,2025-08-11 07:50:35,2025-08-11,0,60,60,False,0,0,[],[],MEDIA,MEDIO,0
DJUSFH,Dow Jones U.S. Furnishings Index,432.55,319.67,437.1,35.31141489661213,37.65422696115765,🔴,FUERTE,250,2025-08-11 07:50:35,2025-08-11,0,59,59,False,0,0,[],[],BAJA,BAJO,0
DJUSCT,Dow Jones U.S. Telecommunications Equipment Index,2558.59,1697.75,2560.38,50.70475629509647,22.897988853889004,🔴,FUERTE,250,2025-08-11 07:50:35,2025-08-11,0,59,59,False,0,0,[],[],BAJA,MEDIO,0
DJUSME,Dow Jones U.S. Media Index,791.04,662.35,936.97,19.42930474824488,77.88401056736699,🟡,CERCA,250,2025-08-11 07:50:35,2025-08-11,0,59,59,False,0,0,[],[],BAJA,ALTO,0
DJUSNS,Dow Jones U.S. Internet Index,5742.3,3842.4,5752.5,49.445658963148034,29.825879994989265,🔴,FUERTE,250,2025-08-11 07:50:35,2025-08-11,0,59,59,False,0,0,[],[],BAJA,MEDIO,0
DJUSCR,Dow Jones U.S. Computer Hardware Index,11466.1,8364.8,12829.5,37.07560252486612,30.46655146877309,🔴,FUERTE,250,2025-08-11 07:50:35,2025-08-11,0,58,58,False,0,0,[],[],BAJA,BAJO,0
DJUSID,Dow Jones U.S. Diversified Industrials Index,932.41,767.22,1017.95,21.530981986913783,67.76665956993831,🟡,CERCA,250,2025-08-11 07:50:35,2025-08-11,0,58,58,False,0,0,[],[],BAJA,MEDIO,0
DJUSCX,Dow Jones U.S. Specialty Chemicals Index,1051.96,863.05,1218.81,21.888650715485788,68.06846292705755,🟡,CERCA,250,2025-08-11 07:50:35,2025-08-11,0,58,58,False,0,0,[],[],BAJA,MEDIO,0
DJUSAV,Dow Jones U.S. Media Agencies Index,431.14,346.44,702.93,24.4486779817573,68.90747833098169,🟡,CERCA,250,2025-08-11 07:50:35,2025-08-11,0,57,57,False,0,0,[],[],BAJA,MEDIO,0
DJUSGU,Dow Jones U.S. Gas Distribution Index,371.73,293.12,375.77,26.81836790393013,46.07487922705312,🔴,FUERTE,250,2025-08-11 07:50:35,2025-08-11,0,56,56,False,0,0,[],[],BAJA,BAJO,0
DJUSBD,Dow Jones U.S. Building Materials & Fixtures Index,2412.6,1876.9,2557.1,28.541744365709405,43.37496192506853,🔴,FUERTE,250,2025-08-11 07:50:35,2025-08-11,0,56,56,False,0,0,[],[],BAJA,BAJO,0
DJUSIQ,Dow Jones U.S. Industrial Engineering Index,4337.0,3318.0,4522.4,30.71127185051236,47.102115915363385,🔴,FUERTE,250,2025-08-11 07:50:35,2025-08-11,0,55,55,False,0,0,[],[],BAJA,BAJO,0
DJUSFC,Dow Jones U.S. Fixed Line Telecommunications Index,166.12,112.81,172.38,47.25644889637444,37.492002559181095,🔴,FUERTE,250,2025-08-11 07:50:35,2025-08-11,0,54,54,False,0,0,[],[],BAJA,MEDIO,0
DJUSRT,Dow Jones U.S. Retail Index,3132.7,2383.9,3175.9,31.410713536641627,44.581715495940735,🔴,FUERTE,250,2025-08-11 07:50:35,2025-08-11,0,54,54,False,0,0,[],[],BAJA,BAJO,0
DJUSGT,Dow Jones U.S. General Retailers Index,3488.5,2654.5,3560.4,31.418346204558294,44.54892741698504,🔴,FUERTE,250,2025-08-11 07:50:35,2025-08-11,0,54,54,False,0,0,[],[],BAJA,BAJO,0
DJUSAT,Dow Jones U.S. Auto Parts Index,390.98,288.25,418.83,35.63920208152646,42.96849087893863,🔴,FUERTE,250,2025-08-11 07:50:35,2025-08-11,0,53,53,False,0,0,[],[],BAJA,BAJO,0
DJUSDS,Dow Jones U.S. Industrial Suppliers Index,923.62,683.22,966.01,35.18632358537513,40.96805940771224,🔴,FUERTE,250,2025-08-11 07:50:35,2025-08-11,0,53,53,False,0,0,[],[],BAJA,BAJO,0
DJUSCN,Dow Jones U.S. Construction & Materials Index,2022.08,1484.39,2096.84,36.22296027324354,42.13386399295857,🔴,FUERTE,250,2025-08-11 07:50:35,2025-08-11,0,53,53,False,0,0,[],[],BAJA,BAJO,0
DJUSHR,Dow Jones U.S. Commercial Vehicles & Trucks Index,5348.1,3916.0,5506.5,36.57048008171604,41.62182455262166,🔴,FUERTE,250,2025-08-11 07:50:35,2025-08-11,0,52,52,False,0,0,[],[],BAJA,BAJO,0
DJUSFE,Dow Jones U.S. Industrial Machinery Index,1216.3,969.18,1325.15,25.49784353783611,54.54483649466318,🔴,FUERTE,250,2025-08-11 07:50:35,2025-08-11,0,51,51,False,0,0,[],[],BAJA,BAJO,0
DJUSPG,Sector PG,535.44,426.49,649.12,25.54573378039345,56.717128439493415,🔴,FUERTE,250,2025-08-11 07:50:35,2025-08-11,0,51,51,False,0,0,[],[],BAJA,BAJO,0
DJUSAI,Dow Jones U.S. Electronic Equipment Index,1556.12,913.78,1562.23,70.29481932193744,26.98809415613925,🔴,FUERTE,250,2025-08-11 07:50:35,2025-08-11,0,51,51,False,0,0,[],[],BAJA,MEDIO,0
DJUSTC,Dow Jones U.S. Technology Index,8051.0,5115.5,8060.8,57.384419900302994,34.809796769150594,🔴,FUERTE,250,2025-08-11 07:50:35,2025-08-11,0,50,50,False,0,0,[],[],BAJA,MEDIO,0
DJUSSB,Dow Jones U.S. Investment Services Index,2998.8,2060.8,3049.8,45.51630434782608,45.3093232645948,🔴,FUERTE,250,2025-08-11 07:50:35,2025-08-11,0,49,49,False,0,0,[],[],BAJA,MEDIO,0
DJUSFI,Dow Jones U.S. Financial Services Index,2425.0,1871.8,2486.0,29.554439576877872,51.039783001808296,🔴,FUERTE,250,2025-08-11 07:50:35,2025-08-11,0,49,49,False,0,0,[],[],BAJA,BAJO,0
DJUSBS,Dow Jones U.S. Basic Resources Index,401.05,274.91,404.44,45.88410752609944,46.53729071537288,🔴,FUERTE,250,2025-08-11 07:50:35,2025-08-11,0,49,49,False,0,0,[],[],BAJA,MEDIO,0
DJUSGF,Dow Jones U.S. Financial Services Index,2718.1,2098.0,2786.5,29.556720686367967,51.05008077544432,🔴,FUERTE,250,2025-08-11 07:50:35,2025-08-11,0,49,49,False,0,0,[],[],BAJA,BAJO,0
DJUSSF,Dow Jones U.S. Consumer Finance Index,762.98,577.96,801.93,32.01259602740674,54.561812023708725,🔴,FUERTE,250,2025-08-11 07:50:35,2025-08-11,0,48,48,False,0,0,[],[],BAJA,BAJO,0
DJUSDR,Dow Jones U.S. Food & Drug Retailers Index,1590.02,1207.85,1615.62,31.64051827627604,53.07838350962841,🔴,FUERTE,250,2025-08-11 07:50:35,2025-08-11,0,48,48,False,0,0,[],[],BAJA,BAJO,0
DJUSFT,Dow Jones U.S. Footwear Index,1567.5,1186.7,2012.4,32.088986264430766,53.857393337229695,🔴,FUERTE,250,2025-08-11 07:50:35,2025-08-11,0,48,48,False,0,0,[],[],BAJA,BAJO,0
DJUSIG,Dow Jones U.S. Industrial Goods & Services Index,1440.59,1094.74,1484.13,31.591976176991786,51.19632907243529,🔴,FUERTE,250,2025-08-11 07:50:35,2025-08-11,0,48,48,False,0,0,[],[],BAJA,BAJO,0
DJUSAG,Dow Jones U.S. Asset Managers Index,405.95,273.77,416.71,48.28140409833072,44.4940476190476,🔴,FUERTE,250,2025-08-11 07:50:35,2025-08-11,0,48,48,False,0,0,[],[],BAJA,MEDIO,0
DJUSAE,Dow Jones U.S. Aerospace & Defense Index,2724.9,1861.2,2775.1,46.40554480980013,42.78283485045509,🔴,FUERTE,250,2025-08-11 07:50:35,2025-08-11,0,48,48,False,0,0,[],[],BAJA,MEDIO,0
DJUSFD,Dow Jones U.S. Food Retailers & Wholesalers Index,1320.85,999.87,1346.72,32.10217328252672,50.65765302373437,🔴,FUERTE,250,2025-08-11 07:50:35,2025-08-11,0,48,48,False,0,0,[],[],BAJA,BAJO,0
DJUSRB,Dow Jones U.S. Broadline Retailers Index,4773.7,3627.8,5034.6,31.58663652902585,50.149456521739125,🔴,FUERTE,250,2025-08-11 07:50:35,2025-08-11,0,48,48,False,0,0,[],[],BAJA,BAJO,0
DJUSSV,Dow Jones U.S. Software & Computer Services Index,8096.4,5509.7,8349.7,46.94810969744269,41.62139573756793,🔴,FUERTE,250,2025-08-11 07:50:35,2025-08-11,0,48,48,False,0,0,[],[],BAJA,MEDIO,0
DJUSSW,Dow Jones U.S. Software Index,8530.1,5758.2,8972.9,48.13830710986073,47.08873897249608,🔴,FUERTE,250,2025-08-11 07:50:35,2025-08-11,0,48,48,False,0,0,[],[],BAJA,MEDIO,0
DJUSLE,Dow Jones U.S. Leisure Goods Index,1105.53,721.53,1171.82,53.220240322647705,47.27621884307888,🔴,FUERTE,250,2025-08-11 07:50:35,2025-08-11,0,46,46,False,0,0,[],[],BAJA,MEDIO,0
DJUSTR,Dow Jones U.S. Tires Index,8981.5,5326.7,8996.5,68.61283721628776,34.78717813977924,🔴,FUERTE,250,2025-08-11 07:50:35,2025-08-11,0,46,46,False,0,0,[],[],BAJA,MEDIO,0
DJUSRD,Dow Jones U.S. Drug Retailers Index,1146.32,838.78,1209.83,36.66515653687498,54.92659785883714,🔴,FUERTE,250,2025-08-11 07:50:35,2025-08-11,0,46,46,False,0,0,[],[],BAJA,BAJO,0
DJUSTQ,Dow Jones U.S. Technology Hardware & Equipment Index,8981.5,5326.7,8996.5,68.61283721628776,34.78717813977924,🔴,FUERTE,250,2025-08-11 07:50:35,2025-08-11,0,46,46,False,0,0,[],[],BAJA,MEDIO,0
DJUSAL,Dow Jones U.S. Aluminum Index,103.07,73.62,163.19,40.00271665308338,56.000000000000014,🔴,FUERTE,250,2025-08-11 07:50:35,2025-08-11,0,45,45,False,0,0,[],[],BAJA,MEDIO,0
DJUSHD,Dow Jones U.S. Durable Household Products Index,132.68,94.51,179.28,40.38726060734314,57.92429792429788,🔴,FUERTE,250,2025-08-11 07:50:35,2025-08-11,0,45,45,False,0,0,[],[],BAJA,MEDIO,0
DJUSTB,Dow Jones U.S. Tobacco Index,1155.04,819.83,1210.02,40.88774502030908,55.227755487373166,🔴,FUERTE,250,2025-08-11 07:50:35,2025-08-11,0,45,45,False,0,0,[],[],BAJA,MEDIO,0
DJUSAP,Dow Jones U.S. Automobiles & Parts Index,1256.11,813.09,1748.7,54.48597326249245,49.53042878887964,🔴,FUERTE,250,2025-08-11 07:50:35,2025-08-11,0,45,45,False,0,0,[],[],BAJA,MEDIO,0
DJUSAS,Dow Jones U.S. Aerospace Index,2934.5,1883.9,3039.2,55.76729125749774,49.11966577141151,🔴,FUERTE,250,2025-08-11 07:50:35,2025-08-11,0,45,45,False,0,0,[],[],BAJA,MEDIO,0
DJUSHL,Dow Jones U.S. Hotel & Lodging REITs Index,81.68,65.02,103.03,25.622885266072,64.630467571644,🔴,FUERTE,250,2025-08-11 07:50:35,2025-08-11,0,45,45,False,0,0,[],[],BAJA,MEDIO,0
DJUSLG,Dow Jones U.S. Hotels Index,4134.7,3245.4,4663.6,27.40186109570468,64.09090909090912,🔴,FUERTE,250,2025-08-11 07:50:35,2025-08-11,0,44,44,False,0,0,[],[],BAJA,MEDIO,0
DJUSPM,Dow Jones U.S. Gold Mining Index,179.64,94.85,182.48,89.39377965208223,26.365388734204387,🔴,FUERTE,250,2025-08-11 07:50:35,2025-08-11,0,43,43,False,0,0,[],[],BAJA,MEDIO,0
DJUSAU,Dow Jones U.S. Automobiles Index,1135.76,710.03,1613.6,59.95943833359154,49.74828094302553,🔴,FUERTE,250,2025-08-11 07:50:35,2025-08-11,0,43,43,False,0,0,[],[],BAJA,MEDIO,0
DJUSCH,Dow Jones U.S. Chemicals Index,1935.17,1497.87,2050.51,29.194789935041104,63.76507603565812,🔴,FUERTE,250,2025-08-11 07:50:35,2025-08-11,0,43,43,False,0,0,[],[],BAJA,MEDIO,0
DJUSEE,Dow Jones U.S. Electronic & Electrical Equipment Index,1129.98,643.85,1171.37,75.50361108953949,33.99638336347208,🔴,FUERTE,250,2025-08-11 07:50:35,2025-08-11,0,43,43,False,0,0,[],[],BAJA,MEDIO,0
DJUSMG,Dow Jones U.S. Mining Index,159.57,84.25,162.09,89.40059347181008,26.385542168674647,🔴,FUERTE,250,2025-08-11 07:50:35,2025-08-11,0,43,43,False,0,0,[],[],BAJA,MEDIO,0
DJUSEC,Dow Jones U.S. Electrical Components & Equipment Index,1000.23,562.61,1055.56,77.78390003732603,38.66248693834899,🔴,FUERTE,250,2025-08-11 07:50:35,2025-08-11,0,42,42,False,0,0,[],[],BAJA,MEDIO,0
DJUSST,Dow Jones U.S. Iron & Steel Index,560.52,416.26,642.02,34.65622447508768,68.23765136335919,🔴,FUERTE,250,2025-08-11 07:50:35,2025-08-11,0,41,41,False,0,0,[],[],BAJA,MEDIO,0
DJUSTT,Dow Jones U.S. Travel & Tourism Index,1317.14,952.28,1425.35,38.31436132230018,68.01486801486793,🔴,FUERTE,250,2025-08-11 07:50:35,2025-08-11,0,40,40,False,0,0,[],[],BAJA,MEDIO,0
DJUSBK,Dow Jones U.S. Banks Index,722.72,521.55,761.58,38.57156552583646,60.03256950098872,🔴,FUERTE,250,2025-08-11 07:50:35,2025-08-11,0,40,40,False,0,0,[],[],BAJA,MEDIO,0
DJUSCA,Dow Jones U.S. Gambling Index,705.42,513.6,765.64,37.34813084112148,66.0923442539467,🔴,FUERTE,250,2025-08-11 07:50:35,2025-08-11,0,40,40,False,0,0,[],[],BAJA,MEDIO,0
DJUSTY,Dow Jones U.S. Toys Index,1817.23,1070.77,1934.76,69.71244991921701,47.73932344116076,🔴,FUERTE,250,2025-08-11 07:50:35,2025-08-11,0,39,39,False,0,0,[],[],BAJA,MEDIO,0
DJUSIM,Dow Jones U.S. Industrial Metals & Mining Index,489.43,350.58,568.14,39.60579610930459,67.56520895956558,🔴,FUERTE,250,2025-08-11 07:50:35,2025-08-11,0,39,39,False,0,0,[],[],BAJA,MEDIO,0
DJUSHV,Dow Jones U.S. Heavy Construction Index,1973.89,1138.85,2114.89,73.3230890810906,41.54094827586203,🔴,FUERTE,250,2025-08-11 07:50:35,2025-08-11,0,38,38,False,0,0,[],[],BAJA,MEDIO,0
DJUSRS,Dow Jones U.S. Specialty Retailers Index,4676.5,2942.7,4884.3,58.918680123695935,50.35639412997899,🔴,FUERTE,250,2025-08-11 07:50:35,2025-08-11,0,37,37,False,0,0,[],[],BAJA,MEDIO,0
DJUSNF,Dow Jones U.S. Nonferrous Metals Index,560.09,372.55,702.28,50.33955173802175,63.65201352597603,🔴,FUERTE,250,2025-08-11 07:50:35,2025-08-11,0,35,35,False,0,0,[],[],BAJA,ALTO,0
DJUSSC,Dow Jones U.S. Semiconductors Index,25436.0,12938.1,25591.1,96.59764571304903,39.16206670473528,🔴,FUERTE,250,2025-08-11 07:50:35,2025-08-11,0,34,34,False,0,0,[],[],BAJA,MEDIO,0
DJUSAR,Dow Jones U.S. Airlines Index,210.25,133.85,259.72,57.078819574150174,66.67415730337078,🔴,FUERTE,250,2025-08-11 07:50:35,2025-08-11,0,32,32,False,0,0,[],[],BAJA,ALTO,0
DJUSRQ,Dow Jones U.S. Recreational Services Index,184.95,105.81,208.22,74.794442869294,75.94451003541913,🔴,FUERTE,250,2025-08-11 07:50:35,2025-08-11,0,25,25,False,0,0,[],[],BAJA,ALTO,0
