Ticker,Sector,CurrentPrice,Min52w,Max52w,DistanceFromMin,RSI,Estado,Classification,DataPoints,AnalysisDate,FileDate,DaysAgo,BaseScore,FinalScore,InsiderActivity,InsiderTrades,InsiderValue,InsiderTickers,Signals,Urgency,RiskLevel,MappingCoverage
DJUSHG,Dow Jones U.S. Household Goods & Home Construction Index,1021.74,943.49,1158.74,8.2936756086445,28.284463061690744,🟢,OPORTUNIDAD,252,2026-01-30 08:04:45,2026-01-30,0,97,97,False,0,0,[],[],CRÍTICA,BAJO,0
DJUSHN,Dow Jones U.S. Nondurable Household Products Index,1157.95,1067.39,1420.24,8.48424662026063,28.94159292035401,🟢,OPORTUNIDAD,252,2026-01-30 08:04:45,2026-01-30,0,97,97,False,0,0,[],[],CRÍTICA,BAJO,0
DJUSFB,Dow Jones U.S. Food & Beverage Index,722.87,667.95,770.54,8.22217231828729,24.98286967246807,🟢,OPORTUNIDAD,252,2026-01-30 08:04:45,2026-01-30,0,97,97,False,0,0,[],[],CRÍTICA,BAJO,0
DJUSFP,Dow Jones U.S. Food Products Index,505.6,470.3,625.15,7.505847331490541,36.56325258535207,🟢,OPORTUNIDAD,251,2026-01-30 08:04:45,2026-01-30,0,91,91,False,0,0,[],[],CRÍTICA,BAJO,0
DJUSFC,Dow Jones U.S. Fixed Line Telecommunications Index,150.35,137.34,175.95,9.472841124217265,38.42610364683298,🟢,OPORTUNIDAD,252,2026-01-30 08:04:45,2026-01-30,0,90,90,False,0,0,[],[],CRÍTICA,BAJO,0
DJUSFO,Dow Jones U.S. Food Producers Index,374.0,341.8,428.42,9.42071386775892,30.18867924528307,🟢,OPORTUNIDAD,251,2026-01-30 08:04:45,2026-01-30,0,90,90,False,0,0,[],[],CRÍTICA,BAJO,0
DJUSFD,Dow Jones U.S. Food Retailers & Wholesalers Index,1220.97,1099.62,1346.72,11.035630490533109,29.159310890606942,🟡,CERCA,252,2026-01-30 08:04:45,2026-01-30,0,87,87,False,0,0,[],[],CRÍTICA,BAJO,0
DJUSBV,Dow Jones U.S. Beverages Index,987.58,884.01,1013.26,11.715930815262276,24.068011405639425,🟡,CERCA,252,2026-01-30 08:04:45,2026-01-30,0,86,86,False,0,0,[],[],CRÍTICA,BAJO,0
DJUSNG,Dow Jones U.S. Personal & Household Goods Index,1015.98,909.61,1081.16,11.69402271303086,25.418890405858264,🟡,CERCA,252,2026-01-30 08:04:45,2026-01-30,0,86,86,False,0,0,[],[],CRÍTICA,BAJO,0
DJUSSD,Dow Jones U.S. Soft Drinks Index,963.81,848.43,973.22,13.59923623634242,23.65032997944394,🟡,CERCA,252,2026-01-30 08:04:45,2026-01-30,0,86,86,False,0,0,[],[],CRÍTICA,BAJO,0
DJUSWU,Dow Jones U.S. Water Index,2699.3,2502.1,3135.8,7.8813796411014865,49.86744432661718,🟢,OPORTUNIDAD,251,2026-01-30 08:04:45,2026-01-30,0,85,85,False,0,0,[],[],CRÍTICA,BAJO,0
DJUSMU,Dow Jones U.S. Multiutilities Index,290.07,249.55,299.75,16.2372270086155,28.288942695722355,🟡,CERCA,251,2026-01-30 08:04:45,2026-01-30,0,85,85,False,0,0,[],[],ALTA,BAJO,0
DJUSFR,Dow Jones U.S. Forestry & Paper Index,855.65,703.58,886.08,21.61374683760197,27.75070530905361,🟡,CERCA,252,2026-01-30 08:04:45,2026-01-30,0,82,82,False,0,0,[],[],ALTA,BAJO,0
DJUSPL,Dow Jones U.S. Pipelines Index,1127.11,925.07,1171.11,21.840509366858708,19.23743500866564,🟡,CERCA,252,2026-01-30 08:04:45,2026-01-30,0,82,82,False,0,0,[],[],ALTA,BAJO,0
DJUSDR,Dow Jones U.S. Food & Drug Retailers Index,1669.83,1341.74,1697.13,24.45257650513512,27.984071162598312,🟡,CERCA,252,2026-01-30 08:04:45,2026-01-30,0,81,81,False,0,0,[],[],ALTA,BAJO,0
DJUSCS,Dow Jones U.S. Specialized Consumer Services Index,2355.8,2307.7,3402.3,2.08432638557873,55.35807631991641,🟢,OPORTUNIDAD,252,2026-01-30 08:04:45,2026-01-30,0,81,81,False,0,0,[],[],ALTA,BAJO,0
DJUSRN,Dow Jones U.S. Residential REITs Index,213.6,206.56,263.03,3.408210689388067,56.9381107491857,🟢,OPORTUNIDAD,251,2026-01-30 08:04:45,2026-01-30,0,81,81,False,0,0,[],[],ALTA,BAJO,0
DJUSSR,Dow Jones U.S. Specialty REITs Index,257.64,229.18,273.52,12.41818657823544,36.01665510062465,🟡,CERCA,252,2026-01-30 08:04:45,2026-01-30,0,80,80,False,0,0,[],[],ALTA,BAJO,0
DJUSTL,Dow Jones U.S. Telecommunications Index,165.55,157.97,199.75,4.79837943913402,50.06490696668109,🟢,OPORTUNIDAD,251,2026-01-30 08:04:45,2026-01-30,0,80,80,False,0,0,[],[],ALTA,BAJO,0
DJUSRP,Dow Jones U.S. Recreational Products Index,310.45,274.92,417.23,12.923759639167749,37.958733658843926,🟡,CERCA,251,2026-01-30 08:04:45,2026-01-30,0,80,80,False,0,0,[],[],ALTA,BAJO,0
DJUSCC,Dow Jones U.S. Commodity Chemicals Index,706.13,608.9,794.88,15.968139267531615,37.56576141049341,🟡,CERCA,251,2026-01-30 08:04:45,2026-01-30,0,79,79,False,0,0,[],[],ALTA,BAJO,0
DJUSCM,Dow Jones U.S. Personal Products Index,403.35,341.42,452.45,18.13894909495636,39.58192852326364,🟡,CERCA,252,2026-01-30 08:04:45,2026-01-30,0,78,78,False,0,0,[],[],ALTA,BAJO,0
DJUSVN,Dow Jones U.S. Distillers & Vintners Index,305.02,260.67,391.98,17.01384892776306,39.7218863361548,🟡,CERCA,252,2026-01-30 08:04:45,2026-01-30,0,78,78,False,0,0,[],[],ALTA,BAJO,0
DJUSGU,Dow Jones U.S. Gas Distribution Index,386.67,324.1,397.36,19.30576982412835,35.768051296347835,🟡,CERCA,252,2026-01-30 08:04:45,2026-01-30,0,77,77,False,0,0,[],[],ALTA,BAJO,0
DJUSFA,Dow Jones U.S. Financial Administration Index,449.95,446.69,683.09,0.7298126217287136,81.56162996709693,🟢,OPORTUNIDAD,252,2026-01-30 08:04:45,2026-01-30,0,76,76,False,0,0,[],[],ALTA,MEDIO,0
DJUSUT,Dow Jones U.S. Utilities Index,430.9,353.79,466.02,21.795415359393974,33.09128630705392,🟡,CERCA,252,2026-01-30 08:04:45,2026-01-30,0,76,76,False,0,0,[],[],ALTA,BAJO,0
DJUSBE,Dow Jones U.S. Business Training & Employment Agencies Index,90.73,90.21,138.45,0.5764327679858222,79.36170212765953,🟢,OPORTUNIDAD,252,2026-01-30 08:04:45,2026-01-30,0,76,76,False,0,0,[],[],ALTA,MEDIO,0
DJUSAV,Dow Jones U.S. Media Agencies Index,326.59,323.71,656.63,0.8896852120725327,75.10352616388508,🟢,OPORTUNIDAD,252,2026-01-30 08:04:45,2026-01-30,0,76,76,False,0,0,[],[],ALTA,MEDIO,0
DJUSRL,Dow Jones U.S. Retail REITs Index,103.29,83.32,103.89,23.96783485357659,35.624284077892355,🟡,CERCA,252,2026-01-30 08:04:45,2026-01-30,0,75,75,False,0,0,[],[],ALTA,BAJO,0
DJUSRU,Dow Jones U.S. Restaurants & Bars Index,2981.2,2686.2,3265.8,10.982056436601892,45.02895752895756,🟡,CERCA,252,2026-01-30 08:04:45,2026-01-30,0,75,75,False,0,0,[],[],ALTA,BAJO,0
DJUSWC,Dow Jones U.S. Mobile Telecommunications Index,359.47,349.48,458.56,2.8585326771202952,60.327736192595545,🟢,OPORTUNIDAD,252,2026-01-30 08:04:45,2026-01-30,0,75,75,False,0,0,[],[],ALTA,MEDIO,0
DJUSDB,Dow Jones U.S. Brewers Index,485.63,438.36,659.78,10.783374395474036,48.29988561921599,🟡,CERCA,252,2026-01-30 08:04:45,2026-01-30,0,75,75,False,0,0,[],[],ALTA,BAJO,0
DJUSIX,Dow Jones U.S. Nonlife Insurance Index,1276.53,1215.03,1458.15,5.061603417199575,65.22683397683406,🟢,OPORTUNIDAD,251,2026-01-30 08:04:45,2026-01-30,0,74,74,False,0,0,[],[],MEDIA,MEDIO,0
DJUSMC,Dow Jones U.S. Health Care Equipment & Services Index,2204.6,2083.0,2541.8,5.837734037445987,81.61971830985908,🟢,OPORTUNIDAD,252,2026-01-30 08:04:45,2026-01-30,0,74,74,False,0,0,[],[],MEDIA,MEDIO,0
DJUSIS,Dow Jones U.S. Support Services Index,782.49,748.64,949.87,4.521532378713403,64.97129529960532,🟢,OPORTUNIDAD,251,2026-01-30 08:04:45,2026-01-30,0,74,74,False,0,0,[],[],MEDIA,MEDIO,0
DJUSIB,Dow Jones U.S. Insurance Brokers Index,680.52,655.89,891.38,3.755202854137126,63.27701293283271,🟢,OPORTUNIDAD,252,2026-01-30 08:04:45,2026-01-30,0,74,74,False,0,0,[],[],MEDIA,MEDIO,0
DJUSIV,Dow Jones U.S. Business Support Services Index,1125.11,1061.45,1395.19,5.99745630976493,62.55340398379845,🟢,OPORTUNIDAD,252,2026-01-30 08:04:45,2026-01-30,0,74,74,False,0,0,[],[],MEDIA,MEDIO,0
DJUSPC,Dow Jones U.S. Waste & Disposal Services Index,656.11,589.23,708.03,11.35040646267162,41.73774757842992,🟡,CERCA,252,2026-01-30 08:04:45,2026-01-30,0,74,74,False,0,0,[],[],MEDIA,BAJO,0
DJUSSP,Dow Jones U.S. Specialty Finance Index,714.24,682.16,803.35,4.702709041867017,80.26784200711975,🟢,OPORTUNIDAD,251,2026-01-30 08:04:45,2026-01-30,0,74,74,False,0,0,[],[],MEDIA,MEDIO,0
DJUSIR,Dow Jones U.S. Insurance Index,1301.68,1239.53,1458.0,5.0139972408897,64.02076593183358,🟢,OPORTUNIDAD,252,2026-01-30 08:04:45,2026-01-30,0,74,74,False,0,0,[],[],MEDIA,MEDIO,0
DJUSIP,Dow Jones U.S. Property & Casualty Insurance Index,1906.35,1792.93,2065.57,6.325958068636246,64.1024258760108,🟢,OPORTUNIDAD,252,2026-01-30 08:04:45,2026-01-30,0,73,73,False,0,0,[],[],MEDIA,MEDIO,0
DJUSCA,Dow Jones U.S. Gambling Index,553.14,513.6,786.57,7.6985981308411136,89.94794059102747,🟢,OPORTUNIDAD,252,2026-01-30 08:04:45,2026-01-30,0,73,73,False,0,0,[],[],MEDIA,MEDIO,0
DJUSRE,Dow Jones U.S. Real Estate Index,366.01,311.91,382.25,17.34474688211342,40.39259054465028,🟡,CERCA,252,2026-01-30 08:04:45,2026-01-30,0,72,72,False,0,0,[],[],MEDIA,BAJO,0
DJUSRI,Dow Jones U.S. Real Estate Investment Trusts Index,147.79,126.8,155.77,16.55362776025236,40.64136125654451,🟡,CERCA,251,2026-01-30 08:04:45,2026-01-30,0,72,72,False,0,0,[],[],MEDIA,BAJO,0
DJUSHI,Dow Jones U.S. Home Improvement Retailers Index,850.18,705.04,940.02,20.586066038806308,41.16602169637763,🟡,CERCA,252,2026-01-30 08:04:45,2026-01-30,0,71,71,False,0,0,[],[],MEDIA,BAJO,0
DJUSGI,Dow Jones U.S. General Industrials Index,747.86,613.23,783.86,21.954242290820737,42.11004176502635,🟡,CERCA,252,2026-01-30 08:04:45,2026-01-30,0,70,70,False,0,0,[],[],MEDIA,BAJO,0
DJUSCP,Dow Jones U.S. Containers & Packaging Index,437.61,388.62,500.92,12.60614482013278,51.08403228358918,🟡,CERCA,252,2026-01-30 08:04:45,2026-01-30,0,68,68,False,0,0,[],[],MEDIA,BAJO,0
DJUSIU,Dow Jones U.S. Reinsurance Index,543.53,467.58,558.57,16.2432097181231,54.30257844050955,🟡,CERCA,252,2026-01-30 08:04:45,2026-01-30,0,67,67,False,0,0,[],[],MEDIA,BAJO,0
DJUSTB,Dow Jones U.S. Tobacco Index,1169.22,883.82,1210.02,32.2916430947478,25.65772336545973,🔴,FUERTE,251,2026-01-30 08:04:45,2026-01-30,0,66,66,False,0,0,[],[],MEDIA,BAJO,0
DJUSOG,Dow Jones U.S. Oil & Gas Producers,960.7,707.01,980.65,35.88209501987243,15.022884321995877,🔴,FUERTE,252,2026-01-30 08:04:45,2026-01-30,0,65,65,False,0,0,[],[],MEDIA,BAJO,0
DJUSIL,Dow Jones U.S. Life Insurance Index,1296.43,1077.94,1349.12,20.26921721060541,58.12881791876536,🟡,CERCA,252,2026-01-30 08:04:45,2026-01-30,0,65,65,False,0,0,[],[],MEDIA,BAJO,0
DJUSEH,Dow Jones U.S. Real Estate Holding & Development Index,68.56,50.8,69.58,34.96062992125986,17.632552404439025,🔴,FUERTE,163,2026-01-30 08:04:45,2026-01-30,0,65,65,False,0,0,[],[],MEDIA,BAJO,0
DJUSEN,Dow Jones U.S. Oil & Gas Index,851.42,623.85,869.2,36.47832010900055,13.564137640744931,🔴,FUERTE,251,2026-01-30 08:04:45,2026-01-30,0,64,64,False,0,0,[],[],MEDIA,BAJO,0
DJUSOL,Dow Jones U.S. Integrated Oil & Gas Index,884.52,645.42,898.95,37.04564469647672,8.281008281008212,🔴,FUERTE,252,2026-01-30 08:04:45,2026-01-30,0,64,64,False,0,0,[],[],MEDIA,BAJO,0
DJUSCX,Dow Jones U.S. Specialty Chemicals Index,1187.23,863.05,1197.41,37.562134291176655,19.130197929907357,🔴,FUERTE,252,2026-01-30 08:04:45,2026-01-30,0,64,64,False,0,0,[],[],MEDIA,BAJO,0
DJUSAM,Dow Jones U.S. Medical Equipment Index,2861.9,2589.3,3151.1,10.527941914803224,83.85332904470886,🟡,CERCA,252,2026-01-30 08:04:45,2026-01-30,0,63,63,False,0,0,[],[],MEDIA,ALTO,0
DJUSEU,Dow Jones U.S. Electricity Index,427.39,340.99,471.47,25.33798645121557,35.484622553588096,🔴,FUERTE,252,2026-01-30 08:04:45,2026-01-30,0,63,63,False,0,0,[],[],MEDIA,BAJO,0
DJUSMS,Dow Jones U.S. Medical Supplies Index,1853.41,1493.05,1967.6,24.135829342620816,54.46433645922132,🟡,CERCA,251,2026-01-30 08:04:45,2026-01-30,0,63,63,False,0,0,[],[],MEDIA,BAJO,0
DJUSVE,Dow Jones U.S. Conventional Electricity Index,428.34,341.92,472.89,25.27491810949928,35.63780260707641,🔴,FUERTE,252,2026-01-30 08:04:45,2026-01-30,0,63,63,False,0,0,[],[],MEDIA,BAJO,0
DJUSRS,Dow Jones U.S. Specialty Retailers Index,3823.2,3427.2,4908.8,11.554621848739496,68.47384114936297,🟡,CERCA,252,2026-01-30 08:04:45,2026-01-30,0,62,62,False,0,0,[],[],MEDIA,MEDIO,0
DJUSID,Dow Jones U.S. Diversified Industrials Index,1003.78,767.22,1019.39,30.833398503688635,38.54942593111174,🔴,FUERTE,252,2026-01-30 08:04:45,2026-01-30,0,61,61,False,0,0,[],[],MEDIA,BAJO,0
DJUSFT,Dow Jones U.S. Footwear Index,1367.6,1186.7,1942.6,15.243953821521854,66.3010967098704,🟡,CERCA,252,2026-01-30 08:04:45,2026-01-30,0,61,61,False,0,0,[],[],MEDIA,MEDIO,0
DJUSHP,Dow Jones U.S. Health Care Providers Index,2432.3,2106.6,3374.9,15.460932307984445,71.76865046102262,🟡,CERCA,252,2026-01-30 08:04:45,2026-01-30,0,61,61,False,0,0,[],[],MEDIA,ALTO,0
DJUSCN,Dow Jones U.S. Construction & Materials Index,2164.46,1484.39,2167.28,45.81477913486347,29.16364355913207,🔴,FUERTE,252,2026-01-30 08:04:45,2026-01-30,0,61,61,False,0,0,[],[],MEDIA,MEDIO,0
DJUSBD,Dow Jones U.S. Building Materials & Fixtures Index,2463.4,1876.9,2514.3,31.248335020512545,36.45803288145366,🔴,FUERTE,252,2026-01-30 08:04:45,2026-01-30,0,61,61,False,0,0,[],[],MEDIA,BAJO,0
DJUSPG,Sector PG,515.43,426.49,649.12,20.853947337569448,67.10902066185115,🟡,CERCA,251,2026-01-30 08:04:45,2026-01-30,0,59,59,False,0,0,[],[],BAJA,MEDIO,0
DJUSOS,Dow Jones U.S. Exploration & Production Index,1099.21,821.29,1129.92,33.839447698133434,33.79058070416093,🔴,FUERTE,252,2026-01-30 08:04:45,2026-01-30,0,59,59,False,0,0,[],[],BAJA,BAJO,0
DJUSDN,Dow Jones U.S. Defense Index,901.06,598.11,926.32,50.651218003377295,26.90085975282109,🔴,FUERTE,252,2026-01-30 08:04:45,2026-01-30,0,59,59,False,0,0,[],[],BAJA,MEDIO,0
DJUSSW,Dow Jones U.S. Software Index,6995.4,5758.2,9040.0,21.485881004480564,74.70643494598406,🟡,CERCA,252,2026-01-30 08:04:45,2026-01-30,0,58,58,False,0,0,[],[],BAJA,ALTO,0
DJUSME,Dow Jones U.S. Media Index,803.33,662.35,903.98,21.28481920434816,66.83002895967911,🟡,CERCA,252,2026-01-30 08:04:45,2026-01-30,0,58,58,False,0,0,[],[],BAJA,MEDIO,0
DJUSMR,Dow Jones U.S. Mortgage REITs Index,33.83,24.64,34.46,37.29707792207792,35.99137931034487,🔴,FUERTE,252,2026-01-30 08:04:45,2026-01-30,0,58,58,False,0,0,[],[],BAJA,BAJO,0
DJUSHC,Dow Jones U.S. Health Care Index,1630.2,1344.15,1708.01,21.281107019305875,67.39609046634197,🟡,CERCA,252,2026-01-30 08:04:45,2026-01-30,0,58,58,False,0,0,[],[],BAJA,MEDIO,0
DJUSBC,Dow Jones U.S. Broadcasting & Entertainment Index,1199.8,962.0,1294.9,24.719334719334714,64.10256410256409,🟡,CERCA,252,2026-01-30 08:04:45,2026-01-30,0,57,57,False,0,0,[],[],BAJA,MEDIO,0
DJUSSF,Dow Jones U.S. Consumer Finance Index,770.44,619.26,837.68,24.413009075348008,73.01854974704888,🟡,CERCA,251,2026-01-30 08:04:45,2026-01-30,0,57,57,False,0,0,[],[],BAJA,ALTO,0
DJUSES,Dow Jones U.S. Real Estate Services Index,345.01,268.15,392.49,28.663061719187027,45.21644234267007,🔴,FUERTE,252,2026-01-30 08:04:45,2026-01-30,0,56,56,False,0,0,[],[],BAJA,BAJO,0
DJUSDT,Dow Jones U.S. Diversified REITs Index,59.47,46.63,60.41,27.535921080849228,42.36760124610591,🔴,FUERTE,252,2026-01-30 08:04:45,2026-01-30,0,56,56,False,0,0,[],[],BAJA,BAJO,0
DJUSRR,Dow Jones U.S. Railroads Index,3541.8,2788.9,3616.1,26.99630678762237,40.95238095238093,🔴,FUERTE,251,2026-01-30 08:04:45,2026-01-30,0,56,56,False,0,0,[],[],BAJA,BAJO,0
DJUSRH,Dow Jones U.S. Real Estate Investment & Services,723.56,563.1,822.79,28.495826673770186,45.20773701101572,🔴,FUERTE,252,2026-01-30 08:04:45,2026-01-30,0,56,56,False,0,0,[],[],BAJA,BAJO,0
DJUSFE,Dow Jones U.S. Industrial Machinery Index,1397.73,969.18,1419.14,44.217792360552224,39.804278561675005,🔴,FUERTE,251,2026-01-30 08:04:45,2026-01-30,0,55,55,False,0,0,[],[],BAJA,MEDIO,0
DJUSPB,Dow Jones U.S. Publishing Index,876.28,663.16,880.74,32.137040834791,41.06138420151627,🔴,FUERTE,252,2026-01-30 08:04:45,2026-01-30,0,54,54,False,0,0,[],[],BAJA,BAJO,0
DJUSDV,Dow Jones U.S. Computer Services Index,303.98,231.08,313.36,31.547516011770817,49.40721649484534,🔴,FUERTE,252,2026-01-30 08:04:45,2026-01-30,0,54,54,False,0,0,[],[],BAJA,BAJO,0
DJUSIG,Dow Jones U.S. Industrial Goods & Services Index,1601.59,1094.74,1623.74,46.2986645230831,36.80783541256292,🔴,FUERTE,252,2026-01-30 08:04:45,2026-01-30,0,54,54,False,0,0,[],[],BAJA,MEDIO,0
DJUSHB,Dow Jones U.S. Home Construction Index,2518.63,1872.38,2900.07,34.51489548061824,42.74079374020005,🔴,FUERTE,252,2026-01-30 08:04:45,2026-01-30,0,53,53,False,0,0,[],[],BAJA,BAJO,0
DJUSIT,Dow Jones U.S. Industrial Transportation Index,1667.5,1243.5,1676.0,34.097305991154,41.29213483146069,🔴,FUERTE,251,2026-01-30 08:04:45,2026-01-30,0,53,53,False,0,0,[],[],BAJA,BAJO,0
DJUSTK,Dow Jones U.S. Trucking Index,1697.24,1244.48,1858.35,36.38146052969915,49.39300337619422,🔴,FUERTE,252,2026-01-30 08:04:45,2026-01-30,0,52,52,False,0,0,[],[],BAJA,BAJO,0
DJUSCT,Dow Jones U.S. Telecommunications Equipment Index,2902.01,1708.47,2940.35,69.86016728417826,26.52912311424868,🔴,FUERTE,251,2026-01-30 08:04:45,2026-01-30,0,51,51,False,0,0,[],[],BAJA,MEDIO,0
DJUSOI,Dow Jones U.S. Oil Equipment & Services Index,344.1,198.86,355.87,73.0363069496128,25.49266908402963,🔴,FUERTE,252,2026-01-30 08:04:45,2026-01-30,0,50,50,False,0,0,[],[],BAJA,MEDIO,0
DJUSRD,Dow Jones U.S. Drug Retailers Index,1464.41,935.6,1533.48,56.52094912355709,31.349890766931097,🔴,FUERTE,252,2026-01-30 08:04:45,2026-01-30,0,50,50,False,0,0,[],[],BAJA,MEDIO,0
DJUSRT,Dow Jones U.S. Retail Index,3184.6,2453.4,3267.5,29.803537947338377,52.19814241486072,🔴,FUERTE,251,2026-01-30 08:04:45,2026-01-30,0,49,49,False,0,0,[],[],BAJA,BAJO,0
DJUSAF,Dow Jones U.S. Delivery Services Index,1340.1,916.9,1349.7,46.15552404842403,40.03164556962025,🔴,FUERTE,251,2026-01-30 08:04:45,2026-01-30,0,49,49,False,0,0,[],[],BAJA,MEDIO,0
DJUSGT,Dow Jones U.S. General Retailers Index,3540.4,2720.3,3649.5,30.147410212108955,53.53399623757052,🔴,FUERTE,252,2026-01-30 08:04:45,2026-01-30,0,49,49,False,0,0,[],[],BAJA,BAJO,0
DJUSDS,Dow Jones U.S. Industrial Suppliers Index,992.03,683.22,1050.28,45.199203770381416,43.89217041598594,🔴,FUERTE,252,2026-01-30 08:04:45,2026-01-30,0,49,49,False,0,0,[],[],BAJA,MEDIO,0
DJUSIQ,Dow Jones U.S. Industrial Engineering Index,5413.9,3318.0,5456.5,63.167570825798656,31.479656483176115,🔴,FUERTE,252,2026-01-30 08:04:45,2026-01-30,0,48,48,False,0,0,[],[],BAJA,MEDIO,0
DJUSMF,Dow Jones U.S. Mortgage Finance Index,13.52,9.98,14.77,35.47094188376752,56.069364161849705,🔴,FUERTE,252,2026-01-30 08:04:45,2026-01-30,0,47,47,False,0,0,[],[],BAJA,BAJO,0
DJUSLE,Dow Jones U.S. Leisure Goods Index,980.76,724.03,1249.95,35.458475477535465,52.06798866855525,🔴,FUERTE,252,2026-01-30 08:04:45,2026-01-30,0,47,47,False,0,0,[],[],BAJA,BAJO,0
DJUSHL,Dow Jones U.S. Hotel & Lodging REITs Index,99.29,65.02,102.64,52.706859427868366,41.75824175824174,🔴,FUERTE,252,2026-01-30 08:04:45,2026-01-30,0,46,46,False,0,0,[],[],BAJA,MEDIO,0
DJUSHR,Dow Jones U.S. Commercial Vehicles & Trucks Index,7188.7,3916.0,7290.5,83.57252298263533,28.26709631220912,🔴,FUERTE,252,2026-01-30 08:04:45,2026-01-30,0,46,46,False,0,0,[],[],BAJA,MEDIO,0
DJUSBT,Dow Jones U.S. Biotechnology Index,3187.6,2297.4,3319.4,38.748150082702175,53.80196936542672,🔴,FUERTE,252,2026-01-30 08:04:45,2026-01-30,0,46,46,False,0,0,[],[],BAJA,BAJO,0
DJUSPN,Dow Jones U.S. Pharmaceuticals & Biotechnology Index,1348.93,960.01,1386.88,40.51207799918752,52.59095920617417,🔴,FUERTE,252,2026-01-30 08:04:45,2026-01-30,0,45,45,False,0,0,[],[],BAJA,MEDIO,0
DJUSIO,Dow Jones U.S. Industrial & Office REITs Index,110.05,79.12,114.17,39.09251769464104,50.587507730364855,🔴,FUERTE,252,2026-01-30 08:04:45,2026-01-30,0,45,45,False,0,0,[],[],BAJA,BAJO,0
DJUSTY,Dow Jones U.S. Toys Index,1615.82,1149.53,2066.13,40.56353466199229,52.93926070672529,🔴,FUERTE,252,2026-01-30 08:04:45,2026-01-30,0,45,45,False,0,0,[],[],BAJA,MEDIO,0
DJUSRB,Dow Jones U.S. Broadline Retailers Index,5088.2,3641.4,5208.1,39.73197121986048,51.90506942202134,🔴,FUERTE,251,2026-01-30 08:04:45,2026-01-30,0,45,45,False,0,0,[],[],BAJA,BAJO,0
DJUSPR,Dow Jones U.S. Pharmaceuticals Index,1089.97,765.56,1117.37,42.3755159621715,50.68233510235029,🔴,FUERTE,251,2026-01-30 08:04:45,2026-01-30,0,44,44,False,0,0,[],[],BAJA,MEDIO,0
DJUSHD,Dow Jones U.S. Durable Household Products Index,133.88,94.51,175.63,41.65696751666489,59.2280701754386,🔴,FUERTE,251,2026-01-30 08:04:45,2026-01-30,0,44,44,False,0,0,[],[],BAJA,MEDIO,0
DJUSGF,Dow Jones U.S. Financial Services Index,2773.4,2138.5,2924.0,29.68903436988544,68.3868873742291,🔴,FUERTE,252,2026-01-30 08:04:45,2026-01-30,0,43,43,False,0,0,[],[],BAJA,MEDIO,0
DJUSFI,Dow Jones U.S. Financial Services Index,2474.4,1907.9,2608.7,29.69233188322239,68.37700145560413,🔴,FUERTE,252,2026-01-30 08:04:45,2026-01-30,0,43,43,False,0,0,[],[],BAJA,MEDIO,0
DJUSCR,Dow Jones U.S. Computer Hardware Index,13358.6,8364.8,14401.2,59.70017214996176,42.411956916374166,🔴,FUERTE,252,2026-01-30 08:04:45,2026-01-30,0,43,43,False,0,0,[],[],BAJA,MEDIO,0
DJUSCH,Dow Jones U.S. Chemicals Index,1935.3,1497.87,2050.51,29.20346892587475,63.17507267071244,🔴,FUERTE,252,2026-01-30 08:04:45,2026-01-30,0,43,43,False,0,0,[],[],BAJA,MEDIO,0
DJUSLG,Dow Jones U.S. Hotels Index,4806.0,3245.4,4965.9,48.08652246256239,54.77677177645954,🔴,FUERTE,252,2026-01-30 08:04:45,2026-01-30,0,42,42,False,0,0,[],[],BAJA,MEDIO,0
DJUSAT,Dow Jones U.S. Auto Parts Index,432.95,288.25,447.84,50.19947961838681,51.28388017118404,🔴,FUERTE,251,2026-01-30 08:04:45,2026-01-30,0,41,41,False,0,0,[],[],BAJA,MEDIO,0
DJUSST,Dow Jones U.S. Iron & Steel Index,747.67,416.26,759.13,79.61610531879113,31.042884990253427,🔴,FUERTE,252,2026-01-30 08:04:45,2026-01-30,0,41,41,False,0,0,[],[],BAJA,MEDIO,0
DJUSRA,Dow Jones U.S. Apparel Retailers Index,2025.24,1490.78,2154.58,35.851031003904,76.00475515522814,🔴,FUERTE,252,2026-01-30 08:04:45,2026-01-30,0,41,41,False,0,0,[],[],BAJA,ALTO,0
DJUSTT,Dow Jones U.S. Travel & Tourism Index,1294.4,957.74,1432.9,35.15150249545806,75.0352858151023,🔴,FUERTE,251,2026-01-30 08:04:45,2026-01-30,0,41,41,False,0,0,[],[],BAJA,ALTO,0
DJUSSB,Dow Jones U.S. Investment Services Index,3159.3,2060.8,3276.0,53.30454192546584,52.4608819345661,🔴,FUERTE,251,2026-01-30 08:04:45,2026-01-30,0,40,40,False,0,0,[],[],BAJA,MEDIO,0
DJUSNF,Dow Jones U.S. Nonferrous Metals Index,871.23,372.55,920.8,133.85585827405717,19.090986106404586,🔴,FUERTE,252,2026-01-30 08:04:45,2026-01-30,0,39,39,False,0,0,[],[],BAJA,MEDIO,0
DJUSAE,Dow Jones U.S. Aerospace & Defense Index,3154.6,1861.2,3291.4,69.49280034386418,41.14832535885171,🔴,FUERTE,252,2026-01-30 08:04:45,2026-01-30,0,39,39,False,0,0,[],[],BAJA,MEDIO,0
DJUSPM,Dow Jones U.S. Gold Mining Index,329.89,107.93,349.6,205.6518113592143,21.34545051534967,🔴,FUERTE,252,2026-01-30 08:04:45,2026-01-30,0,39,39,False,0,0,[],[],BAJA,MEDIO,0
DJUSIM,Dow Jones U.S. Industrial Metals & Mining Index,716.28,350.58,730.95,104.31285298647954,22.40819209039553,🔴,FUERTE,252,2026-01-30 08:04:45,2026-01-30,0,39,39,False,0,0,[],[],BAJA,MEDIO,0
DJUSFH,Dow Jones U.S. Furnishings Index,494.34,319.67,527.08,54.64072324584727,51.47382775621525,🔴,FUERTE,251,2026-01-30 08:04:45,2026-01-30,0,39,39,False,0,0,[],[],BAJA,MEDIO,0
DJUSHV,Dow Jones U.S. Heavy Construction Index,2474.57,1138.85,2508.08,117.28673662027488,17.39638447971778,🔴,FUERTE,252,2026-01-30 08:04:45,2026-01-30,0,39,39,False,0,0,[],[],BAJA,MEDIO,0
DJUSEC,Dow Jones U.S. Electrical Components & Equipment Index,1145.06,562.61,1152.24,103.5264214997956,20.560079225352155,🔴,FUERTE,252,2026-01-30 08:04:45,2026-01-30,0,39,39,False,0,0,[],[],BAJA,MEDIO,0
DJUSMG,Dow Jones U.S. Mining Index,283.89,95.87,300.37,196.11974548868253,22.672939979654103,🔴,FUERTE,252,2026-01-30 08:04:45,2026-01-30,0,39,39,False,0,0,[],[],BAJA,MEDIO,0
DJUSEE,Dow Jones U.S. Electronic & Electrical Equipment Index,1357.28,643.85,1366.88,110.806864953017,24.5925982333232,🔴,FUERTE,252,2026-01-30 08:04:45,2026-01-30,0,39,39,False,0,0,[],[],BAJA,MEDIO,0
DJUSBS,Dow Jones U.S. Basic Resources Index,637.7,274.91,662.27,131.9668255065294,12.06594823616095,🔴,FUERTE,251,2026-01-30 08:04:45,2026-01-30,0,39,39,False,0,0,[],[],BAJA,MEDIO,0
DJUSNS,Dow Jones U.S. Internet Index,7665.3,3842.4,7713.4,99.49250468457215,29.360135900339746,🔴,FUERTE,252,2026-01-30 08:04:45,2026-01-30,0,39,39,False,0,0,[],[],BAJA,MEDIO,0
DJUSTC,Dow Jones U.S. Technology Index,8907.8,5115.5,9259.3,74.13351578535821,43.69125605240677,🔴,FUERTE,252,2026-01-30 08:04:45,2026-01-30,0,37,37,False,0,0,[],[],BAJA,MEDIO,0
DJUSAG,Dow Jones U.S. Asset Managers Index,395.04,273.77,426.58,44.2963071191146,60.61608075182736,🔴,FUERTE,252,2026-01-30 08:04:45,2026-01-30,0,37,37,False,0,0,[],[],BAJA,ALTO,0
DJUSSV,Dow Jones U.S. Software & Computer Services Index,8252.5,5509.7,8975.6,49.78129480733979,61.06553838183226,🔴,FUERTE,251,2026-01-30 08:04:45,2026-01-30,0,35,35,False,0,0,[],[],BAJA,ALTO,0
DJUSAS,Dow Jones U.S. Aerospace Index,3378.4,1883.9,3572.2,79.33011306332608,47.69258720930232,🔴,FUERTE,252,2026-01-30 08:04:45,2026-01-30,0,35,35,False,0,0,[],[],BAJA,MEDIO,0
DJUSRQ,Dow Jones U.S. Recreational Services Index,203.78,110.98,215.97,83.61867003063614,41.23924268502582,🔴,FUERTE,252,2026-01-30 08:04:45,2026-01-30,0,34,34,False,0,0,[],[],BAJA,MEDIO,0
DJUSMT,Dow Jones U.S. Marine Transportation Index,401.03,261.01,433.88,53.64545419715719,60.36706349206349,🔴,FUERTE,252,2026-01-30 08:04:45,2026-01-30,0,34,34,False,0,0,[],[],BAJA,ALTO,0
DJUSAI,Dow Jones U.S. Electronic Equipment Index,2072.58,913.78,2198.43,126.81389393508285,33.15349339088212,🔴,FUERTE,252,2026-01-30 08:04:45,2026-01-30,0,33,33,False,0,0,[],[],BAJA,MEDIO,0
DJUSTQ,Dow Jones U.S. Technology Hardware & Equipment Index,10679.6,5326.7,10826.1,100.49186175305536,31.718923147122094,🔴,FUERTE,251,2026-01-30 08:04:45,2026-01-30,0,33,33,False,0,0,[],[],BAJA,MEDIO,0
DJUSSC,Dow Jones U.S. Semiconductors Index,30642.3,12938.1,31044.1,136.8377118742319,30.79085242265478,🔴,FUERTE,251,2026-01-30 08:04:45,2026-01-30,0,33,33,False,0,0,[],[],BAJA,MEDIO,0
DJUSTR,Dow Jones U.S. Tires Index,10679.6,5326.7,10826.1,100.49186175305536,31.718923147122094,🔴,FUERTE,251,2026-01-30 08:04:45,2026-01-30,0,33,33,False,0,0,[],[],BAJA,MEDIO,0
DJUSBK,Dow Jones U.S. Banks Index,818.33,521.55,869.8,56.90346083788709,64.55320444512103,🔴,FUERTE,252,2026-01-30 08:04:45,2026-01-30,0,32,32,False,0,0,[],[],BAJA,ALTO,0
DJUSAP,Dow Jones U.S. Automobiles & Parts Index,1591.68,845.49,1853.16,88.25533122804529,59.47366925284906,🔴,FUERTE,252,2026-01-30 08:04:45,2026-01-30,0,26,26,False,0,0,[],[],BAJA,MEDIO,0
DJUSAU,Dow Jones U.S. Automobiles Index,1450.21,758.25,1704.26,91.25750082426642,59.560902255639085,🔴,FUERTE,252,2026-01-30 08:04:45,2026-01-30,0,24,24,False,0,0,[],[],BAJA,MEDIO,0
DJUSAR,Dow Jones U.S. Airlines Index,249.94,137.83,274.21,81.33933106000143,63.73840897999024,🔴,FUERTE,252,2026-01-30 08:04:45,2026-01-30,0,22,22,False,0,0,[],[],BAJA,ALTO,0
DJUSAL,Dow Jones U.S. Aluminum Index,207.16,73.62,228.71,181.3909263787014,51.04694128917476,🔴,FUERTE,252,2026-01-30 08:04:45,2026-01-30,0,21,21,False,0,0,[],[],BAJA,MEDIO,0
