Ticker,Sector,CurrentPrice,Min52w,Max52w,DistanceFromMin,RSI,Estado,Classification,DataPoints,AnalysisDate,FileDate,DaysAgo,BaseScore,FinalScore,InsiderActivity,InsiderTrades,InsiderValue,InsiderTickers,Signals,Urgency,RiskLevel,MappingCoverage
DJUSFP,Dow Jones U.S. Food Products Index,532.14,524.0,658.5,1.553435114503814,48.15610454708203,🟢,OPORTUNIDAD,251,2025-09-19 07:42:31,2025-09-19,0,87,87,False,0,0,[],[],CRÍTICA,BAJO,0
DJUSHN,Dow Jones U.S. Nondurable Household Products Index,1217.35,1180.41,1420.24,3.1294211333350126,48.15789473684215,🟢,OPORTUNIDAD,251,2025-09-19 07:42:31,2025-09-19,0,87,87,False,0,0,[],[],CRÍTICA,BAJO,0
DJUSHG,Dow Jones U.S. Household Goods & Home Construction Index,1076.73,999.49,1219.98,7.727941250037521,48.25949367088606,🟢,OPORTUNIDAD,251,2025-09-19 07:42:31,2025-09-19,0,85,85,False,0,0,[],[],CRÍTICA,BAJO,0
DJUSDV,Dow Jones U.S. Computer Services Index,265.13,231.08,304.29,14.735156655703644,29.9703264094955,🟡,CERCA,251,2025-09-19 07:42:31,2025-09-19,0,85,85,False,0,0,[],[],CRÍTICA,BAJO,0
DJUSMC,Dow Jones U.S. Health Care Equipment & Services Index,2257.0,2083.0,2553.7,8.353336533845415,48.107653490328005,🟢,OPORTUNIDAD,251,2025-09-19 07:42:31,2025-09-19,0,85,85,False,0,0,[],[],CRÍTICA,BAJO,0
DJUSMS,Dow Jones U.S. Medical Supplies Index,1578.74,1469.4,1749.93,7.44113243500748,46.716364927227566,🟢,OPORTUNIDAD,251,2025-09-19 07:42:31,2025-09-19,0,85,85,False,0,0,[],[],CRÍTICA,BAJO,0
DJUSHC,Dow Jones U.S. Health Care Index,1464.84,1344.15,1651.76,8.978908603950439,44.32396911450636,🟢,OPORTUNIDAD,251,2025-09-19 07:42:31,2025-09-19,0,84,84,False,0,0,[],[],ALTA,BAJO,0
DJUSFO,Dow Jones U.S. Food Producers Index,377.59,367.79,458.07,2.66456401750998,51.5874969234556,🟢,OPORTUNIDAD,251,2025-09-19 07:42:31,2025-09-19,0,81,81,False,0,0,[],[],ALTA,BAJO,0
DJUSIX,Dow Jones U.S. Nonlife Insurance Index,1317.93,1246.37,1458.15,5.741473238283991,57.39346425522001,🟢,OPORTUNIDAD,251,2025-09-19 07:42:31,2025-09-19,0,80,80,False,0,0,[],[],ALTA,BAJO,0
DJUSIR,Dow Jones U.S. Insurance Index,1331.35,1264.26,1458.0,5.306661604416807,56.33482447494128,🟢,OPORTUNIDAD,251,2025-09-19 07:42:31,2025-09-19,0,80,80,False,0,0,[],[],ALTA,BAJO,0
DJUSRN,Dow Jones U.S. Residential REITs Index,224.72,212.75,267.58,5.62632197414806,55.5315870570108,🟢,OPORTUNIDAD,251,2025-09-19 07:42:31,2025-09-19,0,80,80,False,0,0,[],[],ALTA,BAJO,0
DJUSIU,Dow Jones U.S. Reinsurance Index,511.3,467.58,599.38,9.35027161127508,54.81891649206823,🟢,OPORTUNIDAD,251,2025-09-19 07:42:31,2025-09-19,0,78,78,False,0,0,[],[],ALTA,BAJO,0
DJUSIP,Dow Jones U.S. Property & Casualty Insurance Index,1926.85,1755.13,2065.57,9.783890651974486,53.2391596812584,🟢,OPORTUNIDAD,251,2025-09-19 07:42:31,2025-09-19,0,78,78,False,0,0,[],[],ALTA,BAJO,0
DJUSHP,Dow Jones U.S. Health Care Providers Index,2569.7,2106.6,3475.6,21.98329061046235,35.06654286598578,🟡,CERCA,251,2025-09-19 07:42:31,2025-09-19,0,76,76,False,0,0,[],[],ALTA,BAJO,0
DJUSDB,Dow Jones U.S. Brewers Index,478.79,473.89,659.78,1.0339952309607787,81.56081206928664,🟢,OPORTUNIDAD,251,2025-09-19 07:42:31,2025-09-19,0,76,76,False,0,0,[],[],ALTA,MEDIO,0
DJUSCS,Dow Jones U.S. Specialized Consumer Services Index,2684.8,2671.9,3402.3,0.4828025000935697,64.23707440100884,🟢,OPORTUNIDAD,251,2025-09-19 07:42:31,2025-09-19,0,76,76,False,0,0,[],[],ALTA,MEDIO,0
DJUSVN,Dow Jones U.S. Distillers & Vintners Index,273.19,271.51,523.8,0.6187617398990855,81.40230867892255,🟢,OPORTUNIDAD,251,2025-09-19 07:42:31,2025-09-19,0,76,76,False,0,0,[],[],ALTA,MEDIO,0
DJUSMT,Dow Jones U.S. Marine Transportation Index,275.86,271.01,433.97,1.7896018597099823,80.57834005282916,🟢,OPORTUNIDAD,251,2025-09-19 07:42:31,2025-09-19,0,75,75,False,0,0,[],[],ALTA,MEDIO,0
DJUSIV,Dow Jones U.S. Business Support Services Index,1132.59,1092.82,1443.42,3.639208652843102,63.91479038738532,🟢,OPORTUNIDAD,251,2025-09-19 07:42:31,2025-09-19,0,75,75,False,0,0,[],[],ALTA,MEDIO,0
DJUSBV,Dow Jones U.S. Beverages Index,906.78,875.4,1058.51,3.584647018505825,69.17763867904175,🟢,OPORTUNIDAD,251,2025-09-19 07:42:31,2025-09-19,0,75,75,False,0,0,[],[],ALTA,MEDIO,0
DJUSFB,Dow Jones U.S. Food & Beverage Index,685.85,668.77,810.75,2.553942312005628,65.22613065326624,🟢,OPORTUNIDAD,251,2025-09-19 07:42:31,2025-09-19,0,75,75,False,0,0,[],[],ALTA,MEDIO,0
DJUSIB,Dow Jones U.S. Insurance Brokers Index,744.99,729.23,891.38,2.161183714328811,65.2703929451433,🟢,OPORTUNIDAD,251,2025-09-19 07:42:31,2025-09-19,0,75,75,False,0,0,[],[],ALTA,MEDIO,0
DJUSSD,Dow Jones U.S. Soft Drinks Index,885.08,835.84,1002.35,5.891079632465544,65.44446813046252,🟢,OPORTUNIDAD,251,2025-09-19 07:42:31,2025-09-19,0,74,74,False,0,0,[],[],MEDIA,MEDIO,0
DJUSPR,Dow Jones U.S. Pharmaceuticals Index,855.23,765.56,992.79,11.712994409321292,45.950613020203726,🟡,CERCA,251,2025-09-19 07:42:31,2025-09-19,0,74,74,False,0,0,[],[],MEDIA,BAJO,0
DJUSBE,Dow Jones U.S. Business Training & Employment Agencies Index,112.24,104.12,152.72,7.798693814829035,68.58929812369703,🟢,OPORTUNIDAD,251,2025-09-19 07:42:31,2025-09-19,0,73,73,False,0,0,[],[],MEDIA,MEDIO,0
DJUSPC,Dow Jones U.S. Waste & Disposal Services Index,657.38,609.51,708.03,7.853849813784844,64.73563968668415,🟢,OPORTUNIDAD,251,2025-09-19 07:42:31,2025-09-19,0,73,73,False,0,0,[],[],MEDIA,MEDIO,0
DJUSFA,Dow Jones U.S. Financial Administration Index,571.29,532.41,685.16,7.302642700174678,66.85486549319165,🟢,OPORTUNIDAD,251,2025-09-19 07:42:31,2025-09-19,0,73,73,False,0,0,[],[],MEDIA,MEDIO,0
DJUSOL,Dow Jones U.S. Integrated Oil & Gas Index,759.59,645.42,807.01,17.689256608100166,49.323172565928,🟡,CERCA,251,2025-09-19 07:42:31,2025-09-19,0,72,72,False,0,0,[],[],MEDIA,BAJO,0
DJUSPL,Dow Jones U.S. Pipelines Index,1048.79,887.35,1229.95,18.193497492533943,46.42201834862386,🟡,CERCA,251,2025-09-19 07:42:31,2025-09-19,0,72,72,False,0,0,[],[],MEDIA,BAJO,0
DJUSPN,Dow Jones U.S. Pharmaceuticals & Biotechnology Index,1119.75,960.01,1267.37,16.639410006145773,41.60759204207636,🟡,CERCA,251,2025-09-19 07:42:31,2025-09-19,0,72,72,False,0,0,[],[],MEDIA,BAJO,0
DJUSRR,Dow Jones U.S. Railroads Index,3312.0,2788.9,3607.9,18.75649897809172,47.01236263736261,🟡,CERCA,251,2025-09-19 07:42:31,2025-09-19,0,71,71,False,0,0,[],[],MEDIA,BAJO,0
DJUSFD,Dow Jones U.S. Food Retailers & Wholesalers Index,1271.82,1045.67,1346.72,21.62728202970343,44.24490653224115,🟡,CERCA,251,2025-09-19 07:42:31,2025-09-19,0,70,70,False,0,0,[],[],MEDIA,BAJO,0
DJUSRA,Dow Jones U.S. Apparel Retailers Index,1827.51,1490.78,1889.65,22.587504527831072,49.00333724181472,🟡,CERCA,251,2025-09-19 07:42:31,2025-09-19,0,70,70,False,0,0,[],[],MEDIA,BAJO,0
DJUSBT,Dow Jones U.S. Biotechnology Index,2802.9,2297.4,3117.3,22.003133977539825,40.560131795716586,🟡,CERCA,251,2025-09-19 07:42:31,2025-09-19,0,70,70,False,0,0,[],[],MEDIA,BAJO,0
DJUSRL,Dow Jones U.S. Retail REITs Index,101.22,83.32,106.75,21.483437349976004,48.30601092896173,🟡,CERCA,251,2025-09-19 07:42:31,2025-09-19,0,70,70,False,0,0,[],[],MEDIA,BAJO,0
DJUSTK,Dow Jones U.S. Trucking Index,1370.18,1244.48,2071.67,10.100604268449477,56.67896954106549,🟡,CERCA,251,2025-09-19 07:42:31,2025-09-19,0,69,69,False,0,0,[],[],MEDIA,BAJO,0
DJUSAF,Dow Jones U.S. Delivery Services Index,1015.0,916.9,1383.0,10.699094775875237,56.17715617715614,🟡,CERCA,251,2025-09-19 07:42:31,2025-09-19,0,69,69,False,0,0,[],[],MEDIA,BAJO,0
DJUSSP,Dow Jones U.S. Specialty Finance Index,738.09,663.1,803.35,11.309003166943146,58.63560732113148,🟡,CERCA,251,2025-09-19 07:42:31,2025-09-19,0,68,68,False,0,0,[],[],MEDIA,BAJO,0
DJUSMU,Dow Jones U.S. Multiutilities Index,278.78,249.55,292.91,11.713083550390689,52.43785850860431,🟡,CERCA,251,2025-09-19 07:42:31,2025-09-19,0,68,68,False,0,0,[],[],MEDIA,BAJO,0
DJUSSR,Dow Jones U.S. Specialty REITs Index,259.45,229.18,287.27,13.207958809669249,56.895745675549314,🟡,CERCA,251,2025-09-19 07:42:31,2025-09-19,0,68,68,False,0,0,[],[],MEDIA,BAJO,0
DJUSRI,Dow Jones U.S. Real Estate Investment Trusts Index,147.29,126.8,162.19,16.159305993690847,52.26510067114102,🟡,CERCA,251,2025-09-19 07:42:31,2025-09-19,0,67,67,False,0,0,[],[],MEDIA,BAJO,0
DJUSNG,Dow Jones U.S. Personal & Household Goods Index,1056.53,909.61,1081.16,16.1519772210068,56.282340453761485,🟡,CERCA,251,2025-09-19 07:42:31,2025-09-19,0,67,67,False,0,0,[],[],MEDIA,BAJO,0
DJUSIT,Dow Jones U.S. Industrial Transportation Index,1417.5,1243.5,1746.8,13.99276236429433,53.41002465078058,🟡,CERCA,251,2025-09-19 07:42:31,2025-09-19,0,67,67,False,0,0,[],[],MEDIA,BAJO,0
DJUSCC,Dow Jones U.S. Commodity Chemicals Index,744.75,647.09,855.73,15.092181922143746,56.27485089463221,🟡,CERCA,251,2025-09-19 07:42:31,2025-09-19,0,67,67,False,0,0,[],[],MEDIA,BAJO,0
DJUSRE,Dow Jones U.S. Real Estate Index,368.44,311.91,396.19,18.123817767945877,50.904825737265455,🟡,CERCA,251,2025-09-19 07:42:31,2025-09-19,0,66,66,False,0,0,[],[],MEDIA,BAJO,0
DJUSUT,Dow Jones U.S. Utilities Index,418.42,353.79,435.98,18.267899036151388,52.413587604290825,🟡,CERCA,251,2025-09-19 07:42:31,2025-09-19,0,66,66,False,0,0,[],[],MEDIA,BAJO,0
DJUSIL,Dow Jones U.S. Life Insurance Index,1262.93,1077.94,1380.29,17.161437556821344,51.037957675512224,🟡,CERCA,251,2025-09-19 07:42:31,2025-09-19,0,66,66,False,0,0,[],[],MEDIA,BAJO,0
DJUSGU,Dow Jones U.S. Gas Distribution Index,366.96,304.15,378.12,20.65099457504521,58.25765220316184,🟡,CERCA,251,2025-09-19 07:42:31,2025-09-19,0,65,65,False,0,0,[],[],MEDIA,BAJO,0
DJUSEN,Dow Jones U.S. Oil & Gas Index,750.5,623.85,813.7,20.30135449226576,50.87095627444012,🟡,CERCA,251,2025-09-19 07:42:31,2025-09-19,0,65,65,False,0,0,[],[],MEDIA,BAJO,0
DJUSOG,Dow Jones U.S. Oil & Gas Producers,853.16,707.01,914.32,20.67156051540996,52.058796676709576,🟡,CERCA,251,2025-09-19 07:42:31,2025-09-19,0,65,65,False,0,0,[],[],MEDIA,BAJO,0
DJUSTL,Dow Jones U.S. Telecommunications Index,190.87,155.76,199.75,22.541088854648187,54.26917510853831,🟡,CERCA,251,2025-09-19 07:42:31,2025-09-19,0,64,64,False,0,0,[],[],MEDIA,BAJO,0
DJUSMF,Dow Jones U.S. Mortgage Finance Index,13.6,9.98,13.76,36.27254509018035,27.358490566037744,🔴,FUERTE,251,2025-09-19 07:42:31,2025-09-19,0,64,64,False,0,0,[],[],MEDIA,BAJO,0
DJUSEH,Dow Jones U.S. Real Estate Holding & Development Index,69.22,50.8,72.61,36.25984251968504,18.598130841121545,🔴,FUERTE,251,2025-09-19 07:42:31,2025-09-19,0,64,64,False,0,0,[],[],MEDIA,BAJO,0
DJUSEU,Dow Jones U.S. Electricity Index,416.32,340.99,433.59,22.091556937153577,50.71102763616854,🟡,CERCA,251,2025-09-19 07:42:31,2025-09-19,0,64,64,False,0,0,[],[],MEDIA,BAJO,0
DJUSVE,Dow Jones U.S. Conventional Electricity Index,417.6,341.92,434.77,22.13383247543285,50.60176517785502,🟡,CERCA,251,2025-09-19 07:42:31,2025-09-19,0,64,64,False,0,0,[],[],MEDIA,BAJO,0
DJUSCP,Dow Jones U.S. Containers & Packaging Index,438.3,397.01,541.01,10.40024180751115,64.9360146252285,🟡,CERCA,251,2025-09-19 07:42:31,2025-09-19,0,63,63,False,0,0,[],[],MEDIA,MEDIO,0
DJUSIS,Dow Jones U.S. Support Services Index,849.12,764.29,981.89,11.099190097999456,67.00311526479754,🟡,CERCA,251,2025-09-19 07:42:31,2025-09-19,0,63,63,False,0,0,[],[],MEDIA,MEDIO,0
DJUSRU,Dow Jones U.S. Restaurants & Bars Index,2962.0,2686.2,3265.8,10.267292085473912,73.07117969138854,🟡,CERCA,251,2025-09-19 07:42:31,2025-09-19,0,63,63,False,0,0,[],[],MEDIA,ALTO,0
DJUSAM,Dow Jones U.S. Medical Equipment Index,2928.4,2589.3,3151.1,13.096203607152509,60.01308900523557,🟡,CERCA,251,2025-09-19 07:42:31,2025-09-19,0,62,62,False,0,0,[],[],MEDIA,MEDIO,0
DJUSWU,Dow Jones U.S. Water Index,2760.9,2432.7,3135.8,13.491182636576657,74.27710843373491,🟡,CERCA,251,2025-09-19 07:42:31,2025-09-19,0,62,62,False,0,0,[],[],MEDIA,ALTO,0
DJUSCM,Dow Jones U.S. Personal Products Index,398.74,345.1,483.97,15.543320776586492,75.38240057585021,🟡,CERCA,251,2025-09-19 07:42:31,2025-09-19,0,61,61,False,0,0,[],[],MEDIA,ALTO,0
DJUSWC,Dow Jones U.S. Mobile Telecommunications Index,415.22,360.57,458.56,15.156557672573989,61.05313092979126,🟡,CERCA,251,2025-09-19 07:42:31,2025-09-19,0,61,61,False,0,0,[],[],MEDIA,MEDIO,0
DJUSHI,Dow Jones U.S. Home Improvement Retailers Index,918.63,705.04,958.3,30.294735050493596,35.45060837286037,🔴,FUERTE,251,2025-09-19 07:42:31,2025-09-19,0,61,61,False,0,0,[],[],MEDIA,BAJO,0
DJUSGI,Dow Jones U.S. General Industrials Index,710.32,613.23,783.86,15.832558746310523,68.82898062342039,🟡,CERCA,251,2025-09-19 07:42:31,2025-09-19,0,61,61,False,0,0,[],[],MEDIA,MEDIO,0
DJUSMR,Dow Jones U.S. Mortgage REITs Index,31.73,24.64,32.68,28.774350649350648,39.26380368098158,🔴,FUERTE,251,2025-09-19 07:42:31,2025-09-19,0,61,61,False,0,0,[],[],MEDIA,BAJO,0
DJUSAV,Dow Jones U.S. Media Agencies Index,415.9,346.44,702.93,20.049647846668968,77.49654855039117,🟡,CERCA,251,2025-09-19 07:42:31,2025-09-19,0,59,59,False,0,0,[],[],BAJA,ALTO,0
DJUSID,Dow Jones U.S. Diversified Industrials Index,920.64,767.22,1017.95,19.99687182294517,66.93065481939348,🟡,CERCA,251,2025-09-19 07:42:31,2025-09-19,0,59,59,False,0,0,[],[],BAJA,MEDIO,0
DJUSFR,Dow Jones U.S. Forestry & Paper Index,840.92,703.58,952.75,19.52016828221381,60.163420640250806,🟡,CERCA,251,2025-09-19 07:42:31,2025-09-19,0,59,59,False,0,0,[],[],BAJA,MEDIO,0
DJUSPG,Sector PG,530.13,426.49,649.12,24.300687003212264,73.83015597920286,🟡,CERCA,251,2025-09-19 07:42:31,2025-09-19,0,57,57,False,0,0,[],[],BAJA,ALTO,0
DJUSDR,Dow Jones U.S. Food & Drug Retailers Index,1547.93,1238.08,1615.62,25.02665417420523,45.31208262843914,🔴,FUERTE,251,2025-09-19 07:42:31,2025-09-19,0,57,57,False,0,0,[],[],BAJA,BAJO,0
DJUSSV,Dow Jones U.S. Software & Computer Services Index,8588.7,5509.7,8622.9,55.88326043160247,17.22469264975156,🔴,FUERTE,251,2025-09-19 07:42:31,2025-09-19,0,57,57,False,0,0,[],[],BAJA,MEDIO,0
DJUSDT,Dow Jones U.S. Diversified REITs Index,57.99,45.49,59.32,27.47856671795999,43.33868378812196,🔴,FUERTE,251,2025-09-19 07:42:31,2025-09-19,0,56,56,False,0,0,[],[],BAJA,BAJO,0
DJUSBC,Dow Jones U.S. Broadcasting & Entertainment Index,1223.3,962.0,1294.9,27.16216216216216,45.39732494099137,🔴,FUERTE,251,2025-09-19 07:42:31,2025-09-19,0,56,56,False,0,0,[],[],BAJA,BAJO,0
DJUSFI,Dow Jones U.S. Financial Services Index,2503.2,1907.9,2531.4,31.20184496042768,49.03196758217025,🔴,FUERTE,251,2025-09-19 07:42:31,2025-09-19,0,55,55,False,0,0,[],[],BAJA,BAJO,0
DJUSRP,Dow Jones U.S. Recreational Products Index,396.57,305.34,496.77,29.8781685989389,43.65841940907998,🔴,FUERTE,251,2025-09-19 07:42:31,2025-09-19,0,55,55,False,0,0,[],[],BAJA,BAJO,0
DJUSRT,Dow Jones U.S. Retail Index,3200.0,2453.4,3267.5,30.43123828156843,47.3105497771174,🔴,FUERTE,251,2025-09-19 07:42:31,2025-09-19,0,55,55,False,0,0,[],[],BAJA,BAJO,0
DJUSOI,Dow Jones U.S. Oil Equipment & Services Index,256.61,198.86,294.15,29.04053102685306,49.29992630803244,🔴,FUERTE,251,2025-09-19 07:42:31,2025-09-19,0,55,55,False,0,0,[],[],BAJA,BAJO,0
DJUSFE,Dow Jones U.S. Industrial Machinery Index,1265.11,969.18,1325.15,30.534059720588537,49.418447389775565,🔴,FUERTE,251,2025-09-19 07:42:31,2025-09-19,0,55,55,False,0,0,[],[],BAJA,BAJO,0
DJUSPB,Dow Jones U.S. Publishing Index,854.31,663.16,874.35,28.82411484407986,48.44053757078863,🔴,FUERTE,251,2025-09-19 07:42:31,2025-09-19,0,55,55,False,0,0,[],[],BAJA,BAJO,0
DJUSGF,Dow Jones U.S. Financial Services Index,2805.8,2138.5,2837.4,31.204115033902276,49.017248295226615,🔴,FUERTE,251,2025-09-19 07:42:31,2025-09-19,0,55,55,False,0,0,[],[],BAJA,BAJO,0
DJUSIO,Dow Jones U.S. Industrial & Office REITs Index,104.22,79.12,119.07,31.72396359959554,41.89473684210525,🔴,FUERTE,251,2025-09-19 07:42:31,2025-09-19,0,54,54,False,0,0,[],[],BAJA,BAJO,0
DJUSRB,Dow Jones U.S. Broadline Retailers Index,4852.6,3641.4,5034.6,33.26193222386994,47.27793696275072,🔴,FUERTE,251,2025-09-19 07:42:31,2025-09-19,0,54,54,False,0,0,[],[],BAJA,BAJO,0
DJUSGT,Dow Jones U.S. General Retailers Index,3572.3,2720.3,3649.5,31.32007499172885,47.46835443037975,🔴,FUERTE,251,2025-09-19 07:42:31,2025-09-19,0,54,54,False,0,0,[],[],BAJA,BAJO,0
DJUSLE,Dow Jones U.S. Leisure Goods Index,1178.75,724.03,1193.92,62.8040274574258,24.24494649227105,🔴,FUERTE,251,2025-09-19 07:42:31,2025-09-19,0,54,54,False,0,0,[],[],BAJA,MEDIO,0
DJUSDN,Dow Jones U.S. Defense Index,788.51,598.11,798.38,31.83360920232064,46.20575884823041,🔴,FUERTE,251,2025-09-19 07:42:31,2025-09-19,0,54,54,False,0,0,[],[],BAJA,BAJO,0
DJUSIQ,Dow Jones U.S. Industrial Engineering Index,4519.8,3318.0,4525.0,36.22061482820977,44.36741767764299,🔴,FUERTE,251,2025-09-19 07:42:31,2025-09-19,0,53,53,False,0,0,[],[],BAJA,BAJO,0
DJUSSW,Dow Jones U.S. Software Index,8604.9,5758.2,8972.9,49.43732416380119,33.837455830388734,🔴,FUERTE,251,2025-09-19 07:42:31,2025-09-19,0,53,53,False,0,0,[],[],BAJA,MEDIO,0
DJUSRD,Dow Jones U.S. Drug Retailers Index,1137.65,838.78,1209.83,35.631512434726645,48.52411255079348,🔴,FUERTE,251,2025-09-19 07:42:31,2025-09-19,0,53,53,False,0,0,[],[],BAJA,BAJO,0
DJUSBK,Dow Jones U.S. Banks Index,790.88,521.55,791.2,51.64030294315024,36.192024003000334,🔴,FUERTE,251,2025-09-19 07:42:31,2025-09-19,0,52,52,False,0,0,[],[],BAJA,MEDIO,0
DJUSFC,Dow Jones U.S. Fixed Line Telecommunications Index,172.62,125.98,175.95,37.02174948404509,46.55408489274306,🔴,FUERTE,251,2025-09-19 07:42:31,2025-09-19,0,52,52,False,0,0,[],[],BAJA,BAJO,0
DJUSAG,Dow Jones U.S. Asset Managers Index,421.87,273.77,424.32,54.09650436497792,38.82106066386874,🔴,FUERTE,251,2025-09-19 07:42:31,2025-09-19,0,51,51,False,0,0,[],[],BAJA,MEDIO,0
DJUSOS,Dow Jones U.S. Exploration & Production Index,1027.64,821.29,1123.35,25.125108061707817,55.63297688858224,🔴,FUERTE,251,2025-09-19 07:42:31,2025-09-19,0,51,51,False,0,0,[],[],BAJA,BAJO,0
DJUSBD,Dow Jones U.S. Building Materials & Fixtures Index,2410.2,1876.9,2557.1,28.41387394107303,59.08077994428975,🔴,FUERTE,251,2025-09-19 07:42:31,2025-09-19,0,50,50,False,0,0,[],[],BAJA,BAJO,0
DJUSNS,Dow Jones U.S. Internet Index,6580.4,3842.4,6615.3,71.25754736622942,15.726444972288247,🔴,FUERTE,251,2025-09-19 07:42:31,2025-09-19,0,50,50,False,0,0,[],[],BAJA,MEDIO,0
DJUSHR,Dow Jones U.S. Commercial Vehicles & Trucks Index,5583.9,3916.0,5591.4,42.59193054136873,40.883903230166254,🔴,FUERTE,251,2025-09-19 07:42:31,2025-09-19,0,50,50,False,0,0,[],[],BAJA,MEDIO,0
DJUSBS,Dow Jones U.S. Basic Resources Index,435.96,274.91,448.31,58.58280891928265,38.34822906322414,🔴,FUERTE,251,2025-09-19 07:42:31,2025-09-19,0,50,50,False,0,0,[],[],BAJA,MEDIO,0
DJUSME,Dow Jones U.S. Media Index,836.46,662.35,936.97,26.286706424096025,50.87550971455981,🔴,FUERTE,251,2025-09-19 07:42:31,2025-09-19,0,50,50,False,0,0,[],[],BAJA,BAJO,0
DJUSES,Dow Jones U.S. Real Estate Services Index,387.09,268.15,392.49,44.35577102368078,42.97067171239362,🔴,FUERTE,251,2025-09-19 07:42:31,2025-09-19,0,49,49,False,0,0,[],[],BAJA,MEDIO,0
DJUSCR,Dow Jones U.S. Computer Hardware Index,12025.6,8364.8,12829.5,43.76434583014539,40.914388641661375,🔴,FUERTE,251,2025-09-19 07:42:31,2025-09-19,0,49,49,False,0,0,[],[],BAJA,MEDIO,0
DJUSHL,Dow Jones U.S. Hotel & Lodging REITs Index,93.65,65.02,103.03,44.03260535219934,40.236686390532505,🔴,FUERTE,251,2025-09-19 07:42:31,2025-09-19,0,49,49,False,0,0,[],[],BAJA,MEDIO,0
DJUSSB,Dow Jones U.S. Investment Services Index,3012.3,2060.8,3058.1,46.17138975155279,46.75729255168507,🔴,FUERTE,251,2025-09-19 07:42:31,2025-09-19,0,49,49,False,0,0,[],[],BAJA,MEDIO,0
DJUSRH,Dow Jones U.S. Real Estate Investment & Services,811.66,563.1,822.79,44.14136032676255,42.354643276969,🔴,FUERTE,251,2025-09-19 07:42:31,2025-09-19,0,49,49,False,0,0,[],[],BAJA,MEDIO,0
DJUSSF,Dow Jones U.S. Consumer Finance Index,796.57,613.95,809.9,29.74509324863588,53.25306528222688,🔴,FUERTE,251,2025-09-19 07:42:31,2025-09-19,0,49,49,False,0,0,[],[],BAJA,BAJO,0
DJUSTY,Dow Jones U.S. Toys Index,1933.14,1098.6,1960.64,75.96395412342984,29.15694199351061,🔴,FUERTE,251,2025-09-19 07:42:31,2025-09-19,0,49,49,False,0,0,[],[],BAJA,MEDIO,0
DJUSHB,Dow Jones U.S. Home Construction Index,2709.37,1872.38,3170.03,44.7019301637488,48.536961486657965,🔴,FUERTE,251,2025-09-19 07:42:31,2025-09-19,0,49,49,False,0,0,[],[],BAJA,MEDIO,0
DJUSIG,Dow Jones U.S. Industrial Goods & Services Index,1463.94,1094.74,1484.13,33.72490271662678,50.863396838265054,🔴,FUERTE,251,2025-09-19 07:42:31,2025-09-19,0,48,48,False,0,0,[],[],BAJA,BAJO,0
DJUSTC,Dow Jones U.S. Technology Index,8433.2,5115.5,8455.8,64.85583031961687,30.326869806094194,🔴,FUERTE,251,2025-09-19 07:42:31,2025-09-19,0,47,47,False,0,0,[],[],BAJA,MEDIO,0
DJUSAE,Dow Jones U.S. Aerospace & Defense Index,2786.1,1861.2,2795.3,49.69374597034171,46.9093667045886,🔴,FUERTE,251,2025-09-19 07:42:31,2025-09-19,0,47,47,False,0,0,[],[],BAJA,MEDIO,0
DJUSTB,Dow Jones U.S. Tobacco Index,1113.15,824.94,1210.02,34.937086333551534,59.52071774288751,🔴,FUERTE,251,2025-09-19 07:42:31,2025-09-19,0,47,47,False,0,0,[],[],BAJA,BAJO,0
DJUSFH,Dow Jones U.S. Furnishings Index,490.55,319.67,507.6,53.45512559827321,45.68380213385064,🔴,FUERTE,251,2025-09-19 07:42:31,2025-09-19,0,46,46,False,0,0,[],[],BAJA,MEDIO,0
DJUSCN,Dow Jones U.S. Construction & Materials Index,2042.93,1484.39,2099.78,37.62757765816261,55.20114655201143,🔴,FUERTE,251,2025-09-19 07:42:31,2025-09-19,0,46,46,False,0,0,[],[],BAJA,BAJO,0
DJUSCT,Dow Jones U.S. Telecommunications Equipment Index,2604.35,1708.47,2649.42,52.43756109267356,41.085366452309664,🔴,FUERTE,251,2025-09-19 07:42:31,2025-09-19,0,46,46,False,0,0,[],[],BAJA,MEDIO,0
DJUSAT,Dow Jones U.S. Auto Parts Index,442.82,288.25,446.75,53.62359063313096,40.79880552444938,🔴,FUERTE,251,2025-09-19 07:42:31,2025-09-19,0,46,46,False,0,0,[],[],BAJA,MEDIO,0
DJUSAL,Dow Jones U.S. Aluminum Index,111.78,73.62,163.19,51.83374083129584,44.489139179404674,🔴,FUERTE,251,2025-09-19 07:42:31,2025-09-19,0,46,46,False,0,0,[],[],BAJA,MEDIO,0
DJUSAI,Dow Jones U.S. Electronic Equipment Index,1694.14,913.78,1697.83,85.39911138348401,25.16426282051286,🔴,FUERTE,251,2025-09-19 07:42:31,2025-09-19,0,45,45,False,0,0,[],[],BAJA,MEDIO,0
DJUSAP,Dow Jones U.S. Automobiles & Parts Index,1556.07,845.49,1748.7,84.0435723663201,22.576719324201772,🔴,FUERTE,251,2025-09-19 07:42:31,2025-09-19,0,45,45,False,0,0,[],[],BAJA,MEDIO,0
DJUSCX,Dow Jones U.S. Specialty Chemicals Index,1079.47,863.05,1218.81,25.07618330340074,62.98843388558927,🔴,FUERTE,251,2025-09-19 07:42:31,2025-09-19,0,45,45,False,0,0,[],[],BAJA,MEDIO,0
DJUSST,Dow Jones U.S. Iron & Steel Index,582.42,416.26,642.02,39.91735934271849,58.18523742360134,🔴,FUERTE,251,2025-09-19 07:42:31,2025-09-19,0,45,45,False,0,0,[],[],BAJA,BAJO,0
DJUSDS,Dow Jones U.S. Industrial Suppliers Index,959.92,683.22,994.97,40.49939990047128,58.466998839669685,🔴,FUERTE,251,2025-09-19 07:42:31,2025-09-19,0,45,45,False,0,0,[],[],BAJA,MEDIO,0
DJUSAU,Dow Jones U.S. Automobiles Index,1414.25,758.25,1613.6,86.5150016485328,22.746085568963835,🔴,FUERTE,251,2025-09-19 07:42:31,2025-09-19,0,44,44,False,0,0,[],[],BAJA,MEDIO,0
DJUSTT,Dow Jones U.S. Travel & Tourism Index,1377.81,957.74,1425.35,43.86054670369828,56.917860658427216,🔴,FUERTE,251,2025-09-19 07:42:31,2025-09-19,0,43,43,False,0,0,[],[],BAJA,MEDIO,0
DJUSAS,Dow Jones U.S. Aerospace Index,2995.1,1883.9,3039.2,58.984022506502455,47.40239778665844,🔴,FUERTE,251,2025-09-19 07:42:31,2025-09-19,0,43,43,False,0,0,[],[],BAJA,MEDIO,0
DJUSTR,Dow Jones U.S. Tires Index,9295.7,5326.7,9322.2,74.51142358308148,39.74177426072467,🔴,FUERTE,251,2025-09-19 07:42:31,2025-09-19,0,43,43,False,0,0,[],[],BAJA,MEDIO,0
DJUSLG,Dow Jones U.S. Hotels Index,4190.8,3245.4,4663.6,29.13046157638504,60.18018018018015,🔴,FUERTE,251,2025-09-19 07:42:31,2025-09-19,0,43,43,False,0,0,[],[],BAJA,MEDIO,0
DJUSTQ,Dow Jones U.S. Technology Hardware & Equipment Index,9295.7,5326.7,9322.2,74.51142358308148,39.74177426072467,🔴,FUERTE,251,2025-09-19 07:42:31,2025-09-19,0,43,43,False,0,0,[],[],BAJA,MEDIO,0
DJUSFT,Dow Jones U.S. Footwear Index,1563.5,1186.7,2012.4,31.751917080980867,80.49340218014916,🔴,FUERTE,251,2025-09-19 07:42:31,2025-09-19,0,42,42,False,0,0,[],[],BAJA,ALTO,0
DJUSNF,Dow Jones U.S. Nonferrous Metals Index,601.02,372.55,702.28,61.32599651053548,47.25540491022352,🔴,FUERTE,251,2025-09-19 07:42:31,2025-09-19,0,42,42,False,0,0,[],[],BAJA,MEDIO,0
DJUSIM,Dow Jones U.S. Industrial Metals & Mining Index,516.79,350.58,568.14,47.41000627531518,52.59455719557195,🔴,FUERTE,251,2025-09-19 07:42:31,2025-09-19,0,42,42,False,0,0,[],[],BAJA,MEDIO,0
DJUSCH,Dow Jones U.S. Chemicals Index,1974.56,1497.87,2050.51,31.824524157637185,75.48701298701309,🔴,FUERTE,251,2025-09-19 07:42:31,2025-09-19,0,42,42,False,0,0,[],[],BAJA,ALTO,0
DJUSRS,Dow Jones U.S. Specialty Retailers Index,4752.1,3170.2,4908.8,49.89905999621477,54.964539007092185,🔴,FUERTE,251,2025-09-19 07:42:31,2025-09-19,0,41,41,False,0,0,[],[],BAJA,MEDIO,0
DJUSMG,Dow Jones U.S. Mining Index,180.46,84.25,184.75,114.1958456973294,21.84966838614592,🔴,FUERTE,251,2025-09-19 07:42:31,2025-09-19,0,39,39,False,0,0,[],[],BAJA,MEDIO,0
DJUSPM,Dow Jones U.S. Gold Mining Index,203.15,94.85,207.98,114.18028465998948,21.86579378068741,🔴,FUERTE,251,2025-09-19 07:42:31,2025-09-19,0,39,39,False,0,0,[],[],BAJA,MEDIO,0
DJUSCA,Dow Jones U.S. Gambling Index,727.68,513.6,786.57,41.68224299065419,82.71719038817014,🔴,FUERTE,251,2025-09-19 07:42:31,2025-09-19,0,38,38,False,0,0,[],[],BAJA,ALTO,0
DJUSHD,Dow Jones U.S. Durable Household Products Index,137.38,94.51,179.28,45.36027933552004,63.03543098889481,🔴,FUERTE,251,2025-09-19 07:42:31,2025-09-19,0,37,37,False,0,0,[],[],BAJA,ALTO,0
DJUSEC,Dow Jones U.S. Electrical Components & Equipment Index,1017.76,562.61,1055.56,80.89973516290148,46.47502524202649,🔴,FUERTE,251,2025-09-19 07:42:31,2025-09-19,0,35,35,False,0,0,[],[],BAJA,MEDIO,0
DJUSAR,Dow Jones U.S. Airlines Index,232.27,137.83,259.72,68.51919030689979,59.167184586699776,🔴,FUERTE,251,2025-09-19 07:42:31,2025-09-19,0,34,34,False,0,0,[],[],BAJA,MEDIO,0
DJUSHV,Dow Jones U.S. Heavy Construction Index,2076.39,1138.85,2114.89,82.32339640865786,42.97312209348153,🔴,FUERTE,251,2025-09-19 07:42:31,2025-09-19,0,34,34,False,0,0,[],[],BAJA,MEDIO,0
DJUSEE,Dow Jones U.S. Electronic & Electrical Equipment Index,1174.14,643.85,1178.34,82.36235147938186,40.07480485689504,🔴,FUERTE,251,2025-09-19 07:42:31,2025-09-19,0,34,34,False,0,0,[],[],BAJA,MEDIO,0
DJUSSC,Dow Jones U.S. Semiconductors Index,26188.4,12938.1,26484.1,102.4130281880647,42.98560391776078,🔴,FUERTE,251,2025-09-19 07:42:31,2025-09-19,0,27,27,False,0,0,[],[],BAJA,MEDIO,0
DJUSRQ,Dow Jones U.S. Recreational Services Index,200.85,110.98,215.97,80.97855469453954,69.24882629107984,🔴,FUERTE,251,2025-09-19 07:42:31,2025-09-19,0,23,23,False,0,0,[],[],BAJA,ALTO,0
