Ticker,Sector,CurrentPrice,Min52w,Max52w,DistanceFromMin,RSI,Estado,Classification,DataPoints,AnalysisDate,FileDate,DaysAgo,BaseScore,FinalScore,InsiderActivity,InsiderTrades,InsiderValue,InsiderTickers,Signals,Urgency,RiskLevel,MappingCoverage
DJUSSP,Dow Jones U.S. Specialty Finance Index,745.45,682.16,803.35,9.277882021813076,39.45020746887968,🟢,OPORTUNIDAD,251,2026-02-11 08:10:58,2026-02-11,0,90,90,False,0,0,[],[],CRÍTICA,BAJO,0
DJUSIP,Dow Jones U.S. Property & Casualty Insurance Index,1957.17,1792.93,2065.57,9.160424556452288,31.945885200553263,🟢,OPORTUNIDAD,252,2026-02-11 08:10:58,2026-02-11,0,90,90,False,0,0,[],[],CRÍTICA,BAJO,0
DJUSIR,Dow Jones U.S. Insurance Index,1294.75,1239.53,1458.0,4.454914362701994,45.83948161929813,🟢,OPORTUNIDAD,252,2026-02-11 08:10:58,2026-02-11,0,86,86,False,0,0,[],[],CRÍTICA,BAJO,0
DJUSIX,Dow Jones U.S. Nonlife Insurance Index,1269.73,1215.03,1458.15,4.501946453997024,46.28118442527396,🟢,OPORTUNIDAD,251,2026-02-11 08:10:58,2026-02-11,0,86,86,False,0,0,[],[],CRÍTICA,BAJO,0
DJUSFD,Dow Jones U.S. Food Retailers & Wholesalers Index,1273.48,1099.62,1346.72,15.810916498426742,28.34842546290035,🟡,CERCA,252,2026-02-11 08:10:58,2026-02-11,0,85,85,False,0,0,[],[],ALTA,BAJO,0
DJUSFB,Dow Jones U.S. Food & Beverage Index,771.86,667.95,783.07,15.556553634254056,22.72210156169201,🟡,CERCA,252,2026-02-11 08:10:58,2026-02-11,0,85,85,False,0,0,[],[],ALTA,BAJO,0
DJUSHG,Dow Jones U.S. Household Goods & Home Construction Index,1096.35,943.49,1158.74,16.20154956597313,22.64942079454194,🟡,CERCA,252,2026-02-11 08:10:58,2026-02-11,0,85,85,False,0,0,[],[],ALTA,BAJO,0
DJUSFP,Dow Jones U.S. Food Products Index,546.04,470.3,625.15,16.104614076121614,17.47513389441471,🟡,CERCA,251,2026-02-11 08:10:58,2026-02-11,0,85,85,False,0,0,[],[],ALTA,BAJO,0
DJUSRN,Dow Jones U.S. Residential REITs Index,221.19,206.56,263.03,7.082687838884583,43.262001156738,🟢,OPORTUNIDAD,251,2026-02-11 08:10:58,2026-02-11,0,85,85,False,0,0,[],[],CRÍTICA,BAJO,0
DJUSHN,Dow Jones U.S. Nondurable Household Products Index,1238.54,1067.39,1420.24,16.034439145954135,20.225444724945703,🟡,CERCA,252,2026-02-11 08:10:58,2026-02-11,0,85,85,False,0,0,[],[],ALTA,BAJO,0
DJUSTL,Dow Jones U.S. Telecommunications Index,185.63,157.97,199.75,17.50965373172121,13.53591160220995,🟡,CERCA,251,2026-02-11 08:10:58,2026-02-11,0,84,84,False,0,0,[],[],ALTA,BAJO,0
DJUSFO,Dow Jones U.S. Food Producers Index,399.78,341.8,428.42,16.96313633703919,16.77327647476909,🟡,CERCA,251,2026-02-11 08:10:58,2026-02-11,0,84,84,False,0,0,[],[],ALTA,BAJO,0
DJUSNG,Dow Jones U.S. Personal & Household Goods Index,1062.51,909.61,1081.16,16.80940183155418,16.318555450747795,🟡,CERCA,252,2026-02-11 08:10:58,2026-02-11,0,84,84,False,0,0,[],[],ALTA,BAJO,0
DJUSWC,Dow Jones U.S. Mobile Telecommunications Index,410.62,349.48,458.56,17.49456335126473,15.135199808566668,🟡,CERCA,252,2026-02-11 08:10:58,2026-02-11,0,84,84,False,0,0,[],[],ALTA,BAJO,0
DJUSSD,Dow Jones U.S. Soft Drinks Index,1027.72,874.51,1054.26,17.519525219837398,26.445739734101764,🟡,CERCA,252,2026-02-11 08:10:58,2026-02-11,0,84,84,False,0,0,[],[],ALTA,BAJO,0
DJUSBV,Dow Jones U.S. Beverages Index,1053.97,895.65,1079.26,17.676547758611072,26.429470615517133,🟡,CERCA,252,2026-02-11 08:10:58,2026-02-11,0,84,84,False,0,0,[],[],ALTA,BAJO,0
DJUSMU,Dow Jones U.S. Multiutilities Index,297.9,249.55,299.75,19.374874774594257,29.9300123507616,🟡,CERCA,251,2026-02-11 08:10:58,2026-02-11,0,83,83,False,0,0,[],[],ALTA,BAJO,0
DJUSFC,Dow Jones U.S. Fixed Line Telecommunications Index,163.99,137.34,175.95,19.40439784476482,14.377094121230511,🟡,CERCA,252,2026-02-11 08:10:58,2026-02-11,0,83,83,False,0,0,[],[],ALTA,BAJO,0
DJUSIU,Dow Jones U.S. Reinsurance Index,568.22,467.58,585.91,21.523589546173927,27.94185509921546,🟡,CERCA,252,2026-02-11 08:10:58,2026-02-11,0,82,82,False,0,0,[],[],ALTA,BAJO,0
DJUSCP,Dow Jones U.S. Containers & Packaging Index,485.6,388.62,497.5,24.9549688641861,23.321807559318003,🟡,CERCA,252,2026-02-11 08:10:58,2026-02-11,0,81,81,False,0,0,[],[],ALTA,BAJO,0
DJUSTB,Dow Jones U.S. Tobacco Index,1216.52,978.74,1241.46,24.294501093242328,24.01603948180137,🟡,CERCA,251,2026-02-11 08:10:58,2026-02-11,0,81,81,False,0,0,[],[],ALTA,BAJO,0
DJUSPC,Dow Jones U.S. Waste & Disposal Services Index,675.2,589.23,708.03,14.59022792457954,36.60046978432616,🟡,CERCA,252,2026-02-11 08:10:58,2026-02-11,0,79,79,False,0,0,[],[],ALTA,BAJO,0
DJUSSR,Dow Jones U.S. Specialty REITs Index,267.45,229.18,273.52,16.698664804956795,33.181339880743664,🟡,CERCA,252,2026-02-11 08:10:58,2026-02-11,0,78,78,False,0,0,[],[],ALTA,BAJO,0
DJUSRI,Dow Jones U.S. Real Estate Investment Trusts Index,153.64,126.8,155.77,21.167192429022077,33.63691560412873,🟡,CERCA,251,2026-02-11 08:10:58,2026-02-11,0,77,77,False,0,0,[],[],ALTA,BAJO,0
DJUSRE,Dow Jones U.S. Real Estate Index,377.15,311.91,382.25,20.916289955435847,36.61216831948541,🟡,CERCA,252,2026-02-11 08:10:58,2026-02-11,0,77,77,False,0,0,[],[],ALTA,BAJO,0
DJUSBE,Dow Jones U.S. Business Training & Employment Agencies Index,84.5,84.36,133.59,0.1659554291133245,78.62637362637362,🟢,OPORTUNIDAD,252,2026-02-11 08:10:58,2026-02-11,0,76,76,False,0,0,[],[],ALTA,MEDIO,0
DJUSCC,Dow Jones U.S. Commodity Chemicals Index,746.63,608.9,794.88,22.61947774675645,30.583049798948323,🟡,CERCA,251,2026-02-11 08:10:58,2026-02-11,0,76,76,False,0,0,[],[],ALTA,BAJO,0
DJUSGU,Dow Jones U.S. Gas Distribution Index,395.8,324.1,398.98,22.12280160444307,33.99071925754056,🟡,CERCA,252,2026-02-11 08:10:58,2026-02-11,0,76,76,False,0,0,[],[],ALTA,BAJO,0
DJUSIB,Dow Jones U.S. Insurance Brokers Index,622.85,616.66,891.38,1.0037946356176914,65.80121452472424,🟢,OPORTUNIDAD,252,2026-02-11 08:10:58,2026-02-11,0,76,76,False,0,0,[],[],ALTA,MEDIO,0
DJUSFA,Dow Jones U.S. Financial Administration Index,417.41,407.28,676.84,2.487232370850533,79.99111703308905,🟢,OPORTUNIDAD,252,2026-02-11 08:10:58,2026-02-11,0,75,75,False,0,0,[],[],ALTA,MEDIO,0
DJUSIS,Dow Jones U.S. Support Services Index,769.12,747.57,941.7,2.8826731944834534,68.34419602343048,🟢,OPORTUNIDAD,251,2026-02-11 08:10:58,2026-02-11,0,75,75,False,0,0,[],[],ALTA,MEDIO,0
DJUSCS,Dow Jones U.S. Specialized Consumer Services Index,2343.5,2282.1,3402.3,2.690504360019285,63.5277905374369,🟢,OPORTUNIDAD,252,2026-02-11 08:10:58,2026-02-11,0,75,75,False,0,0,[],[],ALTA,MEDIO,0
DJUSUT,Dow Jones U.S. Utilities Index,437.9,353.79,466.02,23.773990220187105,38.37237382274813,🟡,CERCA,252,2026-02-11 08:10:58,2026-02-11,0,75,75,False,0,0,[],[],ALTA,BAJO,0
DJUSIV,Dow Jones U.S. Business Support Services Index,1086.01,1043.91,1377.12,4.032914714870048,72.12309542902963,🟢,OPORTUNIDAD,252,2026-02-11 08:10:58,2026-02-11,0,74,74,False,0,0,[],[],MEDIA,MEDIO,0
DJUSCA,Dow Jones U.S. Gambling Index,542.5,513.6,786.57,5.626947040498438,71.36052654369104,🟢,OPORTUNIDAD,252,2026-02-11 08:10:58,2026-02-11,0,74,74,False,0,0,[],[],MEDIA,MEDIO,0
DJUSRU,Dow Jones U.S. Restaurants & Bars Index,3004.9,2686.2,3265.8,11.864343682525512,45.143884892086334,🟡,CERCA,252,2026-02-11 08:10:58,2026-02-11,0,74,74,False,0,0,[],[],MEDIA,BAJO,0
DJUSWU,Dow Jones U.S. Water Index,2619.2,2512.1,3135.8,4.263365311890447,64.15272213056804,🟢,OPORTUNIDAD,251,2026-02-11 08:10:58,2026-02-11,0,74,74,False,0,0,[],[],MEDIA,MEDIO,0
DJUSMC,Dow Jones U.S. Health Care Equipment & Services Index,2182.5,2083.0,2522.5,4.776764282285165,76.38244737780953,🟢,OPORTUNIDAD,252,2026-02-11 08:10:58,2026-02-11,0,74,74,False,0,0,[],[],MEDIA,MEDIO,0
DJUSAM,Dow Jones U.S. Medical Equipment Index,2811.4,2589.3,3151.1,8.577607847680836,72.24631396357324,🟢,OPORTUNIDAD,252,2026-02-11 08:10:58,2026-02-11,0,73,73,False,0,0,[],[],MEDIA,MEDIO,0
DJUSAV,Dow Jones U.S. Media Agencies Index,304.65,284.33,647.18,7.1466254000633045,74.03601487570955,🟢,OPORTUNIDAD,252,2026-02-11 08:10:58,2026-02-11,0,73,73,False,0,0,[],[],MEDIA,MEDIO,0
DJUSRP,Dow Jones U.S. Recreational Products Index,324.98,274.92,417.23,18.20893350792958,49.318439984854194,🟡,CERCA,251,2026-02-11 08:10:58,2026-02-11,0,72,72,False,0,0,[],[],MEDIA,BAJO,0
DJUSDB,Dow Jones U.S. Brewers Index,531.16,438.36,659.78,21.169814764120805,41.5406916545869,🟡,CERCA,252,2026-02-11 08:10:58,2026-02-11,0,71,71,False,0,0,[],[],MEDIA,BAJO,0
DJUSIL,Dow Jones U.S. Life Insurance Index,1289.51,1077.94,1349.12,19.627251980629712,46.34720229555235,🟡,CERCA,252,2026-02-11 08:10:58,2026-02-11,0,71,71,False,0,0,[],[],MEDIA,BAJO,0
DJUSSF,Dow Jones U.S. Consumer Finance Index,765.24,619.26,837.68,23.5732971611278,49.10344827586206,🟡,CERCA,251,2026-02-11 08:10:58,2026-02-11,0,70,70,False,0,0,[],[],MEDIA,BAJO,0
DJUSPL,Dow Jones U.S. Pipelines Index,1171.66,925.07,1188.14,26.65636114023804,21.10150683331389,🔴,FUERTE,252,2026-02-11 08:10:58,2026-02-11,0,68,68,False,0,0,[],[],MEDIA,BAJO,0
DJUSFR,Dow Jones U.S. Forestry & Paper Index,904.17,703.58,908.96,28.5099064782967,24.97902332606137,🔴,FUERTE,252,2026-02-11 08:10:58,2026-02-11,0,68,68,False,0,0,[],[],MEDIA,BAJO,0
DJUSRL,Dow Jones U.S. Retail REITs Index,108.54,83.32,108.97,30.268843014882403,28.04578904333607,🔴,FUERTE,252,2026-02-11 08:10:58,2026-02-11,0,67,67,False,0,0,[],[],MEDIA,BAJO,0
DJUSGI,Dow Jones U.S. General Industrials Index,818.7,613.23,819.69,33.5061885426349,19.231664726426104,🔴,FUERTE,252,2026-02-11 08:10:58,2026-02-11,0,66,66,False,0,0,[],[],MEDIA,BAJO,0
DJUSEH,Dow Jones U.S. Real Estate Holding & Development Index,68.56,50.8,69.58,34.96062992125986,17.632552404439025,🔴,FUERTE,155,2026-02-11 08:10:58,2026-02-11,0,65,65,False,0,0,[],[],MEDIA,BAJO,0
DJUSFT,Dow Jones U.S. Footwear Index,1409.4,1186.7,1821.0,18.766326788573355,52.2886735716672,🟡,CERCA,252,2026-02-11 08:10:58,2026-02-11,0,65,65,False,0,0,[],[],MEDIA,BAJO,0
DJUSME,Dow Jones U.S. Media Index,795.47,662.35,903.98,20.098135426889108,58.64765409383622,🟡,CERCA,252,2026-02-11 08:10:58,2026-02-11,0,65,65,False,0,0,[],[],MEDIA,BAJO,0
DJUSMS,Dow Jones U.S. Medical Supplies Index,2065.35,1493.05,2110.32,38.33093332440306,27.10801225602549,🔴,FUERTE,251,2026-02-11 08:10:58,2026-02-11,0,64,64,False,0,0,[],[],MEDIA,BAJO,0
DJUSOS,Dow Jones U.S. Exploration & Production Index,1159.86,821.29,1170.35,41.22417172983964,27.394438722966072,🔴,FUERTE,252,2026-02-11 08:10:58,2026-02-11,0,63,63,False,0,0,[],[],MEDIA,MEDIO,0
DJUSRS,Dow Jones U.S. Specialty Retailers Index,3778.3,3427.2,4908.8,10.24451447245566,65.82197614991475,🟡,CERCA,252,2026-02-11 08:10:58,2026-02-11,0,63,63,False,0,0,[],[],MEDIA,MEDIO,0
DJUSRR,Dow Jones U.S. Railroads Index,3900.5,2788.9,3911.5,39.858008533830535,11.001281347245095,🔴,FUERTE,251,2026-02-11 08:10:58,2026-02-11,0,63,63,False,0,0,[],[],MEDIA,BAJO,0
DJUSBC,Dow Jones U.S. Broadcasting & Entertainment Index,1202.2,962.0,1294.9,24.96881496881497,53.279515640766896,🟡,CERCA,252,2026-02-11 08:10:58,2026-02-11,0,63,63,False,0,0,[],[],MEDIA,BAJO,0
DJUSPG,Sector PG,531.87,426.49,617.01,24.70866843302305,51.551653736218846,🟡,CERCA,251,2026-02-11 08:10:58,2026-02-11,0,63,63,False,0,0,[],[],MEDIA,BAJO,0
DJUSHP,Dow Jones U.S. Health Care Providers Index,2375.4,2106.6,3374.9,12.759897465109663,79.43276882268928,🟡,CERCA,252,2026-02-11 08:10:58,2026-02-11,0,62,62,False,0,0,[],[],MEDIA,ALTO,0
DJUSBD,Dow Jones U.S. Building Materials & Fixtures Index,2695.6,1876.9,2702.4,43.61979860408118,16.17418351477444,🔴,FUERTE,252,2026-02-11 08:10:58,2026-02-11,0,62,62,False,0,0,[],[],MEDIA,MEDIO,0
DJUSID,Dow Jones U.S. Diversified Industrials Index,1088.9,767.22,1091.63,41.92799979145487,20.78326180257514,🔴,FUERTE,252,2026-02-11 08:10:58,2026-02-11,0,62,62,False,0,0,[],[],MEDIA,MEDIO,0
DJUSEN,Dow Jones U.S. Oil & Gas Index,901.68,623.85,903.97,44.53474392882904,20.28029067180782,🔴,FUERTE,251,2026-02-11 08:10:58,2026-02-11,0,61,61,False,0,0,[],[],MEDIA,MEDIO,0
DJUSCM,Dow Jones U.S. Personal Products Index,390.31,341.42,452.45,14.319606349950204,61.678832116788335,🟡,CERCA,252,2026-02-11 08:10:58,2026-02-11,0,61,61,False,0,0,[],[],MEDIA,MEDIO,0
DJUSOG,Dow Jones U.S. Oil & Gas Producers,1023.61,707.01,1025.89,44.78013040833935,21.4498510427011,🔴,FUERTE,252,2026-02-11 08:10:58,2026-02-11,0,61,61,False,0,0,[],[],MEDIA,MEDIO,0
DJUSSW,Dow Jones U.S. Software Index,6570.0,5758.2,9040.0,14.09815567364802,64.48675117843578,🟡,CERCA,252,2026-02-11 08:10:58,2026-02-11,0,61,61,False,0,0,[],[],MEDIA,MEDIO,0
DJUSCX,Dow Jones U.S. Specialty Chemicals Index,1253.74,863.05,1259.0,45.26852441921095,27.0443461494839,🔴,FUERTE,252,2026-02-11 08:10:58,2026-02-11,0,61,61,False,0,0,[],[],MEDIA,MEDIO,0
DJUSDR,Dow Jones U.S. Food & Drug Retailers Index,1733.0,1341.74,1773.19,29.160642151236456,35.72387558737975,🔴,FUERTE,252,2026-02-11 08:10:58,2026-02-11,0,61,61,False,0,0,[],[],MEDIA,BAJO,0
DJUSOL,Dow Jones U.S. Integrated Oil & Gas Index,948.15,645.42,949.99,46.904341359115,18.24655095683136,🔴,FUERTE,252,2026-02-11 08:10:58,2026-02-11,0,60,60,False,0,0,[],[],MEDIA,MEDIO,0
DJUSIT,Dow Jones U.S. Industrial Transportation Index,1848.4,1243.5,1855.2,48.64495375954967,13.180623357116076,🔴,FUERTE,251,2026-02-11 08:10:58,2026-02-11,0,60,60,False,0,0,[],[],MEDIA,MEDIO,0
DJUSDT,Dow Jones U.S. Diversified REITs Index,62.41,46.63,62.49,33.84087497319321,37.85310734463275,🔴,FUERTE,252,2026-02-11 08:10:58,2026-02-11,0,59,59,False,0,0,[],[],BAJA,BAJO,0
DJUSES,Dow Jones U.S. Real Estate Services Index,318.9,268.15,392.49,18.92597426813351,73.08537616229923,🟡,CERCA,252,2026-02-11 08:10:58,2026-02-11,0,59,59,False,0,0,[],[],BAJA,ALTO,0
DJUSTT,Dow Jones U.S. Travel & Tourism Index,1143.05,957.74,1432.9,19.34867500574268,80.93410338271691,🟡,CERCA,251,2026-02-11 08:10:58,2026-02-11,0,59,59,False,0,0,[],[],BAJA,ALTO,0
DJUSRH,Dow Jones U.S. Real Estate Investment & Services,668.79,563.1,822.79,18.769312733084696,73.09677419354844,🟡,CERCA,252,2026-02-11 08:10:58,2026-02-11,0,59,59,False,0,0,[],[],BAJA,ALTO,0
DJUSFE,Dow Jones U.S. Industrial Machinery Index,1485.51,969.18,1490.55,53.27493344889495,28.54706497221765,🔴,FUERTE,251,2026-02-11 08:10:58,2026-02-11,0,58,58,False,0,0,[],[],BAJA,MEDIO,0
DJUSHC,Dow Jones U.S. Health Care Index,1639.68,1344.15,1708.01,21.98638544805267,60.276413108027846,🟡,CERCA,252,2026-02-11 08:10:58,2026-02-11,0,58,58,False,0,0,[],[],BAJA,MEDIO,0
DJUSGT,Dow Jones U.S. General Retailers Index,3360.6,2720.3,3649.5,23.537845090614997,69.36081519221871,🟡,CERCA,252,2026-02-11 08:10:58,2026-02-11,0,58,58,False,0,0,[],[],BAJA,MEDIO,0
DJUSPB,Dow Jones U.S. Publishing Index,806.89,663.16,885.56,21.6735026238012,62.39389247771077,🟡,CERCA,252,2026-02-11 08:10:58,2026-02-11,0,58,58,False,0,0,[],[],BAJA,MEDIO,0
DJUSDV,Dow Jones U.S. Computer Services Index,282.49,231.08,313.36,22.247706422018343,60.20766100743651,🟡,CERCA,252,2026-02-11 08:10:58,2026-02-11,0,58,58,False,0,0,[],[],BAJA,MEDIO,0
DJUSRT,Dow Jones U.S. Retail Index,3037.3,2453.4,3267.5,23.799625010189946,68.33966359196961,🟡,CERCA,251,2026-02-11 08:10:58,2026-02-11,0,57,57,False,0,0,[],[],BAJA,MEDIO,0
DJUSCN,Dow Jones U.S. Construction & Materials Index,2352.79,1484.39,2364.4,58.50214566252803,13.859965291683396,🔴,FUERTE,252,2026-02-11 08:10:58,2026-02-11,0,56,56,False,0,0,[],[],BAJA,MEDIO,0
DJUSEU,Dow Jones U.S. Electricity Index,433.21,340.99,471.47,27.044781371887726,40.57155228404419,🔴,FUERTE,252,2026-02-11 08:10:58,2026-02-11,0,56,56,False,0,0,[],[],BAJA,BAJO,0
DJUSHI,Dow Jones U.S. Home Improvement Retailers Index,891.89,705.04,940.02,26.502042437308525,45.982353867969145,🔴,FUERTE,252,2026-02-11 08:10:58,2026-02-11,0,56,56,False,0,0,[],[],BAJA,BAJO,0
DJUSVN,Dow Jones U.S. Distillers & Vintners Index,329.26,260.67,391.98,26.31296274983695,43.07412910681856,🔴,FUERTE,252,2026-02-11 08:10:58,2026-02-11,0,56,56,False,0,0,[],[],BAJA,BAJO,0
DJUSTK,Dow Jones U.S. Trucking Index,1962.18,1244.48,2021.53,57.67067369503729,27.47302250342979,🔴,FUERTE,252,2026-02-11 08:10:58,2026-02-11,0,56,56,False,0,0,[],[],BAJA,MEDIO,0
DJUSVE,Dow Jones U.S. Conventional Electricity Index,434.05,341.92,472.89,26.944899391670564,40.709495998269496,🔴,FUERTE,252,2026-02-11 08:10:58,2026-02-11,0,56,56,False,0,0,[],[],BAJA,BAJO,0
DJUSHB,Dow Jones U.S. Home Construction Index,2723.57,1872.38,2900.07,45.46032322498638,38.91751051104401,🔴,FUERTE,252,2026-02-11 08:10:58,2026-02-11,0,55,55,False,0,0,[],[],BAJA,MEDIO,0
DJUSAF,Dow Jones U.S. Delivery Services Index,1476.2,916.9,1484.6,60.99901843167195,16.89595872742899,🔴,FUERTE,251,2026-02-11 08:10:58,2026-02-11,0,55,55,False,0,0,[],[],BAJA,MEDIO,0
DJUSIO,Dow Jones U.S. Industrial & Office REITs Index,116.38,79.12,116.79,47.09302325581394,35.195530726257005,🔴,FUERTE,252,2026-02-11 08:10:58,2026-02-11,0,54,54,False,0,0,[],[],BAJA,MEDIO,0
DJUSLG,Dow Jones U.S. Hotels Index,5290.6,3245.4,5326.7,63.01842607999014,19.270224646149828,🔴,FUERTE,252,2026-02-11 08:10:58,2026-02-11,0,54,54,False,0,0,[],[],BAJA,MEDIO,0
DJUSHL,Dow Jones U.S. Hotel & Lodging REITs Index,106.05,65.02,106.15,63.10366041218087,28.653846153846203,🔴,FUERTE,252,2026-02-11 08:10:58,2026-02-11,0,54,54,False,0,0,[],[],BAJA,MEDIO,0
DJUSCR,Dow Jones U.S. Computer Hardware Index,14048.3,8364.8,14404.8,67.94543802601379,18.462872002311457,🔴,FUERTE,252,2026-02-11 08:10:58,2026-02-11,0,52,52,False,0,0,[],[],BAJA,MEDIO,0
DJUSIG,Dow Jones U.S. Industrial Goods & Services Index,1664.6,1094.74,1674.52,52.05436907393536,34.249354481741065,🔴,FUERTE,252,2026-02-11 08:10:58,2026-02-11,0,52,52,False,0,0,[],[],BAJA,MEDIO,0
DJUSCH,Dow Jones U.S. Chemicals Index,1900.3,1497.87,2050.51,26.866817547584244,55.24931864419794,🔴,FUERTE,252,2026-02-11 08:10:58,2026-02-11,0,50,50,False,0,0,[],[],BAJA,BAJO,0
DJUSPN,Dow Jones U.S. Pharmaceuticals & Biotechnology Index,1368.51,960.01,1402.72,42.551640087082426,49.795600545065234,🔴,FUERTE,252,2026-02-11 08:10:58,2026-02-11,0,50,50,False,0,0,[],[],BAJA,MEDIO,0
DJUSAT,Dow Jones U.S. Auto Parts Index,461.15,288.25,462.8,59.98265394622722,33.06812531079068,🔴,FUERTE,251,2026-02-11 08:10:58,2026-02-11,0,49,49,False,0,0,[],[],BAJA,MEDIO,0
DJUSLE,Dow Jones U.S. Leisure Goods Index,948.05,724.03,1249.95,30.940706876786876,56.988138215575056,🔴,FUERTE,252,2026-02-11 08:10:58,2026-02-11,0,49,49,False,0,0,[],[],BAJA,BAJO,0
DJUSIQ,Dow Jones U.S. Industrial Engineering Index,5842.6,3318.0,5851.9,76.08800482218206,25.05239933811363,🔴,FUERTE,252,2026-02-11 08:10:58,2026-02-11,0,49,49,False,0,0,[],[],BAJA,MEDIO,0
DJUSPR,Dow Jones U.S. Pharmaceuticals Index,1133.34,765.56,1172.11,48.04064998171273,43.15324165029473,🔴,FUERTE,251,2026-02-11 08:10:58,2026-02-11,0,48,48,False,0,0,[],[],BAJA,MEDIO,0
DJUSMF,Dow Jones U.S. Mortgage Finance Index,13.27,9.98,14.77,32.96593186372744,54.92537313432836,🔴,FUERTE,252,2026-02-11 08:10:58,2026-02-11,0,48,48,False,0,0,[],[],BAJA,BAJO,0
DJUSCT,Dow Jones U.S. Telecommunications Equipment Index,3087.25,1708.47,3121.48,80.7026169613748,22.545987521514636,🔴,FUERTE,251,2026-02-11 08:10:58,2026-02-11,0,47,47,False,0,0,[],[],BAJA,MEDIO,0
DJUSBK,Dow Jones U.S. Banks Index,856.29,521.55,873.98,64.18176589013518,31.4769040630311,🔴,FUERTE,252,2026-02-11 08:10:58,2026-02-11,0,47,47,False,0,0,[],[],BAJA,MEDIO,0
DJUSTY,Dow Jones U.S. Toys Index,1554.96,1149.53,2066.13,35.269196976155484,57.04060838013816,🔴,FUERTE,252,2026-02-11 08:10:58,2026-02-11,0,47,47,False,0,0,[],[],BAJA,BAJO,0
DJUSFH,Dow Jones U.S. Furnishings Index,544.07,319.67,545.4,70.19739105953015,37.05370537053702,🔴,FUERTE,251,2026-02-11 08:10:58,2026-02-11,0,45,45,False,0,0,[],[],BAJA,MEDIO,0
DJUSRA,Dow Jones U.S. Apparel Retailers Index,2099.36,1490.78,2154.58,40.82292491179116,54.89185208155667,🔴,FUERTE,252,2026-02-11 08:10:58,2026-02-11,0,45,45,False,0,0,[],[],BAJA,MEDIO,0
DJUSDS,Dow Jones U.S. Industrial Suppliers Index,1052.74,683.22,1072.13,54.085067767337016,44.67735510854409,🔴,FUERTE,252,2026-02-11 08:10:58,2026-02-11,0,45,45,False,0,0,[],[],BAJA,MEDIO,0
DJUSRQ,Dow Jones U.S. Recreational Services Index,209.46,110.98,215.97,88.73670931699405,26.78726483357454,🔴,FUERTE,252,2026-02-11 08:10:58,2026-02-11,0,44,44,False,0,0,[],[],BAJA,MEDIO,0
DJUSGF,Dow Jones U.S. Financial Services Index,2718.7,2138.5,2924.0,27.131166705634783,60.372040586245845,🔴,FUERTE,252,2026-02-11 08:10:58,2026-02-11,0,44,44,False,0,0,[],[],BAJA,MEDIO,0
DJUSFI,Dow Jones U.S. Financial Services Index,2425.5,1907.9,2608.7,27.12930447088421,60.37914691943125,🔴,FUERTE,252,2026-02-11 08:10:58,2026-02-11,0,44,44,False,0,0,[],[],BAJA,MEDIO,0
DJUSRB,Dow Jones U.S. Broadline Retailers Index,4668.9,3641.4,5214.8,28.21716922062942,67.68657558992888,🔴,FUERTE,251,2026-02-11 08:10:58,2026-02-11,0,44,44,False,0,0,[],[],BAJA,MEDIO,0
DJUSMR,Dow Jones U.S. Mortgage REITs Index,31.88,24.64,34.46,29.38311688311688,66.59751037344395,🔴,FUERTE,252,2026-02-11 08:10:58,2026-02-11,0,43,43,False,0,0,[],[],BAJA,MEDIO,0
DJUSDN,Dow Jones U.S. Defense Index,886.51,598.11,926.32,48.21855511527979,54.42399454669393,🔴,FUERTE,252,2026-02-11 08:10:58,2026-02-11,0,42,42,False,0,0,[],[],BAJA,MEDIO,0
DJUSRD,Dow Jones U.S. Drug Retailers Index,1509.9,935.6,1549.37,61.383069687900814,42.99503230290081,🔴,FUERTE,252,2026-02-11 08:10:58,2026-02-11,0,42,42,False,0,0,[],[],BAJA,MEDIO,0
DJUSOI,Dow Jones U.S. Oil Equipment & Services Index,358.87,198.86,363.53,80.46364276375338,33.73138729175881,🔴,FUERTE,252,2026-02-11 08:10:58,2026-02-11,0,41,41,False,0,0,[],[],BAJA,MEDIO,0
DJUSHD,Dow Jones U.S. Durable Household Products Index,141.72,94.51,153.03,49.95238599090042,52.376204719175824,🔴,FUERTE,251,2026-02-11 08:10:58,2026-02-11,0,41,41,False,0,0,[],[],BAJA,MEDIO,0
DJUSBT,Dow Jones U.S. Biotechnology Index,3146.6,2297.4,3319.4,36.963523983633664,60.0669536107126,🔴,FUERTE,252,2026-02-11 08:10:58,2026-02-11,0,40,40,False,0,0,[],[],BAJA,MEDIO,0
DJUSSV,Dow Jones U.S. Software & Computer Services Index,7733.1,5509.7,8975.6,40.35428426230104,62.005696495992574,🔴,FUERTE,251,2026-02-11 08:10:58,2026-02-11,0,39,39,False,0,0,[],[],BAJA,ALTO,0
DJUSAG,Dow Jones U.S. Asset Managers Index,380.69,273.77,426.58,39.054680936552586,66.50399891554835,🔴,FUERTE,252,2026-02-11 08:10:58,2026-02-11,0,39,39,False,0,0,[],[],BAJA,MEDIO,0
DJUSTC,Dow Jones U.S. Technology Index,8661.8,5115.5,9259.3,69.3246017007135,48.703227083745816,🔴,FUERTE,252,2026-02-11 08:10:58,2026-02-11,0,39,39,False,0,0,[],[],BAJA,MEDIO,0
DJUSHR,Dow Jones U.S. Commercial Vehicles & Trucks Index,7855.3,3916.0,7901.0,100.5949948927477,25.81990521327016,🔴,FUERTE,252,2026-02-11 08:10:58,2026-02-11,0,39,39,False,0,0,[],[],BAJA,MEDIO,0
DJUSSB,Dow Jones U.S. Investment Services Index,2956.9,2060.8,3276.0,43.48311335403726,70.08756567425569,🔴,FUERTE,251,2026-02-11 08:10:58,2026-02-11,0,38,38,False,0,0,[],[],BAJA,ALTO,0
DJUSST,Dow Jones U.S. Iron & Steel Index,792.0,416.26,806.4,90.2656993225388,38.46351754656786,🔴,FUERTE,252,2026-02-11 08:10:58,2026-02-11,0,37,37,False,0,0,[],[],BAJA,MEDIO,0
DJUSMT,Dow Jones U.S. Marine Transportation Index,394.69,261.01,433.88,51.21642848932992,67.42562929061782,🔴,FUERTE,252,2026-02-11 08:10:58,2026-02-11,0,35,35,False,0,0,[],[],BAJA,ALTO,0
DJUSEC,Dow Jones U.S. Electrical Components & Equipment Index,1203.01,562.61,1221.21,113.826629459128,30.83831196012021,🔴,FUERTE,252,2026-02-11 08:10:58,2026-02-11,0,33,33,False,0,0,[],[],BAJA,MEDIO,0
DJUSAE,Dow Jones U.S. Aerospace & Defense Index,3181.9,1861.2,3291.4,70.95959595959596,57.20329024676847,🔴,FUERTE,252,2026-02-11 08:10:58,2026-02-11,0,33,33,False,0,0,[],[],BAJA,MEDIO,0
DJUSAR,Dow Jones U.S. Airlines Index,275.2,137.83,279.11,99.66625553217727,37.648279952550425,🔴,FUERTE,252,2026-02-11 08:10:58,2026-02-11,0,33,33,False,0,0,[],[],BAJA,MEDIO,0
DJUSTR,Dow Jones U.S. Tires Index,10692.9,5326.7,10842.3,100.7415472994537,37.51729275300633,🔴,FUERTE,251,2026-02-11 08:10:58,2026-02-11,0,33,33,False,0,0,[],[],BAJA,MEDIO,0
DJUSTQ,Dow Jones U.S. Technology Hardware & Equipment Index,10692.9,5326.7,10842.3,100.7415472994537,37.51729275300633,🔴,FUERTE,251,2026-02-11 08:10:58,2026-02-11,0,33,33,False,0,0,[],[],BAJA,MEDIO,0
DJUSEE,Dow Jones U.S. Electronic & Electrical Equipment Index,1426.28,643.85,1447.34,121.52364681214569,35.8238651238285,🔴,FUERTE,252,2026-02-11 08:10:58,2026-02-11,0,33,33,False,0,0,[],[],BAJA,MEDIO,0
DJUSHV,Dow Jones U.S. Heavy Construction Index,2635.92,1138.85,2672.89,131.45453747201125,32.45829962301829,🔴,FUERTE,252,2026-02-11 08:10:58,2026-02-11,0,33,33,False,0,0,[],[],BAJA,MEDIO,0
DJUSNS,Dow Jones U.S. Internet Index,7170.3,3842.4,7726.0,86.60993129294191,48.9712568390229,🔴,FUERTE,252,2026-02-11 08:10:58,2026-02-11,0,32,32,False,0,0,[],[],BAJA,MEDIO,0
DJUSAS,Dow Jones U.S. Aerospace Index,3443.5,1883.9,3572.2,82.78571049418758,57.71585391598057,🔴,FUERTE,252,2026-02-11 08:10:58,2026-02-11,0,28,28,False,0,0,[],[],BAJA,MEDIO,0
DJUSIM,Dow Jones U.S. Industrial Metals & Mining Index,728.42,350.58,741.18,107.77568600604712,42.304160827332936,🔴,FUERTE,252,2026-02-11 08:10:58,2026-02-11,0,27,27,False,0,0,[],[],BAJA,MEDIO,0
DJUSAI,Dow Jones U.S. Electronic Equipment Index,2178.91,913.78,2217.41,138.45017400249512,42.953041934191575,🔴,FUERTE,252,2026-02-11 08:10:58,2026-02-11,0,27,27,False,0,0,[],[],BAJA,MEDIO,0
DJUSPM,Dow Jones U.S. Gold Mining Index,320.47,107.93,349.6,196.9239321782637,46.78946685692047,🔴,FUERTE,252,2026-02-11 08:10:58,2026-02-11,0,27,27,False,0,0,[],[],BAJA,MEDIO,0
DJUSNF,Dow Jones U.S. Nonferrous Metals Index,846.22,372.55,920.8,127.14266541403838,45.13396856421532,🔴,FUERTE,252,2026-02-11 08:10:58,2026-02-11,0,27,27,False,0,0,[],[],BAJA,MEDIO,0
DJUSMG,Dow Jones U.S. Mining Index,276.13,95.87,300.37,188.02545113174088,47.06944548942893,🔴,FUERTE,252,2026-02-11 08:10:58,2026-02-11,0,27,27,False,0,0,[],[],BAJA,MEDIO,0
DJUSBS,Dow Jones U.S. Basic Resources Index,635.17,274.91,662.27,131.04652431704918,44.42664336343336,🔴,FUERTE,251,2026-02-11 08:10:58,2026-02-11,0,27,27,False,0,0,[],[],BAJA,MEDIO,0
DJUSSC,Dow Jones U.S. Semiconductors Index,29821.2,12938.1,31044.1,130.49133953207965,47.51653554271391,🔴,FUERTE,251,2026-02-11 08:10:58,2026-02-11,0,27,27,False,0,0,[],[],BAJA,MEDIO,0
DJUSAP,Dow Jones U.S. Automobiles & Parts Index,1616.32,845.49,1853.16,91.1696176181859,52.29332182653504,🔴,FUERTE,252,2026-02-11 08:10:58,2026-02-11,0,25,25,False,0,0,[],[],BAJA,MEDIO,0
DJUSAU,Dow Jones U.S. Automobiles Index,1468.93,758.25,1704.26,93.72634355423672,52.889529550517615,🔴,FUERTE,252,2026-02-11 08:10:58,2026-02-11,0,24,24,False,0,0,[],[],BAJA,MEDIO,0
DJUSAL,Dow Jones U.S. Aluminum Index,210.98,73.62,228.71,186.5797337679978,53.86098318517725,🔴,FUERTE,252,2026-02-11 08:10:58,2026-02-11,0,21,21,False,0,0,[],[],BAJA,MEDIO,0
