{
  "analysis_timestamp": "2025-12-01T07:48:38.814583",
  "opportunities": [
    {
      "Ticker": "DJUSFB",
      "Sector": "Dow Jones U.S. Food & Beverage Index",
      "CurrentPrice": 714.82,
      "Min52w": 668.77,
      "Max52w": 770.54,
      "DistanceFromMin": 6.8857753786802745,
      "RSI": 25.18770110833023,
      "Estado": "🟢",
      "Classification": "OPORTUNIDAD",
      "DataPoints": 249,
      "AnalysisDate": "2025-12-01 07:47:51",
      "FileDate": "2025-12-01",
      "DaysAgo": 0,
      "BaseScore": 97,
      "FinalScore": 97,
      "InsiderActivity": false,
      "InsiderTrades": 0,
      "InsiderValue": 0,
      "InsiderTickers": [],
      "Signals": [],
      "Urgency": "CRÍTICA",
      "RiskLevel": "BAJO",
      "MappingCoverage": 0
    },
    {
      "Ticker": "DJUSVN",
      "Sector": "Dow Jones U.S. Distillers & Vintners Index",
      "CurrentPrice": 281.58,
      "Min52w": 260.67,
      "Max52w": 489.82,
      "DistanceFromMin": 8.021636551962239,
      "RSI": 26.39920752847935,
      "Estado": "🟢",
      "Classification": "OPORTUNIDAD",
      "DataPoints": 249,
      "AnalysisDate": "2025-12-01 07:47:51",
      "FileDate": "2025-12-01",
      "DaysAgo": 0,
      "BaseScore": 97,
      "FinalScore": 97,
      "InsiderActivity": false,
      "InsiderTrades": 0,
      "InsiderValue": 0,
      "InsiderTickers": [],
      "Signals": [],
      "Urgency": "CRÍTICA",
      "RiskLevel": "BAJO",
      "MappingCoverage": 0
    },
    {
      "Ticker": "DJUSFO",
      "Sector": "Dow Jones U.S. Food Producers Index",
      "CurrentPrice": 369.91,
      "Min52w": 353.81,
      "Max52w": 428.42,
      "DistanceFromMin": 4.550464938808972,
      "RSI": 36.46181537670354,
      "Estado": "🟢",
      "Classification": "OPORTUNIDAD",
      "DataPoints": 249,
      "AnalysisDate": "2025-12-01 07:47:51",
      "FileDate": "2025-12-01",
      "DaysAgo": 0,
      "BaseScore": 92,
      "FinalScore": 92,
      "InsiderActivity": false,
      "InsiderTrades": 0,
      "InsiderValue": 0,
      "InsiderTickers": [],
      "Signals": [],
      "Urgency": "CRÍTICA",
      "RiskLevel": "BAJO",
      "MappingCoverage": 0
    },
    {
      "Ticker": "DJUSIR",
      "Sector": "Dow Jones U.S. Insurance Index",
      "CurrentPrice": 1326.08,
      "Min52w": 1239.53,
      "Max52w": 1458.0,
      "DistanceFromMin": 6.982485296846382,
      "RSI": 36.022348559106135,
      "Estado": "🟢",
      "Classification": "OPORTUNIDAD",
      "DataPoints": 250,
      "AnalysisDate": "2025-12-01 07:47:51",
      "FileDate": "2025-12-01",
      "DaysAgo": 0,
      "BaseScore": 91,
      "FinalScore": 91,
      "InsiderActivity": false,
      "InsiderTrades": 0,
      "InsiderValue": 0,
      "InsiderTickers": [],
      "Signals": [],
      "Urgency": "CRÍTICA",
      "RiskLevel": "BAJO",
      "MappingCoverage": 0
    },
    {
      "Ticker": "DJUSBE",
      "Sector": "Dow Jones U.S. Business Training & Employment Agencies Index",
      "CurrentPrice": 98.35,
      "Min52w": 95.19,
      "Max52w": 150.28,
      "DistanceFromMin": 3.31967643660048,
      "RSI": 44.7528187337381,
      "Estado": "🟢",
      "Classification": "OPORTUNIDAD",
      "DataPoints": 249,
      "AnalysisDate": "2025-12-01 07:47:51",
      "FileDate": "2025-12-01",
      "DaysAgo": 0,
      "BaseScore": 87,
      "FinalScore": 87,
      "InsiderActivity": false,
      "InsiderTrades": 0,
      "InsiderValue": 0,
      "InsiderTickers": [],
      "Signals": [],
      "Urgency": "CRÍTICA",
      "RiskLevel": "BAJO",
      "MappingCoverage": 0
    },
    {
      "Ticker": "DJUSDB",
      "Sector": "Dow Jones U.S. Brewers Index",
      "CurrentPrice": 474.8,
      "Min52w": 438.36,
      "Max52w": 659.78,
      "DistanceFromMin": 8.312802262980199,
      "RSI": 48.82677266316195,
      "Estado": "🟢",
      "Classification": "OPORTUNIDAD",
      "DataPoints": 250,
      "AnalysisDate": "2025-12-01 07:47:51",
      "FileDate": "2025-12-01",
      "DaysAgo": 0,
      "BaseScore": 85,
      "FinalScore": 85,
      "InsiderActivity": false,
      "InsiderTrades": 0,
      "InsiderValue": 0,
      "InsiderTickers": [],
      "Signals": [],
      "Urgency": "CRÍTICA",
      "RiskLevel": "BAJO",
      "MappingCoverage": 0
    },
    {
      "Ticker": "DJUSHC",
      "Sector": "Dow Jones U.S. Health Care Index",
      "CurrentPrice": 1675.0,
      "Min52w": 1344.15,
      "Max52w": 1687.44,
      "DistanceFromMin": 24.614068370345564,
      "RSI": 18.382897661128155,
      "Estado": "🟡",
      "Classification": "CERCA",
      "DataPoints": 249,
      "AnalysisDate": "2025-12-01 07:47:51",
      "FileDate": "2025-12-01",
      "DaysAgo": 0,
      "BaseScore": 81,
      "FinalScore": 81,
      "InsiderActivity": false,
      "InsiderTrades": 0,
      "InsiderValue": 0,
      "InsiderTickers": [],
      "Signals": [],
      "Urgency": "ALTA",
      "RiskLevel": "BAJO",
      "MappingCoverage": 0
    },
    {
      "Ticker": "DJUSRP",
      "Sector": "Dow Jones U.S. Recreational Products Index",
      "CurrentPrice": 296.13,
      "Min52w": 279.15,
      "Max52w": 470.56,
      "DistanceFromMin": 6.082751209027411,
      "RSI": 57.16085678286435,
      "Estado": "🟢",
      "Classification": "OPORTUNIDAD",
      "DataPoints": 250,
      "AnalysisDate": "2025-12-01 07:47:51",
      "FileDate": "2025-12-01",
      "DaysAgo": 0,
      "BaseScore": 80,
      "FinalScore": 80,
      "InsiderActivity": false,
      "InsiderTrades": 0,
      "InsiderValue": 0,
      "InsiderTickers": [],
      "Signals": [],
      "Urgency": "ALTA",
      "RiskLevel": "BAJO",
      "MappingCoverage": 0
    },
    {
      "Ticker": "DJUSPL",
      "Sector": "Dow Jones U.S. Pipelines Index",
      "CurrentPrice": 1034.68,
      "Min52w": 925.07,
      "Max52w": 1229.95,
      "DistanceFromMin": 11.84883306128185,
      "RSI": 35.451768647157365,
      "Estado": "🟡",
      "Classification": "CERCA",
      "DataPoints": 249,
      "AnalysisDate": "2025-12-01 07:47:51",
      "FileDate": "2025-12-01",
      "DaysAgo": 0,
      "BaseScore": 80,
      "FinalScore": 80,
      "InsiderActivity": false,
      "InsiderTrades": 0,
      "InsiderValue": 0,
      "InsiderTickers": [],
      "Signals": [],
      "Urgency": "ALTA",
      "RiskLevel": "BAJO",
      "MappingCoverage": 0
    },
    {
      "Ticker": "DJUSFA",
      "Sector": "Dow Jones U.S. Financial Administration Index",
      "CurrentPrice": 481.66,
      "Min52w": 457.18,
      "Max52w": 683.09,
      "DistanceFromMin": 5.354564941598499,
      "RSI": 50.75723496776128,
      "Estado": "🟢",
      "Classification": "OPORTUNIDAD",
      "DataPoints": 249,
      "AnalysisDate": "2025-12-01 07:47:51",
      "FileDate": "2025-12-01",
      "DaysAgo": 0,
      "BaseScore": 80,
      "FinalScore": 80,
      "InsiderActivity": false,
      "InsiderTrades": 0,
      "InsiderValue": 0,
      "InsiderTickers": [],
      "Signals": [],
      "Urgency": "ALTA",
      "RiskLevel": "BAJO",
      "MappingCoverage": 0
    },
    {
      "Ticker": "DJUSSP",
      "Sector": "Dow Jones U.S. Specialty Finance Index",
      "CurrentPrice": 763.05,
      "Min52w": 671.1,
      "Max52w": 803.35,
      "DistanceFromMin": 13.701385784532846,
      "RSI": 34.730904101235,
      "Estado": "🟡",
      "Classification": "CERCA",
      "DataPoints": 250,
      "AnalysisDate": "2025-12-01 07:47:51",
      "FileDate": "2025-12-01",
      "DaysAgo": 0,
      "BaseScore": 80,
      "FinalScore": 80,
      "InsiderActivity": false,
      "InsiderTrades": 0,
      "InsiderValue": 0,
      "InsiderTickers": [],
      "Signals": [],
      "Urgency": "ALTA",
      "RiskLevel": "BAJO",
      "MappingCoverage": 0
    },
    {
      "Ticker": "DJUSRR",
      "Sector": "Dow Jones U.S. Railroads Index",
      "CurrentPrice": 3473.6,
      "Min52w": 2788.9,
      "Max52w": 3569.0,
      "DistanceFromMin": 24.55089820359281,
      "RSI": 34.88646416986141,
      "Estado": "🟡",
      "Classification": "CERCA",
      "DataPoints": 249,
      "AnalysisDate": "2025-12-01 07:47:51",
      "FileDate": "2025-12-01",
      "DaysAgo": 0,
      "BaseScore": 75,
      "FinalScore": 75,
      "InsiderActivity": false,
      "InsiderTrades": 0,
      "InsiderValue": 0,
      "InsiderTickers": [],
      "Signals": [],
      "Urgency": "ALTA",
      "RiskLevel": "BAJO",
      "MappingCoverage": 0
    },
    {
      "Ticker": "DJUSAV",
      "Sector": "Dow Jones U.S. Media Agencies Index",
      "CurrentPrice": 355.89,
      "Min52w": 346.44,
      "Max52w": 702.93,
      "DistanceFromMin": 2.7277450640803567,
      "RSI": 64.128621264978,
      "Estado": "🟢",
      "Classification": "OPORTUNIDAD",
      "DataPoints": 249,
      "AnalysisDate": "2025-12-01 07:47:51",
      "FileDate": "2025-12-01",
      "DaysAgo": 0,
      "BaseScore": 75,
      "FinalScore": 75,
      "InsiderActivity": false,
      "InsiderTrades": 0,
      "InsiderValue": 0,
      "InsiderTickers": [],
      "Signals": [],
      "Urgency": "ALTA",
      "RiskLevel": "MEDIO",
      "MappingCoverage": 0
    },
    {
      "Ticker": "DJUSIU",
      "Sector": "Dow Jones U.S. Reinsurance Index",
      "CurrentPrice": 512.74,
      "Min52w": 467.58,
      "Max52w": 595.84,
      "DistanceFromMin": 9.658240301124946,
      "RSI": 60.67454203047424,
      "Estado": "🟢",
      "Classification": "OPORTUNIDAD",
      "DataPoints": 250,
      "AnalysisDate": "2025-12-01 07:47:51",
      "FileDate": "2025-12-01",
      "DaysAgo": 0,
      "BaseScore": 72,
      "FinalScore": 72,
      "InsiderActivity": false,
      "InsiderTrades": 0,
      "InsiderValue": 0,
      "InsiderTickers": [],
      "Signals": [],
      "Urgency": "MEDIA",
      "RiskLevel": "MEDIO",
      "MappingCoverage": 0
    },
    {
      "Ticker": "DJUSID",
      "Sector": "Dow Jones U.S. Diversified Industrials Index",
      "CurrentPrice": 942.34,
      "Min52w": 767.22,
      "Max52w": 1017.95,
      "DistanceFromMin": 22.825265243346102,
      "RSI": 45.41457286432159,
      "Estado": "🟡",
      "Classification": "CERCA",
      "DataPoints": 249,
      "AnalysisDate": "2025-12-01 07:47:51",
      "FileDate": "2025-12-01",
      "DaysAgo": 0,
      "BaseScore": 70,
      "FinalScore": 70,
      "InsiderActivity": false,
      "InsiderTrades": 0,
      "InsiderValue": 0,
      "InsiderTickers": [],
      "Signals": [],
      "Urgency": "MEDIA",
      "RiskLevel": "BAJO",
      "MappingCoverage": 0
    },
    {
      "Ticker": "DJUSWU",
      "Sector": "Dow Jones U.S. Water Index",
      "CurrentPrice": 2733.3,
      "Min52w": 2432.7,
      "Max52w": 3135.8,
      "DistanceFromMin": 12.35664076951537,
      "RSI": 51.41370730603936,
      "Estado": "🟡",
      "Classification": "CERCA",
      "DataPoints": 249,
      "AnalysisDate": "2025-12-01 07:47:51",
      "FileDate": "2025-12-01",
      "DaysAgo": 0,
      "BaseScore": 68,
      "FinalScore": 68,
      "InsiderActivity": false,
      "InsiderTrades": 0,
      "InsiderValue": 0,
      "InsiderTickers": [],
      "Signals": [],
      "Urgency": "MEDIA",
      "RiskLevel": "BAJO",
      "MappingCoverage": 0
    },
    {
      "Ticker": "DJUSOL",
      "Sector": "Dow Jones U.S. Integrated Oil & Gas Index",
      "CurrentPrice": 750.23,
      "Min52w": 645.42,
      "Max52w": 801.92,
      "DistanceFromMin": 16.23903814570358,
      "RSI": 56.359624931053496,
      "Estado": "🟡",
      "Classification": "CERCA",
      "DataPoints": 250,
      "AnalysisDate": "2025-12-01 07:47:51",
      "FileDate": "2025-12-01",
      "DaysAgo": 0,
      "BaseScore": 67,
      "FinalScore": 67,
      "InsiderActivity": false,
      "InsiderTrades": 0,
      "InsiderValue": 0,
      "InsiderTickers": [],
      "Signals": [],
      "Urgency": "MEDIA",
      "RiskLevel": "BAJO",
      "MappingCoverage": 0
    },
    {
      "Ticker": "DJUSTK",
      "Sector": "Dow Jones U.S. Trucking Index",
      "CurrentPrice": 1425.09,
      "Min52w": 1244.48,
      "Max52w": 2018.4,
      "DistanceFromMin": 14.512888917459492,
      "RSI": 51.76277762911429,
      "Estado": "🟡",
      "Classification": "CERCA",
      "DataPoints": 250,
      "AnalysisDate": "2025-12-01 07:47:51",
      "FileDate": "2025-12-01",
      "DaysAgo": 0,
      "BaseScore": 67,
      "FinalScore": 67,
      "InsiderActivity": false,
      "InsiderTrades": 0,
      "InsiderValue": 0,
      "InsiderTickers": [],
      "Signals": [],
      "Urgency": "MEDIA",
      "RiskLevel": "BAJO",
      "MappingCoverage": 0
    },
    {
      "Ticker": "DJUSRH",
      "Sector": "Dow Jones U.S. Real Estate Investment & Services",
      "CurrentPrice": 725.42,
      "Min52w": 563.1,
      "Max52w": 822.79,
      "DistanceFromMin": 28.826141005150053,
      "RSI": 35.21634615384622,
      "Estado": "🔴",
      "Classification": "FUERTE",
      "DataPoints": 249,
      "AnalysisDate": "2025-12-01 07:47:51",
      "FileDate": "2025-12-01",
      "DaysAgo": 0,
      "BaseScore": 61,
      "FinalScore": 61,
      "InsiderActivity": false,
      "InsiderTrades": 0,
      "InsiderValue": 0,
      "InsiderTickers": [],
      "Signals": [],
      "Urgency": "MEDIA",
      "RiskLevel": "BAJO",
      "MappingCoverage": 0
    },
    {
      "Ticker": "DJUSMT",
      "Sector": "Dow Jones U.S. Marine Transportation Index",
      "CurrentPrice": 372.63,
      "Min52w": 261.01,
      "Max52w": 413.14,
      "DistanceFromMin": 42.76464503275737,
      "RSI": 34.55682000320563,
      "Estado": "🔴",
      "Classification": "FUERTE",
      "DataPoints": 249,
      "AnalysisDate": "2025-12-01 07:47:51",
      "FileDate": "2025-12-01",
      "DaysAgo": 0,
      "BaseScore": 56,
      "FinalScore": 56,
      "InsiderActivity": false,
      "InsiderTrades": 0,
      "InsiderValue": 0,
      "InsiderTickers": [],
      "Signals": [],
      "Urgency": "BAJA",
      "RiskLevel": "MEDIO",
      "MappingCoverage": 0
    },
    {
      "Ticker": "DJUSCA",
      "Sector": "Dow Jones U.S. Gambling Index",
      "CurrentPrice": 652.12,
      "Min52w": 513.6,
      "Max52w": 786.57,
      "DistanceFromMin": 26.970404984423677,
      "RSI": 45.3519299383717,
      "Estado": "🔴",
      "Classification": "FUERTE",
      "DataPoints": 250,
      "AnalysisDate": "2025-12-01 07:47:51",
      "FileDate": "2025-12-01",
      "DaysAgo": 0,
      "BaseScore": 56,
      "FinalScore": 56,
      "InsiderActivity": false,
      "InsiderTrades": 0,
      "InsiderValue": 0,
      "InsiderTickers": [],
      "Signals": [],
      "Urgency": "BAJA",
      "RiskLevel": "BAJO",
      "MappingCoverage": 0
    },
    {
      "Ticker": "DJUSHR",
      "Sector": "Dow Jones U.S. Commercial Vehicles & Trucks Index",
      "CurrentPrice": 6221.5,
      "Min52w": 3916.0,
      "Max52w": 6268.1,
      "DistanceFromMin": 58.87385086823289,
      "RSI": 41.31804435483871,
      "Estado": "🔴",
      "Classification": "FUERTE",
      "DataPoints": 249,
      "AnalysisDate": "2025-12-01 07:47:51",
      "FileDate": "2025-12-01",
      "DaysAgo": 0,
      "BaseScore": 43,
      "FinalScore": 43,
      "InsiderActivity": false,
      "InsiderTrades": 0,
      "InsiderValue": 0,
      "InsiderTickers": [],
      "Signals": [],
      "Urgency": "BAJA",
      "RiskLevel": "MEDIO",
      "MappingCoverage": 0
    },
    {
      "Ticker": "DJUSTY",
      "Sector": "Dow Jones U.S. Toys Index",
      "CurrentPrice": 1744.28,
      "Min52w": 1149.53,
      "Max52w": 2066.13,
      "DistanceFromMin": 51.738536619313976,
      "RSI": 57.72511848341234,
      "Estado": "🔴",
      "Classification": "FUERTE",
      "DataPoints": 249,
      "AnalysisDate": "2025-12-01 07:47:51",
      "FileDate": "2025-12-01",
      "DaysAgo": 0,
      "BaseScore": 40,
      "FinalScore": 40,
      "InsiderActivity": false,
      "InsiderTrades": 0,
      "InsiderValue": 0,
      "InsiderTickers": [],
      "Signals": [],
      "Urgency": "BAJA",
      "RiskLevel": "MEDIO",
      "MappingCoverage": 0
    },
    {
      "Ticker": "DJUSAR",
      "Sector": "Dow Jones U.S. Airlines Index",
      "CurrentPrice": 235.65,
      "Min52w": 137.83,
      "Max52w": 259.72,
      "DistanceFromMin": 70.9714866139447,
      "RSI": 41.3584794459997,
      "Estado": "🔴",
      "Classification": "FUERTE",
      "DataPoints": 249,
      "AnalysisDate": "2025-12-01 07:47:51",
      "FileDate": "2025-12-01",
      "DaysAgo": 0,
      "BaseScore": 39,
      "FinalScore": 39,
      "InsiderActivity": false,
      "InsiderTrades": 0,
      "InsiderValue": 0,
      "InsiderTickers": [],
      "Signals": [],
      "Urgency": "BAJA",
      "RiskLevel": "MEDIO",
      "MappingCoverage": 0
    },
    {
      "Ticker": "DJUSPM",
      "Sector": "Dow Jones U.S. Gold Mining Index",
      "CurrentPrice": 241.35,
      "Min52w": 94.85,
      "Max52w": 251.35,
      "DistanceFromMin": 154.454401686874,
      "RSI": 34.468618293655325,
      "Estado": "🔴",
      "Classification": "FUERTE",
      "DataPoints": 250,
      "AnalysisDate": "2025-12-01 07:47:51",
      "FileDate": "2025-12-01",
      "DaysAgo": 0,
      "BaseScore": 33,
      "FinalScore": 33,
      "InsiderActivity": false,
      "InsiderTrades": 0,
      "InsiderValue": 0,
      "InsiderTickers": [],
      "Signals": [],
      "Urgency": "BAJA",
      "RiskLevel": "MEDIO",
      "MappingCoverage": 0
    },
    {
      "Ticker": "DJUSEC",
      "Sector": "Dow Jones U.S. Electrical Components & Equipment Index",
      "CurrentPrice": 1034.73,
      "Min52w": 562.61,
      "Max52w": 1092.13,
      "DistanceFromMin": 83.91603419775689,
      "RSI": 52.56769374416434,
      "Estado": "🔴",
      "Classification": "FUERTE",
      "DataPoints": 250,
      "AnalysisDate": "2025-12-01 07:47:51",
      "FileDate": "2025-12-01",
      "DaysAgo": 0,
      "BaseScore": 27,
      "FinalScore": 27,
      "InsiderActivity": false,
      "InsiderTrades": 0,
      "InsiderValue": 0,
      "InsiderTickers": [],
      "Signals": [],
      "Urgency": "BAJA",
      "RiskLevel": "MEDIO",
      "MappingCoverage": 0
    }
  ],
  "enhanced_analysis": {
    "market_overview": {
      "market_state": "EXCEPCIONAL",
      "description": "Mercado en estado excepcional con 6 oportunidades críticas detectadas",
      "total_sectors_analyzed": 26,
      "critical_opportunities": 6,
      "high_quality_opportunities": 13,
      "sectors_with_insider_activity": 0,
      "average_opportunity_score": 69.2,
      "mapping_coverage_percentage": "0",
      "market_sentiment": "BULLISH"
    },
    "top_opportunities_analysis": [
      {
        "sector": "Dow Jones U.S. Food & Beverage Index",
        "ticker": "DJUSFB",
        "final_score": 97,
        "urgency": "CRÍTICA",
        "distance_from_min": 6.9,
        "upside_to_max_52w": 7.8,
        "current_price": 714.82,
        "target_price_52w_max": 770.54,
        "insider_activity": false,
        "insider_companies": 0,
        "risk_level": "BAJO",
        "description": "OPORTUNIDAD EXCEPCIONAL: Dow Jones U.S. Food & Beverage Index a solo 6.9% del mínimo con potencial upside de 7.8%",
        "recommendation": "COMPRA INMEDIATA"
      },
      {
        "sector": "Dow Jones U.S. Distillers & Vintners Index",
        "ticker": "DJUSVN",
        "final_score": 97,
        "urgency": "CRÍTICA",
        "distance_from_min": 8.0,
        "upside_to_max_52w": 74.0,
        "current_price": 281.58,
        "target_price_52w_max": 489.82,
        "insider_activity": false,
        "insider_companies": 0,
        "risk_level": "BAJO",
        "description": "OPORTUNIDAD EXCEPCIONAL: Dow Jones U.S. Distillers & Vintners Index a solo 8.0% del mínimo con potencial upside de 74.0%",
        "recommendation": "COMPRA INMEDIATA"
      },
      {
        "sector": "Dow Jones U.S. Food Producers Index",
        "ticker": "DJUSFO",
        "final_score": 92,
        "urgency": "CRÍTICA",
        "distance_from_min": 4.6,
        "upside_to_max_52w": 15.8,
        "current_price": 369.91,
        "target_price_52w_max": 428.42,
        "insider_activity": false,
        "insider_companies": 0,
        "risk_level": "BAJO",
        "description": "OPORTUNIDAD EXCEPCIONAL: Dow Jones U.S. Food Producers Index a solo 4.6% del mínimo con potencial upside de 15.8%",
        "recommendation": "COMPRA INMEDIATA"
      },
      {
        "sector": "Dow Jones U.S. Insurance Index",
        "ticker": "DJUSIR",
        "final_score": 91,
        "urgency": "CRÍTICA",
        "distance_from_min": 7.0,
        "upside_to_max_52w": 9.9,
        "current_price": 1326.08,
        "target_price_52w_max": 1458.0,
        "insider_activity": false,
        "insider_companies": 0,
        "risk_level": "BAJO",
        "description": "OPORTUNIDAD EXCEPCIONAL: Dow Jones U.S. Insurance Index a solo 7.0% del mínimo con potencial upside de 9.9%",
        "recommendation": "COMPRA INMEDIATA"
      },
      {
        "sector": "Dow Jones U.S. Business Training & Employment Agencies Index",
        "ticker": "DJUSBE",
        "final_score": 87,
        "urgency": "CRÍTICA",
        "distance_from_min": 3.3,
        "upside_to_max_52w": 52.8,
        "current_price": 98.35,
        "target_price_52w_max": 150.28,
        "insider_activity": false,
        "insider_companies": 0,
        "risk_level": "BAJO",
        "description": "OPORTUNIDAD EXCEPCIONAL: Dow Jones U.S. Business Training & Employment Agencies Index a solo 3.3% del mínimo con potencial upside de 52.8%",
        "recommendation": "COMPRA INMEDIATA"
      }
    ],
    "insider_activity_analysis": {
      "status": "SIN_ACTIVIDAD",
      "description": "No se detectó actividad insider significativa en los sectores analizados",
      "recommendation": "Monitorear actividad insider en próximos días",
      "mapping_note": "Verificar que los tickers insider estén en el mapeo sectorial"
    },
    "risk_reward_analysis": {
      "risk_distribution": {
        "low_risk_count": 18,
        "medium_risk_count": 8,
        "high_risk_count": 0
      },
      "average_upside_low_risk": 24.1,
      "best_risk_reward_opportunities": [
        {
          "sector": "Dow Jones U.S. Food & Beverage Index",
          "score": 97,
          "upside": 7.8,
          "risk": "BAJO",
          "insider_activity": false
        },
        {
          "sector": "Dow Jones U.S. Distillers & Vintners Index",
          "score": 97,
          "upside": 74.0,
          "risk": "BAJO",
          "insider_activity": false
        },
        {
          "sector": "Dow Jones U.S. Food Producers Index",
          "score": 92,
          "upside": 15.8,
          "risk": "BAJO",
          "insider_activity": false
        }
      ],
      "recommendation": "ENFOCARSE_BAJO_RIESGO"
    },
    "sector_strength_analysis": [],
    "timing_analysis": {
      "overall_timing": "EXCELENTE",
      "description": "Timing excepcional: múltiples sectores en sobreventa cerca de mínimos",
      "oversold_count": 3,
      "very_close_to_min_count": 10,
      "overbought_count": 0,
      "recommendation": "ACTUAR_AHORA"
    },
    "correlation_analysis": {
      "mapping_quality": "DEFICIENTE",
      "mapping_description": "Cobertura deficiente (0.0%) - mapeo necesita mejoras",
      "mapping_coverage_percentage": "0",
      "correlation_rate_percentage": 0.0,
      "sectors_correlated": 0,
      "total_sectors": 26,
      "improvement_suggestion": "Expandir mapeo de tickers a sectores, especialmente para empresas mid-cap y small-cap"
    }
  },
  "summary": {
    "total_opportunities": 26,
    "critical_count": 6,
    "high_urgency_count": 13,
    "with_insider_activity": 0,
    "average_score": 69.2,
    "top_score": "97",
    "low_risk_opportunities": 18,
    "sectors_near_minimum": 10,
    "total_insider_volume_millions": 0.0,
    "mapping_coverage": "0",
    "correlation_effectiveness": 0.0
  },
  "special_patterns": [],
  "strategic_recommendations": {
    "short_term_strategy": {
      "timeframe": "1-3 meses",
      "focus": "Aprovechar actividad insider y momentum",
      "recommended_sectors": [],
      "allocation_suggestion": "30-40% del capital disponible",
      "insider_companies_total": 0
    },
    "medium_term_strategy": {
      "timeframe": "3-12 meses",
      "focus": "Sectores defensivos cerca de mínimos",
      "recommended_sectors": [
        "Dow Jones U.S. Food & Beverage Index",
        "Dow Jones U.S. Distillers & Vintners Index",
        "Dow Jones U.S. Food Producers Index",
        "Dow Jones U.S. Insurance Index",
        "Dow Jones U.S. Business Training & Employment Agencies Index"
      ],
      "allocation_suggestion": "40-50% del capital disponible"
    },
    "long_term_strategy": {
      "timeframe": "12+ meses",
      "focus": "Sectores fundamentalmente sólidos",
      "recommended_sectors": [
        "Dow Jones U.S. Food & Beverage Index",
        "Dow Jones U.S. Distillers & Vintners Index",
        "Dow Jones U.S. Food Producers Index",
        "Dow Jones U.S. Insurance Index",
        "Dow Jones U.S. Business Training & Employment Agencies Index"
      ],
      "allocation_suggestion": "20-30% del capital disponible"
    }
  },
  "risk_analysis": {
    "distribution": {
      "BAJO": 18,
      "MEDIO": 8
    },
    "low_risk_percentage": 69.2,
    "concentration_risk": "BAJO",
    "diversification_recommendation": "Buena diversificación disponible"
  },
  "upside_calculations": [
    {
      "sector": "Dow Jones U.S. Food & Beverage Index",
      "current_price": 714.82,
      "upside_to_52w_max_percent": 7.8,
      "upside_to_52w_avg_percent": 0.7,
      "target_price_max": 770.54,
      "target_price_avg": 719.65,
      "risk_adjusted_upside": 7.8,
      "insider_support": false,
      "insider_companies": 0
    },
    {
      "sector": "Dow Jones U.S. Distillers & Vintners Index",
      "current_price": 281.58,
      "upside_to_52w_max_percent": 74.0,
      "upside_to_52w_avg_percent": 33.3,
      "target_price_max": 489.82,
      "target_price_avg": 375.25,
      "risk_adjusted_upside": 74.0,
      "insider_support": false,
      "insider_companies": 0
    },
    {
      "sector": "Dow Jones U.S. Food Producers Index",
      "current_price": 369.91,
      "upside_to_52w_max_percent": 15.8,
      "upside_to_52w_avg_percent": 5.7,
      "target_price_max": 428.42,
      "target_price_avg": 391.12,
      "risk_adjusted_upside": 15.8,
      "insider_support": false,
      "insider_companies": 0
    },
    {
      "sector": "Dow Jones U.S. Insurance Index",
      "current_price": 1326.08,
      "upside_to_52w_max_percent": 9.9,
      "upside_to_52w_avg_percent": 1.7,
      "target_price_max": 1458.0,
      "target_price_avg": 1348.76,
      "risk_adjusted_upside": 9.9,
      "insider_support": false,
      "insider_companies": 0
    },
    {
      "sector": "Dow Jones U.S. Business Training & Employment Agencies Index",
      "current_price": 98.35,
      "upside_to_52w_max_percent": 52.8,
      "upside_to_52w_avg_percent": 24.8,
      "target_price_max": 150.28,
      "target_price_avg": 122.73,
      "risk_adjusted_upside": 52.8,
      "insider_support": false,
      "insider_companies": 0
    },
    {
      "sector": "Dow Jones U.S. Brewers Index",
      "current_price": 474.8,
      "upside_to_52w_max_percent": 39.0,
      "upside_to_52w_avg_percent": 15.6,
      "target_price_max": 659.78,
      "target_price_avg": 549.07,
      "risk_adjusted_upside": 39.0,
      "insider_support": false,
      "insider_companies": 0
    },
    {
      "sector": "Dow Jones U.S. Health Care Index",
      "current_price": 1675.0,
      "upside_to_52w_max_percent": 0.7,
      "upside_to_52w_avg_percent": -9.5,
      "target_price_max": 1687.44,
      "target_price_avg": 1515.8,
      "risk_adjusted_upside": 0.7,
      "insider_support": false,
      "insider_companies": 0
    },
    {
      "sector": "Dow Jones U.S. Recreational Products Index",
      "current_price": 296.13,
      "upside_to_52w_max_percent": 58.9,
      "upside_to_52w_avg_percent": 26.6,
      "target_price_max": 470.56,
      "target_price_avg": 374.86,
      "risk_adjusted_upside": 58.9,
      "insider_support": false,
      "insider_companies": 0
    },
    {
      "sector": "Dow Jones U.S. Pipelines Index",
      "current_price": 1034.68,
      "upside_to_52w_max_percent": 18.9,
      "upside_to_52w_avg_percent": 4.1,
      "target_price_max": 1229.95,
      "target_price_avg": 1077.51,
      "risk_adjusted_upside": 18.9,
      "insider_support": false,
      "insider_companies": 0
    },
    {
      "sector": "Dow Jones U.S. Financial Administration Index",
      "current_price": 481.66,
      "upside_to_52w_max_percent": 41.8,
      "upside_to_52w_avg_percent": 18.4,
      "target_price_max": 683.09,
      "target_price_avg": 570.13,
      "risk_adjusted_upside": 41.8,
      "insider_support": false,
      "insider_companies": 0
    }
  ],
  "sector_correlations": {
    "sector_groups": {
      "Consumer": 2,
      "Other": 18,
      "Financial": 3,
      "Healthcare": 1,
      "Energy": 1,
      "Real Estate": 1
    },
    "group_average_scores": {
      "Consumer": 94.5,
      "Other": 64.3,
      "Financial": 81.0,
      "Healthcare": 81.0,
      "Energy": 67.0,
      "Real Estate": 61.0
    },
    "group_insider_rates": {
      "Consumer": 0.0,
      "Other": 0.0,
      "Financial": 0.0,
      "Healthcare": 0.0,
      "Energy": 0.0,
      "Real Estate": 0.0
    },
    "strongest_sector_group": "Consumer",
    "most_insider_active_group": "Consumer",
    "diversification_available": true,
    "detailed_analysis": {
      "Consumer": {
        "average_score": 94.5,
        "sector_count": 2,
        "insider_activity_count": 0,
        "insider_rate": 0.0,
        "sectors": [
          "Dow Jones U.S. Food & Beverage Index",
          "Dow Jones U.S. Food Producers Index"
        ]
      },
      "Other": {
        "average_score": 64.3,
        "sector_count": 18,
        "insider_activity_count": 0,
        "insider_rate": 0.0,
        "sectors": [
          "Dow Jones U.S. Distillers & Vintners Index",
          "Dow Jones U.S. Business Training & Employment Agencies Index",
          "Dow Jones U.S. Brewers Index",
          "Dow Jones U.S. Recreational Products Index",
          "Dow Jones U.S. Pipelines Index",
          "Dow Jones U.S. Specialty Finance Index",
          "Dow Jones U.S. Railroads Index",
          "Dow Jones U.S. Media Agencies Index",
          "Dow Jones U.S. Diversified Industrials Index",
          "Dow Jones U.S. Water Index",
          "Dow Jones U.S. Trucking Index",
          "Dow Jones U.S. Marine Transportation Index",
          "Dow Jones U.S. Gambling Index",
          "Dow Jones U.S. Commercial Vehicles & Trucks Index",
          "Dow Jones U.S. Toys Index",
          "Dow Jones U.S. Airlines Index",
          "Dow Jones U.S. Gold Mining Index",
          "Dow Jones U.S. Electrical Components & Equipment Index"
        ]
      },
      "Financial": {
        "average_score": 81.0,
        "sector_count": 3,
        "insider_activity_count": 0,
        "insider_rate": 0.0,
        "sectors": [
          "Dow Jones U.S. Insurance Index",
          "Dow Jones U.S. Financial Administration Index",
          "Dow Jones U.S. Reinsurance Index"
        ]
      },
      "Healthcare": {
        "average_score": 81.0,
        "sector_count": 1,
        "insider_activity_count": 0,
        "insider_rate": 0.0,
        "sectors": [
          "Dow Jones U.S. Health Care Index"
        ]
      },
      "Energy": {
        "average_score": 67.0,
        "sector_count": 1,
        "insider_activity_count": 0,
        "insider_rate": 0.0,
        "sectors": [
          "Dow Jones U.S. Integrated Oil & Gas Index"
        ]
      },
      "Real Estate": {
        "average_score": 61.0,
        "sector_count": 1,
        "insider_activity_count": 0,
        "insider_rate": 0.0,
        "sectors": [
          "Dow Jones U.S. Real Estate Investment & Services"
        ]
      }
    }
  },
  "trading_alerts": [
    {
      "type": "CRITICAL_OPPORTUNITY",
      "sector": "Dow Jones U.S. Food & Beverage Index",
      "message": "Oportunidad crítica: Dow Jones U.S. Food & Beverage Index a 6.9% del mínimo con 0 empresas comprando",
      "action": "COMPRAR_INMEDIATAMENTE",
      "score": 97,
      "urgency": "CRÍTICA",
      "insider_companies": 0
    },
    {
      "type": "CRITICAL_OPPORTUNITY",
      "sector": "Dow Jones U.S. Distillers & Vintners Index",
      "message": "Oportunidad crítica: Dow Jones U.S. Distillers & Vintners Index a 8.0% del mínimo con 0 empresas comprando",
      "action": "COMPRAR_INMEDIATAMENTE",
      "score": 97,
      "urgency": "CRÍTICA",
      "insider_companies": 0
    },
    {
      "type": "CRITICAL_OPPORTUNITY",
      "sector": "Dow Jones U.S. Food Producers Index",
      "message": "Oportunidad crítica: Dow Jones U.S. Food Producers Index a 4.6% del mínimo con 0 empresas comprando",
      "action": "COMPRAR_INMEDIATAMENTE",
      "score": 92,
      "urgency": "CRÍTICA",
      "insider_companies": 0
    },
    {
      "type": "CRITICAL_OPPORTUNITY",
      "sector": "Dow Jones U.S. Insurance Index",
      "message": "Oportunidad crítica: Dow Jones U.S. Insurance Index a 7.0% del mínimo con 0 empresas comprando",
      "action": "COMPRAR_INMEDIATAMENTE",
      "score": 91,
      "urgency": "CRÍTICA",
      "insider_companies": 0
    },
    {
      "type": "CRITICAL_OPPORTUNITY",
      "sector": "Dow Jones U.S. Business Training & Employment Agencies Index",
      "message": "Oportunidad crítica: Dow Jones U.S. Business Training & Employment Agencies Index a 3.3% del mínimo con 0 empresas comprando",
      "action": "COMPRAR_INMEDIATAMENTE",
      "score": 87,
      "urgency": "CRÍTICA",
      "insider_companies": 0
    },
    {
      "type": "CRITICAL_OPPORTUNITY",
      "sector": "Dow Jones U.S. Brewers Index",
      "message": "Oportunidad crítica: Dow Jones U.S. Brewers Index a 8.3% del mínimo con 0 empresas comprando",
      "action": "COMPRAR_INMEDIATAMENTE",
      "score": 85,
      "urgency": "CRÍTICA",
      "insider_companies": 0
    }
  ],
  "mapping_statistics": {
    "total_insider_tickers": 0,
    "mapped_tickers": 0,
    "mapping_coverage_percentage": 0,
    "total_mappings_available": 228,
    "sectors_with_insider_activity": 0,
    "most_active_sectors": [],
    "coverage_quality": "DEFICIENTE"
  }
}