Ticker,Sector,CurrentPrice,Min52w,Max52w,DistanceFromMin,RSI,Estado,Classification,DataPoints,AnalysisDate,FileDate,DaysAgo,BaseScore,FinalScore,InsiderActivity,InsiderTrades,InsiderValue,InsiderTickers,Signals,Urgency,RiskLevel,MappingCoverage
DJUSIS,Dow Jones U.S. Support Services Index,777.46,748.64,953.46,3.849647360547132,34.826935179358074,🟢,OPORTUNIDAD,251,2025-12-10 07:49:16,2025-12-10,0,92,92,False,0,0,[],[],CRÍTICA,BAJO,0
DJUSIV,Dow Jones U.S. Business Support Services Index,1120.78,1061.45,1395.19,5.589523764661541,32.76598826682125,🟢,OPORTUNIDAD,251,2025-12-10 07:49:16,2025-12-10,0,92,92,False,0,0,[],[],CRÍTICA,BAJO,0
DJUSFA,Dow Jones U.S. Financial Administration Index,480.71,457.18,683.09,5.146769324992338,31.182795698924807,🟢,OPORTUNIDAD,251,2025-12-10 07:49:16,2025-12-10,0,92,92,False,0,0,[],[],CRÍTICA,BAJO,0
DJUSBE,Dow Jones U.S. Business Training & Employment Agencies Index,98.48,95.19,149.31,3.456245403928991,45.89041095890404,🟢,OPORTUNIDAD,251,2025-12-10 07:49:16,2025-12-10,0,87,87,False,0,0,[],[],CRÍTICA,BAJO,0
DJUSAV,Dow Jones U.S. Media Agencies Index,362.74,346.44,679.21,4.704999422699461,48.2300056190298,🟢,OPORTUNIDAD,251,2025-12-10 07:49:16,2025-12-10,0,86,86,False,0,0,[],[],CRÍTICA,BAJO,0
DJUSVN,Dow Jones U.S. Distillers & Vintners Index,294.23,260.67,489.82,12.874515671155102,18.49770056208473,🟡,CERCA,251,2025-12-10 07:49:16,2025-12-10,0,86,86,False,0,0,[],[],CRÍTICA,BAJO,0
DJUSCM,Dow Jones U.S. Personal Products Index,380.54,341.42,452.95,11.458028235018451,22.70556124189692,🟡,CERCA,251,2025-12-10 07:49:16,2025-12-10,0,86,86,False,0,0,[],[],CRÍTICA,BAJO,0
DJUSRU,Dow Jones U.S. Restaurants & Bars Index,2857.4,2686.2,3265.8,6.373315464224566,40.9112040911204,🟢,OPORTUNIDAD,251,2025-12-10 07:49:16,2025-12-10,0,85,85,False,0,0,[],[],CRÍTICA,BAJO,0
DJUSPG,Sector PG,506.32,426.49,649.12,18.71790663321531,26.32895559724831,🟡,CERCA,251,2025-12-10 07:49:16,2025-12-10,0,84,84,False,0,0,[],[],ALTA,BAJO,0
DJUSHG,Dow Jones U.S. Household Goods & Home Construction Index,964.16,960.97,1165.88,0.3319562525364934,54.48755826931918,🟢,OPORTUNIDAD,251,2025-12-10 07:49:16,2025-12-10,0,82,82,False,0,0,[],[],ALTA,BAJO,0
DJUSRN,Dow Jones U.S. Residential REITs Index,208.83,206.56,263.03,1.0989542989930334,56.98294243070357,🟢,OPORTUNIDAD,251,2025-12-10 07:49:16,2025-12-10,0,82,82,False,0,0,[],[],ALTA,BAJO,0
DJUSRP,Dow Jones U.S. Recreational Products Index,283.62,279.15,465.27,1.601289629231606,57.40643120716923,🟢,OPORTUNIDAD,251,2025-12-10 07:49:16,2025-12-10,0,81,81,False,0,0,[],[],ALTA,BAJO,0
DJUSFB,Dow Jones U.S. Food & Beverage Index,692.95,668.77,770.54,3.615592804701177,58.56675154601668,🟢,OPORTUNIDAD,251,2025-12-10 07:49:16,2025-12-10,0,81,81,False,0,0,[],[],ALTA,BAJO,0
DJUSHI,Dow Jones U.S. Home Improvement Retailers Index,782.15,705.04,940.02,10.93696811528424,39.17099126322014,🟡,CERCA,251,2025-12-10 07:49:16,2025-12-10,0,81,81,False,0,0,[],[],ALTA,BAJO,0
DJUSCP,Dow Jones U.S. Containers & Packaging Index,394.81,388.62,517.19,1.592815603931861,51.33867796097411,🟢,OPORTUNIDAD,251,2025-12-10 07:49:16,2025-12-10,0,81,81,False,0,0,[],[],ALTA,BAJO,0
DJUSTK,Dow Jones U.S. Trucking Index,1543.33,1244.48,1923.64,24.01404602725636,18.820249977520007,🟡,CERCA,251,2025-12-10 07:49:16,2025-12-10,0,81,81,False,0,0,[],[],ALTA,BAJO,0
DJUSNG,Dow Jones U.S. Personal & Household Goods Index,964.5,909.61,1081.16,6.034454326579521,50.26484527460275,🟢,OPORTUNIDAD,251,2025-12-10 07:49:16,2025-12-10,0,80,80,False,0,0,[],[],ALTA,BAJO,0
DJUSDB,Dow Jones U.S. Brewers Index,461.64,438.36,659.78,5.310703531344094,57.99261240606294,🟢,OPORTUNIDAD,251,2025-12-10 07:49:16,2025-12-10,0,80,80,False,0,0,[],[],ALTA,BAJO,0
DJUSIR,Dow Jones U.S. Insurance Index,1302.21,1239.53,1458.0,5.056755383088757,55.65998329156219,🟢,OPORTUNIDAD,251,2025-12-10 07:49:16,2025-12-10,0,80,80,False,0,0,[],[],ALTA,BAJO,0
DJUSFR,Dow Jones U.S. Forestry & Paper Index,744.09,703.58,886.08,5.757696352937831,59.33209215731904,🟢,OPORTUNIDAD,251,2025-12-10 07:49:16,2025-12-10,0,80,80,False,0,0,[],[],ALTA,BAJO,0
DJUSPL,Dow Jones U.S. Pipelines Index,1040.63,925.07,1229.95,12.492027630341491,38.64757358790774,🟡,CERCA,251,2025-12-10 07:49:16,2025-12-10,0,80,80,False,0,0,[],[],ALTA,BAJO,0
DJUSIX,Dow Jones U.S. Nonlife Insurance Index,1281.11,1215.03,1458.15,5.438548842415408,58.453152899163605,🟢,OPORTUNIDAD,251,2025-12-10 07:49:16,2025-12-10,0,80,80,False,0,0,[],[],ALTA,BAJO,0
DJUSPC,Dow Jones U.S. Waste & Disposal Services Index,623.95,589.23,708.03,5.892435890908478,51.714495952906496,🟢,OPORTUNIDAD,251,2025-12-10 07:49:16,2025-12-10,0,80,80,False,0,0,[],[],ALTA,BAJO,0
DJUSBV,Dow Jones U.S. Beverages Index,951.99,875.4,1013.26,8.749143248800552,55.030916245081485,🟢,OPORTUNIDAD,251,2025-12-10 07:49:16,2025-12-10,0,79,79,False,0,0,[],[],ALTA,BAJO,0
DJUSFD,Dow Jones U.S. Food Retailers & Wholesalers Index,1172.78,1099.62,1346.72,6.65320747167204,56.34532584105671,🟢,OPORTUNIDAD,251,2025-12-10 07:49:16,2025-12-10,0,79,79,False,0,0,[],[],ALTA,BAJO,0
DJUSWU,Dow Jones U.S. Water Index,2655.6,2432.7,3135.8,9.162658774201509,58.85346905973747,🟢,OPORTUNIDAD,251,2025-12-10 07:49:16,2025-12-10,0,78,78,False,0,0,[],[],ALTA,BAJO,0
DJUSSP,Dow Jones U.S. Specialty Finance Index,737.01,671.1,803.35,9.82118909253464,58.56829000366172,🟢,OPORTUNIDAD,251,2025-12-10 07:49:16,2025-12-10,0,78,78,False,0,0,[],[],ALTA,BAJO,0
DJUSIL,Dow Jones U.S. Life Insurance Index,1276.15,1077.94,1349.12,18.38785090079225,34.927211646136456,🟡,CERCA,251,2025-12-10 07:49:16,2025-12-10,0,78,78,False,0,0,[],[],ALTA,BAJO,0
DJUSFT,Dow Jones U.S. Footwear Index,1384.2,1186.7,1942.6,16.642790932838963,38.70716510903426,🟡,CERCA,251,2025-12-10 07:49:16,2025-12-10,0,78,78,False,0,0,[],[],ALTA,BAJO,0
DJUSIP,Dow Jones U.S. Property & Casualty Insurance Index,1925.96,1755.13,2065.57,9.733182157447022,57.21035947126024,🟢,OPORTUNIDAD,251,2025-12-10 07:49:16,2025-12-10,0,78,78,False,0,0,[],[],ALTA,BAJO,0
DJUSMC,Dow Jones U.S. Health Care Equipment & Services Index,2282.8,2083.0,2541.8,9.591934709553538,53.09909198578757,🟢,OPORTUNIDAD,251,2025-12-10 07:49:16,2025-12-10,0,78,78,False,0,0,[],[],ALTA,BAJO,0
DJUSME,Dow Jones U.S. Media Index,794.39,662.35,912.13,19.935079640673354,39.38115330520392,🟡,CERCA,251,2025-12-10 07:49:16,2025-12-10,0,77,77,False,0,0,[],[],ALTA,BAJO,0
DJUSPB,Dow Jones U.S. Publishing Index,817.61,663.16,874.35,23.290005428554203,38.51195533438519,🟡,CERCA,251,2025-12-10 07:49:16,2025-12-10,0,76,76,False,0,0,[],[],ALTA,BAJO,0
DJUSCS,Dow Jones U.S. Specialized Consumer Services Index,2343.1,2326.4,3402.3,0.7178473177441462,63.47935973041283,🟢,OPORTUNIDAD,251,2025-12-10 07:49:16,2025-12-10,0,76,76,False,0,0,[],[],ALTA,MEDIO,0
DJUSFO,Dow Jones U.S. Food Producers Index,353.89,353.33,428.42,0.1584920612458614,63.47775516138412,🟢,OPORTUNIDAD,251,2025-12-10 07:49:16,2025-12-10,0,76,76,False,0,0,[],[],ALTA,MEDIO,0
DJUSBC,Dow Jones U.S. Broadcasting & Entertainment Index,1173.4,962.0,1294.9,21.975051975051983,38.94261766602185,🟡,CERCA,251,2025-12-10 07:49:16,2025-12-10,0,76,76,False,0,0,[],[],ALTA,BAJO,0
DJUSFP,Dow Jones U.S. Food Products Index,492.73,491.33,625.15,0.2849408747684924,63.25120884181435,🟢,OPORTUNIDAD,251,2025-12-10 07:49:16,2025-12-10,0,76,76,False,0,0,[],[],ALTA,MEDIO,0
DJUSHN,Dow Jones U.S. Nondurable Household Products Index,1081.04,1069.63,1420.24,1.06672400736702,63.93997170797708,🟢,OPORTUNIDAD,251,2025-12-10 07:49:16,2025-12-10,0,76,76,False,0,0,[],[],ALTA,MEDIO,0
DJUSCC,Dow Jones U.S. Commodity Chemicals Index,611.06,608.9,794.88,0.3547380522253191,71.88355312266734,🟢,OPORTUNIDAD,251,2025-12-10 07:49:16,2025-12-10,0,76,76,False,0,0,[],[],ALTA,MEDIO,0
DJUSBD,Dow Jones U.S. Building Materials & Fixtures Index,2328.3,1876.9,2514.3,24.050295700356976,35.21126760563378,🟡,CERCA,251,2025-12-10 07:49:16,2025-12-10,0,75,75,False,0,0,[],[],ALTA,BAJO,0
DJUSWC,Dow Jones U.S. Mobile Telecommunications Index,369.47,360.57,458.56,2.4683140582965954,65.9548505186089,🟢,OPORTUNIDAD,251,2025-12-10 07:49:16,2025-12-10,0,75,75,False,0,0,[],[],ALTA,MEDIO,0
DJUSSF,Dow Jones U.S. Consumer Finance Index,771.03,619.26,809.9,24.5082840809999,31.992337164750992,🟡,CERCA,251,2025-12-10 07:49:16,2025-12-10,0,75,75,False,0,0,[],[],ALTA,BAJO,0
DJUSIB,Dow Jones U.S. Insurance Brokers Index,678.04,658.66,891.38,2.9423374730513463,60.549861721164895,🟢,OPORTUNIDAD,251,2025-12-10 07:49:16,2025-12-10,0,75,75,False,0,0,[],[],ALTA,MEDIO,0
DJUSTL,Dow Jones U.S. Telecommunications Index,166.39,155.76,199.75,6.824601951720593,68.36894215737361,🟢,OPORTUNIDAD,251,2025-12-10 07:49:16,2025-12-10,0,73,73,False,0,0,[],[],MEDIA,MEDIO,0
DJUSCX,Dow Jones U.S. Specialty Chemicals Index,1037.77,863.05,1145.31,20.244481779734667,42.73934554292161,🟡,CERCA,251,2025-12-10 07:49:16,2025-12-10,0,71,71,False,0,0,[],[],MEDIA,BAJO,0
DJUSHP,Dow Jones U.S. Health Care Providers Index,2550.8,2106.6,3374.9,21.086110319946847,46.627373935821815,🟡,CERCA,251,2025-12-10 07:49:16,2025-12-10,0,71,71,False,0,0,[],[],MEDIA,BAJO,0
DJUSEN,Dow Jones U.S. Oil & Gas Index,763.62,623.85,792.27,22.404424140418367,49.274888234652686,🟡,CERCA,251,2025-12-10 07:49:16,2025-12-10,0,70,70,False,0,0,[],[],MEDIA,BAJO,0
DJUSGI,Dow Jones U.S. General Industrials Index,681.29,613.23,783.86,11.09860900477797,52.31874591770089,🟡,CERCA,251,2025-12-10 07:49:16,2025-12-10,0,69,69,False,0,0,[],[],MEDIA,BAJO,0
DJUSRR,Dow Jones U.S. Railroads Index,3488.4,2788.9,3569.0,25.08157338018573,28.414442700157025,🔴,FUERTE,251,2025-12-10 07:49:16,2025-12-10,0,69,69,False,0,0,[],[],MEDIA,BAJO,0
DJUSIU,Dow Jones U.S. Reinsurance Index,514.86,467.58,573.95,10.111638650070583,51.21666342223087,🟡,CERCA,251,2025-12-10 07:49:16,2025-12-10,0,69,69,False,0,0,[],[],MEDIA,BAJO,0
DJUSIT,Dow Jones U.S. Industrial Transportation Index,1560.6,1243.5,1668.3,25.5006031363088,21.21782799748911,🔴,FUERTE,251,2025-12-10 07:49:16,2025-12-10,0,69,69,False,0,0,[],[],MEDIA,BAJO,0
DJUSSD,Dow Jones U.S. Soft Drinks Index,929.2,835.84,972.52,11.169601837672282,57.46071478236681,🟡,CERCA,251,2025-12-10 07:49:16,2025-12-10,0,69,69,False,0,0,[],[],MEDIA,BAJO,0
DJUSCA,Dow Jones U.S. Gambling Index,661.1,513.6,786.57,28.718847352024923,19.91182200348601,🔴,FUERTE,251,2025-12-10 07:49:16,2025-12-10,0,68,68,False,0,0,[],[],MEDIA,BAJO,0
DJUSRI,Dow Jones U.S. Real Estate Investment Trusts Index,143.99,126.8,155.77,13.556782334384868,57.64150943396227,🟡,CERCA,251,2025-12-10 07:49:16,2025-12-10,0,68,68,False,0,0,[],[],MEDIA,BAJO,0
DJUSAM,Dow Jones U.S. Medical Equipment Index,2959.5,2589.3,3151.1,14.29730042868728,56.06729178157748,🟡,CERCA,251,2025-12-10 07:49:16,2025-12-10,0,67,67,False,0,0,[],[],MEDIA,BAJO,0
DJUSFI,Dow Jones U.S. Financial Services Index,2472.2,1907.9,2532.3,29.577021856491413,26.987537602062787,🔴,FUERTE,251,2025-12-10 07:49:16,2025-12-10,0,67,67,False,0,0,[],[],MEDIA,BAJO,0
DJUSGF,Dow Jones U.S. Financial Services Index,2771.0,2138.5,2838.4,29.576806172550853,26.983518589497848,🔴,FUERTE,251,2025-12-10 07:49:16,2025-12-10,0,67,67,False,0,0,[],[],MEDIA,BAJO,0
DJUSRE,Dow Jones U.S. Real Estate Index,356.87,311.91,382.25,14.414414414414406,54.12778176597275,🟡,CERCA,251,2025-12-10 07:49:16,2025-12-10,0,67,67,False,0,0,[],[],MEDIA,BAJO,0
DJUSFE,Dow Jones U.S. Industrial Machinery Index,1292.84,969.18,1316.68,33.39524133803834,29.611523352248,🔴,FUERTE,251,2025-12-10 07:49:16,2025-12-10,0,66,66,False,0,0,[],[],MEDIA,BAJO,0
DJUSHC,Dow Jones U.S. Health Care Index,1594.14,1344.15,1687.44,18.598370717553845,56.7664974619289,🟡,CERCA,251,2025-12-10 07:49:16,2025-12-10,0,66,66,False,0,0,[],[],MEDIA,BAJO,0
DJUSOL,Dow Jones U.S. Integrated Oil & Gas Index,754.39,645.42,801.92,16.8835796845465,57.39562854169073,🟡,CERCA,251,2025-12-10 07:49:16,2025-12-10,0,66,66,False,0,0,[],[],MEDIA,BAJO,0
DJUSRL,Dow Jones U.S. Retail REITs Index,98.14,83.32,103.81,17.786845895343266,57.10843373493967,🟡,CERCA,251,2025-12-10 07:49:16,2025-12-10,0,66,66,False,0,0,[],[],MEDIA,BAJO,0
DJUSHD,Dow Jones U.S. Durable Household Products Index,125.66,94.51,179.28,32.9594751878108,12.483311081441885,🔴,FUERTE,251,2025-12-10 07:49:16,2025-12-10,0,66,66,False,0,0,[],[],MEDIA,BAJO,0
DJUSDV,Dow Jones U.S. Computer Services Index,304.82,231.08,312.52,31.91102648433442,20.433092726263112,🔴,FUERTE,251,2025-12-10 07:49:16,2025-12-10,0,66,66,False,0,0,[],[],MEDIA,BAJO,0
DJUSMS,Dow Jones U.S. Medical Supplies Index,1808.66,1493.05,1967.6,21.13860888784703,58.53441988775089,🟡,CERCA,251,2025-12-10 07:49:16,2025-12-10,0,65,65,False,0,0,[],[],MEDIA,BAJO,0
DJUSEH,Dow Jones U.S. Real Estate Holding & Development Index,68.56,50.8,70.25,34.96062992125986,14.989517819706547,🔴,FUERTE,196,2025-12-10 07:49:16,2025-12-10,0,65,65,False,0,0,[],[],MEDIA,BAJO,0
DJUSID,Dow Jones U.S. Diversified Industrials Index,920.33,767.22,1017.95,19.95646620265374,52.53170684480584,🟡,CERCA,251,2025-12-10 07:49:16,2025-12-10,0,65,65,False,0,0,[],[],MEDIA,BAJO,0
DJUSRA,Dow Jones U.S. Apparel Retailers Index,2040.16,1490.78,2051.98,36.85184936744524,26.970241349683647,🔴,FUERTE,251,2025-12-10 07:49:16,2025-12-10,0,64,64,False,0,0,[],[],MEDIA,BAJO,0
DJUSOG,Dow Jones U.S. Oil & Gas Producers,862.0,707.01,896.57,21.921896437108387,52.97118564005668,🟡,CERCA,251,2025-12-10 07:49:16,2025-12-10,0,64,64,False,0,0,[],[],MEDIA,BAJO,0
DJUSSR,Dow Jones U.S. Specialty REITs Index,252.61,229.18,274.94,10.223405183698404,62.67171956418754,🟡,CERCA,251,2025-12-10 07:49:16,2025-12-10,0,63,63,False,0,0,[],[],MEDIA,MEDIO,0
DJUSMR,Dow Jones U.S. Mortgage REITs Index,31.1,24.64,32.68,26.21753246753247,35.664335664335695,🔴,FUERTE,251,2025-12-10 07:49:16,2025-12-10,0,63,63,False,0,0,[],[],MEDIA,BAJO,0
DJUSCH,Dow Jones U.S. Chemicals Index,1883.99,1497.87,2050.51,25.77793800530087,38.208575581395344,🔴,FUERTE,251,2025-12-10 07:49:16,2025-12-10,0,63,63,False,0,0,[],[],MEDIA,BAJO,0
DJUSES,Dow Jones U.S. Real Estate Services Index,339.34,268.15,392.49,26.548573559574866,36.74033149171269,🔴,FUERTE,251,2025-12-10 07:49:16,2025-12-10,0,62,62,False,0,0,[],[],MEDIA,BAJO,0
DJUSAF,Dow Jones U.S. Delivery Services Index,1180.3,916.9,1315.0,28.72723306794634,30.97617217524973,🔴,FUERTE,251,2025-12-10 07:49:16,2025-12-10,0,62,62,False,0,0,[],[],MEDIA,BAJO,0
DJUSMU,Dow Jones U.S. Multiutilities Index,279.11,249.55,299.75,11.845321578841917,72.14837712519319,🟡,CERCA,251,2025-12-10 07:49:16,2025-12-10,0,62,62,False,0,0,[],[],MEDIA,ALTO,0
DJUSRH,Dow Jones U.S. Real Estate Investment & Services,711.67,563.1,822.79,26.38430118984193,36.73611648981487,🔴,FUERTE,251,2025-12-10 07:49:16,2025-12-10,0,62,62,False,0,0,[],[],MEDIA,BAJO,0
DJUSAG,Dow Jones U.S. Asset Managers Index,398.55,273.77,426.58,45.578405230668096,13.666421748714171,🔴,FUERTE,251,2025-12-10 07:49:16,2025-12-10,0,61,61,False,0,0,[],[],MEDIA,MEDIO,0
DJUSFC,Dow Jones U.S. Fixed Line Telecommunications Index,146.2,127.84,175.95,14.361702127659562,65.79487179487177,🟡,CERCA,251,2025-12-10 07:49:16,2025-12-10,0,61,61,False,0,0,[],[],MEDIA,MEDIO,0
DJUSMF,Dow Jones U.S. Mortgage Finance Index,12.94,9.98,13.76,29.65931863727454,35.40856031128402,🔴,FUERTE,251,2025-12-10 07:49:16,2025-12-10,0,61,61,False,0,0,[],[],MEDIA,BAJO,0
DJUSRB,Dow Jones U.S. Broadline Retailers Index,4831.9,3641.4,5185.7,32.6934695446806,33.23738246018044,🔴,FUERTE,251,2025-12-10 07:49:16,2025-12-10,0,60,60,False,0,0,[],[],MEDIA,BAJO,0
DJUSIQ,Dow Jones U.S. Industrial Engineering Index,4878.2,3318.0,4979.6,47.02230259192284,27.606887212226724,🔴,FUERTE,251,2025-12-10 07:49:16,2025-12-10,0,60,60,False,0,0,[],[],MEDIA,MEDIO,0
DJUSRS,Dow Jones U.S. Specialty Retailers Index,4110.9,3427.2,4908.8,19.949229691876745,71.44099739054793,🟡,CERCA,251,2025-12-10 07:49:16,2025-12-10,0,59,59,False,0,0,[],[],BAJA,ALTO,0
DJUSSB,Dow Jones U.S. Investment Services Index,3077.1,2060.8,3107.1,49.31579968944098,26.12396914072889,🔴,FUERTE,251,2025-12-10 07:49:16,2025-12-10,0,59,59,False,0,0,[],[],BAJA,MEDIO,0
DJUSUT,Dow Jones U.S. Utilities Index,422.48,353.79,466.02,19.4154724554114,69.37992755167271,🟡,CERCA,251,2025-12-10 07:49:16,2025-12-10,0,59,59,False,0,0,[],[],BAJA,MEDIO,0
DJUSIG,Dow Jones U.S. Industrial Goods & Services Index,1476.85,1094.74,1511.78,34.904178161024525,34.68239564428313,🔴,FUERTE,251,2025-12-10 07:49:16,2025-12-10,0,59,59,False,0,0,[],[],BAJA,BAJO,0
DJUSCN,Dow Jones U.S. Construction & Materials Index,2025.87,1484.39,2140.56,36.47828400891947,36.69502305612982,🔴,FUERTE,251,2025-12-10 07:49:16,2025-12-10,0,58,58,False,0,0,[],[],BAJA,BAJO,0
DJUSGU,Dow Jones U.S. Gas Distribution Index,376.83,309.31,397.36,21.829232808509254,60.69948186528492,🟡,CERCA,251,2025-12-10 07:49:16,2025-12-10,0,58,58,False,0,0,[],[],BAJA,MEDIO,0
DJUSDR,Dow Jones U.S. Food & Drug Retailers Index,1595.73,1311.44,1697.13,21.677697797840537,67.48214172830134,🟡,CERCA,251,2025-12-10 07:49:16,2025-12-10,0,58,58,False,0,0,[],[],BAJA,MEDIO,0
DJUSEU,Dow Jones U.S. Electricity Index,421.94,340.99,471.47,23.73969911141089,67.2886297376094,🟡,CERCA,251,2025-12-10 07:49:16,2025-12-10,0,58,58,False,0,0,[],[],BAJA,MEDIO,0
DJUSIO,Dow Jones U.S. Industrial & Office REITs Index,108.96,79.12,111.84,37.7148634984833,39.44562899786789,🔴,FUERTE,251,2025-12-10 07:49:16,2025-12-10,0,58,58,False,0,0,[],[],BAJA,BAJO,0
DJUSDT,Dow Jones U.S. Diversified REITs Index,55.92,45.49,60.0,22.928116069465812,67.55555555555554,🟡,CERCA,251,2025-12-10 07:49:16,2025-12-10,0,58,58,False,0,0,[],[],BAJA,MEDIO,0
DJUSVE,Dow Jones U.S. Conventional Electricity Index,423.02,341.92,472.89,23.718998596162837,67.20325833979832,🟡,CERCA,251,2025-12-10 07:49:16,2025-12-10,0,58,58,False,0,0,[],[],BAJA,MEDIO,0
DJUSTT,Dow Jones U.S. Travel & Tourism Index,1334.61,957.74,1432.9,39.34992795539498,38.80066065303014,🔴,FUERTE,251,2025-12-10 07:49:16,2025-12-10,0,57,57,False,0,0,[],[],BAJA,BAJO,0
DJUSTB,Dow Jones U.S. Tobacco Index,1028.23,824.94,1210.02,24.64300433970955,60.72108939532916,🟡,CERCA,251,2025-12-10 07:49:16,2025-12-10,0,57,57,False,0,0,[],[],BAJA,MEDIO,0
DJUSRT,Dow Jones U.S. Retail Index,3079.4,2453.4,3267.5,25.51561098883182,41.19612429001,🔴,FUERTE,251,2025-12-10 07:49:16,2025-12-10,0,57,57,False,0,0,[],[],BAJA,BAJO,0
DJUSMT,Dow Jones U.S. Marine Transportation Index,367.09,261.01,402.11,40.64212099153288,35.40856031128405,🔴,FUERTE,251,2025-12-10 07:49:16,2025-12-10,0,57,57,False,0,0,[],[],BAJA,MEDIO,0
DJUSGT,Dow Jones U.S. General Retailers Index,3425.6,2720.3,3649.5,25.927287431533276,40.04094764551041,🔴,FUERTE,251,2025-12-10 07:49:16,2025-12-10,0,57,57,False,0,0,[],[],BAJA,BAJO,0
DJUSSV,Dow Jones U.S. Software & Computer Services Index,8673.8,5509.7,8975.6,57.4278091366136,26.027676027676023,🔴,FUERTE,251,2025-12-10 07:49:16,2025-12-10,0,56,56,False,0,0,[],[],BAJA,MEDIO,0
DJUSOI,Dow Jones U.S. Oil Equipment & Services Index,283.36,198.86,291.9,42.49220557175902,36.02221634488232,🔴,FUERTE,251,2025-12-10 07:49:16,2025-12-10,0,56,56,False,0,0,[],[],BAJA,MEDIO,0
DJUSST,Dow Jones U.S. Iron & Steel Index,655.96,416.26,683.72,57.58420218132899,28.570074860229354,🔴,FUERTE,251,2025-12-10 07:49:16,2025-12-10,0,56,56,False,0,0,[],[],BAJA,MEDIO,0
DJUSNF,Dow Jones U.S. Nonferrous Metals Index,599.28,372.55,655.27,60.85894510803917,23.455973542786296,🔴,FUERTE,251,2025-12-10 07:49:16,2025-12-10,0,55,55,False,0,0,[],[],BAJA,MEDIO,0
DJUSIM,Dow Jones U.S. Industrial Metals & Mining Index,559.26,350.58,572.56,59.52421701180901,23.579366743552114,🔴,FUERTE,251,2025-12-10 07:49:16,2025-12-10,0,55,55,False,0,0,[],[],BAJA,MEDIO,0
DJUSDS,Dow Jones U.S. Industrial Suppliers Index,894.48,683.22,994.97,30.92122595942741,41.293741588156095,🔴,FUERTE,251,2025-12-10 07:49:16,2025-12-10,0,55,55,False,0,0,[],[],BAJA,BAJO,0
DJUSOS,Dow Jones U.S. Exploration & Production Index,1064.37,821.29,1097.99,29.597340768790552,47.87267570122913,🔴,FUERTE,251,2025-12-10 07:49:16,2025-12-10,0,55,55,False,0,0,[],[],BAJA,BAJO,0
DJUSHB,Dow Jones U.S. Home Construction Index,2452.43,1872.38,2900.07,30.97928839231351,40.76209179310127,🔴,FUERTE,251,2025-12-10 07:49:16,2025-12-10,0,55,55,False,0,0,[],[],BAJA,BAJO,0
DJUSLG,Dow Jones U.S. Hotels Index,4320.2,3245.4,4663.6,33.117643433783186,48.7365669474296,🔴,FUERTE,251,2025-12-10 07:49:16,2025-12-10,0,54,54,False,0,0,[],[],BAJA,BAJO,0
DJUSHR,Dow Jones U.S. Commercial Vehicles & Trucks Index,6335.7,3916.0,6492.7,61.790091930541365,28.410036865263507,🔴,FUERTE,251,2025-12-10 07:49:16,2025-12-10,0,54,54,False,0,0,[],[],BAJA,MEDIO,0
DJUSFH,Dow Jones U.S. Furnishings Index,480.7,319.67,507.6,50.37382300497387,33.30583382439602,🔴,FUERTE,251,2025-12-10 07:49:16,2025-12-10,0,53,53,False,0,0,[],[],BAJA,MEDIO,0
DJUSBK,Dow Jones U.S. Banks Index,791.45,521.55,813.97,51.74959256063658,31.93088637251076,🔴,FUERTE,251,2025-12-10 07:49:16,2025-12-10,0,52,52,False,0,0,[],[],BAJA,MEDIO,0
DJUSDN,Dow Jones U.S. Defense Index,753.57,598.11,850.34,25.99187440437378,56.23933568422245,🔴,FUERTE,251,2025-12-10 07:49:16,2025-12-10,0,51,51,False,0,0,[],[],BAJA,BAJO,0
DJUSAT,Dow Jones U.S. Auto Parts Index,401.14,288.25,447.84,39.16392020815264,49.37489296112351,🔴,FUERTE,251,2025-12-10 07:49:16,2025-12-10,0,51,51,False,0,0,[],[],BAJA,BAJO,0
DJUSSW,Dow Jones U.S. Software Index,8187.8,5758.2,9040.0,42.1937410996492,41.50220348725807,🔴,FUERTE,251,2025-12-10 07:49:16,2025-12-10,0,50,50,False,0,0,[],[],BAJA,MEDIO,0
DJUSHL,Dow Jones U.S. Hotel & Lodging REITs Index,92.85,65.02,103.03,42.802214703168254,45.90769230769232,🔴,FUERTE,251,2025-12-10 07:49:16,2025-12-10,0,50,50,False,0,0,[],[],BAJA,MEDIO,0
DJUSCT,Dow Jones U.S. Telecommunications Equipment Index,2728.2,1708.47,2774.98,59.68673725614144,32.34471046903779,🔴,FUERTE,251,2025-12-10 07:49:16,2025-12-10,0,49,49,False,0,0,[],[],BAJA,MEDIO,0
DJUSPN,Dow Jones U.S. Pharmaceuticals & Biotechnology Index,1276.6,960.01,1360.66,32.97778148144289,58.486791786785936,🔴,FUERTE,251,2025-12-10 07:49:16,2025-12-10,0,48,48,False,0,0,[],[],BAJA,BAJO,0
DJUSPR,Dow Jones U.S. Pharmaceuticals Index,1009.57,765.56,1089.83,31.873399864151747,56.00373981568048,🔴,FUERTE,251,2025-12-10 07:49:16,2025-12-10,0,48,48,False,0,0,[],[],BAJA,BAJO,0
DJUSLE,Dow Jones U.S. Leisure Goods Index,1067.0,724.03,1249.95,47.36958413325415,47.312599681020735,🔴,FUERTE,251,2025-12-10 07:49:16,2025-12-10,0,48,48,False,0,0,[],[],BAJA,MEDIO,0
DJUSRQ,Dow Jones U.S. Recreational Services Index,163.51,110.98,215.97,47.332852766264175,48.78199198273205,🔴,FUERTE,251,2025-12-10 07:49:16,2025-12-10,0,48,48,False,0,0,[],[],BAJA,MEDIO,0
DJUSTC,Dow Jones U.S. Technology Index,9020.8,5115.5,9259.3,76.34248851529664,24.18586179507548,🔴,FUERTE,251,2025-12-10 07:49:16,2025-12-10,0,48,48,False,0,0,[],[],BAJA,MEDIO,0
DJUSCR,Dow Jones U.S. Computer Hardware Index,13948.7,8364.8,14401.2,66.754734123948,34.22981404082621,🔴,FUERTE,251,2025-12-10 07:49:16,2025-12-10,0,46,46,False,0,0,[],[],BAJA,MEDIO,0
DJUSAR,Dow Jones U.S. Airlines Index,250.24,137.83,259.72,81.55699049553797,15.535982008995532,🔴,FUERTE,251,2025-12-10 07:49:16,2025-12-10,0,46,46,False,0,0,[],[],BAJA,MEDIO,0
DJUSTY,Dow Jones U.S. Toys Index,1773.1,1149.53,2066.13,54.24564822144702,46.82550426424802,🔴,FUERTE,251,2025-12-10 07:49:16,2025-12-10,0,45,45,False,0,0,[],[],BAJA,MEDIO,0
DJUSNS,Dow Jones U.S. Internet Index,7149.9,3842.4,7284.5,86.07901311680199,25.364831671723778,🔴,FUERTE,251,2025-12-10 07:49:16,2025-12-10,0,45,45,False,0,0,[],[],BAJA,MEDIO,0
DJUSAE,Dow Jones U.S. Aerospace & Defense Index,2762.6,1861.2,3004.0,48.43111970771544,53.23965651834505,🔴,FUERTE,251,2025-12-10 07:49:16,2025-12-10,0,42,42,False,0,0,[],[],BAJA,MEDIO,0
DJUSBS,Dow Jones U.S. Basic Resources Index,488.59,274.91,496.35,77.72725619293584,30.10981981021429,🔴,FUERTE,251,2025-12-10 07:49:16,2025-12-10,0,42,42,False,0,0,[],[],BAJA,MEDIO,0
DJUSBT,Dow Jones U.S. Biotechnology Index,3086.2,2297.4,3252.2,34.33446504744492,60.22590723383808,🔴,FUERTE,251,2025-12-10 07:49:16,2025-12-10,0,41,41,False,0,0,[],[],BAJA,MEDIO,0
DJUSTQ,Dow Jones U.S. Technology Hardware & Equipment Index,10480.1,5326.7,10826.1,96.74657855708038,26.78139875503487,🔴,FUERTE,251,2025-12-10 07:49:16,2025-12-10,0,40,40,False,0,0,[],[],BAJA,MEDIO,0
DJUSTR,Dow Jones U.S. Tires Index,10480.1,5326.7,10826.1,96.74657855708038,26.78139875503487,🔴,FUERTE,251,2025-12-10 07:49:16,2025-12-10,0,40,40,False,0,0,[],[],BAJA,MEDIO,0
DJUSAP,Dow Jones U.S. Automobiles & Parts Index,1665.92,845.49,1748.7,97.0360382736638,27.274068827105825,🔴,FUERTE,251,2025-12-10 07:49:16,2025-12-10,0,40,40,False,0,0,[],[],BAJA,MEDIO,0
DJUSAU,Dow Jones U.S. Automobiles Index,1526.85,758.25,1613.6,101.36498516320474,27.30769230769228,🔴,FUERTE,251,2025-12-10 07:49:16,2025-12-10,0,39,39,False,0,0,[],[],BAJA,MEDIO,0
DJUSAL,Dow Jones U.S. Aluminum Index,148.5,73.62,153.56,101.71149144254277,20.95823095823096,🔴,FUERTE,251,2025-12-10 07:49:16,2025-12-10,0,39,39,False,0,0,[],[],BAJA,MEDIO,0
DJUSAI,Dow Jones U.S. Electronic Equipment Index,1893.03,913.78,1911.45,107.16474424916282,25.391937290033567,🔴,FUERTE,251,2025-12-10 07:49:16,2025-12-10,0,39,39,False,0,0,[],[],BAJA,MEDIO,0
DJUSSC,Dow Jones U.S. Semiconductors Index,29267.1,12938.1,31044.1,126.20863959932292,28.732028753993603,🔴,FUERTE,251,2025-12-10 07:49:16,2025-12-10,0,39,39,False,0,0,[],[],BAJA,MEDIO,0
DJUSEC,Dow Jones U.S. Electrical Components & Equipment Index,1058.5,562.61,1092.13,88.14098576278417,33.19029162052421,🔴,FUERTE,251,2025-12-10 07:49:16,2025-12-10,0,38,38,False,0,0,[],[],BAJA,MEDIO,0
DJUSAS,Dow Jones U.S. Aerospace Index,3015.6,1883.9,3261.9,60.07219066829448,52.08633093525182,🔴,FUERTE,251,2025-12-10 07:49:16,2025-12-10,0,37,37,False,0,0,[],[],BAJA,MEDIO,0
DJUSEE,Dow Jones U.S. Electronic & Electrical Equipment Index,1249.89,643.85,1263.86,94.12751417255572,30.36043038906841,🔴,FUERTE,251,2025-12-10 07:49:16,2025-12-10,0,35,35,False,0,0,[],[],BAJA,MEDIO,0
DJUSPM,Dow Jones U.S. Gold Mining Index,243.52,94.85,251.35,156.74222456510282,38.34892846362813,🔴,FUERTE,251,2025-12-10 07:49:16,2025-12-10,0,33,33,False,0,0,[],[],BAJA,MEDIO,0
DJUSMG,Dow Jones U.S. Mining Index,212.02,84.25,223.28,151.6557863501484,38.60970057783223,🔴,FUERTE,251,2025-12-10 07:49:16,2025-12-10,0,33,33,False,0,0,[],[],BAJA,MEDIO,0
DJUSRD,Dow Jones U.S. Drug Retailers Index,1390.03,878.77,1533.48,58.17904571161965,70.7581404472342,🔴,FUERTE,251,2025-12-10 07:49:16,2025-12-10,0,32,32,False,0,0,[],[],BAJA,ALTO,0
DJUSHV,Dow Jones U.S. Heavy Construction Index,2248.61,1138.85,2402.18,97.44566887649825,42.32726079107169,🔴,FUERTE,251,2025-12-10 07:49:16,2025-12-10,0,28,28,False,0,0,[],[],BAJA,MEDIO,0
