Ticker,Insider,Title,Date,Type,Price,Qty,Owned,Value,Source,ScrapedAt,Chart_Daily,Chart_Weekly
2025-06-30 11:49:01,CAEP,"Cantor Equity Partners Iii, Inc.",10%,P - Purchase,10.0,580000,580000,5%,OpenInsider.com,2025-06-30 11:49:01,reports/graphs/CAEP_d.png,reports/graphs/CAEP_w.png
2025-06-30 11:49:01,VERA,"Vera Therapeutics, Inc.",Dir,P - Purchase,21.11,250000,3596593,5%,OpenInsider.com,2025-06-30 11:49:01,reports/graphs/VERA_d.png,reports/graphs/VERA_w.png
2025-06-30 11:49:01,SONO,Sonos Inc,10%,P - Purchase,10.03,423428,26200780,4%,OpenInsider.com,2025-06-30 11:49:01,reports/graphs/SONO_d.png,reports/graphs/SONO_w.png
2025-06-30 11:49:01,AXINU,Axiom Intelligence Acquisition Corp 1,10%,P - Purchase,10.0,400000,400000,4%,OpenInsider.com,2025-06-30 11:49:01,reports/graphs/AXINU_d.png,reports/graphs/AXINU_w.png
2025-06-30 11:49:01,NLST,Netlist Inc,"Pres, CEO, COB",P - Purchase,0.7,4285715,10665559,3%,OpenInsider.com,2025-06-30 11:49:01,reports/graphs/NLST_d.png,reports/graphs/NLST_w.png
2025-06-30 11:49:01,CCCXU,Churchill Capital Corp X/Cayman,10%,P - Purchase,10.0,300000,300000,3%,OpenInsider.com,2025-06-30 11:49:01,reports/graphs/CCCXU_d.png,reports/graphs/CCCXU_w.png
2025-06-30 11:49:01,BTBT,"Bit Digital, Inc",CEO,P - Purchase,2.0,750000,2108089,1%,OpenInsider.com,2025-06-30 11:49:01,reports/graphs/BTBT_d.png,reports/graphs/BTBT_w.png
2025-06-30 11:49:01,ASAN,"Asana, Inc.","Pres, CEO, Chair, 10%",P - Purchase,12.97,87755,55633237,1%,OpenInsider.com,2025-06-30 11:49:01,reports/graphs/ASAN_d.png,reports/graphs/ASAN_w.png
2025-06-30 11:49:01,GMRE,Global Medical Reit Inc.,"CEO, Pres",P - Purchase,6.52,160000,160000,1%,OpenInsider.com,2025-06-30 11:49:01,reports/graphs/GMRE_d.png,reports/graphs/GMRE_w.png
2025-06-30 11:49:01,BTBT,"Bit Digital, Inc",Dir,P - Purchase,2.0,500000,580000,1%,OpenInsider.com,2025-06-30 11:49:01,reports/graphs/BTBT_d.png,reports/graphs/BTBT_w.png
2025-06-30 11:49:01,SSGC,Safespace Global Corp,"Pres, Chief Strat Officer",P - Purchase,0.11,6032000,7132000,635%,OpenInsider.com,2025-06-30 11:49:01,reports/graphs/SSGC_d.png,reports/graphs/SSGC_w.png
2025-06-30 11:49:01,AMPY,Amplify Energy Corp.,Dir,P - Purchase,3.67,150000,3154347,550%,OpenInsider.com,2025-06-30 11:49:01,reports/graphs/AMPY_d.png,reports/graphs/AMPY_w.png
2025-06-30 11:49:01,DKS,"Dick'S Sporting Goods, Inc.",Dir,P - Purchase,190.01,2637,6048,501%,OpenInsider.com,2025-06-30 11:49:01,reports/graphs/DKS_d.png,reports/graphs/DKS_w.png
2025-06-30 11:49:01,LIVE,Live Ventures Inc,"CEO, Pres, 10%",P - Purchase,8.69,36915,1611398,320%,OpenInsider.com,2025-06-30 11:49:01,reports/graphs/LIVE_d.png,reports/graphs/LIVE_w.png
2025-06-30 11:49:01,DLHC,Dlh Holdings Corp.,10%,P - Purchase,5.5,53080,2366765,291%,OpenInsider.com,2025-06-30 11:49:01,reports/graphs/DLHC_d.png,reports/graphs/DLHC_w.png
2025-06-30 11:49:01,FLWS,1 800 Flowers Com Inc,10%,P - Purchase,5.04,47577,9527250,239%,OpenInsider.com,2025-06-30 11:49:01,reports/graphs/FLWS_d.png,reports/graphs/FLWS_w.png
2025-06-30 11:49:01,NXRT,"Nexpoint Residential Trust, Inc.",See Remarks,P - Purchase,32.92,5000,28477,164%,OpenInsider.com,2025-06-30 11:49:01,reports/graphs/NXRT_d.png,reports/graphs/NXRT_w.png
2025-06-30 11:49:01,RVYL,Ryvyl Inc.,10%,P - Purchase,0.78,200000,3287000,155%,OpenInsider.com,2025-06-30 11:49:01,reports/graphs/RVYL_d.png,reports/graphs/RVYL_w.png
2025-06-30 11:49:01,INTG,Intergroup Corp,COO,P - Purchase,12.86,8760,35529,112%,OpenInsider.com,2025-06-30 11:49:01,reports/graphs/INTG_d.png,reports/graphs/INTG_w.png
2025-06-30 11:49:01,GIII,G III Apparel Group Ltd /De/,Dir,P - Purchase,21.95,5000,54746,109%,OpenInsider.com,2025-06-30 11:49:01,reports/graphs/GIII_d.png,reports/graphs/GIII_w.png
2025-06-30 11:49:01,HURC,Hurco Companies Inc,Exec COB,P - Purchase,15.82,6000,221460,94%,OpenInsider.com,2025-06-30 11:49:01,reports/graphs/HURC_d.png,reports/graphs/HURC_w.png
2025-06-30 11:49:01,RVYL,Ryvyl Inc.,10%,P - Purchase,0.88,103354,3390354,90%,OpenInsider.com,2025-06-30 11:49:01,reports/graphs/RVYL_d.png,reports/graphs/RVYL_w.png
2025-06-30 11:49:01,TERN,"Terns Pharmaceuticals, Inc.",CEO,P - Purchase,3.87,23314,47083,90%,OpenInsider.com,2025-06-30 11:49:01,reports/graphs/TERN_d.png,reports/graphs/TERN_w.png
2025-06-30 11:49:01,CME,Cme Group Inc.,Dir,P - Purchase,270.53,267,260651,72%,OpenInsider.com,2025-06-30 11:49:01,reports/graphs/CME_d.png,reports/graphs/CME_w.png
2025-06-30 11:49:01,NAMS,Newamsterdam Pharma Co N.V.,Dir,P - Purchase,18.38,3780,6827133,69%,OpenInsider.com,2025-06-30 11:49:01,reports/graphs/NAMS_d.png,reports/graphs/NAMS_w.png
2025-06-30 11:49:01,CTO,"Cto Realty Growth, Inc.","Pres, CEO",P - Purchase,17.05,3800,628702,64%,OpenInsider.com,2025-06-30 11:49:01,reports/graphs/CTO_d.png,reports/graphs/CTO_w.png
2025-06-30 11:49:01,DLHC,Dlh Holdings Corp.,10%,P - Purchase,5.49,11248,2313685,61%,OpenInsider.com,2025-06-30 11:49:01,reports/graphs/DLHC_d.png,reports/graphs/DLHC_w.png
2025-06-30 11:49:01,IBCP,Independent Bank Corp /Mi/,Dir,P - Purchase,30.65,1821,40001,55%,OpenInsider.com,2025-06-30 11:49:01,reports/graphs/IBCP_d.png,reports/graphs/IBCP_w.png
2025-06-30 11:49:01,MGLD,"Marygold Companies, Inc.","CEO, 10%",P - Purchase,1.0,50000,18690773,49%,OpenInsider.com,2025-06-30 11:49:01,reports/graphs/MGLD_d.png,reports/graphs/MGLD_w.png
2025-06-30 11:49:01,NYC,American Strategic Investment Co.,10%,P - Purchase,12.51,3837,1557239,47%,OpenInsider.com,2025-06-30 11:49:01,reports/graphs/NYC_d.png,reports/graphs/NYC_w.png
2025-06-30 11:49:01,NXDT,Nexpoint Diversified Real Estate Trust,Dir,P - Purchase,4.17,11250,178361,46%,OpenInsider.com,2025-06-30 11:49:01,reports/graphs/NXDT_d.png,reports/graphs/NXDT_w.png
2025-06-30 11:49:01,NVCT,"Nuvectis Pharma, Inc.",10%,P - Purchase,7.99,5603,3091127,44%,OpenInsider.com,2025-06-30 11:49:01,reports/graphs/NVCT_d.png,reports/graphs/NVCT_w.png
2025-06-30 11:49:01,MPTI,"M-Tron Industries, Inc.",Pres,P - Purchase,40.5,1000,11008,40%,OpenInsider.com,2025-06-30 11:49:01,reports/graphs/MPTI_d.png,reports/graphs/MPTI_w.png
2025-06-30 11:49:01,CLAR,Clarus Corp,"Exec COB, 10%",P - Purchase,3.48,11399,10074155,39%,OpenInsider.com,2025-06-30 11:49:01,reports/graphs/CLAR_d.png,reports/graphs/CLAR_w.png
2025-06-30 11:49:01,NYC,American Strategic Investment Co.,10%,P - Purchase,11.22,3169,1553402,35%,OpenInsider.com,2025-06-30 11:49:01,reports/graphs/NYC_d.png,reports/graphs/NYC_w.png
2025-06-30 11:49:01,SBFG,"Sb Financial Group, Inc.",Dir,P - Purchase,17.64,2000,10127,35%,OpenInsider.com,2025-06-30 11:49:01,reports/graphs/SBFG_d.png,reports/graphs/SBFG_w.png
2025-06-30 11:49:01,IMRX,Immuneering Corp,CHIEF SCIENTIFIC OFFICER,P - Purchase,2.58,13422,359318,34%,OpenInsider.com,2025-06-30 11:49:01,reports/graphs/IMRX_d.png,reports/graphs/IMRX_w.png
2025-06-30 11:49:01,CTO,"Cto Realty Growth, Inc.",Dir,P - Purchase,16.94,2000,95559,33%,OpenInsider.com,2025-06-30 11:49:01,reports/graphs/CTO_d.png,reports/graphs/CTO_w.png
2025-06-30 11:49:01,DTIL,Precision Biosciences Inc,Dir,P - Purchase,4.16,5076,28137,21%,OpenInsider.com,2025-06-30 11:49:01,reports/graphs/DTIL_d.png,reports/graphs/DTIL_w.png
2025-06-30 11:49:01,RZLT,"Rezolute, Inc.",CFO,P - Purchase,4.05,5000,360900,20%,OpenInsider.com,2025-06-30 11:49:01,reports/graphs/RZLT_d.png,reports/graphs/RZLT_w.png
2025-06-30 11:49:01,CTO,"Cto Realty Growth, Inc.","SVP, CFO, Treasurer",P - Purchase,17.29,1000,13841,17%,OpenInsider.com,2025-06-30 11:49:01,reports/graphs/CTO_d.png,reports/graphs/CTO_w.png
2025-06-30 11:49:01,CTO,"Cto Realty Growth, Inc.","SVP, GC, CORP SECRET",P - Purchase,17.0,1000,199496,17%,OpenInsider.com,2025-06-30 11:49:01,reports/graphs/CTO_d.png,reports/graphs/CTO_w.png
2025-06-30 11:49:01,NWTG,"Newton Golf Company, Inc.","Exec COB, CEO",P - Purchase,1.47,10000,65944,14%,OpenInsider.com,2025-06-30 11:49:01,reports/graphs/NWTG_d.png,reports/graphs/NWTG_w.png
2025-06-30 11:49:01,ICU,Seastar Medical Holding Corp,Dir,P - Purchase,0.36,40000,80000,14%,OpenInsider.com,2025-06-30 11:49:01,reports/graphs/ICU_d.png,reports/graphs/ICU_w.png
2025-06-30 11:49:01,JUVF,Juniata Valley Financial Corp,Dir,P - Purchase,12.98,1000,1000,12%,OpenInsider.com,2025-06-30 11:49:01,reports/graphs/JUVF_d.png,reports/graphs/JUVF_w.png
2025-06-30 11:49:01,ZEOX,"Zeo Scientifix, Inc.",Former 10% Owner,P - Purchase,2.0,6000,416371,12%,OpenInsider.com,2025-06-30 11:49:01,reports/graphs/ZEOX_d.png,reports/graphs/ZEOX_w.png
2025-06-30 11:49:01,AKTX,Akari Therapeutics Plc,"Pres, CEO",P - Purchase,1.2,10000,271428,12%,OpenInsider.com,2025-06-30 11:49:01,reports/graphs/AKTX_d.png,reports/graphs/AKTX_w.png
2025-06-30 11:49:01,PAPL,Pineapple Financial Inc.,"COO, 10%",P - Purchase,0.08,138800,2217323,11%,OpenInsider.com,2025-06-30 11:49:01,reports/graphs/PAPL_d.png,reports/graphs/PAPL_w.png
2025-06-30 11:49:01,HURC,Hurco Companies Inc,Dir,P - Purchase,15.75,700,37383,11%,OpenInsider.com,2025-06-30 11:49:01,reports/graphs/HURC_d.png,reports/graphs/HURC_w.png
2025-06-30 11:49:01,TPL,Texas Pacific Land Corp,Dir,P - Purchase,1097.63,10,1166221,10%,OpenInsider.com,2025-06-30 11:49:01,reports/graphs/TPL_d.png,reports/graphs/TPL_w.png
2025-06-30 11:49:01,RZLT,"Rezolute, Inc.",Chief Medical Officer,P - Purchase,4.38,2500,174228,10%,OpenInsider.com,2025-06-30 11:49:01,reports/graphs/RZLT_d.png,reports/graphs/RZLT_w.png
2025-06-30 11:49:01,TPL,Texas Pacific Land Corp,Dir,P - Purchase,1057.75,10,1166241,10%,OpenInsider.com,2025-06-30 11:49:01,reports/graphs/TPL_d.png,reports/graphs/TPL_w.png
2025-06-30 11:49:01,TPL,Texas Pacific Land Corp,Dir,P - Purchase,1047.68,10,1166251,10%,OpenInsider.com,2025-06-30 11:49:01,reports/graphs/TPL_d.png,reports/graphs/TPL_w.png
2025-06-30 11:49:01,ACIC,American Coastal Insurance Corp,Dir,P - Purchase,10.45,1000,299564,10%,OpenInsider.com,2025-06-30 11:49:01,reports/graphs/ACIC_d.png,reports/graphs/ACIC_w.png
2025-06-30 11:49:01,TPL,Texas Pacific Land Corp,Dir,P - Purchase,1040.15,10,1166231,10%,OpenInsider.com,2025-06-30 11:49:01,reports/graphs/TPL_d.png,reports/graphs/TPL_w.png
2025-06-30 11:49:01,ZEOX,"Zeo Scientifix, Inc.",Former 10% Owner,P - Purchase,2.11,4002,410371,8%,OpenInsider.com,2025-06-30 11:49:01,reports/graphs/ZEOX_d.png,reports/graphs/ZEOX_w.png
2025-06-30 11:49:01,AKTX,Akari Therapeutics Plc,"Pres, CEO",P - Purchase,1.16,6146,277574,7%,OpenInsider.com,2025-06-30 11:49:01,reports/graphs/AKTX_d.png,reports/graphs/AKTX_w.png
2025-06-30 11:49:01,MDV,"Modiv Industrial, Inc.","CEO, Pres",P - Purchase,14.1,500,121501,7%,OpenInsider.com,2025-06-30 11:49:01,reports/graphs/MDV_d.png,reports/graphs/MDV_w.png
2025-06-30 11:49:01,DTIL,Precision Biosciences Inc,Dir,P - Purchase,4.14,1682,20565,6%,OpenInsider.com,2025-06-30 11:49:01,reports/graphs/DTIL_d.png,reports/graphs/DTIL_w.png
2025-06-30 11:49:01,CALC,"Calcimedica, Inc.","CHIEF BUSINESS OFFICER, 10%",P - Purchase,1.44,4500,997410,6%,OpenInsider.com,2025-06-30 11:49:01,reports/graphs/CALC_d.png,reports/graphs/CALC_w.png
2025-06-30 11:49:01,MDBH,"Mdb Capital Holdings, LLC","Co-Founder, 10%",P - Purchase,4.13,1565,144235,6%,OpenInsider.com,2025-06-30 11:49:01,reports/graphs/MDBH_d.png,reports/graphs/MDBH_w.png
2025-06-30 11:49:01,MDV,"Modiv Industrial, Inc.",Dir,P - Purchase,14.24,400,8096,5%,OpenInsider.com,2025-06-30 11:49:01,reports/graphs/MDV_d.png,reports/graphs/MDV_w.png
2025-06-30 11:49:01,TOFB,Tofutti Brands Inc,10%,P - Purchase,0.73,7500,589395,5%,OpenInsider.com,2025-06-30 11:49:01,reports/graphs/TOFB_d.png,reports/graphs/TOFB_w.png
2025-06-30 11:49:01,EONR,Eon Resources Inc.,CFO,P - Purchase,0.35,15000,54398,5%,OpenInsider.com,2025-06-30 11:49:01,reports/graphs/EONR_d.png,reports/graphs/EONR_w.png
2025-06-30 11:49:01,DLPN,"Dolphin Entertainment, Inc.",CEO,P - Purchase,1.2,4150,352620,4%,OpenInsider.com,2025-06-30 11:49:01,reports/graphs/DLPN_d.png,reports/graphs/DLPN_w.png
2025-06-30 11:49:01,IMRX,Immuneering Corp,Chief Business Officer,P - Purchase,2.53,1900,5800,4%,OpenInsider.com,2025-06-30 11:49:01,reports/graphs/IMRX_d.png,reports/graphs/IMRX_w.png
2025-06-30 11:49:01,CALC,"Calcimedica, Inc.",CFO,P - Purchase,1.5,2000,43000,3%,OpenInsider.com,2025-06-30 11:49:01,reports/graphs/CALC_d.png,reports/graphs/CALC_w.png
2025-06-30 11:49:01,HOVR,New Horizon Aircraft Ltd.,CEO,P - Purchase,2.25,1111,2364547,2%,OpenInsider.com,2025-06-30 11:49:01,reports/graphs/HOVR_d.png,reports/graphs/HOVR_w.png
2025-06-30 11:49:01,MDV,"Modiv Industrial, Inc.","CEO, Pres",P - Purchase,14.1,129,121001,1%,OpenInsider.com,2025-06-30 11:49:01,reports/graphs/MDV_d.png,reports/graphs/MDV_w.png
2025-06-30 11:49:01,HOVR,New Horizon Aircraft Ltd.,CFO,P - Purchase,2.25,751,32351,1%,OpenInsider.com,2025-06-30 11:49:01,reports/graphs/HOVR_d.png,reports/graphs/HOVR_w.png
2025-06-30 11:49:01,HOVR,New Horizon Aircraft Ltd.,COO,P - Purchase,2.25,656,266624,1%,OpenInsider.com,2025-06-30 11:49:01,reports/graphs/HOVR_d.png,reports/graphs/HOVR_w.png
2025-06-30 11:49:01,ALIT,"Alight, Inc. / Delaware",Dir,P - Purchase,5.26,216,33249,1%,OpenInsider.com,2025-06-30 11:49:01,reports/graphs/ALIT_d.png,reports/graphs/ALIT_w.png
2025-06-30 11:49:01,EONR,Eon Resources Inc.,CEO,P - Purchase,0.35,3000,564440,1%,OpenInsider.com,2025-06-30 11:49:01,reports/graphs/EONR_d.png,reports/graphs/EONR_w.png
2025-06-30 11:49:01,TGEN,Tecogen Inc.,VP of Business Development,P - Purchase,2.5,400,400,1%,OpenInsider.com,2025-06-30 11:49:01,reports/graphs/TGEN_d.png,reports/graphs/TGEN_w.png
2025-06-30 11:49:01,PAPL,Pineapple Financial Inc.,"COO, 10%",P - Purchase,0.06,9475,2078523,564%,OpenInsider.com,2025-06-30 11:49:01,reports/graphs/PAPL_d.png,reports/graphs/PAPL_w.png
2025-06-30 11:49:01,HOVR,New Horizon Aircraft Ltd.,"Head of People, Strategy",P - Purchase,2.25,164,258194,369%,OpenInsider.com,2025-06-30 11:49:01,reports/graphs/HOVR_d.png,reports/graphs/HOVR_w.png
2025-06-30 11:49:01,MDBH,"Mdb Capital Holdings, LLC","Co-Founder, 10%",P - Purchase,4.48,44,144279,197%,OpenInsider.com,2025-06-30 11:49:01,reports/graphs/MDBH_d.png,reports/graphs/MDBH_w.png
