Ticker,Insider,Title,Date,Type,Price,Qty,Owned,Value,Source,ScrapedAt,Chart_Daily,Chart_Weekly
2025-09-29 07:39:07,NEXT,Nextdecade Corp,10%,P - Purchase,7.0,1001329,36074066,7%,OpenInsider.com,2025-09-29 07:39:07,reports/graphs/NEXT_d.png,reports/graphs/NEXT_w.png
2025-09-29 07:39:07,PTRN,Pattern Group Inc.,10%,P - Purchase,12.77,302256,28176542,3%,OpenInsider.com,2025-09-29 07:39:07,reports/graphs/PTRN_d.png,reports/graphs/PTRN_w.png
2025-09-29 07:39:07,MRVL,"Marvell Technology, Inc.","COB, CEO",P - Purchase,77.09,13600,268637,1%,OpenInsider.com,2025-09-29 07:39:07,reports/graphs/MRVL_d.png,reports/graphs/MRVL_w.png
2025-09-29 07:39:07,BDSX,Biodesix Inc,"Dir, 10%",P - Purchase,7.04,142045,2130745,999%,OpenInsider.com,2025-09-29 07:39:07,reports/graphs/BDSX_d.png,reports/graphs/BDSX_w.png
2025-09-29 07:39:07,MRAI,"Marpai, Inc.","CEO, 10%",P - Purchase,1.06,896903,8004509,950%,OpenInsider.com,2025-09-29 07:39:07,reports/graphs/MRAI_d.png,reports/graphs/MRAI_w.png
2025-09-29 07:39:07,NREF,"Nexpoint Real Estate Finance, Inc.","Pres, 10%",P - Purchase,14.33,66000,6569349,945%,OpenInsider.com,2025-09-29 07:39:07,reports/graphs/NREF_d.png,reports/graphs/NREF_w.png
2025-09-29 07:39:07,GLP,Global Partners LP,General Partner,P - Purchase,50.07,12500,169724,625%,OpenInsider.com,2025-09-29 07:39:07,reports/graphs/GLP_d.png,reports/graphs/GLP_w.png
2025-09-29 07:39:07,MRVL,"Marvell Technology, Inc.","Pres, COO",P - Purchase,78.03,6800,104825,530%,OpenInsider.com,2025-09-29 07:39:07,reports/graphs/MRVL_d.png,reports/graphs/MRVL_w.png
2025-09-29 07:39:07,WOR,"Worthington Enterprises, Inc.",Dir,P - Purchase,52.95,10000,95524,529%,OpenInsider.com,2025-09-29 07:39:07,reports/graphs/WOR_d.png,reports/graphs/WOR_w.png
2025-09-29 07:39:07,BCDA,"Biocardia, Inc.",Dir,P - Purchase,1.25,398400,714275,498%,OpenInsider.com,2025-09-29 07:39:07,reports/graphs/BCDA_d.png,reports/graphs/BCDA_w.png
2025-09-29 07:39:07,GLP,Global Partners LP,General Partner,P - Purchase,49.56,7723,157224,382%,OpenInsider.com,2025-09-29 07:39:07,reports/graphs/GLP_d.png,reports/graphs/GLP_w.png
2025-09-29 07:39:07,BCDA,"Biocardia, Inc.",Dir,P - Purchase,1.25,288000,636058,360%,OpenInsider.com,2025-09-29 07:39:07,reports/graphs/BCDA_d.png,reports/graphs/BCDA_w.png
2025-09-29 07:39:07,RNGE,"Range Impact, Inc.",10%,P - Purchase,0.15,2333333,26645789,350%,OpenInsider.com,2025-09-29 07:39:07,reports/graphs/RNGE_d.png,reports/graphs/RNGE_w.png
2025-09-29 07:39:07,MRVL,"Marvell Technology, Inc.",CFO,P - Purchase,78.03,3400,132159,265%,OpenInsider.com,2025-09-29 07:39:07,reports/graphs/MRVL_d.png,reports/graphs/MRVL_w.png
2025-09-29 07:39:07,ABSI,Absci Corp,Dir,P - Purchase,2.66,95785,113960,254%,OpenInsider.com,2025-09-29 07:39:07,reports/graphs/ABSI_d.png,reports/graphs/ABSI_w.png
2025-09-29 07:39:07,ARVN,"Arvinas, Inc.",Dir,P - Purchase,7.57,30000,76021,227%,OpenInsider.com,2025-09-29 07:39:07,reports/graphs/ARVN_d.png,reports/graphs/ARVN_w.png
2025-09-29 07:39:07,GRWG,Growgeneration Corp.,Dir,P - Purchase,1.66,133334,829397,221%,OpenInsider.com,2025-09-29 07:39:07,reports/graphs/GRWG_d.png,reports/graphs/GRWG_w.png
2025-09-29 07:39:07,MG,"Mistras Group, Inc.","EVP, GC",P - Purchase,9.55,15000,15000,143%,OpenInsider.com,2025-09-29 07:39:07,reports/graphs/MG_d.png,reports/graphs/MG_w.png
2025-09-29 07:39:07,AROC,"Archrock, Inc.",Dir,P - Purchase,23.94,5000,79511,119%,OpenInsider.com,2025-09-29 07:39:07,reports/graphs/AROC_d.png,reports/graphs/AROC_w.png
2025-09-29 07:39:07,ADMQ,"Adm Endeavors, Inc.",CEO,P - Purchase,0.24,467000,61847838,109%,OpenInsider.com,2025-09-29 07:39:07,reports/graphs/ADMQ_d.png,reports/graphs/ADMQ_w.png
2025-09-29 07:39:07,FDS,Factset Research Systems Inc,GC,P - Purchase,296.19,338,3446,100%,OpenInsider.com,2025-09-29 07:39:07,reports/graphs/FDS_d.png,reports/graphs/FDS_w.png
2025-09-29 07:39:07,RNGE,"Range Impact, Inc.",Dir,P - Purchase,0.15,666667,4417584,100%,OpenInsider.com,2025-09-29 07:39:07,reports/graphs/RNGE_d.png,reports/graphs/RNGE_w.png
2025-09-29 07:39:07,JSPR,"Jasper Therapeutics, Inc.",Dir,P - Purchase,2.43,41000,46000,99%,OpenInsider.com,2025-09-29 07:39:07,reports/graphs/JSPR_d.png,reports/graphs/JSPR_w.png
2025-09-29 07:39:07,STRR,"Star Equity Holdings, Inc.","CEO, 10%",P - Purchase,11.47,8600,674147,98%,OpenInsider.com,2025-09-29 07:39:07,reports/graphs/STRR_d.png,reports/graphs/STRR_w.png
2025-09-29 07:39:07,BUKS,Butler National Corp,"Dir, 10%",P - Purchase,1.79,47425,8810000,85%,OpenInsider.com,2025-09-29 07:39:07,reports/graphs/BUKS_d.png,reports/graphs/BUKS_w.png
2025-09-29 07:39:07,GLIBK,"Gci Liberty, Inc.","Dir, 10%",P - Purchase,35.0,2319,1334682,81%,OpenInsider.com,2025-09-29 07:39:07,reports/graphs/GLIBK_d.png,reports/graphs/GLIBK_w.png
2025-09-29 07:39:07,CME,Cme Group Inc.,Dir,P - Purchase,265.19,274,260925,72%,OpenInsider.com,2025-09-29 07:39:07,reports/graphs/CME_d.png,reports/graphs/CME_w.png
2025-09-29 07:39:07,KRNY,Kearny Financial Corp.,Dir,P - Purchase,6.57,10000,265227,65%,OpenInsider.com,2025-09-29 07:39:07,reports/graphs/KRNY_d.png,reports/graphs/KRNY_w.png
2025-09-29 07:39:07,BCDA,"Biocardia, Inc.","Pres, CEO",P - Purchase,1.25,48000,216762,60%,OpenInsider.com,2025-09-29 07:39:07,reports/graphs/BCDA_d.png,reports/graphs/BCDA_w.png
2025-09-29 07:39:07,NYC,American Strategic Investment Co.,10%,P - Purchase,9.99,5589,1573181,55%,OpenInsider.com,2025-09-29 07:39:07,reports/graphs/NYC_d.png,reports/graphs/NYC_w.png
2025-09-29 07:39:07,CGC,Canopy Growth Corp,CEO,P - Purchase,1.82,27469,812368,49%,OpenInsider.com,2025-09-29 07:39:07,reports/graphs/CGC_d.png,reports/graphs/CGC_w.png
2025-09-29 07:39:07,JSPR,"Jasper Therapeutics, Inc.",Dir,P - Purchase,2.43,20000,20000,48%,OpenInsider.com,2025-09-29 07:39:07,reports/graphs/JSPR_d.png,reports/graphs/JSPR_w.png
2025-09-29 07:39:07,PGEN,"Precigen, Inc.",CFO,P - Purchase,3.57,11216,468626,40%,OpenInsider.com,2025-09-29 07:39:07,reports/graphs/PGEN_d.png,reports/graphs/PGEN_w.png
2025-09-29 07:39:07,PMT,Pennymac Mortgage Investment Trust,Dir,P - Purchase,12.02,2823,54711,33%,OpenInsider.com,2025-09-29 07:39:07,reports/graphs/PMT_d.png,reports/graphs/PMT_w.png
2025-09-29 07:39:07,BUKS,Butler National Corp,"Dir, 10%",P - Purchase,1.8,18261,8828261,32%,OpenInsider.com,2025-09-29 07:39:07,reports/graphs/BUKS_d.png,reports/graphs/BUKS_w.png
2025-09-29 07:39:07,CULP,Culp Inc,"Pres, CEO",P - Purchase,4.42,7428,410648,32%,OpenInsider.com,2025-09-29 07:39:07,reports/graphs/CULP_d.png,reports/graphs/CULP_w.png
2025-09-29 07:39:07,NLOP,Net Lease Office Properties,Dir,P - Purchase,29.49,1012,13221,29%,OpenInsider.com,2025-09-29 07:39:07,reports/graphs/NLOP_d.png,reports/graphs/NLOP_w.png
2025-09-29 07:39:07,UUU,"Universal Safety Products, Inc.",Dir,P - Purchase,7.21,4000,31700,28%,OpenInsider.com,2025-09-29 07:39:07,reports/graphs/UUU_d.png,reports/graphs/UUU_w.png
2025-09-29 07:39:07,ABSI,Absci Corp,"SVP, CAO",P - Purchase,2.7,10000,180428,27%,OpenInsider.com,2025-09-29 07:39:07,reports/graphs/ABSI_d.png,reports/graphs/ABSI_w.png
2025-09-29 07:39:07,CULP,Culp Inc,Chief Commercial Officer,P - Purchase,4.35,5372,80000,23%,OpenInsider.com,2025-09-29 07:39:07,reports/graphs/CULP_d.png,reports/graphs/CULP_w.png
2025-09-29 07:39:07,AOUT,"American Outdoor Brands, Inc.","Pres, CEO",P - Purchase,8.83,2500,345220,22%,OpenInsider.com,2025-09-29 07:39:07,reports/graphs/AOUT_d.png,reports/graphs/AOUT_w.png
2025-09-29 07:39:07,AOUT,"American Outdoor Brands, Inc.","EVP, CFO, Treasurer",P - Purchase,8.77,2500,145358,21%,OpenInsider.com,2025-09-29 07:39:07,reports/graphs/AOUT_d.png,reports/graphs/AOUT_w.png
2025-09-29 07:39:07,HRGN,"Harvard Apparatus Regenerative Technology, Inc.",CEO,P - Purchase,1.85,11225,277275,20%,OpenInsider.com,2025-09-29 07:39:07,reports/graphs/HRGN_d.png,reports/graphs/HRGN_w.png
2025-09-29 07:39:07,SAVA,Cassava Sciences Inc,"Pres, CEO",P - Purchase,2.28,7172,714675,16%,OpenInsider.com,2025-09-29 07:39:07,reports/graphs/SAVA_d.png,reports/graphs/SAVA_w.png
2025-09-29 07:39:07,RVP,Retractable Technologies Inc,"Pres, CEO, 10%",P - Purchase,0.8,17500,16505425,14%,OpenInsider.com,2025-09-29 07:39:07,reports/graphs/RVP_d.png,reports/graphs/RVP_w.png
2025-09-29 07:39:07,BUKS,Butler National Corp,"Dir, 10%",P - Purchase,1.8,7431,8835692,13%,OpenInsider.com,2025-09-29 07:39:07,reports/graphs/BUKS_d.png,reports/graphs/BUKS_w.png
2025-09-29 07:39:07,CULP,Culp Inc,Dir,P - Purchase,4.3,2347,38393,10%,OpenInsider.com,2025-09-29 07:39:07,reports/graphs/CULP_d.png,reports/graphs/CULP_w.png
2025-09-29 07:39:07,DTIL,Precision Biosciences Inc,Dir,P - Purchase,4.89,1400,21965,6%,OpenInsider.com,2025-09-29 07:39:07,reports/graphs/DTIL_d.png,reports/graphs/DTIL_w.png
2025-09-29 07:39:07,MNTR,"Mentor Capital, Inc.","CEO, 10%",P - Purchase,0.09,72000,2889296,6%,OpenInsider.com,2025-09-29 07:39:07,reports/graphs/MNTR_d.png,reports/graphs/MNTR_w.png
2025-09-29 07:39:07,WOR,"Worthington Enterprises, Inc.",Dir,P - Purchase,53.31,45,37929,2%,OpenInsider.com,2025-09-29 07:39:07,reports/graphs/WOR_d.png,reports/graphs/WOR_w.png
2025-09-29 07:39:07,MNTR,"Mentor Capital, Inc.","CEO, 10%",P - Purchase,0.09,25000,2914296,2%,OpenInsider.com,2025-09-29 07:39:07,reports/graphs/MNTR_d.png,reports/graphs/MNTR_w.png
2025-09-29 07:39:07,CTTH,"Ctt Pharmaceutical Holdings, Inc.",CEO,P - Purchase,0.05,44085,7760941,1%,OpenInsider.com,2025-09-29 07:39:07,reports/graphs/CTTH_d.png,reports/graphs/CTTH_w.png
2025-09-29 07:39:07,RVP,Retractable Technologies Inc,"Pres, CEO, 10%",P - Purchase,0.82,2500,16487925,2%,OpenInsider.com,2025-09-29 07:39:07,reports/graphs/RVP_d.png,reports/graphs/RVP_w.png
2025-09-29 07:39:07,TPL,Texas Pacific Land Corp,10%,P - Purchase,955.44,1,1164003,955%,OpenInsider.com,2025-09-29 07:39:07,reports/graphs/TPL_d.png,reports/graphs/TPL_w.png
2025-09-29 07:39:07,TPL,Texas Pacific Land Corp,10%,P - Purchase,929.38,1,1164004,929%,OpenInsider.com,2025-09-29 07:39:07,reports/graphs/TPL_d.png,reports/graphs/TPL_w.png
2025-09-29 07:39:07,TPL,Texas Pacific Land Corp,10%,P - Purchase,896.91,1,1164002,897%,OpenInsider.com,2025-09-29 07:39:07,reports/graphs/TPL_d.png,reports/graphs/TPL_w.png
2025-09-29 07:39:07,TPL,Texas Pacific Land Corp,10%,P - Purchase,864.45,1,1164001,864%,OpenInsider.com,2025-09-29 07:39:07,reports/graphs/TPL_d.png,reports/graphs/TPL_w.png
2025-09-29 07:39:07,GPUS,"Hyperscale Data, Inc.","Exec COB, 10%",P - Purchase,0.4,1500,35915,598%,OpenInsider.com,2025-09-29 07:39:07,reports/graphs/GPUS_d.png,reports/graphs/GPUS_w.png
2025-09-29 07:39:07,TOFB,Tofutti Brands Inc,10%,P - Purchase,0.73,150,615150,110%,OpenInsider.com,2025-09-29 07:39:07,reports/graphs/TOFB_d.png,reports/graphs/TOFB_w.png
