Ticker,Insider,Title,Date,Type,Price,Qty,Owned,Value,Source,ScrapedAt,Chart_Daily,Chart_Weekly
2025-07-31 07:44:44,NVTS,Navitas Semiconductor Corp,Dir,P - Purchase,8.79,18645603,19214053,163%,OpenInsider.com,2025-07-31 07:44:44,reports/graphs/NVTS_d.png,reports/graphs/NVTS_w.png
2025-07-31 07:44:44,REZI,"Resideo Technologies, Inc.",10%,P - Purchase,22.33,4477919,10232420,99%,OpenInsider.com,2025-07-31 07:44:44,reports/graphs/REZI_d.png,reports/graphs/REZI_w.png
2025-07-31 07:44:44,MSTR,Microstrategy Inc,Dir,P - Purchase,90.0,220000,220000,19%,OpenInsider.com,2025-07-31 07:44:44,reports/graphs/MSTR_d.png,reports/graphs/MSTR_w.png
2025-07-31 07:44:44,SONO,Sonos Inc,10%,P - Purchase,11.28,1312087,27985382,14%,OpenInsider.com,2025-07-31 07:44:44,reports/graphs/SONO_d.png,reports/graphs/SONO_w.png
2025-07-31 07:44:44,DMAC,Diamedica Therapeutics Inc.,10%,P - Purchase,3.5,2857142,8383577,9%,OpenInsider.com,2025-07-31 07:44:44,reports/graphs/DMAC_d.png,reports/graphs/DMAC_w.png
2025-07-31 07:44:44,IMA,"Imagenebio, Inc.",Dir,P - Purchase,29.9,267556,455361,7%,OpenInsider.com,2025-07-31 07:44:44,reports/graphs/IMA_d.png,reports/graphs/IMA_w.png
2025-07-31 07:44:44,ASAN,"Asana, Inc.","Dir, 10%",P - Purchase,14.98,450000,58778045,6%,OpenInsider.com,2025-07-31 07:44:44,reports/graphs/ASAN_d.png,reports/graphs/ASAN_w.png
2025-07-31 07:44:44,MSCI,Msci Inc.,"COB, CEO",P - Purchase,542.87,12400,2165637,6%,OpenInsider.com,2025-07-31 07:44:44,reports/graphs/MSCI_d.png,reports/graphs/MSCI_w.png
2025-07-31 07:44:44,NEGG,"Newegg Commerce, Inc.",10%,P - Purchase,42.33,138757,3333333,5%,OpenInsider.com,2025-07-31 07:44:44,reports/graphs/NEGG_d.png,reports/graphs/NEGG_w.png
2025-07-31 07:44:44,DMAC,Diamedica Therapeutics Inc.,10%,P - Purchase,3.5,1542857,6764465,5%,OpenInsider.com,2025-07-31 07:44:44,reports/graphs/DMAC_d.png,reports/graphs/DMAC_w.png
2025-07-31 07:44:44,IMA,"Imagenebio, Inc.",Dir,P - Purchase,29.9,83611,774133,2%,OpenInsider.com,2025-07-31 07:44:44,reports/graphs/IMA_d.png,reports/graphs/IMA_w.png
2025-07-31 07:44:44,DMAC,Diamedica Therapeutics Inc.,10%,P - Purchase,3.5,400000,4958823,1%,OpenInsider.com,2025-07-31 07:44:44,reports/graphs/DMAC_d.png,reports/graphs/DMAC_w.png
2025-07-31 07:44:44,LOOP,"Loop Industries, Inc.","CEO, 10%",P - Purchase,1.01,906794,23415516,915%,OpenInsider.com,2025-07-31 07:44:44,reports/graphs/LOOP_d.png,reports/graphs/LOOP_w.png
2025-07-31 07:44:44,EPD,Enterprise Products Partners L.P.,Dir,P - Purchase,31.55,16000,136920,504%,OpenInsider.com,2025-07-31 07:44:44,reports/graphs/EPD_d.png,reports/graphs/EPD_w.png
2025-07-31 07:44:44,MSTR,Microstrategy Inc,Dir,P - Purchase,90.0,5555,48555,499%,OpenInsider.com,2025-07-31 07:44:44,reports/graphs/MSTR_d.png,reports/graphs/MSTR_w.png
2025-07-31 07:44:44,MSTR,Microstrategy Inc,"Pres, CEO",P - Purchase,90.0,5500,32390,495%,OpenInsider.com,2025-07-31 07:44:44,reports/graphs/MSTR_d.png,reports/graphs/MSTR_w.png
2025-07-31 07:44:44,EPD,Enterprise Products Partners L.P.,Dir,P - Purchase,31.35,15000,168586,470%,OpenInsider.com,2025-07-31 07:44:44,reports/graphs/EPD_d.png,reports/graphs/EPD_w.png
2025-07-31 07:44:44,MSTR,Microstrategy Inc,"VP, CAO",P - Purchase,90.0,5000,13606,450%,OpenInsider.com,2025-07-31 07:44:44,reports/graphs/MSTR_d.png,reports/graphs/MSTR_w.png
2025-07-31 07:44:44,PCB,Pcb Bancorp,"Dir, 10%",P - Purchase,21.45,18200,1569210,390%,OpenInsider.com,2025-07-31 07:44:44,reports/graphs/PCB_d.png,reports/graphs/PCB_w.png
2025-07-31 07:44:44,SHEN,Shenandoah Telecommunications Co/Va/,10%,P - Purchase,15.6,24781,2982341,386%,OpenInsider.com,2025-07-31 07:44:44,reports/graphs/SHEN_d.png,reports/graphs/SHEN_w.png
2025-07-31 07:44:44,SHEN,Shenandoah Telecommunications Co/Va/,10%,P - Purchase,15.14,22198,3004539,335%,OpenInsider.com,2025-07-31 07:44:44,reports/graphs/SHEN_d.png,reports/graphs/SHEN_w.png
2025-07-31 07:44:44,SSB,Southstate Corp,Dir,P - Purchase,97.31,3338,8294,324%,OpenInsider.com,2025-07-31 07:44:44,reports/graphs/SSB_d.png,reports/graphs/SSB_w.png
2025-07-31 07:44:44,MSTR,Microstrategy Inc,"EVP, CFO",P - Purchase,90.0,2800,31010,252%,OpenInsider.com,2025-07-31 07:44:44,reports/graphs/MSTR_d.png,reports/graphs/MSTR_w.png
2025-07-31 07:44:44,SIGI,Selective Insurance Group Inc,"Pres, CEO",P - Purchase,77.89,3200,154865,249%,OpenInsider.com,2025-07-31 07:44:44,reports/graphs/SIGI_d.png,reports/graphs/SIGI_w.png
2025-07-31 07:44:44,CNC,Centene Corp,Dir,P - Purchase,27.62,9000,50495,248%,OpenInsider.com,2025-07-31 07:44:44,reports/graphs/CNC_d.png,reports/graphs/CNC_w.png
2025-07-31 07:44:44,AUB,Atlantic Union Bankshares Corp,"Pres, CEO",P - Purchase,32.91,7500,271186,246%,OpenInsider.com,2025-07-31 07:44:44,reports/graphs/AUB_d.png,reports/graphs/AUB_w.png
2025-07-31 07:44:44,NVCR,Novocure Ltd,CFO,P - Purchase,11.59,20000,141150,231%,OpenInsider.com,2025-07-31 07:44:44,reports/graphs/NVCR_d.png,reports/graphs/NVCR_w.png
2025-07-31 07:44:44,MSTR,Microstrategy Inc,"EVP, GC",P - Purchase,90.0,2500,19253,225%,OpenInsider.com,2025-07-31 07:44:44,reports/graphs/MSTR_d.png,reports/graphs/MSTR_w.png
2025-07-31 07:44:44,CVM,Cel Sci Corp,CEO,P - Purchase,6.85,29197,72835,199%,OpenInsider.com,2025-07-31 07:44:44,reports/graphs/CVM_d.png,reports/graphs/CVM_w.png
2025-07-31 07:44:44,SNV,Synovus Financial Corp,"Pres, CEO",P - Purchase,49.4,4040,166378,199%,OpenInsider.com,2025-07-31 07:44:44,reports/graphs/SNV_d.png,reports/graphs/SNV_w.png
2025-07-31 07:44:44,TLYS,"Tilly'S, Inc.",10%,P - Purchase,1.95,100000,3300000,195%,OpenInsider.com,2025-07-31 07:44:44,reports/graphs/TLYS_d.png,reports/graphs/TLYS_w.png
2025-07-31 07:44:44,SIGI,Selective Insurance Group Inc,Dir,P - Purchase,77.42,2500,21336,193%,OpenInsider.com,2025-07-31 07:44:44,reports/graphs/SIGI_d.png,reports/graphs/SIGI_w.png
2025-07-31 07:44:44,WTFC,Wintrust Financial Corp,"FOUNDER, SENIOR ADVISOR",P - Purchase,26.35,6301,221871,166%,OpenInsider.com,2025-07-31 07:44:44,reports/graphs/WTFC_d.png,reports/graphs/WTFC_w.png
2025-07-31 07:44:44,BXSY,Bexil Investment Trust,"See ""Explanation of Responses""",P - Purchase,13.83,12000,221315,166%,OpenInsider.com,2025-07-31 07:44:44,reports/graphs/BXSY_d.png,reports/graphs/BXSY_w.png
2025-07-31 07:44:44,MTH,Meritage Homes Corp,Dir,P - Purchase,70.07,2220,12712,155%,OpenInsider.com,2025-07-31 07:44:44,reports/graphs/MTH_d.png,reports/graphs/MTH_w.png
2025-07-31 07:44:44,ABSI,Absci Corp,Chief Innovation Officer,P - Purchase,3.04,50000,327264,152%,OpenInsider.com,2025-07-31 07:44:44,reports/graphs/ABSI_d.png,reports/graphs/ABSI_w.png
2025-07-31 07:44:44,LOOP,"Loop Industries, Inc.",Dir,P - Purchase,1.01,150000,430050,151%,OpenInsider.com,2025-07-31 07:44:44,reports/graphs/LOOP_d.png,reports/graphs/LOOP_w.png
2025-07-31 07:44:44,MOFG,"Midwestone Financial Group, Inc.",CEO,P - Purchase,28.04,5000,91102,140%,OpenInsider.com,2025-07-31 07:44:44,reports/graphs/MOFG_d.png,reports/graphs/MOFG_w.png
2025-07-31 07:44:44,CHMG,Chemung Financial Corp,Dir,P - Purchase,52.6,2612,29202,137%,OpenInsider.com,2025-07-31 07:44:44,reports/graphs/CHMG_d.png,reports/graphs/CHMG_w.png
2025-07-31 07:44:44,LOOP,"Loop Industries, Inc.",Dir,P - Purchase,1.39,98000,340370,136%,OpenInsider.com,2025-07-31 07:44:44,reports/graphs/LOOP_d.png,reports/graphs/LOOP_w.png
2025-07-31 07:44:44,MSTR,Microstrategy Inc,Dir,P - Purchase,90.0,1500,1500,135%,OpenInsider.com,2025-07-31 07:44:44,reports/graphs/MSTR_d.png,reports/graphs/MSTR_w.png
2025-07-31 07:44:44,JMSB,"John Marshall Bancorp, Inc.",Dir,P - Purchase,19.17,7023,28210,134%,OpenInsider.com,2025-07-31 07:44:44,reports/graphs/JMSB_d.png,reports/graphs/JMSB_w.png
2025-07-31 07:44:44,MH,"McGraw Hill, Inc.",Dir,P - Purchase,17.0,7500,7500,127%,OpenInsider.com,2025-07-31 07:44:44,reports/graphs/MH_d.png,reports/graphs/MH_w.png
2025-07-31 07:44:44,CB,Chubb Ltd,Dir,P - Purchase,269.8,425,2450,114%,OpenInsider.com,2025-07-31 07:44:44,reports/graphs/CB_d.png,reports/graphs/CB_w.png
2025-07-31 07:44:44,NIQ,Niq Global Intelligence Plc,Chief Accounting Officer,P - Purchase,21.0,5000,63478,105%,OpenInsider.com,2025-07-31 07:44:44,reports/graphs/NIQ_d.png,reports/graphs/NIQ_w.png
2025-07-31 07:44:44,AMTB,Amerant Bancorp Inc.,Dir,P - Purchase,20.21,5000,5000,101%,OpenInsider.com,2025-07-31 07:44:44,reports/graphs/AMTB_d.png,reports/graphs/AMTB_w.png
2025-07-31 07:44:44,TLRY,"Tilray Brands, Inc.","Pres, CEO",P - Purchase,0.61,165000,3941633,100%,OpenInsider.com,2025-07-31 07:44:44,reports/graphs/TLRY_d.png,reports/graphs/TLRY_w.png
2025-07-31 07:44:44,UPXI,"Upexi, Inc.","Dir, 10%",P - Purchase,4.94,20243,585370,100%,OpenInsider.com,2025-07-31 07:44:44,reports/graphs/UPXI_d.png,reports/graphs/UPXI_w.png
2025-07-31 07:44:44,EBF,"Ennis, Inc.",Dir,P - Purchase,17.99,5500,10743,98%,OpenInsider.com,2025-07-31 07:44:44,reports/graphs/EBF_d.png,reports/graphs/EBF_w.png
2025-07-31 07:44:44,GSHD,"Goosehead Insurance, Inc.","CFO, 10%",P - Purchase,86.08,1149,3491,98%,OpenInsider.com,2025-07-31 07:44:44,reports/graphs/GSHD_d.png,reports/graphs/GSHD_w.png
2025-07-31 07:44:44,SNV,Synovus Financial Corp,"EVP, CFO",P - Purchase,48.9,2000,58220,97%,OpenInsider.com,2025-07-31 07:44:44,reports/graphs/SNV_d.png,reports/graphs/SNV_w.png
2025-07-31 07:44:44,BXSY,Bexil Investment Trust,"See ""Explanation of Responses""",P - Purchase,13.8,6255,227570,86%,OpenInsider.com,2025-07-31 07:44:44,reports/graphs/BXSY_d.png,reports/graphs/BXSY_w.png
2025-07-31 07:44:44,KMI,"Kinder Morgan, Inc.",Dir,P - Purchase,27.21,2759,34764,75%,OpenInsider.com,2025-07-31 07:44:44,reports/graphs/KMI_d.png,reports/graphs/KMI_w.png
2025-07-31 07:44:44,MH,"McGraw Hill, Inc.","EVP, CHRO",P - Purchase,17.0,4000,4000,68%,OpenInsider.com,2025-07-31 07:44:44,reports/graphs/MH_d.png,reports/graphs/MH_w.png
2025-07-31 07:44:44,BUSE,First Busey Corp /Nv/,Dir,P - Purchase,23.25,2500,83798,58%,OpenInsider.com,2025-07-31 07:44:44,reports/graphs/BUSE_d.png,reports/graphs/BUSE_w.png
2025-07-31 07:44:44,MPB,Mid Penn Bancorp Inc,Dir,P - Purchase,27.25,2000,73426,54%,OpenInsider.com,2025-07-31 07:44:44,reports/graphs/MPB_d.png,reports/graphs/MPB_w.png
2025-07-31 07:44:44,MH,"McGraw Hill, Inc.","EVP, CFO",P - Purchase,17.0,3000,3000,51%,OpenInsider.com,2025-07-31 07:44:44,reports/graphs/MH_d.png,reports/graphs/MH_w.png
2025-07-31 07:44:44,DOC,"Healthpeak Properties, Inc.","Pres, CEO",P - Purchase,17.4,2873,207486,49%,OpenInsider.com,2025-07-31 07:44:44,reports/graphs/DOC_d.png,reports/graphs/DOC_w.png
2025-07-31 07:44:44,TCBX,"Third Coast Bancshares, Inc.",See Remarks,P - Purchase,37.56,1300,61121,48%,OpenInsider.com,2025-07-31 07:44:44,reports/graphs/TCBX_d.png,reports/graphs/TCBX_w.png
2025-07-31 07:44:44,SNV,Synovus Financial Corp,Dir,P - Purchase,48.8,1000,40171,48%,OpenInsider.com,2025-07-31 07:44:44,reports/graphs/SNV_d.png,reports/graphs/SNV_w.png
2025-07-31 07:44:44,MH,"McGraw Hill, Inc.","EVP, CDIO",P - Purchase,17.0,2500,2500,42%,OpenInsider.com,2025-07-31 07:44:44,reports/graphs/MH_d.png,reports/graphs/MH_w.png
2025-07-31 07:44:44,PEBO,Peoples Bancorp Inc,Dir,P - Purchase,30.27,1060,6999,32%,OpenInsider.com,2025-07-31 07:44:44,reports/graphs/PEBO_d.png,reports/graphs/PEBO_w.png
2025-07-31 07:44:44,MOFG,"Midwestone Financial Group, Inc.","Pres, COO",P - Purchase,28.72,1000,34630,28%,OpenInsider.com,2025-07-31 07:44:44,reports/graphs/MOFG_d.png,reports/graphs/MOFG_w.png
2025-07-31 07:44:44,CSBB,"Csb Bancorp, Inc.","Pres, CEO",P - Purchase,44.0,650,72609,28%,OpenInsider.com,2025-07-31 07:44:44,reports/graphs/CSBB_d.png,reports/graphs/CSBB_w.png
2025-07-31 07:44:44,LEXX,Lexaria Bioscience Corp.,Dir,P - Purchase,0.92,27500,909867,25%,OpenInsider.com,2025-07-31 07:44:44,reports/graphs/LEXX_d.png,reports/graphs/LEXX_w.png
2025-07-31 07:44:44,CBAN,Colony Bankcorp Inc,CHIEF BANKING OFFICER,P - Purchase,16.54,1500,23032,24%,OpenInsider.com,2025-07-31 07:44:44,reports/graphs/CBAN_d.png,reports/graphs/CBAN_w.png
2025-07-31 07:44:44,FNWB,First Northwest Bancorp,"EVP, Chief Credit Officer",P - Purchase,7.74,3000,16271,23%,OpenInsider.com,2025-07-31 07:44:44,reports/graphs/FNWB_d.png,reports/graphs/FNWB_w.png
2025-07-31 07:44:44,TLRY,"Tilray Brands, Inc.",CFO,P - Purchase,0.6,33500,798069,19%,OpenInsider.com,2025-07-31 07:44:44,reports/graphs/TLRY_d.png,reports/graphs/TLRY_w.png
2025-07-31 07:44:44,NG,Novagold Resources Inc,Dir,P - Purchase,5.23,3824,51735,20%,OpenInsider.com,2025-07-31 07:44:44,reports/graphs/NG_d.png,reports/graphs/NG_w.png
2025-07-31 07:44:44,CVM,Cel Sci Corp,Dir,P - Purchase,6.85,2919,3733,19%,OpenInsider.com,2025-07-31 07:44:44,reports/graphs/CVM_d.png,reports/graphs/CVM_w.png
2025-07-31 07:44:44,BDCO,Blue Dolphin Energy Co,10%,P - Purchase,1.34,13544,8440000,18%,OpenInsider.com,2025-07-31 07:44:44,reports/graphs/BDCO_d.png,reports/graphs/BDCO_w.png
2025-07-31 07:44:44,PMT,Pennymac Mortgage Investment Trust,Dir,P - Purchase,12.41,1366,51888,16%,OpenInsider.com,2025-07-31 07:44:44,reports/graphs/PMT_d.png,reports/graphs/PMT_w.png
2025-07-31 07:44:44,CBAN,Colony Bankcorp Inc,"Pres, CEO",P - Purchase,16.61,1000,101890,16%,OpenInsider.com,2025-07-31 07:44:44,reports/graphs/CBAN_d.png,reports/graphs/CBAN_w.png
2025-07-31 07:44:44,CHCO,City Holding Co,Dir,P - Purchase,127.05,113,45622,14%,OpenInsider.com,2025-07-31 07:44:44,reports/graphs/CHCO_d.png,reports/graphs/CHCO_w.png
2025-07-31 07:44:44,LEXX,Lexaria Bioscience Corp.,CEO,P - Purchase,0.91,15000,115000,13%,OpenInsider.com,2025-07-31 07:44:44,reports/graphs/LEXX_d.png,reports/graphs/LEXX_w.png
2025-07-31 07:44:44,OVLY,Oak Valley Bancorp,Dir,P - Purchase,27.0,500,152676,13%,OpenInsider.com,2025-07-31 07:44:44,reports/graphs/OVLY_d.png,reports/graphs/OVLY_w.png
2025-07-31 07:44:44,CHCO,City Holding Co,Dir,P - Purchase,127.05,102,5249,12%,OpenInsider.com,2025-07-31 07:44:44,reports/graphs/CHCO_d.png,reports/graphs/CHCO_w.png
2025-07-31 07:44:44,CHCO,City Holding Co,Dir,P - Purchase,127.05,90,1707,11%,OpenInsider.com,2025-07-31 07:44:44,reports/graphs/CHCO_d.png,reports/graphs/CHCO_w.png
2025-07-31 07:44:44,ARX,Accelerant Holdings,GC,P - Purchase,21.0,500,1898696,10%,OpenInsider.com,2025-07-31 07:44:44,reports/graphs/ARX_d.png,reports/graphs/ARX_w.png
2025-07-31 07:44:44,ELTP,Elite Pharmaceuticals Inc /Nv/,Chief Commercial Officer,P - Purchase,0.59,16366,16366,9%,OpenInsider.com,2025-07-31 07:44:44,reports/graphs/ELTP_d.png,reports/graphs/ELTP_w.png
2025-07-31 07:44:44,MBWM,Mercantile Bank Corp,Dir,P - Purchase,47.29,200,5266,9%,OpenInsider.com,2025-07-31 07:44:44,reports/graphs/MBWM_d.png,reports/graphs/MBWM_w.png
2025-07-31 07:44:44,PEBO,Peoples Bancorp Inc,Dir,P - Purchase,29.54,300,6511,8%,OpenInsider.com,2025-07-31 07:44:44,reports/graphs/PEBO_d.png,reports/graphs/PEBO_w.png
2025-07-31 07:44:44,TOFB,Tofutti Brands Inc,10%,P - Purchase,0.75,10000,605109,7%,OpenInsider.com,2025-07-31 07:44:44,reports/graphs/TOFB_d.png,reports/graphs/TOFB_w.png
2025-07-31 07:44:44,LEXX,Lexaria Bioscience Corp.,"Pres, CSO",P - Purchase,0.93,5376,59451,4%,OpenInsider.com,2025-07-31 07:44:44,reports/graphs/LEXX_d.png,reports/graphs/LEXX_w.png
2025-07-31 07:44:44,DLPN,"Dolphin Entertainment, Inc.",CEO,P - Purchase,1.33,3750,372520,4%,OpenInsider.com,2025-07-31 07:44:44,reports/graphs/DLPN_d.png,reports/graphs/DLPN_w.png
2025-07-31 07:44:44,OPGN,Opgen Inc,10%,P - Purchase,4.79,1000,7646603,4%,OpenInsider.com,2025-07-31 07:44:44,reports/graphs/OPGN_d.png,reports/graphs/OPGN_w.png
2025-07-31 07:44:44,LEXX,Lexaria Bioscience Corp.,Dir,P - Purchase,0.91,5000,31382,4%,OpenInsider.com,2025-07-31 07:44:44,reports/graphs/LEXX_d.png,reports/graphs/LEXX_w.png
2025-07-31 07:44:44,CALC,"Calcimedica, Inc.",Chief Scientific Officer,P - Purchase,3.96,1000,12944,3%,OpenInsider.com,2025-07-31 07:44:44,reports/graphs/CALC_d.png,reports/graphs/CALC_w.png
2025-07-31 07:44:44,NWFL,Norwood Financial Corp,"Pres, CEO",P - Purchase,24.4,100,21343,2%,OpenInsider.com,2025-07-31 07:44:44,reports/graphs/NWFL_d.png,reports/graphs/NWFL_w.png
2025-07-31 07:44:44,FBNC,First Bancorp /Nc/,Dir,P - Purchase,49.42,46,16341,2%,OpenInsider.com,2025-07-31 07:44:44,reports/graphs/FBNC_d.png,reports/graphs/FBNC_w.png
2025-07-31 07:44:44,TPL,Texas Pacific Land Corp,10%,P - Purchase,980.04,1,1163962,980%,OpenInsider.com,2025-07-31 07:44:44,reports/graphs/TPL_d.png,reports/graphs/TPL_w.png
2025-07-31 07:44:44,TPL,Texas Pacific Land Corp,10%,P - Purchase,977.33,1,1163963,977%,OpenInsider.com,2025-07-31 07:44:44,reports/graphs/TPL_d.png,reports/graphs/TPL_w.png
2025-07-31 07:44:44,TPL,Texas Pacific Land Corp,10%,P - Purchase,966.55,1,1163961,967%,OpenInsider.com,2025-07-31 07:44:44,reports/graphs/TPL_d.png,reports/graphs/TPL_w.png
2025-07-31 07:44:44,LEXX,Lexaria Bioscience Corp.,Secretary,P - Purchase,0.91,750,750,683%,OpenInsider.com,2025-07-31 07:44:44,reports/graphs/LEXX_d.png,reports/graphs/LEXX_w.png
