Ticker,Insider,Title,Date,Type,Price,Qty,Owned,Value,Source,ScrapedAt,Chart_Daily,Chart_Weekly
2025-08-05 07:47:15,SIRI,Sirius Xm Holdings Inc.,10%,P - Purchase,21.16,5030425,124807117,106%,OpenInsider.com,2025-08-05 07:47:15,reports/graphs/SIRI_d.png,reports/graphs/SIRI_w.png
2025-08-05 07:47:15,LRMR,"Larimar Therapeutics, Inc.","* Director by Deputization, 10%",P - Purchase,3.2,9375000,30606974,30%,OpenInsider.com,2025-08-05 07:47:15,reports/graphs/LRMR_d.png,reports/graphs/LRMR_w.png
2025-08-05 07:47:15,ABG,Asbury Automotive Group Inc,10%,P - Purchase,225.16,46952,2162992,10%,OpenInsider.com,2025-08-05 07:47:15,reports/graphs/ABG_d.png,reports/graphs/ABG_w.png
2025-08-05 07:47:15,PRME,"Prime Medicine, Inc.","Dir, 10%",P - Purchase,3.3,3030300,18502974,9%,OpenInsider.com,2025-08-05 07:47:15,reports/graphs/PRME_d.png,reports/graphs/PRME_w.png
2025-08-05 07:47:15,AREC,American Resources Corp,10%,P - Purchase,1.12,1000000,13389960,1%,OpenInsider.com,2025-08-05 07:47:15,reports/graphs/AREC_d.png,reports/graphs/AREC_w.png
2025-08-05 07:47:15,FTV,Fortive Corp,CFO,P - Purchase,47.03,21300,94622,1%,OpenInsider.com,2025-08-05 07:47:15,reports/graphs/FTV_d.png,reports/graphs/FTV_w.png
2025-08-05 07:47:15,UPS,United Parcel Service Inc,CEO,P - Purchase,85.67,11682,191947,1%,OpenInsider.com,2025-08-05 07:47:15,reports/graphs/UPS_d.png,reports/graphs/UPS_w.png
2025-08-05 07:47:15,CVBF,Cvb Financial Corp,Dir,P - Purchase,18.67,53567,7650240,999%,OpenInsider.com,2025-08-05 07:47:15,reports/graphs/CVBF_d.png,reports/graphs/CVBF_w.png
2025-08-05 07:47:15,ALGN,Align Technology Inc,"Pres, CEO",P - Purchase,131.49,7576,241712,996%,OpenInsider.com,2025-08-05 07:47:15,reports/graphs/ALGN_d.png,reports/graphs/ALGN_w.png
2025-08-05 07:47:15,ARW,"Arrow Electronics, Inc.","Pres, CEO",P - Purchase,114.91,8630,122408,991%,OpenInsider.com,2025-08-05 07:47:15,reports/graphs/ARW_d.png,reports/graphs/ARW_w.png
2025-08-05 07:47:15,PINE,"Alpine Income Property Trust, Inc.",10%,P - Purchase,14.25,69501,1208122,990%,OpenInsider.com,2025-08-05 07:47:15,reports/graphs/PINE_d.png,reports/graphs/PINE_w.png
2025-08-05 07:47:15,PNFP,Pinnacle Financial Partners Inc,Dir,P - Purchase,85.65,10000,50372,856%,OpenInsider.com,2025-08-05 07:47:15,reports/graphs/PNFP_d.png,reports/graphs/PNFP_w.png
2025-08-05 07:47:15,SHEN,Shenandoah Telecommunications Co/Va/,10%,P - Purchase,14.02,52847,3094541,741%,OpenInsider.com,2025-08-05 07:47:15,reports/graphs/SHEN_d.png,reports/graphs/SHEN_w.png
2025-08-05 07:47:15,MBIN,Merchants Bancorp,CEO of Merchants Capital,P - Purchase,31.56,16000,170774,504%,OpenInsider.com,2025-08-05 07:47:15,reports/graphs/MBIN_d.png,reports/graphs/MBIN_w.png
2025-08-05 07:47:15,FBIZ,"First Business Financial Services, Inc.",Dir,P - Purchase,47.8,10000,42443,478%,OpenInsider.com,2025-08-05 07:47:15,reports/graphs/FBIZ_d.png,reports/graphs/FBIZ_w.png
2025-08-05 07:47:15,CLH,Clean Harbors Inc,CO-CEO,P - Purchase,233.5,2000,82911,467%,OpenInsider.com,2025-08-05 07:47:15,reports/graphs/CLH_d.png,reports/graphs/CLH_w.png
2025-08-05 07:47:15,UPS,United Parcel Service Inc,Dir,P - Purchase,86.5,5000,10160,432%,OpenInsider.com,2025-08-05 07:47:15,reports/graphs/UPS_d.png,reports/graphs/UPS_w.png
2025-08-05 07:47:15,MRAI,"Marpai, Inc.","CEO, 10%",P - Purchase,1.08,371470,7107606,399%,OpenInsider.com,2025-08-05 07:47:15,reports/graphs/MRAI_d.png,reports/graphs/MRAI_w.png
2025-08-05 07:47:15,PETS,Petmed Express Inc,10%,P - Purchase,3.21,118200,2478696,379%,OpenInsider.com,2025-08-05 07:47:15,reports/graphs/PETS_d.png,reports/graphs/PETS_w.png
2025-08-05 07:47:15,TROX,Tronox Holdings Plc,"CEO, Dir",P - Purchase,3.09,100000,1333485,308%,OpenInsider.com,2025-08-05 07:47:15,reports/graphs/TROX_d.png,reports/graphs/TROX_w.png
2025-08-05 07:47:15,SSB,Southstate Corp,Dir,P - Purchase,92.3,2500,39546,230%,OpenInsider.com,2025-08-05 07:47:15,reports/graphs/SSB_d.png,reports/graphs/SSB_w.png
2025-08-05 07:47:15,CDXS,"Codexis, Inc.",10%,P - Purchase,2.68,85000,12795000,227%,OpenInsider.com,2025-08-05 07:47:15,reports/graphs/CDXS_d.png,reports/graphs/CDXS_w.png
2025-08-05 07:47:15,PCB,Pcb Bancorp,Dir,P - Purchase,20.13,10000,419044,201%,OpenInsider.com,2025-08-05 07:47:15,reports/graphs/PCB_d.png,reports/graphs/PCB_w.png
2025-08-05 07:47:15,AURX,"Nuo Therapeutics, Inc.",10%,P - Purchase,1.5,133333,11574198,200%,OpenInsider.com,2025-08-05 07:47:15,reports/graphs/AURX_d.png,reports/graphs/AURX_w.png
2025-08-05 07:47:15,SHBI,Shore Bancshares Inc,Dir,P - Purchase,15.0,10000,54753,150%,OpenInsider.com,2025-08-05 07:47:15,reports/graphs/SHBI_d.png,reports/graphs/SHBI_w.png
2025-08-05 07:47:15,PSX,Phillips 66,Dir,P - Purchase,125.97,1000,12043,125%,OpenInsider.com,2025-08-05 07:47:15,reports/graphs/PSX_d.png,reports/graphs/PSX_w.png
2025-08-05 07:47:15,TROX,Tronox Holdings Plc,"SVP, CFO",P - Purchase,3.39,37000,237283,125%,OpenInsider.com,2025-08-05 07:47:15,reports/graphs/TROX_d.png,reports/graphs/TROX_w.png
2025-08-05 07:47:15,SIGI,Selective Insurance Group Inc,Dir,P - Purchase,77.0,1500,27110,115%,OpenInsider.com,2025-08-05 07:47:15,reports/graphs/SIGI_d.png,reports/graphs/SIGI_w.png
2025-08-05 07:47:15,SNBR,Sleep Number Corp,Interim CFO,P - Purchase,6.81,15000,15000,102%,OpenInsider.com,2025-08-05 07:47:15,reports/graphs/SNBR_d.png,reports/graphs/SNBR_w.png
2025-08-05 07:47:15,NSPR,"Inspiremd, Inc.",Dir,P - Purchase,2.42,41322,608425,99%,OpenInsider.com,2025-08-05 07:47:15,reports/graphs/NSPR_d.png,reports/graphs/NSPR_w.png
2025-08-05 07:47:15,CHTR,"Charter Communications, Inc. /Mo/",Dir,P - Purchase,274.21,360,9622,98%,OpenInsider.com,2025-08-05 07:47:15,reports/graphs/CHTR_d.png,reports/graphs/CHTR_w.png
2025-08-05 07:47:15,JMSB,"John Marshall Bancorp, Inc.",CFO,P - Purchase,18.43,5000,53131,92%,OpenInsider.com,2025-08-05 07:47:15,reports/graphs/JMSB_d.png,reports/graphs/JMSB_w.png
2025-08-05 07:47:15,TNL,Travel & Leisure Co.,See Remarks,P - Purchase,58.39,1500,684311,87%,OpenInsider.com,2025-08-05 07:47:15,reports/graphs/TNL_d.png,reports/graphs/TNL_w.png
2025-08-05 07:47:15,PNFP,Pinnacle Financial Partners Inc,Dir,P - Purchase,84.94,1000,30277,84%,OpenInsider.com,2025-08-05 07:47:15,reports/graphs/PNFP_d.png,reports/graphs/PNFP_w.png
2025-08-05 07:47:15,NSPR,"Inspiremd, Inc.",Dir,P - Purchase,2.42,30991,420758,74%,OpenInsider.com,2025-08-05 07:47:15,reports/graphs/NSPR_d.png,reports/graphs/NSPR_w.png
2025-08-05 07:47:15,RNST,Renasant Corp,Dir,P - Purchase,35.64,2000,20311,71%,OpenInsider.com,2025-08-05 07:47:15,reports/graphs/RNST_d.png,reports/graphs/RNST_w.png
2025-08-05 07:47:15,BUSE,First Busey Corp /Nv/,Dir,P - Purchase,22.35,3000,498568,67%,OpenInsider.com,2025-08-05 07:47:15,reports/graphs/BUSE_d.png,reports/graphs/BUSE_w.png
2025-08-05 07:47:15,BFH,"Bread Financial Holdings, Inc.",Dir,P - Purchase,61.79,1027,10302,63%,OpenInsider.com,2025-08-05 07:47:15,reports/graphs/BFH_d.png,reports/graphs/BFH_w.png
2025-08-05 07:47:15,PSX,Phillips 66,Dir,P - Purchase,123.55,500,21543,61%,OpenInsider.com,2025-08-05 07:47:15,reports/graphs/PSX_d.png,reports/graphs/PSX_w.png
2025-08-05 07:47:15,CNOB,"Connectone Bancorp, Inc.",Dir,P - Purchase,22.3,2691,8523,60%,OpenInsider.com,2025-08-05 07:47:15,reports/graphs/CNOB_d.png,reports/graphs/CNOB_w.png
2025-08-05 07:47:15,OBIO,"Orchestra Biomed Holdings, Inc.",See Remarks,P - Purchase,2.75,20000,903931,55%,OpenInsider.com,2025-08-05 07:47:15,reports/graphs/OBIO_d.png,reports/graphs/OBIO_w.png
2025-08-05 07:47:15,PLBC,Plumas Bancorp,Dir,P - Purchase,41.16,1300,3685,53%,OpenInsider.com,2025-08-05 07:47:15,reports/graphs/PLBC_d.png,reports/graphs/PLBC_w.png
2025-08-05 07:47:15,BFST,"Business First Bancshares, Inc.",Dir,P - Purchase,23.62,2225,19752,52%,OpenInsider.com,2025-08-05 07:47:15,reports/graphs/BFST_d.png,reports/graphs/BFST_w.png
2025-08-05 07:47:15,NSPR,"Inspiremd, Inc.",Dir,P - Purchase,2.42,20661,804479,50%,OpenInsider.com,2025-08-05 07:47:15,reports/graphs/NSPR_d.png,reports/graphs/NSPR_w.png
2025-08-05 07:47:15,SNV,Synovus Financial Corp,Dir,P - Purchase,46.44,1074,41172,49%,OpenInsider.com,2025-08-05 07:47:15,reports/graphs/SNV_d.png,reports/graphs/SNV_w.png
2025-08-05 07:47:15,ALRS,Alerus Financial Corp,"EVP, CFO",P - Purchase,21.21,2350,11260,49%,OpenInsider.com,2025-08-05 07:47:15,reports/graphs/ALRS_d.png,reports/graphs/ALRS_w.png
2025-08-05 07:47:15,FBIZ,"First Business Financial Services, Inc.",Dir,P - Purchase,47.87,1000,3220,47%,OpenInsider.com,2025-08-05 07:47:15,reports/graphs/FBIZ_d.png,reports/graphs/FBIZ_w.png
2025-08-05 07:47:15,SNV,Synovus Financial Corp,Dir,P - Purchase,46.74,1000,4341,46%,OpenInsider.com,2025-08-05 07:47:15,reports/graphs/SNV_d.png,reports/graphs/SNV_w.png
2025-08-05 07:47:15,NWBI,"Northwest Bancshares, Inc.",Dir,P - Purchase,11.59,3500,73034,40%,OpenInsider.com,2025-08-05 07:47:15,reports/graphs/NWBI_d.png,reports/graphs/NWBI_w.png
2025-08-05 07:47:15,TROX,Tronox Holdings Plc,"SVP, Commercial, Strategy",P - Purchase,3.07,12600,146926,38%,OpenInsider.com,2025-08-05 07:47:15,reports/graphs/TROX_d.png,reports/graphs/TROX_w.png
2025-08-05 07:47:15,TBBK,"Bancorp, Inc.",Dir,P - Purchase,62.95,562,226694,35%,OpenInsider.com,2025-08-05 07:47:15,reports/graphs/TBBK_d.png,reports/graphs/TBBK_w.png
2025-08-05 07:47:15,CMTV,Community Bancorp /Vt,Dir,P - Purchase,21.75,1565,4565,34%,OpenInsider.com,2025-08-05 07:47:15,reports/graphs/CMTV_d.png,reports/graphs/CMTV_w.png
2025-08-05 07:47:15,BLFY,Blue Foundry Bancorp,"EVP, Chief Tech Officer",P - Purchase,8.49,4000,25981,33%,OpenInsider.com,2025-08-05 07:47:15,reports/graphs/BLFY_d.png,reports/graphs/BLFY_w.png
2025-08-05 07:47:15,ANIX,Anixa Biosciences Inc,Dir,P - Purchase,3.08,10000,953334,30%,OpenInsider.com,2025-08-05 07:47:15,reports/graphs/ANIX_d.png,reports/graphs/ANIX_w.png
2025-08-05 07:47:15,ILPT,Industrial Logistics Properties Trust,Dir,P - Purchase,5.43,5000,103090,27%,OpenInsider.com,2025-08-05 07:47:15,reports/graphs/ILPT_d.png,reports/graphs/ILPT_w.png
2025-08-05 07:47:15,PLBC,Plumas Bancorp,Dir,P - Purchase,41.0,650,2980,26%,OpenInsider.com,2025-08-05 07:47:15,reports/graphs/PLBC_d.png,reports/graphs/PLBC_w.png
2025-08-05 07:47:15,OVLY,Oak Valley Bancorp,Dir,P - Purchase,26.2,1000,62223,26%,OpenInsider.com,2025-08-05 07:47:15,reports/graphs/OVLY_d.png,reports/graphs/OVLY_w.png
2025-08-05 07:47:15,DOC,"Healthpeak Properties, Inc.","Pres, CEO",P - Purchase,16.83,1490,211906,25%,OpenInsider.com,2025-08-05 07:47:15,reports/graphs/DOC_d.png,reports/graphs/DOC_w.png
2025-08-05 07:47:15,NSPR,"Inspiremd, Inc.","CEO, Pres",P - Purchase,2.42,10330,2420866,24%,OpenInsider.com,2025-08-05 07:47:15,reports/graphs/NSPR_d.png,reports/graphs/NSPR_w.png
2025-08-05 07:47:15,NEWT,"Newtekone, Inc.",Dir,P - Purchase,11.24,2100,43605,23%,OpenInsider.com,2025-08-05 07:47:15,reports/graphs/NEWT_d.png,reports/graphs/NEWT_w.png
2025-08-05 07:47:15,BLFY,Blue Foundry Bancorp,Dir,P - Purchase,8.41,2500,84613,21%,OpenInsider.com,2025-08-05 07:47:15,reports/graphs/BLFY_d.png,reports/graphs/BLFY_w.png
2025-08-05 07:47:15,ABP,"Abpro Holdings, Inc.","CEO, COB",P - Purchase,0.28,72035,718512,20%,OpenInsider.com,2025-08-05 07:47:15,reports/graphs/ABP_d.png,reports/graphs/ABP_w.png
2025-08-05 07:47:15,CASS,Cass Information Systems Inc,"Pres, CEO",P - Purchase,39.75,500,40920,19%,OpenInsider.com,2025-08-05 07:47:15,reports/graphs/CASS_d.png,reports/graphs/CASS_w.png
2025-08-05 07:47:15,CASS,Cass Information Systems Inc,"Pres, CEO",P - Purchase,39.5,500,41420,19%,OpenInsider.com,2025-08-05 07:47:15,reports/graphs/CASS_d.png,reports/graphs/CASS_w.png
2025-08-05 07:47:15,UVSP,Univest Financial Corp,Dir,P - Purchase,28.23,682,26788,19%,OpenInsider.com,2025-08-05 07:47:15,reports/graphs/UVSP_d.png,reports/graphs/UVSP_w.png
2025-08-05 07:47:15,ACGL,Arch Capital Group Ltd.,Dir,P - Purchase,17.34,1000,128104,17%,OpenInsider.com,2025-08-05 07:47:15,reports/graphs/ACGL_d.png,reports/graphs/ACGL_w.png
2025-08-05 07:47:15,MOFG,"Midwestone Financial Group, Inc.",Dir,P - Purchase,27.66,600,137068,16%,OpenInsider.com,2025-08-05 07:47:15,reports/graphs/MOFG_d.png,reports/graphs/MOFG_w.png
2025-08-05 07:47:15,FCF,First Commonwealth Financial Corp /Pa/,Dir,P - Purchase,16.52,1000,13701,16%,OpenInsider.com,2025-08-05 07:47:15,reports/graphs/FCF_d.png,reports/graphs/FCF_w.png
2025-08-05 07:47:15,HLIT,Harmonic Inc,Dir,P - Purchase,8.25,2000,13840,16%,OpenInsider.com,2025-08-05 07:47:15,reports/graphs/HLIT_d.png,reports/graphs/HLIT_w.png
2025-08-05 07:47:15,TWNP,Twin Hospitality Group Inc.,"Pres, CEO",P - Purchase,3.7,4200,4200,15%,OpenInsider.com,2025-08-05 07:47:15,reports/graphs/TWNP_d.png,reports/graphs/TWNP_w.png
2025-08-05 07:47:15,CZWI,Citizens Community Bancorp Inc.,Dir,P - Purchase,14.74,1000,9901,14%,OpenInsider.com,2025-08-05 07:47:15,reports/graphs/CZWI_d.png,reports/graphs/CZWI_w.png
2025-08-05 07:47:15,OXM,Oxford Industries Inc,"CEO, Pres",P - Purchase,38.19,318,158675,12%,OpenInsider.com,2025-08-05 07:47:15,reports/graphs/OXM_d.png,reports/graphs/OXM_w.png
2025-08-05 07:47:15,NWFL,Norwood Financial Corp,"EVP, CFO",P - Purchase,24.1,500,6504,12%,OpenInsider.com,2025-08-05 07:47:15,reports/graphs/NWFL_d.png,reports/graphs/NWFL_w.png
2025-08-05 07:47:15,NRC,National Research Corp,Chief Accounting Officer,P - Purchase,12.97,771,771,10%,OpenInsider.com,2025-08-05 07:47:15,reports/graphs/NRC_d.png,reports/graphs/NRC_w.png
2025-08-05 07:47:15,ANNX,"Annexon, Inc.",Dir,P - Purchase,2.43,4115,33830,9%,OpenInsider.com,2025-08-05 07:47:15,reports/graphs/ANNX_d.png,reports/graphs/ANNX_w.png
2025-08-05 07:47:15,PUMP,Propetro Holding Corp.,CFO,P - Purchase,4.91,2000,2000,9%,OpenInsider.com,2025-08-05 07:47:15,reports/graphs/PUMP_d.png,reports/graphs/PUMP_w.png
2025-08-05 07:47:15,KRNY,Kearny Financial Corp.,Dir,P - Purchase,5.99,1500,29035,8%,OpenInsider.com,2025-08-05 07:47:15,reports/graphs/KRNY_d.png,reports/graphs/KRNY_w.png
2025-08-05 07:47:15,CASS,Cass Information Systems Inc,CFO,P - Purchase,39.61,200,15910,7%,OpenInsider.com,2025-08-05 07:47:15,reports/graphs/CASS_d.png,reports/graphs/CASS_w.png
2025-08-05 07:47:15,GBCI,"Glacier Bancorp, Inc.",Dir,P - Purchase,42.41,153,9925,6%,OpenInsider.com,2025-08-05 07:47:15,reports/graphs/GBCI_d.png,reports/graphs/GBCI_w.png
2025-08-05 07:47:15,PEBO,Peoples Bancorp Inc,Dir,P - Purchase,28.74,200,6711,5%,OpenInsider.com,2025-08-05 07:47:15,reports/graphs/PEBO_d.png,reports/graphs/PEBO_w.png
2025-08-05 07:47:15,FCBC,First Community Bankshares Inc /Va/,CFO,P - Purchase,36.0,150,19265,5%,OpenInsider.com,2025-08-05 07:47:15,reports/graphs/FCBC_d.png,reports/graphs/FCBC_w.png
2025-08-05 07:47:15,CBKM,Consumers Bancorp Inc /Oh/,Dir,P - Purchase,21.25,250,3528,5%,OpenInsider.com,2025-08-05 07:47:15,reports/graphs/CBKM_d.png,reports/graphs/CBKM_w.png
2025-08-05 07:47:15,FUNC,First United Corp/Md/,"COB, Pres, CEO",P - Purchase,33.16,159,47684,5%,OpenInsider.com,2025-08-05 07:47:15,reports/graphs/FUNC_d.png,reports/graphs/FUNC_w.png
2025-08-05 07:47:15,ALGN,Align Technology Inc,"EVP, Chief Legal, Regulatory",P - Purchase,109.66,42,7110,4%,OpenInsider.com,2025-08-05 07:47:15,reports/graphs/ALGN_d.png,reports/graphs/ALGN_w.png
2025-08-05 07:47:15,CSBB,"Csb Bancorp, Inc.",Dir,P - Purchase,44.99,100,537,4%,OpenInsider.com,2025-08-05 07:47:15,reports/graphs/CSBB_d.png,reports/graphs/CSBB_w.png
2025-08-05 07:47:15,VXRT,"Vaxart, Inc.",Dir,P - Purchase,0.41,10000,104125,4%,OpenInsider.com,2025-08-05 07:47:15,reports/graphs/VXRT_d.png,reports/graphs/VXRT_w.png
2025-08-05 07:47:15,RVP,Retractable Technologies Inc,"Pres, CEO, 10%",P - Purchase,0.71,5339,16328357,3%,OpenInsider.com,2025-08-05 07:47:15,reports/graphs/RVP_d.png,reports/graphs/RVP_w.png
2025-08-05 07:47:15,TLRY,"Tilray Brands, Inc.",Global GC,P - Purchase,0.58,6000,698287,3%,OpenInsider.com,2025-08-05 07:47:15,reports/graphs/TLRY_d.png,reports/graphs/TLRY_w.png
2025-08-05 07:47:15,ATLO,Ames National Corp,Dir,P - Purchase,18.29,164,8591,3%,OpenInsider.com,2025-08-05 07:47:15,reports/graphs/ATLO_d.png,reports/graphs/ATLO_w.png
2025-08-05 07:47:15,FUNC,First United Corp/Md/,Dir,P - Purchase,32.28,77,20680,2%,OpenInsider.com,2025-08-05 07:47:15,reports/graphs/FUNC_d.png,reports/graphs/FUNC_w.png
2025-08-05 07:47:15,FUNC,First United Corp/Md/,"SVP, COO",P - Purchase,32.28,74,24919,2%,OpenInsider.com,2025-08-05 07:47:15,reports/graphs/FUNC_d.png,reports/graphs/FUNC_w.png
2025-08-05 07:47:15,RVP,Retractable Technologies Inc,"Pres, CEO, 10%",P - Purchase,0.7,1575,16329932,1%,OpenInsider.com,2025-08-05 07:47:15,reports/graphs/RVP_d.png,reports/graphs/RVP_w.png
2025-08-05 07:47:15,FRAF,Franklin Financial Services Corp /Pa/,Dir,P - Purchase,40.48,25,23436,1%,OpenInsider.com,2025-08-05 07:47:15,reports/graphs/FRAF_d.png,reports/graphs/FRAF_w.png
2025-08-05 07:47:15,TPL,Texas Pacific Land Corp,10%,P - Purchase,979.33,1,1163965,979%,OpenInsider.com,2025-08-05 07:47:15,reports/graphs/TPL_d.png,reports/graphs/TPL_w.png
2025-08-05 07:47:15,TPL,Texas Pacific Land Corp,10%,P - Purchase,943.87,1,1163966,944%,OpenInsider.com,2025-08-05 07:47:15,reports/graphs/TPL_d.png,reports/graphs/TPL_w.png
2025-08-05 07:47:15,CTTH,"Ctt Pharmaceutical Holdings, Inc.",CEO,P - Purchase,0.04,15800,6966856,553%,OpenInsider.com,2025-08-05 07:47:15,reports/graphs/CTTH_d.png,reports/graphs/CTTH_w.png
2025-08-05 07:47:15,TOFB,Tofutti Brands Inc,10%,P - Purchase,0.75,567,605676,425%,OpenInsider.com,2025-08-05 07:47:15,reports/graphs/TOFB_d.png,reports/graphs/TOFB_w.png
