Ticker,Insider,Title,Date,Type,Price,Qty,Owned,Value,Source,ScrapedAt,Chart_Daily,Chart_Weekly
2025-09-09 07:38:43,MLYS,"Mineralys Therapeutics, Inc.",Dir,P - Purchase,25.5,1176470,7323750,29%,OpenInsider.com,2025-09-09 07:38:43,reports/graphs/MLYS_d.png,reports/graphs/MLYS_w.png
2025-09-09 07:38:43,MLYS,"Mineralys Therapeutics, Inc.",Dir,P - Purchase,25.5,588235,6263151,14%,OpenInsider.com,2025-09-09 07:38:43,reports/graphs/MLYS_d.png,reports/graphs/MLYS_w.png
2025-09-09 07:38:43,REZI,"Resideo Technologies, Inc.",10%,P - Purchase,33.6,408573,13270734,13%,OpenInsider.com,2025-09-09 07:38:43,reports/graphs/REZI_d.png,reports/graphs/REZI_w.png
2025-09-09 07:38:43,DMAC,Diamedica Therapeutics Inc.,10%,P - Purchase,5.96,1000000,7764465,5%,OpenInsider.com,2025-09-09 07:38:43,reports/graphs/DMAC_d.png,reports/graphs/DMAC_w.png
2025-09-09 07:38:43,NVCR,Novocure Ltd,CEO,P - Purchase,12.22,81550,437569,996%,OpenInsider.com,2025-09-09 07:38:43,reports/graphs/NVCR_d.png,reports/graphs/NVCR_w.png
2025-09-09 07:38:43,SHEN,Shenandoah Telecommunications Co/Va/,10%,P - Purchase,12.9,58951,3436184,760%,OpenInsider.com,2025-09-09 07:38:43,reports/graphs/SHEN_d.png,reports/graphs/SHEN_w.png
2025-09-09 07:38:43,COO,"Cooper Companies, Inc.","Pres, CEO",P - Purchase,68.39,10000,226151,683%,OpenInsider.com,2025-09-09 07:38:43,reports/graphs/COO_d.png,reports/graphs/COO_w.png
2025-09-09 07:38:43,LAB,Standard Biotools Inc.,"Dir, 10%",P - Purchase,1.27,500000,80359918,635%,OpenInsider.com,2025-09-09 07:38:43,reports/graphs/LAB_d.png,reports/graphs/LAB_w.png
2025-09-09 07:38:43,BUSE,First Busey Corp /Nv/,Pres,P - Purchase,25.26,21780,236977,550%,OpenInsider.com,2025-09-09 07:38:43,reports/graphs/BUSE_d.png,reports/graphs/BUSE_w.png
2025-09-09 07:38:43,BUSE,First Busey Corp /Nv/,Pres,P - Purchase,25.48,18420,254937,469%,OpenInsider.com,2025-09-09 07:38:43,reports/graphs/BUSE_d.png,reports/graphs/BUSE_w.png
2025-09-09 07:38:43,DGICA,Donegal Group Inc,10%,P - Purchase,19.22,19212,18268199,369%,OpenInsider.com,2025-09-09 07:38:43,reports/graphs/DGICA_d.png,reports/graphs/DGICA_w.png
2025-09-09 07:38:43,AFCG,Advanced Flower Capital Inc.,"Dir, 10%",P - Purchase,4.56,79665,5270238,363%,OpenInsider.com,2025-09-09 07:38:43,reports/graphs/AFCG_d.png,reports/graphs/AFCG_w.png
2025-09-09 07:38:43,AEYE,Audioeye Inc,Dir,P - Purchase,12.65,25000,350207,316%,OpenInsider.com,2025-09-09 07:38:43,reports/graphs/AEYE_d.png,reports/graphs/AEYE_w.png
2025-09-09 07:38:43,NIQ,Niq Global Intelligence Plc,COO,P - Purchase,16.97,18000,576589,305%,OpenInsider.com,2025-09-09 07:38:43,reports/graphs/NIQ_d.png,reports/graphs/NIQ_w.png
2025-09-09 07:38:43,KMTS,"Kestra Medical Technologies, Ltd.",Dir,P - Purchase,17.0,17000,40903,289%,OpenInsider.com,2025-09-09 07:38:43,reports/graphs/KMTS_d.png,reports/graphs/KMTS_w.png
2025-09-09 07:38:43,VBIX,Viewbix Inc.,Dir,P - Purchase,1.0,260000,170635,260%,OpenInsider.com,2025-09-09 07:38:43,reports/graphs/VBIX_d.png,reports/graphs/VBIX_w.png
2025-09-09 07:38:43,NWPP,New Peoples Bankshares Inc,"Dir, 10%",P - Purchase,3.21,78637,5717956,252%,OpenInsider.com,2025-09-09 07:38:43,reports/graphs/NWPP_d.png,reports/graphs/NWPP_w.png
2025-09-09 07:38:43,NIQ,Niq Global Intelligence Plc,CTO,P - Purchase,16.76,15000,15000,251%,OpenInsider.com,2025-09-09 07:38:43,reports/graphs/NIQ_d.png,reports/graphs/NIQ_w.png
2025-09-09 07:38:43,NWPP,New Peoples Bankshares Inc,Dir,P - Purchase,3.21,68025,842736,218%,OpenInsider.com,2025-09-09 07:38:43,reports/graphs/NWPP_d.png,reports/graphs/NWPP_w.png
2025-09-09 07:38:43,PROP,Prairie Operating Co.,Dir,P - Purchase,2.11,89000,1065975,187%,OpenInsider.com,2025-09-09 07:38:43,reports/graphs/PROP_d.png,reports/graphs/PROP_w.png
2025-09-09 07:38:43,SAFT,Safety Insurance Group Inc,Dir,P - Purchase,72.39,2000,8000,144%,OpenInsider.com,2025-09-09 07:38:43,reports/graphs/SAFT_d.png,reports/graphs/SAFT_w.png
2025-09-09 07:38:43,GLIBK,"Gci Liberty, Inc.","Dir, 10%",P - Purchase,36.0,3700,1258326,133%,OpenInsider.com,2025-09-09 07:38:43,reports/graphs/GLIBK_d.png,reports/graphs/GLIBK_w.png
2025-09-09 07:38:43,GLP,Global Partners LP,General Partner,P - Purchase,51.6,2500,149501,129%,OpenInsider.com,2025-09-09 07:38:43,reports/graphs/GLP_d.png,reports/graphs/GLP_w.png
2025-09-09 07:38:43,DMLP,"Dorchester Minerals, L.P.",Dir,P - Purchase,25.57,4000,4000,102%,OpenInsider.com,2025-09-09 07:38:43,reports/graphs/DMLP_d.png,reports/graphs/DMLP_w.png
2025-09-09 07:38:43,MKZR,"Mackenzie Realty Capital, Inc.",Chief Portfolio Manager,P - Purchase,4.84,21012,56709,101%,OpenInsider.com,2025-09-09 07:38:43,reports/graphs/MKZR_d.png,reports/graphs/MKZR_w.png
2025-09-09 07:38:43,NTST,Netstreit Corp.,"Pres, CEO, Secretary",P - Purchase,17.94,5600,316378,100%,OpenInsider.com,2025-09-09 07:38:43,reports/graphs/NTST_d.png,reports/graphs/NTST_w.png
2025-09-09 07:38:43,COO,"Cooper Companies, Inc.","Pres, CooperVision, Inc.",P - Purchase,69.23,1450,18319,100%,OpenInsider.com,2025-09-09 07:38:43,reports/graphs/COO_d.png,reports/graphs/COO_w.png
2025-09-09 07:38:43,LYFT,"Lyft, Inc.",CEO,P - Purchase,16.88,5926,11797266,100%,OpenInsider.com,2025-09-09 07:38:43,reports/graphs/LYFT_d.png,reports/graphs/LYFT_w.png
2025-09-09 07:38:43,FTRE,Fortrea Holdings Inc.,Dir,P - Purchase,10.15,9854,9854,100%,OpenInsider.com,2025-09-09 07:38:43,reports/graphs/FTRE_d.png,reports/graphs/FTRE_w.png
2025-09-09 07:38:43,NGS,Natural Gas Services Group Inc,Dir,P - Purchase,26.58,3752,7800,99%,OpenInsider.com,2025-09-09 07:38:43,reports/graphs/NGS_d.png,reports/graphs/NGS_w.png
2025-09-09 07:38:43,SND,"Smart Sand, Inc.","CEO, 10%",P - Purchase,1.91,39031,7320328,74%,OpenInsider.com,2025-09-09 07:38:43,reports/graphs/SND_d.png,reports/graphs/SND_w.png
2025-09-09 07:38:43,PGEN,"Precigen, Inc.",Dir,P - Purchase,4.6,15000,217841,69%,OpenInsider.com,2025-09-09 07:38:43,reports/graphs/PGEN_d.png,reports/graphs/PGEN_w.png
2025-09-09 07:38:43,SHEN,Shenandoah Telecommunications Co/Va/,10%,P - Purchase,13.25,5068,3441252,67%,OpenInsider.com,2025-09-09 07:38:43,reports/graphs/SHEN_d.png,reports/graphs/SHEN_w.png
2025-09-09 07:38:43,AFCG,Advanced Flower Capital Inc.,CEO,P - Purchase,4.44,12388,209649,55%,OpenInsider.com,2025-09-09 07:38:43,reports/graphs/AFCG_d.png,reports/graphs/AFCG_w.png
2025-09-09 07:38:43,ADC,Agree Realty Corp,Dir,P - Purchase,72.84,750,27684,54%,OpenInsider.com,2025-09-09 07:38:43,reports/graphs/ADC_d.png,reports/graphs/ADC_w.png
2025-09-09 07:38:43,AVBC,"Avidia Bancorp, Inc.","Pres, CEO",P - Purchase,15.25,3279,34567,49%,OpenInsider.com,2025-09-09 07:38:43,reports/graphs/AVBC_d.png,reports/graphs/AVBC_w.png
2025-09-09 07:38:43,FCF,First Commonwealth Financial Corp /Pa/,"EVP, Chief Banking Officer",P - Purchase,17.67,2826,59021,49%,OpenInsider.com,2025-09-09 07:38:43,reports/graphs/FCF_d.png,reports/graphs/FCF_w.png
2025-09-09 07:38:43,SBH,"Sally Beauty Holdings, Inc.",Dir,P - Purchase,14.07,3500,3500,49%,OpenInsider.com,2025-09-09 07:38:43,reports/graphs/SBH_d.png,reports/graphs/SBH_w.png
2025-09-09 07:38:43,FINW,Finwise Bancorp,Dir,P - Purchase,19.32,2500,398928,48%,OpenInsider.com,2025-09-09 07:38:43,reports/graphs/FINW_d.png,reports/graphs/FINW_w.png
2025-09-09 07:38:43,CMTV,Community Bancorp /Vt,Dir,P - Purchase,22.75,1900,6565,43%,OpenInsider.com,2025-09-09 07:38:43,reports/graphs/CMTV_d.png,reports/graphs/CMTV_w.png
2025-09-09 07:38:43,PBI,Pitney Bowes Inc /De/,Dir,P - Purchase,11.97,3000,3000,35%,OpenInsider.com,2025-09-09 07:38:43,reports/graphs/PBI_d.png,reports/graphs/PBI_w.png
2025-09-09 07:38:43,BWFG,"Bankwell Financial Group, Inc.",Dir,P - Purchase,42.45,819,80014,34%,OpenInsider.com,2025-09-09 07:38:43,reports/graphs/BWFG_d.png,reports/graphs/BWFG_w.png
2025-09-09 07:38:43,BLNE,"Beeline Holdings, Inc.",CFO,P - Purchase,1.64,20000,20000,32%,OpenInsider.com,2025-09-09 07:38:43,reports/graphs/BLNE_d.png,reports/graphs/BLNE_w.png
2025-09-09 07:38:43,GTHP,Guided Therapeutics Inc,"Dir, 10%",P - Purchase,0.18,166667,19463595,30%,OpenInsider.com,2025-09-09 07:38:43,reports/graphs/GTHP_d.png,reports/graphs/GTHP_w.png
2025-09-09 07:38:43,KTCC,Key Tronic Corp,"EVP-Admin, CFO, Treasurer",P - Purchase,2.91,10000,17616,29%,OpenInsider.com,2025-09-09 07:38:43,reports/graphs/KTCC_d.png,reports/graphs/KTCC_w.png
2025-09-09 07:38:43,UMBF,Umb Financial Corp,Dir,P - Purchase,120.44,234,38034,28%,OpenInsider.com,2025-09-09 07:38:43,reports/graphs/UMBF_d.png,reports/graphs/UMBF_w.png
2025-09-09 07:38:43,BWFG,"Bankwell Financial Group, Inc.",Dir,P - Purchase,42.47,628,749622,26%,OpenInsider.com,2025-09-09 07:38:43,reports/graphs/BWFG_d.png,reports/graphs/BWFG_w.png
2025-09-09 07:38:43,LUCK,Lucky Strike Entertainment Corp,Pres,P - Purchase,9.99,2505,71800,25%,OpenInsider.com,2025-09-09 07:38:43,reports/graphs/LUCK_d.png,reports/graphs/LUCK_w.png
2025-09-09 07:38:43,LUCK,Lucky Strike Entertainment Corp,CFO,P - Purchase,9.94,2500,86931,24%,OpenInsider.com,2025-09-09 07:38:43,reports/graphs/LUCK_d.png,reports/graphs/LUCK_w.png
2025-09-09 07:38:43,GCTS,"Gct Semiconductor Holding, Inc.",Class II Director,P - Purchase,1.28,18550,650254,23%,OpenInsider.com,2025-09-09 07:38:43,reports/graphs/GCTS_d.png,reports/graphs/GCTS_w.png
2025-09-09 07:38:43,BLNK,Blink Charging Co.,Dir,P - Purchase,1.03,21000,400836,21%,OpenInsider.com,2025-09-09 07:38:43,reports/graphs/BLNK_d.png,reports/graphs/BLNK_w.png
2025-09-09 07:38:43,BWFG,"Bankwell Financial Group, Inc.",Dir,P - Purchase,42.45,506,49672,21%,OpenInsider.com,2025-09-09 07:38:43,reports/graphs/BWFG_d.png,reports/graphs/BWFG_w.png
2025-09-09 07:38:43,BW,"Babcock & Wilcox Enterprises, Inc.",CEO,P - Purchase,2.14,9347,1713879,20%,OpenInsider.com,2025-09-09 07:38:43,reports/graphs/BW_d.png,reports/graphs/BW_w.png
2025-09-09 07:38:43,UMBF,Umb Financial Corp,Dir,P - Purchase,120.44,163,8912,19%,OpenInsider.com,2025-09-09 07:38:43,reports/graphs/UMBF_d.png,reports/graphs/UMBF_w.png
2025-09-09 07:38:43,BWFG,"Bankwell Financial Group, Inc.",Dir,P - Purchase,42.45,407,10985,17%,OpenInsider.com,2025-09-09 07:38:43,reports/graphs/BWFG_d.png,reports/graphs/BWFG_w.png
2025-09-09 07:38:43,MLP,Maui Land & Pineapple Co Inc,"Dir, 10%",P - Purchase,16.99,1013,12002905,17%,OpenInsider.com,2025-09-09 07:38:43,reports/graphs/MLP_d.png,reports/graphs/MLP_w.png
2025-09-09 07:38:43,PODC,"Podcastone, Inc.",Dir,P - Purchase,1.58,10000,464031,15%,OpenInsider.com,2025-09-09 07:38:43,reports/graphs/PODC_d.png,reports/graphs/PODC_w.png
2025-09-09 07:38:43,NAUT,"Nautilus Biotechnology, Inc.",GC,P - Purchase,0.64,20000,75390,12%,OpenInsider.com,2025-09-09 07:38:43,reports/graphs/NAUT_d.png,reports/graphs/NAUT_w.png
2025-09-09 07:38:43,W,Wayfair Inc.,Dir,P - Purchase,74.97,160,320577,11%,OpenInsider.com,2025-09-09 07:38:43,reports/graphs/W_d.png,reports/graphs/W_w.png
2025-09-09 07:38:43,HGTY,"Hagerty, Inc.",Dir,P - Purchase,11.62,1000,28277,11%,OpenInsider.com,2025-09-09 07:38:43,reports/graphs/HGTY_d.png,reports/graphs/HGTY_w.png
2025-09-09 07:38:43,GAIA,"Gaia, Inc",CFO,P - Purchase,5.64,2000,2000,11%,OpenInsider.com,2025-09-09 07:38:43,reports/graphs/GAIA_d.png,reports/graphs/GAIA_w.png
2025-09-09 07:38:43,NYC,American Strategic Investment Co.,10%,P - Purchase,10.12,1078,1564505,10%,OpenInsider.com,2025-09-09 07:38:43,reports/graphs/NYC_d.png,reports/graphs/NYC_w.png
2025-09-09 07:38:43,ORRF,Orrstown Financial Services Inc,Dir,P - Purchase,35.0,288,11840,10%,OpenInsider.com,2025-09-09 07:38:43,reports/graphs/ORRF_d.png,reports/graphs/ORRF_w.png
2025-09-09 07:38:43,ADMQ,"Adm Endeavors, Inc.",CEO,P - Purchase,0.04,235390,61156338,10%,OpenInsider.com,2025-09-09 07:38:43,reports/graphs/ADMQ_d.png,reports/graphs/ADMQ_w.png
2025-09-09 07:38:43,ANNX,"Annexon, Inc.",Dir,P - Purchase,2.09,4115,37945,8%,OpenInsider.com,2025-09-09 07:38:43,reports/graphs/ANNX_d.png,reports/graphs/ANNX_w.png
2025-09-09 07:38:43,PPTIN,"Presidio Property Trust, Inc.",CEO,P - Purchase,4.74,1555,101441,7%,OpenInsider.com,2025-09-09 07:38:43,reports/graphs/PPTIN_d.png,reports/graphs/PPTIN_w.png
2025-09-09 07:38:43,QRHC,Quest Resource Holding Corp,Dir,P - Purchase,1.82,4000,54378,7%,OpenInsider.com,2025-09-09 07:38:43,reports/graphs/QRHC_d.png,reports/graphs/QRHC_w.png
2025-09-09 07:38:43,BWFG,"Bankwell Financial Group, Inc.",Dir,P - Purchase,42.45,170,258396,7%,OpenInsider.com,2025-09-09 07:38:43,reports/graphs/BWFG_d.png,reports/graphs/BWFG_w.png
2025-09-09 07:38:43,HSON,"Hudson Global, Inc.",Dir,P - Purchase,9.58,751,2610,7%,OpenInsider.com,2025-09-09 07:38:43,reports/graphs/HSON_d.png,reports/graphs/HSON_w.png
2025-09-09 07:38:43,NYC,American Strategic Investment Co.,10%,P - Purchase,10.59,664,1563427,7%,OpenInsider.com,2025-09-09 07:38:43,reports/graphs/NYC_d.png,reports/graphs/NYC_w.png
2025-09-09 07:38:43,CCFN,Muncy Columbia Financial Corp,Dir,P - Purchase,49.0,125,4273,6%,OpenInsider.com,2025-09-09 07:38:43,reports/graphs/CCFN_d.png,reports/graphs/CCFN_w.png
2025-09-09 07:38:43,BLNK,Blink Charging Co.,CFO,P - Purchase,1.02,6000,123230,6%,OpenInsider.com,2025-09-09 07:38:43,reports/graphs/BLNK_d.png,reports/graphs/BLNK_w.png
2025-09-09 07:38:43,GTHP,Guided Therapeutics Inc,Dir,P - Purchase,0.18,27778,553495,5%,OpenInsider.com,2025-09-09 07:38:43,reports/graphs/GTHP_d.png,reports/graphs/GTHP_w.png
2025-09-09 07:38:43,DLPN,"Dolphin Entertainment, Inc.",CEO,P - Purchase,1.19,4150,483015,4%,OpenInsider.com,2025-09-09 07:38:43,reports/graphs/DLPN_d.png,reports/graphs/DLPN_w.png
2025-09-09 07:38:43,CZNC,Citizens & Northern Corp,Dir,P - Purchase,20.34,199,45873,4%,OpenInsider.com,2025-09-09 07:38:43,reports/graphs/CZNC_d.png,reports/graphs/CZNC_w.png
2025-09-09 07:38:43,MNSB,"Mainstreet Bancshares, Inc.","COB, Pres, CEO",P - Purchase,22.15,176,249781,3%,OpenInsider.com,2025-09-09 07:38:43,reports/graphs/MNSB_d.png,reports/graphs/MNSB_w.png
2025-09-09 07:38:43,NNOX,Nano-X Imaging Ltd.,CFO,P - Purchase,3.65,1000,6950,3%,OpenInsider.com,2025-09-09 07:38:43,reports/graphs/NNOX_d.png,reports/graphs/NNOX_w.png
2025-09-09 07:38:43,LAC,Lithium Americas Corp.,Dir,P - Purchase,2.84,1000,6201,2%,OpenInsider.com,2025-09-09 07:38:43,reports/graphs/LAC_d.png,reports/graphs/LAC_w.png
2025-09-09 07:38:43,MNTR,"Mentor Capital, Inc.","CEO, 10%",P - Purchase,0.06,42675,2701296,2%,OpenInsider.com,2025-09-09 07:38:43,reports/graphs/MNTR_d.png,reports/graphs/MNTR_w.png
2025-09-09 07:38:43,BWB,Bridgewater Bancshares Inc,"EVP, CHIEF STRATEGY OFFICER",P - Purchase,19.48,100,5495,1%,OpenInsider.com,2025-09-09 07:38:43,reports/graphs/BWB_d.png,reports/graphs/BWB_w.png
2025-09-09 07:38:43,HSON,"Hudson Global, Inc.","CEO, 10%",P - Purchase,9.6,197,1791057,1%,OpenInsider.com,2025-09-09 07:38:43,reports/graphs/HSON_d.png,reports/graphs/HSON_w.png
2025-09-09 07:38:43,IRIX,Iridex Corp,CFO,P - Purchase,1.36,1125,54750,1%,OpenInsider.com,2025-09-09 07:38:43,reports/graphs/IRIX_d.png,reports/graphs/IRIX_w.png
2025-09-09 07:38:43,IRIX,Iridex Corp,CFO,P - Purchase,1.35,1000,55750,1%,OpenInsider.com,2025-09-09 07:38:43,reports/graphs/IRIX_d.png,reports/graphs/IRIX_w.png
2025-09-09 07:38:43,TPL,Texas Pacific Land Corp,10%,P - Purchase,920.69,1,1163990,921%,OpenInsider.com,2025-09-09 07:38:43,reports/graphs/TPL_d.png,reports/graphs/TPL_w.png
2025-09-09 07:38:43,TPL,Texas Pacific Land Corp,10%,P - Purchase,912.22,1,1163989,912%,OpenInsider.com,2025-09-09 07:38:43,reports/graphs/TPL_d.png,reports/graphs/TPL_w.png
2025-09-09 07:38:43,HKHC,Horizon Kinetics Holding Corp,"CEO, CIO, 10%",P - Purchase,39.45,23,9303170,907%,OpenInsider.com,2025-09-09 07:38:43,reports/graphs/HKHC_d.png,reports/graphs/HKHC_w.png
2025-09-09 07:38:43,HKHC,Horizon Kinetics Holding Corp,"CEO, CIO, 10%",P - Purchase,39.0,23,9303193,897%,OpenInsider.com,2025-09-09 07:38:43,reports/graphs/HKHC_d.png,reports/graphs/HKHC_w.png
2025-09-09 07:38:43,BSPK,"Bespoke Extracts, Inc.","CEO, 10%",P - Purchase,0.2,2500,2506112,500%,OpenInsider.com,2025-09-09 07:38:43,reports/graphs/BSPK_d.png,reports/graphs/BSPK_w.png
2025-09-09 07:38:43,BSPK,"Bespoke Extracts, Inc.","CEO, 10%",P - Purchase,0.19,2500,2508612,475%,OpenInsider.com,2025-09-09 07:38:43,reports/graphs/BSPK_d.png,reports/graphs/BSPK_w.png
2025-09-09 07:38:43,CZNC,Citizens & Northern Corp,Dir,P - Purchase,20.34,18,9502,366%,OpenInsider.com,2025-09-09 07:38:43,reports/graphs/CZNC_d.png,reports/graphs/CZNC_w.png
2025-09-09 07:38:43,OMCC,Old Market Capital Corp,CFO,P - Purchase,5.36,23,11799,123%,OpenInsider.com,2025-09-09 07:38:43,reports/graphs/OMCC_d.png,reports/graphs/OMCC_w.png
