Ticker,Insider,Title,Date,Type,Price,Qty,Owned,Value,Source,ScrapedAt,Chart_Daily,Chart_Weekly
2025-09-01 07:38:47,REYN,Reynolds Consumer Products Inc.,Dir,P - Purchase,22.99,159506,334092,3%,OpenInsider.com,2025-09-01 07:38:47,reports/graphs/REYN_d.png,reports/graphs/REYN_w.png
2025-09-01 07:38:47,SMC,Summit Midstream Corp,10%,P - Purchase,20.48,120160,120160,2%,OpenInsider.com,2025-09-01 07:38:47,reports/graphs/SMC_d.png,reports/graphs/SMC_w.png
2025-09-01 07:38:47,AFCG,Advanced Flower Capital Inc.,"Dir, 10%",P - Purchase,4.74,474526,5117616,2%,OpenInsider.com,2025-09-01 07:38:47,reports/graphs/AFCG_d.png,reports/graphs/AFCG_w.png
2025-09-01 07:38:47,GLP,Global Partners LP,General Partner,P - Purchase,51.95,15000,147001,779%,OpenInsider.com,2025-09-01 07:38:47,reports/graphs/GLP_d.png,reports/graphs/GLP_w.png
2025-09-01 07:38:47,DGICA,Donegal Group Inc,10%,P - Purchase,17.47,31324,18181515,547%,OpenInsider.com,2025-09-01 07:38:47,reports/graphs/DGICA_d.png,reports/graphs/DGICA_w.png
2025-09-01 07:38:47,EMN,Eastman Chemical Co,"CEO, Board Chair",P - Purchase,67.89,7400,457139,502%,OpenInsider.com,2025-09-01 07:38:47,reports/graphs/EMN_d.png,reports/graphs/EMN_w.png
2025-09-01 07:38:47,MTCH,"Match Group, Inc.",CEO,P - Purchase,37.57,13250,150728,497%,OpenInsider.com,2025-09-01 07:38:47,reports/graphs/MTCH_d.png,reports/graphs/MTCH_w.png
2025-09-01 07:38:47,LKQ,Lkq Corp,Dir,P - Purchase,32.12,15000,33669,481%,OpenInsider.com,2025-09-01 07:38:47,reports/graphs/LKQ_d.png,reports/graphs/LKQ_w.png
2025-09-01 07:38:47,HTH,Hilltop Holdings Inc.,Hilltop Securities COB,P - Purchase,35.36,10000,127429,353%,OpenInsider.com,2025-09-01 07:38:47,reports/graphs/HTH_d.png,reports/graphs/HTH_w.png
2025-09-01 07:38:47,AROW,Arrow Financial Corp,"SEVP, Treasurer, CFO",P - Purchase,29.46,12000,19715,353%,OpenInsider.com,2025-09-01 07:38:47,reports/graphs/AROW_d.png,reports/graphs/AROW_w.png
2025-09-01 07:38:47,FEAM,"5E Advanced Materials, Inc.","Dir, 10%",P - Purchase,3.5,100000,7830646,350%,OpenInsider.com,2025-09-01 07:38:47,reports/graphs/FEAM_d.png,reports/graphs/FEAM_w.png
2025-09-01 07:38:47,SNV,Synovus Financial Corp,"EVP, Corp., Inv. Banking",P - Purchase,50.56,6200,20954,313%,OpenInsider.com,2025-09-01 07:38:47,reports/graphs/SNV_d.png,reports/graphs/SNV_w.png
2025-09-01 07:38:47,MDRR,"Medalist Diversified Reit, Inc.","COB, CEO, Pres",P - Purchase,12.5,22899,58020,286%,OpenInsider.com,2025-09-01 07:38:47,reports/graphs/MDRR_d.png,reports/graphs/MDRR_w.png
2025-09-01 07:38:47,EMN,Eastman Chemical Co,"EVP,  CFO",P - Purchase,68.73,3670,53524,252%,OpenInsider.com,2025-09-01 07:38:47,reports/graphs/EMN_d.png,reports/graphs/EMN_w.png
2025-09-01 07:38:47,TEAM,Atlassian Corp,Dir,P - Purchase,173.0,1455,3089,251%,OpenInsider.com,2025-09-01 07:38:47,reports/graphs/TEAM_d.png,reports/graphs/TEAM_w.png
2025-09-01 07:38:47,D,"Dominion Energy, Inc","Chair, Pres, CEO",P - Purchase,60.35,4152,165568,250%,OpenInsider.com,2025-09-01 07:38:47,reports/graphs/D_d.png,reports/graphs/D_w.png
2025-09-01 07:38:47,EBC,"Eastern Bankshares, Inc.",Pres,P - Purchase,17.07,13706,145831,233%,OpenInsider.com,2025-09-01 07:38:47,reports/graphs/EBC_d.png,reports/graphs/EBC_w.png
2025-09-01 07:38:47,EMN,Eastman Chemical Co,"EVP, CCO",P - Purchase,68.49,3280,87250,224%,OpenInsider.com,2025-09-01 07:38:47,reports/graphs/EMN_d.png,reports/graphs/EMN_w.png
2025-09-01 07:38:47,EMN,Eastman Chemical Co,Dir,P - Purchase,68.65,3000,9330,205%,OpenInsider.com,2025-09-01 07:38:47,reports/graphs/EMN_d.png,reports/graphs/EMN_w.png
2025-09-01 07:38:47,BJ,"Bj'S Wholesale Club Holdings, Inc.",Dir,P - Purchase,96.09,2080,12383,199%,OpenInsider.com,2025-09-01 07:38:47,reports/graphs/BJ_d.png,reports/graphs/BJ_w.png
2025-09-01 07:38:47,RLMD,"Relmada Therapeutics, Inc.",CEO,P - Purchase,0.67,265976,1000000,178%,OpenInsider.com,2025-09-01 07:38:47,reports/graphs/RLMD_d.png,reports/graphs/RLMD_w.png
2025-09-01 07:38:47,CCEL,Cryo Cell International Inc,"COB, Co-CEO, 10%",P - Purchase,4.5,39179,1635383,176%,OpenInsider.com,2025-09-01 07:38:47,reports/graphs/CCEL_d.png,reports/graphs/CCEL_w.png
2025-09-01 07:38:47,WLKP,Westlake Chemical Partners LP,"Pres, CEO",P - Purchase,21.93,7461,11708,163%,OpenInsider.com,2025-09-01 07:38:47,reports/graphs/WLKP_d.png,reports/graphs/WLKP_w.png
2025-09-01 07:38:47,ONL,Orion Properties Inc.,Dir,P - Purchase,2.91,55000,227778,160%,OpenInsider.com,2025-09-01 07:38:47,reports/graphs/ONL_d.png,reports/graphs/ONL_w.png
2025-09-01 07:38:47,ICUI,Icu Medical Inc/De,Dir,P - Purchase,126.42,1200,8460,151%,OpenInsider.com,2025-09-01 07:38:47,reports/graphs/ICUI_d.png,reports/graphs/ICUI_w.png
2025-09-01 07:38:47,EMN,Eastman Chemical Co,"SVP, Regions, Chf SupChn Ofcr",P - Purchase,68.43,2000,13598,136%,OpenInsider.com,2025-09-01 07:38:47,reports/graphs/EMN_d.png,reports/graphs/EMN_w.png
2025-09-01 07:38:47,OPEN,Opendoor Technologies Inc.,Pres,P - Purchase,4.28,30000,4280000,128%,OpenInsider.com,2025-09-01 07:38:47,reports/graphs/OPEN_d.png,reports/graphs/OPEN_w.png
2025-09-01 07:38:47,BHR,Braemar Hotels & Resorts Inc.,"CEO, Pres",P - Purchase,15.71,8002,1188235,125%,OpenInsider.com,2025-09-01 07:38:47,reports/graphs/BHR_d.png,reports/graphs/BHR_w.png
2025-09-01 07:38:47,EMN,Eastman Chemical Co,"EVP, AFP, Mfg., WWEC, HSE",P - Purchase,68.34,1750,16732,119%,OpenInsider.com,2025-09-01 07:38:47,reports/graphs/EMN_d.png,reports/graphs/EMN_w.png
2025-09-01 07:38:47,EBC,"Eastern Bankshares, Inc.",EVP,P - Purchase,17.06,6184,79259,105%,OpenInsider.com,2025-09-01 07:38:47,reports/graphs/EBC_d.png,reports/graphs/EBC_w.png
2025-09-01 07:38:47,EMN,Eastman Chemical Co,Dir,P - Purchase,68.29,1500,9520,102%,OpenInsider.com,2025-09-01 07:38:47,reports/graphs/EMN_d.png,reports/graphs/EMN_w.png
2025-09-01 07:38:47,EMN,Eastman Chemical Co,Dir,P - Purchase,69.38,1450,2840,100%,OpenInsider.com,2025-09-01 07:38:47,reports/graphs/EMN_d.png,reports/graphs/EMN_w.png
2025-09-01 07:38:47,EMN,Eastman Chemical Co,Dir,P - Purchase,68.59,1465,1597,100%,OpenInsider.com,2025-09-01 07:38:47,reports/graphs/EMN_d.png,reports/graphs/EMN_w.png
2025-09-01 07:38:47,EMN,Eastman Chemical Co,Dir,P - Purchase,68.8,1453,17546,99%,OpenInsider.com,2025-09-01 07:38:47,reports/graphs/EMN_d.png,reports/graphs/EMN_w.png
2025-09-01 07:38:47,EBC,"Eastern Bankshares, Inc.","EVP, GC",P - Purchase,17.07,5855,75769,99%,OpenInsider.com,2025-09-01 07:38:47,reports/graphs/EBC_d.png,reports/graphs/EBC_w.png
2025-09-01 07:38:47,EMN,Eastman Chemical Co,Dir,P - Purchase,68.81,1450,7850,99%,OpenInsider.com,2025-09-01 07:38:47,reports/graphs/EMN_d.png,reports/graphs/EMN_w.png
2025-09-01 07:38:47,PGEN,"Precigen, Inc.",Dir,P - Purchase,3.79,26005,202841,98%,OpenInsider.com,2025-09-01 07:38:47,reports/graphs/PGEN_d.png,reports/graphs/PGEN_w.png
2025-09-01 07:38:47,SHEN,Shenandoah Telecommunications Co/Va/,10%,P - Purchase,13.27,7253,3350875,96%,OpenInsider.com,2025-09-01 07:38:47,reports/graphs/SHEN_d.png,reports/graphs/SHEN_w.png
2025-09-01 07:38:47,NRGV,"Energy Vault Holdings, Inc.","CEO, 10%",P - Purchase,1.71,55000,28703418,93%,OpenInsider.com,2025-09-01 07:38:47,reports/graphs/NRGV_d.png,reports/graphs/NRGV_w.png
2025-09-01 07:38:47,BLIN,"Bridgeline Digital, Inc.","Pres, CEO, 10%",P - Purchase,1.41,54500,1297333,77%,OpenInsider.com,2025-09-01 07:38:47,reports/graphs/BLIN_d.png,reports/graphs/BLIN_w.png
2025-09-01 07:38:47,SELF,"Global Self Storage, Inc.","See ""Explanation of Responses""",P - Purchase,5.39,12686,71142,68%,OpenInsider.com,2025-09-01 07:38:47,reports/graphs/SELF_d.png,reports/graphs/SELF_w.png
2025-09-01 07:38:47,HSON,"Hudson Global, Inc.",COO,P - Purchase,9.11,6813,19486,62%,OpenInsider.com,2025-09-01 07:38:47,reports/graphs/HSON_d.png,reports/graphs/HSON_w.png
2025-09-01 07:38:47,COTY,Coty Inc.,CFO,P - Purchase,3.94,15500,405216,61%,OpenInsider.com,2025-09-01 07:38:47,reports/graphs/COTY_d.png,reports/graphs/COTY_w.png
2025-09-01 07:38:47,ISPO,Inspirato Inc,"CEO, 10%",P - Purchase,2.96,20000,5458928,59%,OpenInsider.com,2025-09-01 07:38:47,reports/graphs/ISPO_d.png,reports/graphs/ISPO_w.png
2025-09-01 07:38:47,AVBC,"Avidia Bancorp, Inc.","CFO, Treasurer",P - Purchase,15.47,3240,26794,50%,OpenInsider.com,2025-09-01 07:38:47,reports/graphs/AVBC_d.png,reports/graphs/AVBC_w.png
2025-09-01 07:38:47,MLP,Maui Land & Pineapple Co Inc,"Dir, 10%",P - Purchase,16.99,2700,12001572,45%,OpenInsider.com,2025-09-01 07:38:47,reports/graphs/MLP_d.png,reports/graphs/MLP_w.png
2025-09-01 07:38:47,RCEL,"Avita Medical, Inc.",Dir,P - Purchase,4.5,10000,86771,45%,OpenInsider.com,2025-09-01 07:38:47,reports/graphs/RCEL_d.png,reports/graphs/RCEL_w.png
2025-09-01 07:38:47,NRGV,"Energy Vault Holdings, Inc.","CEO, 10%",P - Purchase,1.92,22500,28725918,43%,OpenInsider.com,2025-09-01 07:38:47,reports/graphs/NRGV_d.png,reports/graphs/NRGV_w.png
2025-09-01 07:38:47,NRGV,"Energy Vault Holdings, Inc.",Dir,P - Purchase,1.92,20000,900065,38%,OpenInsider.com,2025-09-01 07:38:47,reports/graphs/NRGV_d.png,reports/graphs/NRGV_w.png
2025-09-01 07:38:47,PRSU,"Pursuit Attractions & Hospitality, Inc.",Dir,P - Purchase,36.77,1000,6311,36%,OpenInsider.com,2025-09-01 07:38:47,reports/graphs/PRSU_d.png,reports/graphs/PRSU_w.png
2025-09-01 07:38:47,NRGV,"Energy Vault Holdings, Inc.",Dir,P - Purchase,1.78,20000,924892,35%,OpenInsider.com,2025-09-01 07:38:47,reports/graphs/NRGV_d.png,reports/graphs/NRGV_w.png
2025-09-01 07:38:47,RCKT,"Rocket Pharmaceuticals, Inc.",Dir,P - Purchase,3.41,10000,40000,34%,OpenInsider.com,2025-09-01 07:38:47,reports/graphs/RCKT_d.png,reports/graphs/RCKT_w.png
2025-09-01 07:38:47,ICU,Seastar Medical Holding Corp,Dir,P - Purchase,0.88,35000,49400,30%,OpenInsider.com,2025-09-01 07:38:47,reports/graphs/ICU_d.png,reports/graphs/ICU_w.png
2025-09-01 07:38:47,FGBI,"First Guaranty Bancshares, Inc.",Dir,P - Purchase,8.05,3800,27526,30%,OpenInsider.com,2025-09-01 07:38:47,reports/graphs/FGBI_d.png,reports/graphs/FGBI_w.png
2025-09-01 07:38:47,NRGV,"Energy Vault Holdings, Inc.",Dir,P - Purchase,1.5,20000,880065,29%,OpenInsider.com,2025-09-01 07:38:47,reports/graphs/NRGV_d.png,reports/graphs/NRGV_w.png
2025-09-01 07:38:47,FGBI,"First Guaranty Bancshares, Inc.",Dir,P - Purchase,7.97,3750,31276,29%,OpenInsider.com,2025-09-01 07:38:47,reports/graphs/FGBI_d.png,reports/graphs/FGBI_w.png
2025-09-01 07:38:47,FLD,"Fold Holdings, Inc.",Dir,P - Purchase,3.45,8500,213287,29%,OpenInsider.com,2025-09-01 07:38:47,reports/graphs/FLD_d.png,reports/graphs/FLD_w.png
2025-09-01 07:38:47,SELF,"Global Self Storage, Inc.","See ""Explanation of Responses""",P - Purchase,5.48,4592,75734,25%,OpenInsider.com,2025-09-01 07:38:47,reports/graphs/SELF_d.png,reports/graphs/SELF_w.png
2025-09-01 07:38:47,VWFB,"Vwf Bancorp, Inc.",Dir,P - Purchase,11.2,2000,27251,22%,OpenInsider.com,2025-09-01 07:38:47,reports/graphs/VWFB_d.png,reports/graphs/VWFB_w.png
2025-09-01 07:38:47,DRIO,Dariohealth Corp.,"Pres, CCO",P - Purchase,0.53,40000,95000,21%,OpenInsider.com,2025-09-01 07:38:47,reports/graphs/DRIO_d.png,reports/graphs/DRIO_w.png
2025-09-01 07:38:47,NRGV,"Energy Vault Holdings, Inc.",Dir,P - Purchase,1.81,11200,199206,20%,OpenInsider.com,2025-09-01 07:38:47,reports/graphs/NRGV_d.png,reports/graphs/NRGV_w.png
2025-09-01 07:38:47,AKTX,Akari Therapeutics Plc,CEO,P - Purchase,0.93,21000,298574,19%,OpenInsider.com,2025-09-01 07:38:47,reports/graphs/AKTX_d.png,reports/graphs/AKTX_w.png
2025-09-01 07:38:47,BW,"Babcock & Wilcox Enterprises, Inc.",Dir,P - Purchase,1.86,10000,197559,18%,OpenInsider.com,2025-09-01 07:38:47,reports/graphs/BW_d.png,reports/graphs/BW_w.png
2025-09-01 07:38:47,NNUP,Nocopi Technologies Inc/Md/,Pres,P - Purchase,1.62,10500,147200,17%,OpenInsider.com,2025-09-01 07:38:47,reports/graphs/NNUP_d.png,reports/graphs/NNUP_w.png
2025-09-01 07:38:47,GOVB,"Gouverneur Bancorp, Inc./Md/",Dir,P - Purchase,15.19,900,4000,13%,OpenInsider.com,2025-09-01 07:38:47,reports/graphs/GOVB_d.png,reports/graphs/GOVB_w.png
2025-09-01 07:38:47,MDBH,"Mdb Capital Holdings, LLC","Co-Founder, 10%",P - Purchase,3.35,3934,150713,13%,OpenInsider.com,2025-09-01 07:38:47,reports/graphs/MDBH_d.png,reports/graphs/MDBH_w.png
2025-09-01 07:38:47,MDBH,"Mdb Capital Holdings, LLC","Co-Founder, 10%",P - Purchase,3.54,3220,153933,11%,OpenInsider.com,2025-09-01 07:38:47,reports/graphs/MDBH_d.png,reports/graphs/MDBH_w.png
2025-09-01 07:38:47,MSTR,Strategy Inc,"Pres, CEO",P - Purchase,95.03,119,32509,11%,OpenInsider.com,2025-09-01 07:38:47,reports/graphs/MSTR_d.png,reports/graphs/MSTR_w.png
2025-09-01 07:38:47,TZUP,Thumzup Media Corp,"CEO, 10%",P - Purchase,4.93,2000,606780,9%,OpenInsider.com,2025-09-01 07:38:47,reports/graphs/TZUP_d.png,reports/graphs/TZUP_w.png
2025-09-01 07:38:47,ASRV,Ameriserv Financial Inc /Pa/,"Pres, CEO ASRV, Bank",P - Purchase,3.04,3000,160000,9%,OpenInsider.com,2025-09-01 07:38:47,reports/graphs/ASRV_d.png,reports/graphs/ASRV_w.png
2025-09-01 07:38:47,MRBK,Meridian Corp,Dir,P - Purchase,15.73,522,385156,8%,OpenInsider.com,2025-09-01 07:38:47,reports/graphs/MRBK_d.png,reports/graphs/MRBK_w.png
2025-09-01 07:38:47,PROP,Prairie Operating Co.,"EVP, CFO",P - Purchase,2.51,3000,798519,7%,OpenInsider.com,2025-09-01 07:38:47,reports/graphs/PROP_d.png,reports/graphs/PROP_w.png
2025-09-01 07:38:47,WLKP,Westlake Chemical Partners LP,"Pres, CEO",P - Purchase,22.95,320,3427,7%,OpenInsider.com,2025-09-01 07:38:47,reports/graphs/WLKP_d.png,reports/graphs/WLKP_w.png
2025-09-01 07:38:47,DLHC,Dlh Holdings Corp.,10%,P - Purchase,5.5,1195,2532994,6%,OpenInsider.com,2025-09-01 07:38:47,reports/graphs/DLHC_d.png,reports/graphs/DLHC_w.png
2025-09-01 07:38:47,ATLO,Ames National Corp,Dir,P - Purchase,19.83,278,8869,5%,OpenInsider.com,2025-09-01 07:38:47,reports/graphs/ATLO_d.png,reports/graphs/ATLO_w.png
2025-09-01 07:38:47,MLP,Maui Land & Pineapple Co Inc,"Dir, 10%",P - Purchase,17.0,320,12001892,5%,OpenInsider.com,2025-09-01 07:38:47,reports/graphs/MLP_d.png,reports/graphs/MLP_w.png
2025-09-01 07:38:47,DLPN,"Dolphin Entertainment, Inc.",CEO,P - Purchase,1.13,4400,474765,4%,OpenInsider.com,2025-09-01 07:38:47,reports/graphs/DLPN_d.png,reports/graphs/DLPN_w.png
2025-09-01 07:38:47,MYSE,"Myseum, Inc.",CEO,P - Purchase,2.2,2000,184539,4%,OpenInsider.com,2025-09-01 07:38:47,reports/graphs/MYSE_d.png,reports/graphs/MYSE_w.png
2025-09-01 07:38:47,CMT,Core Molding Technologies Inc,"EVP, Treasurer, Secretary, CFO",P - Purchase,19.1,200,30596,3%,OpenInsider.com,2025-09-01 07:38:47,reports/graphs/CMT_d.png,reports/graphs/CMT_w.png
2025-09-01 07:38:47,HKHC,Horizon Kinetics Holding Corp,Dir,P - Purchase,38.0,100,1000,3%,OpenInsider.com,2025-09-01 07:38:47,reports/graphs/HKHC_d.png,reports/graphs/HKHC_w.png
2025-09-01 07:38:47,PROP,Prairie Operating Co.,Dir,P - Purchase,2.49,1500,129872,3%,OpenInsider.com,2025-09-01 07:38:47,reports/graphs/PROP_d.png,reports/graphs/PROP_w.png
2025-09-01 07:38:47,DLHC,Dlh Holdings Corp.,10%,P - Purchase,5.5,627,2533621,3%,OpenInsider.com,2025-09-01 07:38:47,reports/graphs/DLHC_d.png,reports/graphs/DLHC_w.png
2025-09-01 07:38:47,MNTR,"Mentor Capital, Inc.","CEO, 10%",P - Purchase,0.06,40000,2626296,2%,OpenInsider.com,2025-09-01 07:38:47,reports/graphs/MNTR_d.png,reports/graphs/MNTR_w.png
2025-09-01 07:38:47,WLKP,Westlake Chemical Partners LP,"Pres, CEO",P - Purchase,21.25,95,11803,2%,OpenInsider.com,2025-09-01 07:38:47,reports/graphs/WLKP_d.png,reports/graphs/WLKP_w.png
2025-09-01 07:38:47,IZEA,"Izea Worldwide, Inc.",Dir,P - Purchase,4.0,500,119553,2%,OpenInsider.com,2025-09-01 07:38:47,reports/graphs/IZEA_d.png,reports/graphs/IZEA_w.png
2025-09-01 07:38:47,IRIX,Iridex Corp,CFO,P - Purchase,1.35,1005,51750,1%,OpenInsider.com,2025-09-01 07:38:47,reports/graphs/IRIX_d.png,reports/graphs/IRIX_w.png
2025-09-01 07:38:47,IRIX,Iridex Corp,CFO,P - Purchase,1.28,1000,50745,1%,OpenInsider.com,2025-09-01 07:38:47,reports/graphs/IRIX_d.png,reports/graphs/IRIX_w.png
2025-09-01 07:38:47,FRAF,Franklin Financial Services Corp /Pa/,Dir,P - Purchase,46.55,21,23580,978%,OpenInsider.com,2025-09-01 07:38:47,reports/graphs/FRAF_d.png,reports/graphs/FRAF_w.png
2025-09-01 07:38:47,TPL,Texas Pacific Land Corp,10%,P - Purchase,914.32,1,1163984,914%,OpenInsider.com,2025-09-01 07:38:47,reports/graphs/TPL_d.png,reports/graphs/TPL_w.png
2025-09-01 07:38:47,TPL,Texas Pacific Land Corp,10%,P - Purchase,909.74,1,1163985,910%,OpenInsider.com,2025-09-01 07:38:47,reports/graphs/TPL_d.png,reports/graphs/TPL_w.png
2025-09-01 07:38:47,IRIX,Iridex Corp,CFO,P - Purchase,1.37,625,52375,856%,OpenInsider.com,2025-09-01 07:38:47,reports/graphs/IRIX_d.png,reports/graphs/IRIX_w.png
2025-09-01 07:38:47,HKHC,Horizon Kinetics Holding Corp,"CEO, CIO, 10%",P - Purchase,38.0,21,9303080,798%,OpenInsider.com,2025-09-01 07:38:47,reports/graphs/HKHC_d.png,reports/graphs/HKHC_w.png
2025-09-01 07:38:47,GPUS,"Hyperscale Data, Inc.","Exec COB, 10%",P - Purchase,0.57,100,21815,57%,OpenInsider.com,2025-09-01 07:38:47,reports/graphs/GPUS_d.png,reports/graphs/GPUS_w.png
