Ticker,Insider,Title,Date,Type,Price,Qty,Owned,Value,Source,ScrapedAt,Chart_Daily,Chart_Weekly
2025-07-09 07:42:38,ASAN,"Asana, Inc.","Pres, CEO, Chair, 10%",P - Purchase,13.6,450000,56083237,6%,OpenInsider.com,2025-07-09 07:42:38,reports/graphs/ASAN_d.png,reports/graphs/ASAN_w.png
2025-07-09 07:42:38,COSO,"Coastalsouth Bancshares, Inc.",Dir,P - Purchase,21.5,100000,514376,2%,OpenInsider.com,2025-07-09 07:42:38,reports/graphs/COSO_d.png,reports/graphs/COSO_w.png
2025-07-09 07:42:38,NRX,"Neuraxis, Inc",10%,P - Purchase,2.25,355556,1131522,800%,OpenInsider.com,2025-07-09 07:42:38,reports/graphs/NRX_d.png,reports/graphs/NRX_w.png
2025-07-09 07:42:38,COSO,"Coastalsouth Bancshares, Inc.",Dir,P - Purchase,21.5,20000,172263,430%,OpenInsider.com,2025-07-09 07:42:38,reports/graphs/COSO_d.png,reports/graphs/COSO_w.png
2025-07-09 07:42:38,COSO,"Coastalsouth Bancshares, Inc.",Dir,P - Purchase,21.5,11000,18284,236%,OpenInsider.com,2025-07-09 07:42:38,reports/graphs/COSO_d.png,reports/graphs/COSO_w.png
2025-07-09 07:42:38,COSO,"Coastalsouth Bancshares, Inc.",Dir,P - Purchase,21.5,10000,201251,215%,OpenInsider.com,2025-07-09 07:42:38,reports/graphs/COSO_d.png,reports/graphs/COSO_w.png
2025-07-09 07:42:38,BXSY,Bexil Investment Trust,"See ""Explanation of Responses""",P - Purchase,13.51,10000,167448,135%,OpenInsider.com,2025-07-09 07:42:38,reports/graphs/BXSY_d.png,reports/graphs/BXSY_w.png
2025-07-09 07:42:38,COSO,"Coastalsouth Bancshares, Inc.",Dir,P - Purchase,21.5,5000,18129,107%,OpenInsider.com,2025-07-09 07:42:38,reports/graphs/COSO_d.png,reports/graphs/COSO_w.png
2025-07-09 07:42:38,COSO,"Coastalsouth Bancshares, Inc.",Dir,P - Purchase,21.5,4650,83549,99%,OpenInsider.com,2025-07-09 07:42:38,reports/graphs/COSO_d.png,reports/graphs/COSO_w.png
2025-07-09 07:42:38,COSO,"Coastalsouth Bancshares, Inc.",CHIEF ACCOUNTING OFFICER,P - Purchase,21.5,4500,10250,96%,OpenInsider.com,2025-07-09 07:42:38,reports/graphs/COSO_d.png,reports/graphs/COSO_w.png
2025-07-09 07:42:38,CMTV,Community Bancorp /Vt,Dir,P - Purchase,20.05,3662,21090,73%,OpenInsider.com,2025-07-09 07:42:38,reports/graphs/CMTV_d.png,reports/graphs/CMTV_w.png
2025-07-09 07:42:38,HURC,Hurco Companies Inc,Exec COB,P - Purchase,20.4,3000,226460,61%,OpenInsider.com,2025-07-09 07:42:38,reports/graphs/HURC_d.png,reports/graphs/HURC_w.png
2025-07-09 07:42:38,COSO,"Coastalsouth Bancshares, Inc.",Dir,P - Purchase,21.5,2325,13990,49%,OpenInsider.com,2025-07-09 07:42:38,reports/graphs/COSO_d.png,reports/graphs/COSO_w.png
2025-07-09 07:42:38,CLRB,"Cellectar Biosciences, Inc.",CEO,P - Purchase,4.99,10000,11638,49%,OpenInsider.com,2025-07-09 07:42:38,reports/graphs/CLRB_d.png,reports/graphs/CLRB_w.png
2025-07-09 07:42:38,CULP,Culp Inc,"Pres, CEO",P - Purchase,4.15,12000,389285,49%,OpenInsider.com,2025-07-09 07:42:38,reports/graphs/CULP_d.png,reports/graphs/CULP_w.png
2025-07-09 07:42:38,BXSY,Bexil Investment Trust,"See ""Explanation of Responses""",P - Purchase,13.59,3600,171048,48%,OpenInsider.com,2025-07-09 07:42:38,reports/graphs/BXSY_d.png,reports/graphs/BXSY_w.png
2025-07-09 07:42:38,NXDT,Nexpoint Diversified Real Estate Trust,Dir,P - Purchase,4.65,10250,188611,47%,OpenInsider.com,2025-07-09 07:42:38,reports/graphs/NXDT_d.png,reports/graphs/NXDT_w.png
2025-07-09 07:42:38,COSO,"Coastalsouth Bancshares, Inc.","Pres, CEO",P - Purchase,21.5,2200,125015,47%,OpenInsider.com,2025-07-09 07:42:38,reports/graphs/COSO_d.png,reports/graphs/COSO_w.png
2025-07-09 07:42:38,COSO,"Coastalsouth Bancshares, Inc.",Dir,P - Purchase,21.5,2000,47131,43%,OpenInsider.com,2025-07-09 07:42:38,reports/graphs/COSO_d.png,reports/graphs/COSO_w.png
2025-07-09 07:42:38,IMRX,Immuneering Corp,"Pres, CEO, 10%",P - Purchase,3.49,10000,3207779,34%,OpenInsider.com,2025-07-09 07:42:38,reports/graphs/IMRX_d.png,reports/graphs/IMRX_w.png
2025-07-09 07:42:38,COSO,"Coastalsouth Bancshares, Inc.","CFO, COO",P - Purchase,21.5,1500,111938,32%,OpenInsider.com,2025-07-09 07:42:38,reports/graphs/COSO_d.png,reports/graphs/COSO_w.png
2025-07-09 07:42:38,MWA,"Mueller Water Products, Inc.",Dir,P - Purchase,24.74,1110,15730,27%,OpenInsider.com,2025-07-09 07:42:38,reports/graphs/MWA_d.png,reports/graphs/MWA_w.png
2025-07-09 07:42:38,CLRB,"Cellectar Biosciences, Inc.",CFO,P - Purchase,4.99,5000,6418,24%,OpenInsider.com,2025-07-09 07:42:38,reports/graphs/CLRB_d.png,reports/graphs/CLRB_w.png
2025-07-09 07:42:38,COSO,"Coastalsouth Bancshares, Inc.",CHIEF CREDIT OFFICER,P - Purchase,21.5,1000,13925,21%,OpenInsider.com,2025-07-09 07:42:38,reports/graphs/COSO_d.png,reports/graphs/COSO_w.png
2025-07-09 07:42:38,IMRX,Immuneering Corp,Dir,P - Purchase,3.61,5500,5500,19%,OpenInsider.com,2025-07-09 07:42:38,reports/graphs/IMRX_d.png,reports/graphs/IMRX_w.png
2025-07-09 07:42:38,NTWK,Netsol Technologies Inc,CEO,P - Purchase,3.37,5000,913313,16%,OpenInsider.com,2025-07-09 07:42:38,reports/graphs/NTWK_d.png,reports/graphs/NTWK_w.png
2025-07-09 07:42:38,OFIX,Orthofix Medical Inc.,10%,P - Purchase,11.11,1250,4252921,13%,OpenInsider.com,2025-07-09 07:42:38,reports/graphs/OFIX_d.png,reports/graphs/OFIX_w.png
2025-07-09 07:42:38,FDBC,Fidelity D & D Bancorp Inc,COB,P - Purchase,42.57,292,414378,12%,OpenInsider.com,2025-07-09 07:42:38,reports/graphs/FDBC_d.png,reports/graphs/FDBC_w.png
2025-07-09 07:42:38,PETS,Petmed Express Inc,10%,P - Purchase,3.22,2817,2311230,9%,OpenInsider.com,2025-07-09 07:42:38,reports/graphs/PETS_d.png,reports/graphs/PETS_w.png
2025-07-09 07:42:38,QNTO,"Quaint Oak Bancorp, Inc.",CEO,P - Purchase,10.85,600,268576,6%,OpenInsider.com,2025-07-09 07:42:38,reports/graphs/QNTO_d.png,reports/graphs/QNTO_w.png
2025-07-09 07:42:38,PAPL,Pineapple Financial Inc.,"COO, 10%",P - Purchase,0.1,55500,2272823,5%,OpenInsider.com,2025-07-09 07:42:38,reports/graphs/PAPL_d.png,reports/graphs/PAPL_w.png
2025-07-09 07:42:38,RVP,Retractable Technologies Inc,"Pres, CEO, 10%",P - Purchase,0.63,8574,16282194,5%,OpenInsider.com,2025-07-09 07:42:38,reports/graphs/RVP_d.png,reports/graphs/RVP_w.png
2025-07-09 07:42:38,CMTV,Community Bancorp /Vt,Dir,P - Purchase,20.25,254,890,5%,OpenInsider.com,2025-07-09 07:42:38,reports/graphs/CMTV_d.png,reports/graphs/CMTV_w.png
2025-07-09 07:42:38,DLPN,"Dolphin Entertainment, Inc.",CEO,P - Purchase,1.34,3700,360720,4%,OpenInsider.com,2025-07-09 07:42:38,reports/graphs/DLPN_d.png,reports/graphs/DLPN_w.png
2025-07-09 07:42:38,CZNC,Citizens & Northern Corp,Dir,P - Purchase,19.99,203,44826,4%,OpenInsider.com,2025-07-09 07:42:38,reports/graphs/CZNC_d.png,reports/graphs/CZNC_w.png
2025-07-09 07:42:38,JUNS,"Jupiter Neurosciences, Inc.","CEO, COB, 10%",P - Purchase,1.02,3600,11078892,3%,OpenInsider.com,2025-07-09 07:42:38,reports/graphs/JUNS_d.png,reports/graphs/JUNS_w.png
2025-07-09 07:42:38,IOR,Income Opportunity Realty Investors Inc /Tx/,10%,P - Purchase,17.9,184,3435406,3%,OpenInsider.com,2025-07-09 07:42:38,reports/graphs/IOR_d.png,reports/graphs/IOR_w.png
2025-07-09 07:42:38,TREX,Trex Co Inc,"SVP, CHRO",P - Purchase,46.22,66,27593,3%,OpenInsider.com,2025-07-09 07:42:38,reports/graphs/TREX_d.png,reports/graphs/TREX_w.png
2025-07-09 07:42:38,IMRX,Immuneering Corp,CHIEF PEOPLE OFFICER,P - Purchase,3.57,700,10729,2%,OpenInsider.com,2025-07-09 07:42:38,reports/graphs/IMRX_d.png,reports/graphs/IMRX_w.png
2025-07-09 07:42:38,HWC,Hancock Whitney Corp,Dir,P - Purchase,56.38,23,1724,1%,OpenInsider.com,2025-07-09 07:42:38,reports/graphs/HWC_d.png,reports/graphs/HWC_w.png
2025-07-09 07:42:38,TPL,Texas Pacific Land Corp,10%,P - Purchase,1075.8,1,1163946,1%,OpenInsider.com,2025-07-09 07:42:38,reports/graphs/TPL_d.png,reports/graphs/TPL_w.png
2025-07-09 07:42:38,TPL,Texas Pacific Land Corp,10%,P - Purchase,1066.31,1,1163945,1%,OpenInsider.com,2025-07-09 07:42:38,reports/graphs/TPL_d.png,reports/graphs/TPL_w.png
2025-07-09 07:42:38,TPL,Texas Pacific Land Corp,10%,P - Purchase,1042.95,1,1163947,1%,OpenInsider.com,2025-07-09 07:42:38,reports/graphs/TPL_d.png,reports/graphs/TPL_w.png
2025-07-09 07:42:38,PAPL,Pineapple Financial Inc.,"COO, 10%",P - Purchase,0.1,9000,2281823,857%,OpenInsider.com,2025-07-09 07:42:38,reports/graphs/PAPL_d.png,reports/graphs/PAPL_w.png
2025-07-09 07:42:38,BSPK,"Bespoke Extracts, Inc.","CEO, 10%",P - Purchase,0.11,8000,2503412,880%,OpenInsider.com,2025-07-09 07:42:38,reports/graphs/BSPK_d.png,reports/graphs/BSPK_w.png
2025-07-09 07:42:38,PML,Pimco Municipal Income Fund II,10%,P - Purchase,7.34,111,0,815%,OpenInsider.com,2025-07-09 07:42:38,reports/graphs/PML_d.png,reports/graphs/PML_w.png
2025-07-09 07:42:38,JUNS,"Jupiter Neurosciences, Inc.",Pres + Chief Business Officer,P - Purchase,1.03,750,112777,772%,OpenInsider.com,2025-07-09 07:42:38,reports/graphs/JUNS_d.png,reports/graphs/JUNS_w.png
2025-07-09 07:42:38,RGCO,Rgc Resources Inc,"VP, Field Operations",P - Purchase,22.84,19,1016,430%,OpenInsider.com,2025-07-09 07:42:38,reports/graphs/RGCO_d.png,reports/graphs/RGCO_w.png
2025-07-09 07:42:38,CZNC,Citizens & Northern Corp,Dir,P - Purchase,19.99,19,9348,380%,OpenInsider.com,2025-07-09 07:42:38,reports/graphs/CZNC_d.png,reports/graphs/CZNC_w.png
2025-07-09 07:42:38,CTTH,"Ctt Pharmaceutical Holdings, Inc.",CEO,P - Purchase,0.03,8000,6951056,240%,OpenInsider.com,2025-07-09 07:42:38,reports/graphs/CTTH_d.png,reports/graphs/CTTH_w.png
2025-07-09 07:42:38,RGCO,Rgc Resources Inc,"VP, Secretary",P - Purchase,22.84,9,23535,200%,OpenInsider.com,2025-07-09 07:42:38,reports/graphs/RGCO_d.png,reports/graphs/RGCO_w.png
2025-07-09 07:42:38,OMCC,Old Market Capital Corp,"Pres, CEO OF AMPLEX",P - Purchase,5.75,32,15282,184%,OpenInsider.com,2025-07-09 07:42:38,reports/graphs/OMCC_d.png,reports/graphs/OMCC_w.png
2025-07-09 07:42:38,RGCO,Rgc Resources Inc,"VP, HR",P - Purchase,22.84,4,6720,100%,OpenInsider.com,2025-07-09 07:42:38,reports/graphs/RGCO_d.png,reports/graphs/RGCO_w.png
