Analysis_Date,Symbol,Name,Current_Price,Change_20D,RSI_14,Pct_Above_MA200,Distance_52W_High,Volatility_20D,Overall_Signal
2025-12-12,SPY,S&P 500 ETF,689.17,0.85,88.0,11.57,-0.08,12.91,🟢 ALCISTA
2025-12-12,QQQ,NASDAQ 100 ETF,625.58,0.72,88.6,14.0,-1.79,17.28,🟢 ALCISTA
2025-12-12,DIA,Dow Jones ETF,487.87,1.19,83.0,11.13,-0.1,14.26,🟢 ALCISTA
2025-12-12,IWM,Russell 2000 ETF,257.8,5.81,87.8,16.58,-0.08,23.07,🟢 ALCISTA
2025-12-12,VTI,Total Stock Market ETF,339.87,1.19,88.4,11.78,-0.02,13.63,🟢 ALCISTA
2025-12-12,EUSA,iShares MSCI USA ETF,105.52,2.1,85.4,7.54,-0.05,14.19,🟢 ALCISTA
2025-12-12,ACWI,iShares MSCI ACWI ETF,143.18,0.6,89.0,11.3,-0.03,12.46,🟢 ALCISTA
2025-12-12,EFA,iShares MSCI EAFE ETF,97.01,0.47,88.1,9.36,-0.14,13.7,🟢 ALCISTA
2025-12-12,EEM,iShares MSCI Emerging Markets ETF,54.88,-1.26,81.3,12.41,-2.54,10.85,🟢 ALCISTA
