Analysis_Date,Symbol,Name,Current_Price,Change_20D,RSI_14,Pct_Above_MA200,Distance_52W_High,Volatility_20D,Overall_Signal
2025-08-15,SPY,S&P 500 ETF,644.95,2.69,58.1,9.63,-0.19,10.65,🟢 ALCISTA
2025-08-15,QQQ,NASDAQ 100 ETF,579.89,3.22,62.2,12.95,-0.59,13.0,🟢 ALCISTA
2025-08-15,DIA,Dow Jones ETF,449.16,0.93,50.2,5.14,-0.24,11.41,🟢 ALCISTA
2025-08-15,IWM,Russell 2000 ETF,228.24,1.93,56.3,6.01,-6.09,20.28,🟢 ALCISTA
2025-08-15,VTI,Total Stock Market ETF,317.19,2.56,57.0,9.28,-0.23,10.9,🟢 ALCISTA
2025-08-15,EUSA,iShares MSCI USA ETF,101.32,1.0,44.6,5.16,-0.96,11.94,🟢 ALCISTA
2025-08-15,ACWI,iShares MSCI ACWI ETF,133.35,2.69,57.0,10.47,-0.29,10.33,🟢 ALCISTA
2025-08-15,EFA,iShares MSCI EAFE ETF,91.65,3.43,55.2,12.24,-0.03,14.84,🟢 ALCISTA
2025-08-15,EEM,iShares MSCI Emerging Markets ETF,49.88,1.4,54.0,12.38,-1.4,11.65,🟢 ALCISTA
