Analysis_Date,Symbol,Name,Current_Price,Change_20D,RSI_14,Pct_Above_MA200,Distance_52W_High,Volatility_20D,Overall_Signal
2026-01-29,SPY,S&P 500 ETF,695.42,1.1,56.5,9.24,-0.35,10.57,🟢 ALCISTA
2026-01-29,QQQ,NASDAQ 100 ETF,633.22,1.99,57.8,10.94,-0.53,12.98,🟢 ALCISTA
2026-01-29,DIA,Dow Jones ETF,490.13,1.18,50.4,8.95,-1.22,12.63,🟢 ALCISTA
2026-01-29,IWM,Russell 2000 ETF,263.3,5.37,63.5,14.77,-3.06,15.56,🟢 ALCISTA
2026-01-29,VTI,Total Stock Market ETF,343.08,1.39,56.9,9.44,-0.39,10.58,🟢 ALCISTA
2026-01-29,EUSA,iShares MSCI USA ETF,106.37,1.81,57.1,6.66,-1.22,11.95,🟢 ALCISTA
2026-01-29,ACWI,iShares MSCI ACWI ETF,146.84,3.11,64.9,11.24,-0.32,10.53,🟢 ALCISTA
2026-01-29,EFA,iShares MSCI EAFE ETF,101.01,4.91,66.2,12.2,-1.28,12.18,🟢 ALCISTA
2026-01-29,EEM,iShares MSCI Emerging Markets ETF,60.75,11.14,80.9,20.82,-0.2,15.09,🟢 ALCISTA
