Analysis_Date,Symbol,Name,Current_Price,Change_20D,RSI_14,Pct_Above_MA200,Distance_52W_High,Volatility_20D,Overall_Signal
2025-10-31,SPY,S&P 500 ETF,679.83,1.59,72.5,12.13,-1.43,14.69,🟢 ALCISTA
2025-10-31,QQQ,NASDAQ 100 ETF,626.05,3.35,72.7,16.92,-1.72,20.11,🟢 ALCISTA
2025-10-31,DIA,Dow Jones ETF,475.01,2.16,76.9,9.36,-1.12,11.72,🟢 ALCISTA
2025-10-31,IWM,Russell 2000 ETF,244.85,0.34,58.5,12.22,-3.13,22.76,🟢 ALCISTA
2025-10-31,VTI,Total Stock Market ETF,334.08,1.3,70.8,11.84,-1.47,14.91,🟢 ALCISTA
2025-10-31,EUSA,iShares MSCI USA ETF,101.92,-1.44,57.1,4.56,-2.38,13.52,🟡 NEUTRAL
2025-10-31,ACWI,iShares MSCI ACWI ETF,141.17,1.37,73.9,12.23,-1.31,14.16,🟢 ALCISTA
2025-10-31,EFA,iShares MSCI EAFE ETF,94.7,0.43,70.0,9.65,-1.3,11.24,🟢 ALCISTA
2025-10-31,EEM,iShares MSCI Emerging Markets ETF,55.43,2.52,75.0,17.6,-1.56,21.6,🟢 ALCISTA
