Analysis_Date,Symbol,Name,Current_Price,Change_20D,RSI_14,Pct_Above_MA200,Distance_52W_High,Volatility_20D,Overall_Signal
2025-11-13,SPY,S&P 500 ETF,683.38,2.74,60.1,12.03,-0.92,11.95,🟢 ALCISTA
2025-11-13,QQQ,NASDAQ 100 ETF,621.08,3.13,56.0,15.02,-2.5,17.94,🟢 ALCISTA
2025-11-13,DIA,Dow Jones ETF,482.76,4.37,70.9,10.69,-0.34,10.15,🟢 ALCISTA
2025-11-13,IWM,Russell 2000 ETF,243.64,-2.67,45.0,11.25,-3.61,18.43,🟢 ALCISTA
2025-11-13,VTI,Total Stock Market ETF,335.86,2.28,58.6,11.79,-0.94,12.11,🟢 ALCISTA
2025-11-13,EUSA,iShares MSCI USA ETF,103.35,0.72,48.7,5.81,-1.02,10.95,🟢 ALCISTA
2025-11-13,ACWI,iShares MSCI ACWI ETF,142.33,2.72,60.6,12.29,-0.5,10.95,🟢 ALCISTA
2025-11-13,EFA,iShares MSCI EAFE ETF,96.56,2.89,62.9,10.76,-0.13,8.97,🟢 ALCISTA
2025-11-13,EEM,iShares MSCI Emerging Markets ETF,55.58,3.23,57.7,16.45,-1.3,14.2,🟢 ALCISTA
