Analysis_Date,Symbol,Name,Current_Price,Change_20D,RSI_14,Pct_Above_MA200,Distance_52W_High,Volatility_20D,Overall_Signal
2025-07-24,SPY,S&P 500 ETF,634.21,4.52,70.0,8.73,0.0,6.84,🟢 ALCISTA
2025-07-24,QQQ,NASDAQ 100 ETF,563.81,4.45,70.1,11.2,-0.4,8.45,🟢 ALCISTA
2025-07-24,DIA,Dow Jones ETF,450.21,4.55,58.0,5.83,-0.01,10.24,🟢 ALCISTA
2025-07-24,IWM,Russell 2000 ETF,226.68,5.69,58.8,5.41,-6.73,17.48,🟢 ALCISTA
2025-07-24,VTI,Total Stock Market ETF,312.41,4.55,69.2,8.53,-0.01,7.35,🟢 ALCISTA
2025-07-24,EUSA,iShares MSCI USA ETF,102.04,3.93,60.7,6.4,0.0,10.32,🟢 ALCISTA
2025-07-24,ACWI,iShares MSCI ACWI ETF,131.9,4.27,68.5,10.27,-0.01,7.39,🟢 ALCISTA
2025-07-24,EFA,iShares MSCI EAFE ETF,91.54,3.98,62.5,13.27,-0.03,13.16,🟢 ALCISTA
2025-07-24,EEM,iShares MSCI Emerging Markets ETF,49.93,4.19,70.0,13.41,-0.06,8.52,🟢 ALCISTA
