Analysis_Date,Symbol,Name,Current_Price,Change_20D,RSI_14,Pct_Above_MA200,Distance_52W_High,Volatility_20D,Overall_Signal
2025-09-12,SPY,S&P 500 ETF,657.63,1.98,72.6,10.63,-0.11,9.04,🟢 ALCISTA
2025-09-12,QQQ,NASDAQ 100 ETF,584.08,0.64,72.1,12.22,-0.14,11.39,🟢 ALCISTA
2025-09-12,DIA,Dow Jones ETF,461.92,2.84,69.2,7.5,-0.09,10.13,🟢 ALCISTA
2025-09-12,IWM,Russell 2000 ETF,240.8,4.14,76.0,11.51,-0.92,18.48,🟢 ALCISTA
2025-09-12,VTI,Total Stock Market ETF,324.78,2.24,74.6,10.78,-0.09,9.56,🟢 ALCISTA
2025-09-12,EUSA,iShares MSCI USA ETF,103.57,1.54,68.5,6.89,-0.18,10.21,🟢 ALCISTA
2025-09-12,ACWI,iShares MSCI ACWI ETF,136.55,2.24,73.3,11.7,-0.05,9.15,🟢 ALCISTA
2025-09-12,EFA,iShares MSCI EAFE ETF,93.36,1.88,59.3,12.3,-0.03,11.05,🟢 ALCISTA
2025-09-12,EEM,iShares MSCI Emerging Markets ETF,52.29,3.54,76.7,16.02,-0.06,12.87,🟢 ALCISTA
