Analysis_Date,Symbol,Name,Current_Price,Change_20D,RSI_14,Pct_Above_MA200,Distance_52W_High,Volatility_20D,Overall_Signal
2026-01-28,SPY,S&P 500 ETF,695.49,0.75,53.9,9.4,-0.15,10.67,🟢 ALCISTA
2026-01-28,QQQ,NASDAQ 100 ETF,631.13,1.16,56.7,10.75,-0.8,13.11,🟢 ALCISTA
2026-01-28,DIA,Dow Jones ETF,490.06,0.66,45.2,9.06,-1.23,12.79,🟢 ALCISTA
2026-01-28,IWM,Russell 2000 ETF,264.73,5.29,65.4,15.6,-2.53,15.61,🟢 ALCISTA
2026-01-28,VTI,Total Stock Market ETF,343.27,1.06,54.5,9.65,-0.13,10.69,🟢 ALCISTA
2026-01-28,EUSA,iShares MSCI USA ETF,106.63,1.82,51.2,7.03,-0.98,11.95,🟢 ALCISTA
2026-01-28,ACWI,iShares MSCI ACWI ETF,147.06,2.91,62.9,11.57,-0.07,10.62,🟢 ALCISTA
2026-01-28,EFA,iShares MSCI EAFE ETF,102.09,5.72,71.6,13.57,-0.22,11.37,🟢 ALCISTA
2026-01-28,EEM,iShares MSCI Emerging Markets ETF,60.34,10.11,74.1,20.26,-0.05,15.33,🟢 ALCISTA
