Analysis_Date,Symbol,Name,Current_Price,Change_20D,RSI_14,Pct_Above_MA200,Distance_52W_High,Volatility_20D,Overall_Signal
2025-11-20,SPY,S&P 500 ETF,662.63,-0.77,35.7,8.32,-3.92,13.36,🟡 NEUTRAL
2025-11-20,QQQ,NASDAQ 100 ETF,599.87,-0.93,33.9,10.67,-5.83,19.41,🟡 NEUTRAL
2025-11-20,DIA,Dow Jones ETF,461.76,-0.86,35.9,5.72,-4.67,12.37,🟡 NEUTRAL
2025-11-20,IWM,Russell 2000 ETF,233.43,-4.07,32.0,6.46,-7.65,18.59,🟡 NEUTRAL
2025-11-20,VTI,Total Stock Market ETF,325.28,-1.1,35.4,7.99,-4.06,13.43,🟡 NEUTRAL
2025-11-20,EUSA,iShares MSCI USA ETF,99.89,-3.03,38.5,2.2,-4.33,11.26,🟡 NEUTRAL
2025-11-20,ACWI,iShares MSCI ACWI ETF,137.58,-1.06,35.5,8.15,-3.82,12.67,🟡 NEUTRAL
2025-11-20,EFA,iShares MSCI EAFE ETF,92.52,-2.04,37.4,5.63,-4.31,11.18,🟡 NEUTRAL
2025-11-20,EEM,iShares MSCI Emerging Markets ETF,53.85,-0.76,35.3,12.12,-4.37,14.26,🟡 NEUTRAL
