Analysis_Date,Symbol,Name,Current_Price,Change_20D,RSI_14,Pct_Above_MA200,Distance_52W_High,Volatility_20D,Overall_Signal
2025-10-27,SPY,S&P 500 ETF,677.25,2.33,54.1,12.1,-0.18,13.53,🟢 ALCISTA
2025-10-27,QQQ,NASDAQ 100 ETF,617.1,3.55,55.6,15.79,-0.21,18.14,🟢 ALCISTA
2025-10-27,DIA,Dow Jones ETF,472.21,2.18,56.5,9.0,-0.22,11.38,🟢 ALCISTA
2025-10-27,IWM,Russell 2000 ETF,249.43,3.35,52.7,14.64,-1.32,22.2,🟢 ALCISTA
2025-10-27,VTI,Total Stock Market ETF,333.71,2.28,53.5,12.09,-0.25,13.85,🟢 ALCISTA
2025-10-27,EUSA,iShares MSCI USA ETF,103.86,1.19,50.1,6.74,-0.5,12.51,🟢 ALCISTA
2025-10-27,ACWI,iShares MSCI ACWI ETF,140.86,2.56,52.8,12.45,-0.54,13.3,🟢 ALCISTA
2025-10-27,EFA,iShares MSCI EAFE ETF,95.04,2.6,48.4,10.58,-0.51,11.06,🟢 ALCISTA
2025-10-27,EEM,iShares MSCI Emerging Markets ETF,55.1,4.53,53.5,17.65,-0.2,21.13,🟢 ALCISTA
