Analysis_Date,Symbol,Name,Current_Price,Change_20D,RSI_14,Pct_Above_MA200,Distance_52W_High,Volatility_20D,Overall_Signal
2025-07-18,SPY,S&P 500 ETF,628.04,5.42,72.3,7.91,-0.06,7.8,🟢 ALCISTA
2025-07-18,QQQ,NASDAQ 100 ETF,561.8,6.3,70.9,11.16,-0.09,9.81,🟢 ALCISTA
2025-07-18,DIA,Dow Jones ETF,445.22,5.52,64.9,4.76,-0.81,10.35,🟢 ALCISTA
2025-07-18,IWM,Russell 2000 ETF,223.92,7.37,64.1,4.19,-7.87,16.99,🟢 ALCISTA
2025-07-18,VTI,Total Stock Market ETF,309.26,5.51,71.7,7.67,-0.1,8.32,🟢 ALCISTA
2025-07-18,EUSA,iShares MSCI USA ETF,100.32,4.3,63.7,4.75,-1.06,10.03,🟢 ALCISTA
2025-07-18,ACWI,iShares MSCI ACWI ETF,129.86,4.52,66.7,8.8,-0.14,8.33,🟢 ALCISTA
2025-07-18,EFA,iShares MSCI EAFE ETF,88.61,1.9,50.6,9.88,-1.43,11.35,🟢 ALCISTA
2025-07-18,EEM,iShares MSCI Emerging Markets ETF,49.19,5.54,64.4,11.95,-0.06,12.11,🟢 ALCISTA
