Analysis_Date,Symbol,Name,Current_Price,Change_20D,RSI_14,Pct_Above_MA200,Distance_52W_High,Volatility_20D,Overall_Signal
2025-10-06,SPY,S&P 500 ETF,669.21,3.68,66.2,11.88,-0.52,5.79,🟢 ALCISTA
2025-10-06,QQQ,NASDAQ 100 ETF,603.18,4.83,66.0,14.57,-0.68,7.21,🟢 ALCISTA
2025-10-06,DIA,Dow Jones ETF,467.51,3.05,72.1,8.65,-0.61,7.02,🟢 ALCISTA
2025-10-06,IWM,Russell 2000 ETF,245.83,3.68,66.4,13.92,-0.91,14.18,🟢 ALCISTA
2025-10-06,VTI,Total Stock Market ETF,329.97,3.55,65.7,11.92,-0.53,6.15,🟢 ALCISTA
2025-10-06,EUSA,iShares MSCI USA ETF,103.8,1.57,67.7,7.31,-0.51,7.85,🟢 ALCISTA
2025-10-06,ACWI,iShares MSCI ACWI ETF,139.5,4.05,67.7,12.79,-0.39,6.07,🟢 ALCISTA
2025-10-06,EFA,iShares MSCI EAFE ETF,95.08,3.58,61.9,12.55,-0.2,8.95,🟢 ALCISTA
2025-10-06,EEM,iShares MSCI Emerging Markets ETF,54.23,7.49,74.3,18.09,-0.29,8.23,🟢 ALCISTA
