Analysis_Date,Symbol,Name,Current_Price,Change_20D,RSI_14,Pct_Above_MA200,Distance_52W_High,Volatility_20D,Overall_Signal
2025-08-06,SPY,S&P 500 ETF,627.97,1.23,54.5,7.14,-1.86,10.05,🟢 ALCISTA
2025-08-06,QQQ,NASDAQ 100 ETF,560.27,1.44,53.1,9.76,-2.5,11.68,🟢 ALCISTA
2025-08-06,DIA,Dow Jones ETF,441.14,-0.24,48.6,3.43,-2.02,11.19,🟢 ALCISTA
2025-08-06,IWM,Russell 2000 ETF,220.85,-0.18,49.7,2.62,-9.13,18.98,🟢 ALCISTA
2025-08-06,VTI,Total Stock Market ETF,309.16,1.17,54.5,6.9,-1.8,10.37,🟢 ALCISTA
2025-08-06,EUSA,iShares MSCI USA ETF,100.09,-0.17,53.2,4.06,-2.16,11.63,🟢 ALCISTA
2025-08-06,ACWI,iShares MSCI ACWI ETF,129.81,0.72,52.6,7.99,-1.63,9.65,🟢 ALCISTA
2025-08-06,EFA,iShares MSCI EAFE ETF,88.44,-0.85,50.3,8.87,-3.42,14.72,🟢 ALCISTA
2025-08-06,EEM,iShares MSCI Emerging Markets ETF,48.84,0.97,49.0,10.5,-2.24,9.04,🟢 ALCISTA
