Analysis_Date,Symbol,Name,Current_Price,Change_20D,RSI_14,Pct_Above_MA200,Distance_52W_High,Volatility_20D,Overall_Signal
2025-12-04,SPY,S&P 500 ETF,683.89,1.28,50.3,11.2,-0.84,14.41,🟢 ALCISTA
2025-12-04,QQQ,NASDAQ 100 ETF,623.52,0.69,51.4,14.27,-2.12,20.27,🟢 ALCISTA
2025-12-04,DIA,Dow Jones ETF,479.41,1.94,47.5,9.56,-0.91,14.32,🟢 ALCISTA
2025-12-04,IWM,Russell 2000 ETF,249.63,3.5,56.7,13.43,-1.24,24.02,🟢 ALCISTA
2025-12-04,VTI,Total Stock Market ETF,336.56,1.45,50.9,11.17,-0.74,14.97,🟢 ALCISTA
2025-12-04,EUSA,iShares MSCI USA ETF,103.79,2.32,52.0,6.0,-0.59,14.03,🟢 ALCISTA
2025-12-04,ACWI,iShares MSCI ACWI ETF,141.68,1.27,47.8,10.67,-0.96,13.67,🟢 ALCISTA
2025-12-04,EFA,iShares MSCI EAFE ETF,95.55,2.13,45.2,8.28,-1.18,13.99,🟢 ALCISTA
2025-12-04,EEM,iShares MSCI Emerging Markets ETF,54.34,-0.53,33.9,12.03,-3.5,12.28,🟢 ALCISTA
