Analysis_Date,Symbol,Name,Current_Price,Change_20D,RSI_14,Pct_Above_MA200,Distance_52W_High,Volatility_20D,Overall_Signal
2026-01-16,SPY,S&P 500 ETF,692.24,2.27,52.8,9.87,-0.55,8.55,🟢 ALCISTA
2026-01-16,QQQ,NASDAQ 100 ETF,621.78,1.77,47.4,10.3,-2.27,12.95,🟢 ALCISTA
2026-01-16,DIA,Dow Jones ETF,494.48,2.82,59.7,10.84,-0.37,9.39,🟢 ALCISTA
2026-01-16,IWM,Russell 2000 ETF,265.51,6.25,73.4,17.36,-0.58,12.85,🟢 ALCISTA
2026-01-16,VTI,Total Stock Market ETF,342.05,2.59,56.1,10.27,-0.47,8.72,🟢 ALCISTA
2026-01-16,EUSA,iShares MSCI USA ETF,107.27,3.73,66.4,8.4,-0.38,9.34,🟢 ALCISTA
2026-01-16,ACWI,iShares MSCI ACWI ETF,145.0,3.58,65.0,11.07,-0.43,8.47,🟢 ALCISTA
2026-01-16,EFA,iShares MSCI EAFE ETF,99.26,4.57,72.9,11.49,-0.36,8.68,🟢 ALCISTA
2026-01-16,EEM,iShares MSCI Emerging Markets ETF,58.09,9.65,80.5,17.26,-0.5,13.28,🟢 ALCISTA
