Analysis_Date,Symbol,Name,Current_Price,Change_20D,RSI_14,Pct_Above_MA200,Distance_52W_High,Volatility_20D,Overall_Signal
2025-12-10,SPY,S&P 500 ETF,683.04,0.23,71.0,10.76,-0.97,12.7,🟢 ALCISTA
2025-12-10,QQQ,NASDAQ 100 ETF,625.05,0.29,72.2,14.15,-1.88,17.22,🟢 ALCISTA
2025-12-10,DIA,Dow Jones ETF,476.42,0.68,70.3,8.65,-1.52,13.8,🟢 ALCISTA
2025-12-10,IWM,Russell 2000 ETF,251.39,3.02,75.0,13.9,-0.62,22.5,🟢 ALCISTA
2025-12-10,VTI,Total Stock Market ETF,336.23,0.39,71.2,10.76,-0.83,13.37,🟢 ALCISTA
2025-12-10,EUSA,iShares MSCI USA ETF,103.37,0.64,67.0,5.44,-1.14,13.32,🟢 ALCISTA
2025-12-10,ACWI,iShares MSCI ACWI ETF,141.65,0.05,70.1,10.31,-0.98,12.16,🟢 ALCISTA
2025-12-10,EFA,iShares MSCI EAFE ETF,95.38,0.09,67.2,7.72,-1.35,13.37,🟢 ALCISTA
2025-12-10,EEM,iShares MSCI Emerging Markets ETF,54.53,-1.77,58.5,11.94,-3.16,9.86,🟢 ALCISTA
