Analysis_Date,Symbol,Name,Current_Price,Change_20D,RSI_14,Pct_Above_MA200,Distance_52W_High,Volatility_20D,Overall_Signal
2025-11-17,SPY,S&P 500 ETF,671.93,1.13,38.0,10.02,-2.58,13.16,🟢 ALCISTA
2025-11-17,QQQ,NASDAQ 100 ETF,608.86,0.82,38.4,12.58,-4.42,19.39,🟢 ALCISTA
2025-11-17,DIA,Dow Jones ETF,471.8,2.17,45.5,8.11,-2.6,12.0,🟢 ALCISTA
2025-11-17,IWM,Russell 2000 ETF,237.48,-2.44,29.8,8.38,-6.05,19.54,🟢 ALCISTA
2025-11-17,VTI,Total Stock Market ETF,329.86,0.78,36.4,9.67,-2.71,13.42,🟢 ALCISTA
2025-11-17,EUSA,iShares MSCI USA ETF,101.65,-0.34,35.8,4.03,-2.64,11.43,🟡 NEUTRAL
2025-11-17,ACWI,iShares MSCI ACWI ETF,140.08,1.05,39.8,10.35,-2.08,12.31,🟢 ALCISTA
2025-11-17,EFA,iShares MSCI EAFE ETF,95.26,0.79,46.8,9.05,-1.48,9.88,🟢 ALCISTA
2025-11-17,EEM,iShares MSCI Emerging Markets ETF,54.96,1.44,42.8,14.85,-2.4,14.83,🟢 ALCISTA
