Analysis_Date,Symbol,Name,Current_Price,Change_20D,RSI_14,Pct_Above_MA200,Distance_52W_High,Volatility_20D,Overall_Signal
2026-01-23,SPY,S&P 500 ETF,688.98,0.61,57.0,8.84,-1.02,10.62,🟢 ALCISTA
2026-01-23,QQQ,NASDAQ 100 ETF,620.76,0.25,55.5,9.49,-2.43,12.73,🟢 ALCISTA
2026-01-23,DIA,Dow Jones ETF,493.69,2.15,63.3,10.27,-0.5,12.13,🟢 ALCISTA
2026-01-23,IWM,Russell 2000 ETF,269.79,6.39,87.5,18.47,-0.67,14.05,🟢 ALCISTA
2026-01-23,VTI,Total Stock Market ETF,340.87,0.97,60.8,9.36,-0.81,10.64,🟢 ALCISTA
2026-01-23,EUSA,iShares MSCI USA ETF,107.02,2.21,68.3,7.78,-0.61,11.87,🟢 ALCISTA
2026-01-23,ACWI,iShares MSCI ACWI ETF,144.81,2.17,65.0,10.38,-0.56,10.27,🟢 ALCISTA
2026-01-23,EFA,iShares MSCI EAFE ETF,99.42,3.89,70.3,11.12,-0.25,10.21,🟢 ALCISTA
2026-01-23,EEM,iShares MSCI Emerging Markets ETF,58.7,8.68,77.4,17.72,-0.39,14.3,🟢 ALCISTA
