Analysis_Date,Symbol,Name,Current_Price,Change_20D,RSI_14,Pct_Above_MA200,Distance_52W_High,Volatility_20D,Overall_Signal
2025-12-18,SPY,S&P 500 ETF,671.4,1.71,39.3,8.35,-2.65,11.86,🟡 NEUTRAL
2025-12-18,QQQ,NASDAQ 100 ETF,600.41,0.69,36.3,8.98,-5.75,17.66,🟡 NEUTRAL
2025-12-18,DIA,Dow Jones ETF,479.8,4.14,57.3,9.01,-2.01,11.4,🟢 ALCISTA
2025-12-18,IWM,Russell 2000 ETF,247.24,6.25,51.3,11.76,-3.92,20.65,🟢 ALCISTA
2025-12-18,VTI,Total Stock Market ETF,330.71,2.0,40.9,8.42,-2.72,12.52,🟡 NEUTRAL
2025-12-18,EUSA,iShares MSCI USA ETF,103.01,3.36,54.9,5.36,-2.11,12.67,🟢 ALCISTA
2025-12-18,ACWI,iShares MSCI ACWI ETF,138.56,1.74,43.8,8.28,-2.42,11.24,🟡 NEUTRAL
2025-12-18,EFA,iShares MSCI EAFE ETF,94.15,3.29,57.9,7.68,-1.61,11.83,🟢 ALCISTA
2025-12-18,EEM,iShares MSCI Emerging Markets ETF,52.6,-1.27,36.2,8.79,-5.25,10.44,🟡 NEUTRAL
