Analysis_Date,Symbol,Name,Current_Price,Change_20D,RSI_14,Pct_Above_MA200,Distance_52W_High,Volatility_20D,Overall_Signal
2025-10-10,SPY,S&P 500 ETF,671.16,2.34,61.0,11.89,-0.41,6.02,🟢 ALCISTA
2025-10-10,QQQ,NASDAQ 100 ETF,610.7,4.68,64.2,15.62,-0.17,8.53,🟢 ALCISTA
2025-10-10,DIA,Dow Jones ETF,463.5,0.63,51.6,7.51,-1.46,5.58,🟢 ALCISTA
2025-10-10,IWM,Russell 2000 ETF,245.13,2.09,55.2,13.38,-1.35,13.92,🟢 ALCISTA
2025-10-10,VTI,Total Stock Market ETF,330.66,2.09,58.7,11.86,-0.46,6.46,🟢 ALCISTA
2025-10-10,EUSA,iShares MSCI USA ETF,102.96,-0.16,51.9,6.27,-1.34,7.23,🟢 ALCISTA
2025-10-10,ACWI,iShares MSCI ACWI ETF,139.35,2.05,59.7,12.28,-0.63,6.5,🟢 ALCISTA
2025-10-10,EFA,iShares MSCI EAFE ETF,93.97,0.65,57.0,10.73,-1.63,8.91,🟢 ALCISTA
2025-10-10,EEM,iShares MSCI Emerging Markets ETF,53.93,3.14,61.3,16.82,-1.39,8.94,🟢 ALCISTA
