Analysis_Date,Symbol,Name,Current_Price,Change_20D,RSI_14,Pct_Above_MA200,Distance_52W_High,Volatility_20D,Overall_Signal
2025-11-06,SPY,S&P 500 ETF,677.58,0.66,65.3,11.43,-1.76,15.2,🟢 ALCISTA
2025-11-06,QQQ,NASDAQ 100 ETF,623.28,1.94,64.5,15.93,-2.16,21.09,🟢 ALCISTA
2025-11-06,DIA,Dow Jones ETF,473.11,1.54,69.9,8.7,-1.52,12.03,🟢 ALCISTA
2025-11-06,IWM,Russell 2000 ETF,244.68,-0.83,49.4,11.94,-3.2,23.48,🟢 ALCISTA
2025-11-06,VTI,Total Stock Market ETF,333.16,0.41,63.5,11.22,-1.74,15.38,🟢 ALCISTA
2025-11-06,EUSA,iShares MSCI USA ETF,101.97,-1.66,52.3,4.51,-2.34,13.86,🟡 NEUTRAL
2025-11-06,ACWI,iShares MSCI ACWI ETF,140.56,0.38,61.5,11.35,-1.74,14.68,🟢 ALCISTA
2025-11-06,EFA,iShares MSCI EAFE ETF,94.16,-0.62,48.5,8.55,-1.87,11.19,🟢 ALCISTA
2025-11-06,EEM,iShares MSCI Emerging Markets ETF,55.12,1.16,58.1,16.28,-2.11,22.61,🟢 ALCISTA
