Analysis_Date,Symbol,Name,Current_Price,Change_20D,RSI_14,Pct_Above_MA200,Distance_52W_High,Volatility_20D,Overall_Signal
2025-08-07,SPY,S&P 500 ETF,632.78,1.4,55.5,7.91,-1.1,10.18,🟢 ALCISTA
2025-08-07,QQQ,NASDAQ 100 ETF,567.32,1.99,55.5,11.06,-1.27,12.23,🟢 ALCISTA
2025-08-07,DIA,Dow Jones ETF,441.97,-0.53,45.6,3.61,-1.84,11.06,🟢 ALCISTA
2025-08-07,IWM,Russell 2000 ETF,220.56,-1.38,43.9,2.49,-9.25,18.54,🟢 ALCISTA
2025-08-07,VTI,Total Stock Market ETF,311.25,1.22,54.7,7.57,-1.14,10.4,🟢 ALCISTA
2025-08-07,EUSA,iShares MSCI USA ETF,100.03,-0.52,48.2,3.98,-2.22,11.58,🟢 ALCISTA
2025-08-07,ACWI,iShares MSCI ACWI ETF,130.78,0.93,54.8,8.74,-0.89,9.81,🟢 ALCISTA
2025-08-07,EFA,iShares MSCI EAFE ETF,89.02,-0.95,52.2,9.52,-2.78,14.65,🟢 ALCISTA
2025-08-07,EEM,iShares MSCI Emerging Markets ETF,49.07,1.62,48.3,10.96,-1.78,9.12,🟢 ALCISTA
