Analysis_Date,Symbol,Name,Current_Price,Change_20D,RSI_14,Pct_Above_MA200,Distance_52W_High,Volatility_20D,Overall_Signal
2026-01-08,SPY,S&P 500 ETF,689.58,1.17,63.0,10.14,-0.63,9.38,🟢 ALCISTA
2026-01-08,QQQ,NASDAQ 100 ETF,624.02,0.09,61.4,11.56,-1.91,13.83,🟢 ALCISTA
2026-01-08,DIA,Dow Jones ETF,489.96,2.69,62.7,10.39,-1.27,10.84,🟢 ALCISTA
2026-01-08,IWM,Russell 2000 ETF,255.48,2.18,59.9,13.82,-0.72,15.11,🟢 ALCISTA
2026-01-08,VTI,Total Stock Market ETF,340.05,1.32,63.0,10.32,-0.59,9.85,🟢 ALCISTA
2026-01-08,EUSA,iShares MSCI USA ETF,105.39,2.29,61.9,6.94,-1.23,11.1,🟢 ALCISTA
2026-01-08,ACWI,iShares MSCI ACWI ETF,143.81,2.34,68.1,10.89,-0.62,9.5,🟢 ALCISTA
2026-01-08,EFA,iShares MSCI EAFE ETF,97.93,4.39,72.5,10.7,-0.56,9.29,🟢 ALCISTA
2026-01-08,EEM,iShares MSCI Emerging Markets ETF,56.85,5.57,81.7,15.76,-1.01,14.66,🟢 ALCISTA
