Analysis_Date,Symbol,Name,Current_Price,Change_20D,RSI_14,Pct_Above_MA200,Distance_52W_High,Volatility_20D,Overall_Signal
2025-11-18,SPY,S&P 500 ETF,665.67,-0.84,32.1,8.93,-3.48,13.07,🟡 NEUTRAL
2025-11-18,QQQ,NASDAQ 100 ETF,603.66,-1.29,32.4,11.53,-5.24,19.08,🟡 NEUTRAL
2025-11-18,DIA,Dow Jones ETF,466.32,-0.15,37.6,6.82,-3.73,12.17,🟢 ALCISTA
2025-11-18,IWM,Russell 2000 ETF,232.76,-6.21,26.9,6.21,-7.92,19.0,🟢 ALCISTA
2025-11-18,VTI,Total Stock Market ETF,326.43,-1.37,31.3,8.48,-3.73,13.32,🟡 NEUTRAL
2025-11-18,EUSA,iShares MSCI USA ETF,100.27,-2.74,34.0,2.61,-3.97,11.61,🟡 NEUTRAL
2025-11-18,ACWI,iShares MSCI ACWI ETF,138.58,-1.03,34.0,9.09,-3.12,12.39,🟡 NEUTRAL
2025-11-18,EFA,iShares MSCI EAFE ETF,94.02,-1.33,39.9,7.53,-2.76,10.51,🟡 NEUTRAL
2025-11-18,EEM,iShares MSCI Emerging Markets ETF,54.31,-1.11,38.1,13.35,-3.55,14.64,🟢 ALCISTA
