Analysis_Date,Symbol,Name,Current_Price,Change_20D,RSI_14,Pct_Above_MA200,Distance_52W_High,Volatility_20D,Overall_Signal
2025-09-19,SPY,S&P 500 ETF,662.26,3.78,67.4,11.09,-0.4,8.75,🟢 ALCISTA
2025-09-19,QQQ,NASDAQ 100 ETF,595.32,5.2,70.5,13.9,-0.47,10.23,🟢 ALCISTA
2025-09-19,DIA,Dow Jones ETF,462.63,2.95,60.1,7.54,-0.37,10.6,🟢 ALCISTA
2025-09-19,IWM,Russell 2000 ETF,244.84,8.93,69.6,13.66,-0.13,19.14,🟢 ALCISTA
2025-09-19,VTI,Total Stock Market ETF,327.21,4.26,68.8,11.31,-0.32,9.24,🟢 ALCISTA
2025-09-19,EUSA,iShares MSCI USA ETF,102.94,2.14,55.1,6.63,-0.36,10.47,🟢 ALCISTA
2025-09-19,ACWI,iShares MSCI ACWI ETF,137.54,3.76,71.6,12.08,-0.23,9.06,🟢 ALCISTA
2025-09-19,EFA,iShares MSCI EAFE ETF,93.36,1.01,59.8,11.69,-0.44,11.41,🟢 ALCISTA
2025-09-19,EEM,iShares MSCI Emerging Markets ETF,53.13,6.79,85.8,17.19,-1.01,11.34,🟢 ALCISTA
