Analysis_Date,Symbol,Name,Current_Price,Change_20D,RSI_14,Pct_Above_MA200,Distance_52W_High,Volatility_20D,Overall_Signal
2025-09-25,SPY,S&P 500 ETF,661.1,2.75,70.9,10.96,-0.94,7.35,🟢 ALCISTA
2025-09-25,QQQ,NASDAQ 100 ETF,596.1,4.22,79.0,13.81,-1.12,9.54,🟢 ALCISTA
2025-09-25,DIA,Dow Jones ETF,461.02,1.73,59.9,7.37,-1.28,7.74,🟢 ALCISTA
2025-09-25,IWM,Russell 2000 ETF,241.6,3.42,61.7,12.11,-2.26,14.29,🟢 ALCISTA
2025-09-25,VTI,Total Stock Market ETF,326.89,2.77,70.7,10.97,-1.05,7.4,🟢 ALCISTA
2025-09-25,EUSA,iShares MSCI USA ETF,102.47,0.73,55.7,6.09,-0.91,7.63,🟢 ALCISTA
2025-09-25,ACWI,iShares MSCI ACWI ETF,137.3,2.75,75.7,11.57,-0.99,7.05,🟢 ALCISTA
2025-09-25,EFA,iShares MSCI EAFE ETF,92.58,0.74,60.0,10.34,-1.27,8.97,🟢 ALCISTA
2025-09-25,EEM,iShares MSCI Emerging Markets ETF,53.12,5.8,89.0,16.61,-1.02,9.13,🟢 ALCISTA
