Analysis_Date,Symbol,Name,Current_Price,Change_20D,RSI_14,Pct_Above_MA200,Distance_52W_High,Volatility_20D,Overall_Signal
2026-01-20,SPY,S&P 500 ETF,691.66,3.32,52.0,9.66,-0.64,7.3,🟢 ALCISTA
2026-01-20,QQQ,NASDAQ 100 ETF,621.26,3.61,46.9,10.06,-2.35,10.76,🟢 ALCISTA
2026-01-20,DIA,Dow Jones ETF,493.42,3.1,58.4,10.54,-0.55,9.21,🟢 ALCISTA
2026-01-20,IWM,Russell 2000 ETF,265.76,7.49,77.2,17.29,-0.55,11.83,🟢 ALCISTA
2026-01-20,VTI,Total Stock Market ETF,341.85,3.66,56.1,10.08,-0.53,7.49,🟢 ALCISTA
2026-01-20,EUSA,iShares MSCI USA ETF,107.1,3.97,65.2,8.15,-0.54,9.18,🟢 ALCISTA
2026-01-20,ACWI,iShares MSCI ACWI ETF,145.0,4.65,64.2,10.95,-0.43,7.24,🟢 ALCISTA
2026-01-20,EFA,iShares MSCI EAFE ETF,99.53,5.71,73.4,11.67,-0.09,7.76,🟢 ALCISTA
2026-01-20,EEM,iShares MSCI Emerging Markets ETF,57.87,10.02,76.2,16.64,-0.87,12.94,🟢 ALCISTA
