Analysis_Date,Symbol,Name,Current_Price,Change_20D,RSI_14,Pct_Above_MA200,Distance_52W_High,Volatility_20D,Overall_Signal
2025-09-22,SPY,S&P 500 ETF,663.7,4.72,77.2,11.58,-0.13,8.52,🟢 ALCISTA
2025-09-22,QQQ,NASDAQ 100 ETF,599.35,6.4,84.6,14.57,-0.12,9.97,🟢 ALCISTA
2025-09-22,DIA,Dow Jones ETF,462.94,3.64,63.7,7.89,-0.18,10.48,🟢 ALCISTA
2025-09-22,IWM,Russell 2000 ETF,242.98,7.83,67.3,12.79,-1.05,19.6,🟢 ALCISTA
2025-09-22,VTI,Total Stock Market ETF,328.44,5.01,78.1,11.67,-0.12,9.01,🟢 ALCISTA
2025-09-22,EUSA,iShares MSCI USA ETF,102.77,2.28,54.9,6.44,-0.53,10.4,🟢 ALCISTA
2025-09-22,ACWI,iShares MSCI ACWI ETF,137.76,4.33,80.3,12.18,-0.48,8.81,🟢 ALCISTA
2025-09-22,EFA,iShares MSCI EAFE ETF,93.0,1.25,61.4,11.15,-0.82,11.25,🟢 ALCISTA
2025-09-22,EEM,iShares MSCI Emerging Markets ETF,53.01,6.79,88.3,16.78,-1.23,11.35,🟢 ALCISTA
