Analysis_Date,Symbol,Name,Current_Price,Change_20D,RSI_14,Pct_Above_MA200,Distance_52W_High,Volatility_20D,Overall_Signal
2026-02-05,SPY,S&P 500 ETF,686.19,-0.81,45.9,7.1,-1.67,10.55,🟢 ALCISTA
2026-02-05,QQQ,NASDAQ 100 ETF,605.75,-2.83,41.1,5.34,-4.85,15.46,🟡 NEUTRAL
2026-02-05,DIA,Dow Jones ETF,494.75,0.06,54.0,9.39,-0.36,11.6,🟢 ALCISTA
2026-02-05,IWM,Russell 2000 ETF,260.52,1.73,45.6,12.6,-4.08,14.89,🟢 ALCISTA
2026-02-05,VTI,Total Stock Market ETF,338.25,-0.87,44.6,7.2,-1.79,10.42,🟢 ALCISTA
2026-02-05,EUSA,iShares MSCI USA ETF,106.11,-0.32,45.5,5.9,-1.46,10.43,🟢 ALCISTA
2026-02-05,ACWI,iShares MSCI ACWI ETF,144.99,0.44,51.2,9.1,-1.66,10.56,🟢 ALCISTA
2026-02-05,EFA,iShares MSCI EAFE ETF,101.78,3.54,62.9,12.3,-0.87,12.05,🟢 ALCISTA
2026-02-05,EEM,iShares MSCI Emerging Markets ETF,58.8,2.65,57.0,15.87,-3.53,16.29,🟢 ALCISTA
