Analysis_Date,Symbol,Name,Current_Price,Change_20D,RSI_14,Pct_Above_MA200,Distance_52W_High,Volatility_20D,Overall_Signal
2025-10-20,SPY,S&P 500 ETF,664.39,0.1,50.6,10.37,-1.42,13.07,🟢 ALCISTA
2025-10-20,QQQ,NASDAQ 100 ETF,603.93,0.88,53.6,13.84,-1.51,17.21,🟢 ALCISTA
2025-10-20,DIA,Dow Jones ETF,461.78,-0.22,48.2,6.89,-1.8,9.95,🟢 ALCISTA
2025-10-20,IWM,Russell 2000 ETF,243.41,0.18,52.3,12.21,-3.7,20.39,🟢 ALCISTA
2025-10-20,VTI,Total Stock Market ETF,327.3,-0.07,50.3,10.33,-1.48,13.3,🟢 ALCISTA
2025-10-20,EUSA,iShares MSCI USA ETF,102.0,-0.75,44.7,5.07,-2.26,12.19,🟡 NEUTRAL
2025-10-20,ACWI,iShares MSCI ACWI ETF,138.63,0.63,53.8,11.17,-1.15,12.95,🟢 ALCISTA
2025-10-20,EFA,iShares MSCI EAFE ETF,94.51,1.62,59.3,10.62,-1.07,11.24,🟢 ALCISTA
2025-10-20,EEM,iShares MSCI Emerging Markets ETF,54.18,2.21,56.3,16.49,-0.93,20.23,🟢 ALCISTA
