Analysis_Date,Symbol,Name,Current_Price,Change_20D,RSI_14,Pct_Above_MA200,Distance_52W_High,Volatility_20D,Overall_Signal
2025-09-11,SPY,S&P 500 ETF,652.21,1.48,65.3,9.79,-0.36,8.67,🟢 ALCISTA
2025-09-11,QQQ,NASDAQ 100 ETF,580.7,0.11,66.0,11.66,-0.53,11.21,🟢 ALCISTA
2025-09-11,DIA,Dow Jones ETF,455.93,2.59,60.3,6.15,-0.6,9.78,🟢 ALCISTA
2025-09-11,IWM,Russell 2000 ETF,236.43,4.24,72.3,9.52,-2.72,18.6,🟢 ALCISTA
2025-09-11,VTI,Total Stock Market ETF,321.8,1.79,67.6,9.83,-0.38,9.19,🟢 ALCISTA
2025-09-11,EUSA,iShares MSCI USA ETF,102.21,1.39,58.0,5.52,-0.84,9.98,🟢 ALCISTA
2025-09-11,ACWI,iShares MSCI ACWI ETF,135.22,1.71,65.1,10.69,-0.38,8.67,🟢 ALCISTA
2025-09-11,EFA,iShares MSCI EAFE ETF,92.38,1.42,49.7,11.24,-1.07,10.64,🟢 ALCISTA
2025-09-11,EEM,iShares MSCI Emerging Markets ETF,51.54,3.29,70.7,14.49,-0.41,12.57,🟢 ALCISTA
