Analysis_Date,Symbol,Name,Current_Price,Change_20D,RSI_14,Pct_Above_MA200,Distance_52W_High,Volatility_20D,Overall_Signal
2025-07-16,SPY,S&P 500 ETF,622.14,4.52,71.6,7.01,-0.91,9.03,🟢 ALCISTA
2025-07-16,QQQ,NASDAQ 100 ETF,556.72,5.77,71.9,10.32,-0.73,11.38,🟢 ALCISTA
2025-07-16,DIA,Dow Jones ETF,440.15,4.4,62.4,3.63,-1.94,11.02,🟢 ALCISTA
2025-07-16,IWM,Russell 2000 ETF,218.82,5.04,57.0,1.84,-9.96,17.42,🟢 ALCISTA
2025-07-16,VTI,Total Stock Market ETF,306.1,4.58,69.5,6.68,-1.03,9.47,🟢 ALCISTA
2025-07-16,EUSA,iShares MSCI USA ETF,99.11,3.21,55.8,3.55,-2.26,10.67,🟢 ALCISTA
2025-07-16,ACWI,iShares MSCI ACWI ETF,128.84,3.54,66.0,8.06,-0.92,9.69,🟢 ALCISTA
2025-07-16,EFA,iShares MSCI EAFE ETF,88.02,0.35,49.9,9.25,-2.09,12.24,🟢 ALCISTA
2025-07-16,EEM,iShares MSCI Emerging Markets ETF,48.68,4.33,62.7,10.9,-0.41,13.77,🟢 ALCISTA
