Analysis_Date,Symbol,Name,Current_Price,Change_20D,RSI_14,Pct_Above_MA200,Distance_52W_High,Volatility_20D,Overall_Signal
2025-09-18,SPY,S&P 500 ETF,659.18,3.03,66.7,10.64,-0.39,8.82,🟢 ALCISTA
2025-09-18,QQQ,NASDAQ 100 ETF,590.0,3.64,69.3,12.98,-0.48,10.36,🟢 ALCISTA
2025-09-18,DIA,Dow Jones ETF,461.26,2.66,59.2,7.25,-0.56,10.59,🟢 ALCISTA
2025-09-18,IWM,Russell 2000 ETF,238.89,5.9,60.0,10.92,-2.21,17.69,🟢 ALCISTA
2025-09-18,VTI,Total Stock Market ETF,325.16,3.33,67.3,10.67,-0.53,9.24,🟢 ALCISTA
2025-09-18,EUSA,iShares MSCI USA ETF,102.16,1.27,48.9,5.84,-1.12,10.19,🟢 ALCISTA
2025-09-18,ACWI,iShares MSCI ACWI ETF,136.97,3.22,71.4,11.7,-0.47,9.08,🟢 ALCISTA
2025-09-18,EFA,iShares MSCI EAFE ETF,93.0,0.98,59.7,11.38,-0.82,11.4,🟢 ALCISTA
2025-09-18,EEM,iShares MSCI Emerging Markets ETF,53.26,6.9,89.0,17.62,-0.76,11.28,🟢 ALCISTA
