Analysis_Date,Symbol,Name,Current_Price,Change_20D,RSI_14,Pct_Above_MA200,Distance_52W_High,Volatility_20D,Overall_Signal
2025-11-05,SPY,S&P 500 ETF,675.24,0.91,58.8,11.12,-2.1,15.3,🟢 ALCISTA
2025-11-05,QQQ,NASDAQ 100 ETF,619.25,2.44,60.8,15.29,-2.79,21.33,🟢 ALCISTA
2025-11-05,DIA,Dow Jones ETF,470.9,1.09,61.8,8.24,-1.98,11.94,🟢 ALCISTA
2025-11-05,IWM,Russell 2000 ETF,241.2,-1.21,37.1,10.39,-4.58,23.19,🟡 NEUTRAL
2025-11-05,VTI,Total Stock Market ETF,331.74,0.64,55.9,10.82,-2.16,15.49,🟢 ALCISTA
2025-11-05,EUSA,iShares MSCI USA ETF,101.44,-1.73,43.7,3.98,-2.84,13.81,🟡 NEUTRAL
2025-11-05,ACWI,iShares MSCI ACWI ETF,139.91,0.5,56.3,10.92,-2.2,14.73,🟢 ALCISTA
2025-11-05,EFA,iShares MSCI EAFE ETF,93.56,-0.96,47.5,7.97,-2.49,10.98,🟢 ALCISTA
2025-11-05,EEM,iShares MSCI Emerging Markets ETF,54.63,1.05,57.0,15.4,-2.98,22.56,🟢 ALCISTA
