Analysis_Date,Symbol,Name,Current_Price,Change_20D,RSI_14,Pct_Above_MA200,Distance_52W_High,Volatility_20D,Overall_Signal
2025-07-09,SPY,S&P 500 ETF,620.34,3.84,72.6,6.98,-0.95,9.94,🟢 ALCISTA
2025-07-09,QQQ,NASDAQ 100 ETF,552.34,4.35,68.2,9.87,-0.87,12.58,🟢 ALCISTA
2025-07-09,DIA,Dow Jones ETF,442.38,3.56,72.9,4.34,-1.44,12.01,🟢 ALCISTA
2025-07-09,IWM,Russell 2000 ETF,221.25,4.7,69.1,3.02,-8.96,16.23,🟢 ALCISTA
2025-07-09,VTI,Total Stock Market ETF,305.58,3.86,72.9,6.77,-0.91,10.25,🟢 ALCISTA
2025-07-09,EUSA,iShares MSCI USA ETF,100.26,3.38,71.4,4.93,-1.12,10.1,🟢 ALCISTA
2025-07-09,ACWI,iShares MSCI ACWI ETF,128.88,3.27,67.5,8.4,-0.82,10.39,🟢 ALCISTA
2025-07-09,EFA,iShares MSCI EAFE ETF,89.2,1.12,57.2,11.03,-0.54,12.05,🟢 ALCISTA
2025-07-09,EEM,iShares MSCI Emerging Markets ETF,48.37,4.09,62.1,10.54,-0.88,15.2,🟢 ALCISTA
