Analysis_Date,Symbol,Name,Current_Price,Change_20D,RSI_14,Pct_Above_MA200,Distance_52W_High,Volatility_20D,Overall_Signal
2025-09-30,SPY,S&P 500 ETF,663.68,3.17,70.7,11.21,-0.55,7.32,🟢 ALCISTA
2025-09-30,QQQ,NASDAQ 100 ETF,598.73,5.09,73.9,14.07,-0.69,8.39,🟢 ALCISTA
2025-09-30,DIA,Dow Jones ETF,463.04,1.81,61.9,7.76,-0.85,8.04,🟢 ALCISTA
2025-09-30,IWM,Russell 2000 ETF,241.62,3.03,60.5,12.08,-2.25,14.78,🟢 ALCISTA
2025-09-30,VTI,Total Stock Market ETF,327.1,3.08,68.6,11.19,-0.71,7.49,🟢 ALCISTA
2025-09-30,EUSA,iShares MSCI USA ETF,102.92,0.7,57.0,6.51,-0.47,8.6,🟢 ALCISTA
2025-09-30,ACWI,iShares MSCI ACWI ETF,137.68,3.18,69.0,11.66,-1.08,7.01,🟢 ALCISTA
2025-09-30,EFA,iShares MSCI EAFE ETF,92.99,1.65,54.9,10.53,-0.83,9.41,🟢 ALCISTA
2025-09-30,EEM,iShares MSCI Emerging Markets ETF,53.19,6.68,76.7,16.38,-0.89,9.1,🟢 ALCISTA
