Analysis_Date,Symbol,Name,Current_Price,Change_20D,RSI_14,Pct_Above_MA200,Distance_52W_High,Volatility_20D,Overall_Signal
2025-12-08,SPY,S&P 500 ETF,685.69,2.29,60.8,11.35,-0.58,13.75,🟢 ALCISTA
2025-12-08,QQQ,NASDAQ 100 ETF,625.48,2.26,61.0,14.44,-1.81,18.93,🟢 ALCISTA
2025-12-08,DIA,Dow Jones ETF,480.03,2.42,59.7,9.59,-0.78,13.88,🟢 ALCISTA
2025-12-08,IWM,Russell 2000 ETF,250.77,4.34,66.3,13.81,-0.79,22.72,🟢 ALCISTA
2025-12-08,VTI,Total Stock Market ETF,337.56,2.49,61.8,11.36,-0.44,14.22,🟢 ALCISTA
2025-12-08,EUSA,iShares MSCI USA ETF,104.19,3.02,62.8,6.35,-0.35,13.53,🟢 ALCISTA
2025-12-08,ACWI,iShares MSCI ACWI ETF,142.1,1.98,57.9,10.84,-0.66,13.15,🟢 ALCISTA
2025-12-08,EFA,iShares MSCI EAFE ETF,95.81,1.98,52.9,8.39,-0.91,13.82,🟢 ALCISTA
2025-12-08,EEM,iShares MSCI Emerging Markets ETF,54.74,0.05,46.9,12.62,-2.79,11.85,🟢 ALCISTA
