Analysis_Date,Symbol,Name,Current_Price,Change_20D,RSI_14,Pct_Above_MA200,Distance_52W_High,Volatility_20D,Overall_Signal
2025-09-09,SPY,S&P 500 ETF,648.83,1.83,55.8,9.34,-0.52,9.39,🟢 ALCISTA
2025-09-09,QQQ,NASDAQ 100 ETF,578.87,0.75,51.6,11.48,-0.76,12.09,🟢 ALCISTA
2025-09-09,DIA,Dow Jones ETF,456.2,3.29,62.6,6.28,-0.54,10.28,🟢 ALCISTA
2025-09-09,IWM,Russell 2000 ETF,238.25,8.14,70.2,10.4,-1.97,20.68,🟢 ALCISTA
2025-09-09,VTI,Total Stock Market ETF,320.57,2.41,58.3,9.53,-0.46,10.11,🟢 ALCISTA
2025-09-09,EUSA,iShares MSCI USA ETF,102.61,2.69,62.6,5.99,-0.46,11.05,🟢 ALCISTA
2025-09-09,ACWI,iShares MSCI ACWI ETF,134.72,2.17,57.1,10.44,-0.19,9.48,🟢 ALCISTA
2025-09-09,EFA,iShares MSCI EAFE ETF,92.71,2.59,54.0,11.87,-0.72,11.43,🟢 ALCISTA
2025-09-09,EEM,iShares MSCI Emerging Markets ETF,50.91,2.97,58.1,13.31,-0.02,13.02,🟢 ALCISTA
