Analysis_Date,Symbol,Name,Current_Price,Change_20D,RSI_14,Pct_Above_MA200,Distance_52W_High,Volatility_20D,Overall_Signal
2025-12-05,SPY,S&P 500 ETF,684.39,1.01,59.8,11.21,-0.77,14.37,🟢 ALCISTA
2025-12-05,QQQ,NASDAQ 100 ETF,622.94,-0.05,59.9,14.07,-2.21,20.15,🟢 ALCISTA
2025-12-05,DIA,Dow Jones ETF,479.07,1.39,55.2,9.43,-0.98,14.26,🟢 ALCISTA
2025-12-05,IWM,Russell 2000 ETF,251.82,2.92,68.6,14.36,-0.38,23.71,🟢 ALCISTA
2025-12-05,VTI,Total Stock Market ETF,337.09,1.18,61.1,11.28,-0.58,14.91,🟢 ALCISTA
2025-12-05,EUSA,iShares MSCI USA ETF,103.96,1.95,60.3,6.14,-0.43,13.95,🟢 ALCISTA
2025-12-05,ACWI,iShares MSCI ACWI ETF,141.97,1.0,57.1,10.82,-0.75,13.6,🟢 ALCISTA
2025-12-05,EFA,iShares MSCI EAFE ETF,95.81,1.75,51.4,8.48,-0.91,13.86,🟢 ALCISTA
2025-12-05,EEM,iShares MSCI Emerging Markets ETF,54.33,-1.43,40.7,11.89,-3.52,11.79,🟢 ALCISTA
