Analysis_Date,Symbol,Name,Current_Price,Change_20D,RSI_14,Pct_Above_MA200,Distance_52W_High,Volatility_20D,Overall_Signal
2025-10-07,SPY,S&P 500 ETF,671.61,3.8,70.6,12.21,-0.16,5.82,🟢 ALCISTA
2025-10-07,QQQ,NASDAQ 100 ETF,607.71,5.1,70.5,15.35,-0.27,7.39,🟢 ALCISTA
2025-10-07,DIA,Dow Jones ETF,466.84,2.62,74.4,8.45,-0.75,7.08,🟢 ALCISTA
2025-10-07,IWM,Russell 2000 ETF,246.81,3.89,69.0,14.34,-0.67,14.2,🟢 ALCISTA
2025-10-07,VTI,Total Stock Market ETF,331.21,3.61,70.0,12.28,-0.17,6.17,🟢 ALCISTA
2025-10-07,EUSA,iShares MSCI USA ETF,103.83,1.63,70.3,7.31,-0.51,7.84,🟢 ALCISTA
2025-10-07,ACWI,iShares MSCI ACWI ETF,140.05,3.96,71.7,13.15,-0.14,6.02,🟢 ALCISTA
2025-10-07,EFA,iShares MSCI EAFE ETF,95.3,2.79,65.9,12.69,-0.24,8.41,🟢 ALCISTA
2025-10-07,EEM,iShares MSCI Emerging Markets ETF,54.48,7.01,73.2,18.48,-0.13,7.98,🟢 ALCISTA
