Analysis_Date,Symbol,Name,Current_Price,Change_20D,RSI_14,Pct_Above_MA200,Distance_52W_High,Volatility_20D,Overall_Signal
2025-08-12,SPY,S&P 500 ETF,635.92,1.78,57.4,8.29,-0.61,10.41,🟢 ALCISTA
2025-08-12,QQQ,NASDAQ 100 ETF,572.85,2.99,61.0,11.87,-0.68,12.56,🟢 ALCISTA
2025-08-12,DIA,Dow Jones ETF,440.01,-0.99,43.4,3.1,-2.27,11.05,🟢 ALCISTA
2025-08-12,IWM,Russell 2000 ETF,220.27,-1.31,43.8,2.38,-9.37,17.64,🟢 ALCISTA
2025-08-12,VTI,Total Stock Market ETF,312.31,1.49,55.4,7.79,-0.8,10.48,🟢 ALCISTA
2025-08-12,EUSA,iShares MSCI USA ETF,99.46,-0.93,37.3,3.33,-2.78,11.24,🟢 ALCISTA
2025-08-12,ACWI,iShares MSCI ACWI ETF,131.51,1.65,55.7,9.17,-0.39,9.86,🟢 ALCISTA
2025-08-12,EFA,iShares MSCI EAFE ETF,89.99,1.17,53.4,10.48,-1.73,14.83,🟢 ALCISTA
2025-08-12,EEM,iShares MSCI Emerging Markets ETF,49.3,2.01,48.3,11.3,-1.32,9.48,🟢 ALCISTA
