Analysis_Date,Symbol,Name,Current_Price,Change_20D,RSI_14,Pct_Above_MA200,Distance_52W_High,Volatility_20D,Overall_Signal
2025-11-26,SPY,S&P 500 ETF,675.02,-1.75,48.4,10.11,-2.13,15.12,🟢 ALCISTA
2025-11-26,QQQ,NASDAQ 100 ETF,608.89,-3.8,42.5,12.03,-4.41,21.62,🟢 ALCISTA
2025-11-26,DIA,Dow Jones ETF,471.18,-1.13,48.8,7.9,-2.61,13.55,🟢 ALCISTA
2025-11-26,IWM,Russell 2000 ETF,245.13,-1.54,50.5,11.68,-3.02,23.83,🟢 ALCISTA
2025-11-26,VTI,Total Stock Market ETF,332.16,-1.71,48.8,10.06,-2.04,15.63,🟢 ALCISTA
2025-11-26,EUSA,iShares MSCI USA ETF,102.21,-1.22,51.0,4.52,-2.11,14.33,🟡 NEUTRAL
2025-11-26,ACWI,iShares MSCI ACWI ETF,139.62,-2.06,47.0,9.47,-2.4,14.25,🟢 ALCISTA
2025-11-26,EFA,iShares MSCI EAFE ETF,93.84,-1.9,48.5,6.8,-2.95,13.85,🟡 NEUTRAL
2025-11-26,EEM,iShares MSCI Emerging Markets ETF,53.85,-3.3,37.0,11.63,-4.37,14.34,🟡 NEUTRAL
