Analysis_Date,Symbol,Name,Current_Price,Change_20D,RSI_14,Pct_Above_MA200,Distance_52W_High,Volatility_20D,Overall_Signal
2025-07-17,SPY,S&P 500 ETF,624.22,3.88,73.0,7.31,-0.58,8.63,🟢 ALCISTA
2025-07-17,QQQ,NASDAQ 100 ETF,557.29,4.42,71.3,10.35,-0.63,10.61,🟢 ALCISTA
2025-07-17,DIA,Dow Jones ETF,442.36,4.07,66.0,4.12,-1.45,10.84,🟢 ALCISTA
2025-07-17,IWM,Russell 2000 ETF,221.02,4.86,64.7,2.85,-9.06,17.31,🟢 ALCISTA
2025-07-17,VTI,Total Stock Market ETF,307.26,3.95,72.5,7.03,-0.66,9.05,🟢 ALCISTA
2025-07-17,EUSA,iShares MSCI USA ETF,99.52,2.69,63.4,3.95,-1.85,10.33,🟢 ALCISTA
2025-07-17,ACWI,iShares MSCI ACWI ETF,129.34,3.04,69.0,8.42,-0.54,9.38,🟢 ALCISTA
2025-07-17,EFA,iShares MSCI EAFE ETF,88.38,0.39,56.1,9.64,-1.69,12.25,🟢 ALCISTA
2025-07-17,EEM,iShares MSCI Emerging Markets ETF,48.91,3.56,64.9,11.36,-0.02,13.29,🟢 ALCISTA
