Analysis_Date,Symbol,Name,Current_Price,Change_20D,RSI_14,Pct_Above_MA200,Distance_52W_High,Volatility_20D,Overall_Signal
2025-12-02,SPY,S&P 500 ETF,680.27,-0.26,49.2,10.75,-1.37,15.03,🟢 ALCISTA
2025-12-02,QQQ,NASDAQ 100 ETF,617.17,-1.89,46.3,13.28,-3.11,21.4,🟢 ALCISTA
2025-12-02,DIA,Dow Jones ETF,473.32,-0.37,50.1,8.26,-2.16,14.21,🟢 ALCISTA
2025-12-02,IWM,Russell 2000 ETF,245.62,-0.25,51.9,11.72,-2.83,24.14,🟢 ALCISTA
2025-12-02,VTI,Total Stock Market ETF,334.66,-0.23,49.6,10.68,-1.3,15.56,🟢 ALCISTA
2025-12-02,EUSA,iShares MSCI USA ETF,102.93,0.34,51.0,5.17,-1.42,14.15,🟢 ALCISTA
2025-12-02,ACWI,iShares MSCI ACWI ETF,140.84,-0.4,47.5,10.18,-1.54,14.41,🟢 ALCISTA
2025-12-02,EFA,iShares MSCI EAFE ETF,94.72,0.24,47.4,7.52,-2.04,14.4,🟢 ALCISTA
2025-12-02,EEM,iShares MSCI Emerging Markets ETF,54.28,-1.84,34.1,12.14,-3.61,14.09,🟢 ALCISTA
