Analysis_Date,Symbol,Name,Current_Price,Change_20D,RSI_14,Pct_Above_MA200,Distance_52W_High,Volatility_20D,Overall_Signal
2025-09-10,SPY,S&P 500 ETF,650.33,2.27,61.5,9.53,-0.29,9.34,🟢 ALCISTA
2025-09-10,QQQ,NASDAQ 100 ETF,580.51,1.34,61.4,11.71,-0.48,12.05,🟢 ALCISTA
2025-09-10,DIA,Dow Jones ETF,458.01,4.15,64.6,6.67,-0.14,10.06,🟢 ALCISTA
2025-09-10,IWM,Russell 2000 ETF,236.85,7.53,71.2,9.73,-2.55,20.93,🟢 ALCISTA
2025-09-10,VTI,Total Stock Market ETF,320.98,2.78,64.0,9.61,-0.34,10.02,🟢 ALCISTA
2025-09-10,EUSA,iShares MSCI USA ETF,102.5,3.06,59.9,5.85,-0.56,10.87,🟢 ALCISTA
2025-09-10,ACWI,iShares MSCI ACWI ETF,134.92,2.59,62.7,10.53,-0.06,9.37,🟢 ALCISTA
2025-09-10,EFA,iShares MSCI EAFE ETF,92.4,2.68,51.9,11.38,-1.05,11.38,🟢 ALCISTA
2025-09-10,EEM,iShares MSCI Emerging Markets ETF,51.19,3.83,66.9,13.82,-0.19,12.99,🟢 ALCISTA
