Analysis_Date,Symbol,Name,Current_Price,Change_20D,RSI_14,Pct_Above_MA200,Distance_52W_High,Volatility_20D,Overall_Signal
2025-12-23,SPY,S&P 500 ETF,684.83,4.22,55.8,10.55,-0.41,10.42,🟢 ALCISTA
2025-12-23,QQQ,NASDAQ 100 ETF,619.21,5.07,48.3,12.16,-2.67,16.2,🟢 ALCISTA
2025-12-23,DIA,Dow Jones ETF,483.46,4.74,63.9,9.86,-1.05,10.35,🟢 ALCISTA
2025-12-23,IWM,Russell 2000 ETF,253.58,7.99,65.0,14.26,-1.46,17.03,🟢 ALCISTA
2025-12-23,VTI,Total Stock Market ETF,337.6,4.56,57.1,10.7,-0.41,10.86,🟢 ALCISTA
2025-12-23,EUSA,iShares MSCI USA ETF,104.71,4.97,64.9,6.93,-0.5,10.06,🟢 ALCISTA
2025-12-23,ACWI,iShares MSCI ACWI ETF,141.74,4.49,59.6,10.47,-0.18,9.77,🟢 ALCISTA
2025-12-23,EFA,iShares MSCI EAFE ETF,95.7,5.16,67.8,9.18,-0.06,9.24,🟢 ALCISTA
2025-12-23,EEM,iShares MSCI Emerging Markets ETF,54.01,3.17,55.4,11.35,-2.71,10.51,🟢 ALCISTA
