Analysis_Date,Symbol,Name,Current_Price,Change_20D,RSI_14,Pct_Above_MA200,Distance_52W_High,Volatility_20D,Overall_Signal
2025-08-22,SPY,S&P 500 ETF,635.55,0.18,66.2,7.73,-1.65,10.76,🟢 ALCISTA
2025-08-22,QQQ,NASDAQ 100 ETF,563.28,-0.31,58.6,9.3,-3.44,14.14,🟢 ALCISTA
2025-08-22,DIA,Dow Jones ETF,447.95,0.25,73.6,4.72,-0.93,10.2,🟢 ALCISTA
2025-08-22,IWM,Russell 2000 ETF,225.97,1.08,70.9,4.86,-7.02,18.82,🟢 ALCISTA
2025-08-22,VTI,Total Stock Market ETF,312.76,0.15,66.3,7.46,-1.63,11.02,🟢 ALCISTA
2025-08-22,EUSA,iShares MSCI USA ETF,100.91,-0.85,64.2,4.55,-1.36,10.78,🟢 ALCISTA
2025-08-22,ACWI,iShares MSCI ACWI ETF,132.04,0.31,72.4,9.03,-1.27,9.83,🟢 ALCISTA
2025-08-22,EFA,iShares MSCI EAFE ETF,91.85,1.09,84.0,11.98,-0.69,11.86,🟢 ALCISTA
2025-08-22,EEM,iShares MSCI Emerging Markets ETF,49.64,-0.04,67.1,11.46,-1.88,11.31,🟢 ALCISTA
