Analysis_Date,Symbol,Name,Current_Price,Change_20D,RSI_14,Pct_Above_MA200,Distance_52W_High,Volatility_20D,Overall_Signal
2025-09-26,SPY,S&P 500 ETF,658.05,2.05,68.5,10.39,-1.39,7.64,🟢 ALCISTA
2025-09-26,QQQ,NASDAQ 100 ETF,593.53,3.61,73.4,13.24,-1.55,9.81,🟢 ALCISTA
2025-09-26,DIA,Dow Jones ETF,459.43,1.03,61.0,6.98,-1.62,7.83,🟢 ALCISTA
2025-09-26,IWM,Russell 2000 ETF,239.29,1.71,54.3,11.03,-3.19,14.68,🟢 ALCISTA
2025-09-26,VTI,Total Stock Market ETF,325.14,1.94,66.0,10.33,-1.58,7.76,🟢 ALCISTA
2025-09-26,EUSA,iShares MSCI USA ETF,101.7,-0.56,45.1,5.29,-1.65,7.88,🟢 ALCISTA
2025-09-26,ACWI,iShares MSCI ACWI ETF,136.62,2.2,68.0,10.95,-1.48,7.39,🟢 ALCISTA
2025-09-26,EFA,iShares MSCI EAFE ETF,91.92,0.26,51.0,9.46,-1.97,9.32,🟢 ALCISTA
2025-09-26,EEM,iShares MSCI Emerging Markets ETF,52.81,5.81,80.3,15.8,-1.6,9.11,🟢 ALCISTA
