Analysis_Date,Symbol,Name,Current_Price,Change_20D,RSI_14,Pct_Above_MA200,Distance_52W_High,Volatility_20D,Overall_Signal
2026-01-09,SPY,S&P 500 ETF,689.51,1.25,74.1,10.02,-0.64,9.37,🟢 ALCISTA
2026-01-09,QQQ,NASDAQ 100 ETF,620.47,-0.6,71.0,10.79,-2.47,13.97,🟢 ALCISTA
2026-01-09,DIA,Dow Jones ETF,492.53,3.61,69.1,10.88,-0.75,10.76,🟢 ALCISTA
2026-01-09,IWM,Russell 2000 ETF,258.27,3.08,69.5,14.93,-0.25,15.51,🟢 ALCISTA
2026-01-09,VTI,Total Stock Market ETF,340.14,1.45,73.7,10.24,-0.57,9.83,🟢 ALCISTA
2026-01-09,EUSA,iShares MSCI USA ETF,106.09,3.18,67.9,7.58,-0.57,11.2,🟢 ALCISTA
2026-01-09,ACWI,iShares MSCI ACWI ETF,143.77,2.39,78.3,10.75,-0.64,9.49,🟢 ALCISTA
2026-01-09,EFA,iShares MSCI EAFE ETF,97.94,4.54,82.0,10.6,-0.55,9.23,🟢 ALCISTA
2026-01-09,EEM,iShares MSCI Emerging Markets ETF,56.87,5.78,87.1,15.65,-0.98,14.59,🟢 ALCISTA
