Analysis_Date,Symbol,Name,Current_Price,Change_20D,RSI_14,Pct_Above_MA200,Distance_52W_High,Volatility_20D,Overall_Signal
2025-08-28,SPY,S&P 500 ETF,646.63,1.92,67.4,9.34,-0.11,12.11,🟢 ALCISTA
2025-08-28,QQQ,NASDAQ 100 ETF,573.49,0.96,54.7,10.93,-1.69,15.22,🟢 ALCISTA
2025-08-28,DIA,Dow Jones ETF,456.03,2.59,76.0,6.43,-0.4,12.38,🟢 ALCISTA
2025-08-28,IWM,Russell 2000 ETF,235.94,6.49,73.4,9.37,-2.92,23.46,🟢 ALCISTA
2025-08-28,VTI,Total Stock Market ETF,318.94,2.14,67.6,9.32,-0.1,12.68,🟢 ALCISTA
2025-08-28,EUSA,iShares MSCI USA ETF,102.71,1.69,67.9,6.25,-0.35,12.66,🟢 ALCISTA
2025-08-28,ACWI,iShares MSCI ACWI ETF,133.68,2.35,65.8,10.07,-0.53,11.41,🟢 ALCISTA
2025-08-28,EFA,iShares MSCI EAFE ETF,91.68,3.63,63.1,11.36,-1.82,12.04,🟢 ALCISTA
2025-08-28,EEM,iShares MSCI Emerging Markets ETF,49.91,2.19,54.6,11.73,-1.5,13.15,🟢 ALCISTA
