Analysis_Date,Symbol,Name,Current_Price,Change_20D,RSI_14,Pct_Above_MA200,Distance_52W_High,Volatility_20D,Overall_Signal
2026-02-03,SPY,S&P 500 ETF,695.41,1.79,50.3,8.82,-0.35,10.37,🟢 ALCISTA
2026-02-03,QQQ,NASDAQ 100 ETF,626.14,2.12,49.2,9.21,-1.64,13.71,🟢 ALCISTA
2026-02-03,DIA,Dow Jones ETF,494.03,2.19,48.0,9.48,-0.43,12.68,🟢 ALCISTA
2026-02-03,IWM,Russell 2000 ETF,262.18,5.39,51.2,13.7,-3.47,15.85,🟢 ALCISTA
2026-02-03,VTI,Total Stock Market ETF,342.48,1.83,48.8,8.82,-0.56,10.48,🟢 ALCISTA
2026-02-03,EUSA,iShares MSCI USA ETF,105.94,1.8,44.3,5.93,-1.62,11.56,🟢 ALCISTA
2026-02-03,ACWI,iShares MSCI ACWI ETF,146.31,2.68,54.4,10.39,-0.76,10.65,🟢 ALCISTA
2026-02-03,EFA,iShares MSCI EAFE ETF,101.4,4.49,59.7,12.18,-0.9,12.51,🟢 ALCISTA
2026-02-03,EEM,iShares MSCI Emerging Markets ETF,59.28,5.41,59.5,17.24,-2.74,15.71,🟢 ALCISTA
