Analysis_Date,Symbol,Name,Current_Price,Change_20D,RSI_14,Pct_Above_MA200,Distance_52W_High,Volatility_20D,Overall_Signal
2025-12-11,SPY,S&P 500 ETF,687.57,0.67,72.0,11.4,-0.31,12.89,🟢 ALCISTA
2025-12-11,QQQ,NASDAQ 100 ETF,627.61,0.97,71.7,14.49,-1.48,17.23,🟢 ALCISTA
2025-12-11,DIA,Dow Jones ETF,481.35,0.53,73.4,9.71,-0.5,13.65,🟢 ALCISTA
2025-12-11,IWM,Russell 2000 ETF,254.81,4.33,77.2,15.35,-0.69,22.9,🟢 ALCISTA
2025-12-11,VTI,Total Stock Market ETF,338.73,0.89,72.6,11.5,-0.25,13.59,🟢 ALCISTA
2025-12-11,EUSA,iShares MSCI USA ETF,104.64,1.46,73.1,6.69,-0.28,13.93,🟢 ALCISTA
2025-12-11,ACWI,iShares MSCI ACWI ETF,142.8,0.53,72.6,11.1,-0.19,12.45,🟢 ALCISTA
2025-12-11,EFA,iShares MSCI EAFE ETF,96.44,0.47,73.7,8.82,-0.26,13.7,🟢 ALCISTA
2025-12-11,EEM,iShares MSCI Emerging Markets ETF,55.14,-0.77,69.5,13.06,-2.08,10.74,🟢 ALCISTA
