Ticker,Insider,Title,Date,InsiderName,TradeDate,FilingDate,Type,Price,Qty,Owned,Value,Source,ScrapedAt,Chart_Daily,Chart_Weekly
2026-10-07 21:57:38,SLBT,Sl Science Holding Ltd,"CEO, 10%",Wang Ching-Dong,2026-09-29,2026-10-01,P - Purchase,2272650.0,4545306,333832129,2%,OpenInsider.com,2026-10-07 21:57:38,reports/graphs/SLBT_d.png,reports/graphs/SLBT_w.png
2026-10-07 21:57:38,LEN,Lennar Corp /New/,10%,Berkshire Hathaway Inc,2026-10-01,2026-10-05,P - Purchase,79.65,2418637,29006073,192%,OpenInsider.com,2026-10-07 21:57:38,reports/graphs/LEN_d.png,reports/graphs/LEN_w.png
2026-10-07 21:57:38,BBD,Bank Bradesco,Dir,Alvarez Denise Aguiar,2026-08-31,2026-10-05,P - Purchase,17.22,1950000,14967855,33%,OpenInsider.com,2026-10-07 21:57:38,reports/graphs/BBD_d.png,reports/graphs/BBD_w.png
2026-10-07 21:57:38,GME,Gamestop Corp.,"Pres, CEO, COB",Cohen Ryan,2026-10-02,2026-10-02,P - Purchase,24.41,700000,41648522,17%,OpenInsider.com,2026-10-07 21:57:38,reports/graphs/GME_d.png,reports/graphs/GME_w.png
2026-10-07 21:57:38,CRBG,"Corebridge Financial, Inc.",10%,Nippon Life Insurance Co,2026-09-30,2026-10-02,P - Purchase,33.65,348215,126144687,11%,OpenInsider.com,2026-10-07 21:57:38,reports/graphs/CRBG_d.png,reports/graphs/CRBG_w.png
2026-10-07 21:57:38,CRBG,"Corebridge Financial, Inc.",10%,Nippon Life Insurance Co,2026-10-01,2026-10-05,P - Purchase,33.07,272208,126416895,9%,OpenInsider.com,2026-10-07 21:57:38,reports/graphs/CRBG_d.png,reports/graphs/CRBG_w.png
2026-10-07 21:57:38,CRBG,"Corebridge Financial, Inc.",10%,Nippon Life Insurance Co,2026-09-29,2026-10-01,P - Purchase,33.67,216818,125796472,7%,OpenInsider.com,2026-10-07 21:57:38,reports/graphs/CRBG_d.png,reports/graphs/CRBG_w.png
2026-10-07 21:57:38,AVR,Anteris Technologies Global Corp.,10%,L1 Capital Pty Ltd,2026-10-02,2026-10-06,P - Purchase,7.58,884809,12778380,6%,OpenInsider.com,2026-10-07 21:57:38,reports/graphs/AVR_d.png,reports/graphs/AVR_w.png
2026-10-07 21:57:38,CRBG,"Corebridge Financial, Inc.",10%,Nippon Life Insurance Co,2026-10-02,2026-10-06,P - Purchase,34.27,187155,126604050,6%,OpenInsider.com,2026-10-07 21:57:38,reports/graphs/CRBG_d.png,reports/graphs/CRBG_w.png
2026-10-07 21:57:38,BORR,Borr Drilling Ltd,Dir,Troim Tor Olav,2026-10-06,2026-10-07,P - Purchase,4.24,1500000,33617808,6%,OpenInsider.com,2026-10-07 21:57:38,reports/graphs/BORR_d.png,reports/graphs/BORR_w.png
2026-10-07 21:57:38,BORR,Borr Drilling Ltd,Dir,Troim Tor Olav,2026-10-05,2026-10-06,P - Purchase,4.13,1500000,32117808,6%,OpenInsider.com,2026-10-07 21:57:38,reports/graphs/BORR_d.png,reports/graphs/BORR_w.png
2026-10-07 21:57:38,BBD,Bank Bradesco,Dir,Alvarez Denise Aguiar,2026-08-25,2026-10-05,P - Purchase,16.69,345000,13017855,5%,OpenInsider.com,2026-10-07 21:57:38,reports/graphs/BBD_d.png,reports/graphs/BBD_w.png
2026-10-07 21:57:38,PAM,Pampa Energy Inc.,VicePres,Mindlin Damian Miguel,2026-09-28,2026-10-02,P - Purchase,3.89,1432197,14649960,5%,OpenInsider.com,2026-10-07 21:57:38,reports/graphs/PAM_d.png,reports/graphs/PAM_w.png
2026-10-07 21:57:38,AXIA,Axia Energia S.A.,Dir,Batista De Lima Filho Pedro,2026-10-02,2026-10-06,P - Purchase,10.81,489900,5255446,5%,OpenInsider.com,2026-10-07 21:57:38,reports/graphs/AXIA_d.png,reports/graphs/AXIA_w.png
2026-10-07 21:57:38,GPUS,"Hyperscale Data, Inc.","Exec COB, 10%",Ault Milton C III,2026-09-29,2026-10-01,P - Purchase,0.49,10313474,14888415,5%,OpenInsider.com,2026-10-07 21:57:38,reports/graphs/GPUS_d.png,reports/graphs/GPUS_w.png
2026-10-07 21:57:38,PORT.,Southport Acquisition Corp. II,10%,Southport Acquisition Sponsor II LLC,2026-09-30,2026-10-02,P - Purchase,10.0,500000,500000,5%,OpenInsider.com,2026-10-07 21:57:38,reports/graphs/PORT._d.png,reports/graphs/PORT._w.png
2026-10-07 21:57:38,PORT.,Southport Acquisition Corp. II,"CEO, CFO, 10%",Spencer Jeb S.,2026-09-30,2026-10-02,P - Purchase,10.0,500000,500000,5%,OpenInsider.com,2026-10-07 21:57:38,reports/graphs/PORT._d.png,reports/graphs/PORT._w.png
2026-10-07 21:57:38,ACCV,Accelevation Holdings Corp.,CEO,Rubiera Michael,2026-10-01,2026-10-05,P - Purchase,18.0,203200,1496308,3%,OpenInsider.com,2026-10-07 21:57:38,reports/graphs/ACCV_d.png,reports/graphs/ACCV_w.png
2026-10-07 21:57:38,ORCL,Oracle Corp,Dir,Rusckowski Stephen H,2026-09-29,2026-10-01,P - Purchase,139.35,25000,25450,3%,OpenInsider.com,2026-10-07 21:57:38,reports/graphs/ORCL_d.png,reports/graphs/ORCL_w.png
2026-10-07 21:57:38,QVCG,"Qvc Group, Inc.",10%,Goldentree Asset Management LP,2026-10-02,2026-10-06,P - Purchase,13.85,250000,11327754,3%,OpenInsider.com,2026-10-07 21:57:38,reports/graphs/QVCG_d.png,reports/graphs/QVCG_w.png
2026-10-07 21:57:38,AVR,Anteris Technologies Global Corp.,10%,L1 Capital Pty Ltd,2026-09-30,2026-10-01,P - Purchase,7.62,397226,5200767,3%,OpenInsider.com,2026-10-07 21:57:38,reports/graphs/AVR_d.png,reports/graphs/AVR_w.png
2026-10-07 21:57:38,CRBG,"Corebridge Financial, Inc.",10%,Nippon Life Insurance Co,2026-10-05,2026-10-07,P - Purchase,34.75,65711,126669761,2%,OpenInsider.com,2026-10-07 21:57:38,reports/graphs/CRBG_d.png,reports/graphs/CRBG_w.png
2026-10-07 21:57:38,LWAY,"Lifeway Foods, Inc.",10%,"Divisadero Street Capital Management, LP",2026-10-02,2026-10-06,P - Purchase,20.92,103684,2451792,2%,OpenInsider.com,2026-10-07 21:57:38,reports/graphs/LWAY_d.png,reports/graphs/LWAY_w.png
2026-10-07 21:57:38,NYAX,Nayax Ltd.,"CEO, Co Founder, COB",Nechmad Yair,2026-09-30,2026-10-02,P - Purchase,47.84,44148,7524641,2%,OpenInsider.com,2026-10-07 21:57:38,reports/graphs/NYAX_d.png,reports/graphs/NYAX_w.png
2026-10-07 21:57:38,GBR,"New Concept Energy, Inc.",10%,Realty Advisors Inc,2026-09-29,2026-10-01,P - Purchase,1.0,2000000,2400000,2%,OpenInsider.com,2026-10-07 21:57:38,reports/graphs/GBR_d.png,reports/graphs/GBR_w.png
2026-10-07 21:57:38,CVNA,Carvana Co.,Dir,Maroone Michael E,2026-07-31,2026-10-05,P - Purchase,61.8,25000,975365,1%,OpenInsider.com,2026-10-07 21:57:38,reports/graphs/CVNA_d.png,reports/graphs/CVNA_w.png
2026-10-07 21:57:38,SAH,Sonic Automotive Inc,10%,Rusnak Paul P.,2026-10-01,2026-10-06,P - Purchase,59.5,21645,5121645,1%,OpenInsider.com,2026-10-07 21:57:38,reports/graphs/SAH_d.png,reports/graphs/SAH_w.png
2026-10-07 21:57:38,XENE,Xenon Pharmaceuticals Inc.,"Pres, CEO",Mortimer Ian,2026-09-30,2026-10-01,P - Purchase,37.38,30000,64223,1%,OpenInsider.com,2026-10-07 21:57:38,reports/graphs/XENE_d.png,reports/graphs/XENE_w.png
2026-10-07 21:57:38,NXH,"Neighborhood Intelligence, Inc.","Exec COB, CEO",Lemonis Marcus,2026-10-06,2026-10-06,P - Purchase,2.76,362319,1076860,1%,OpenInsider.com,2026-10-07 21:57:38,reports/graphs/NXH_d.png,reports/graphs/NXH_w.png
2026-10-07 21:57:38,OM,"Outset Medical, Inc.",10%,Leonard Braden Michael,2026-10-01,2026-10-05,P - Purchase,3.55,244909,2764610,870%,OpenInsider.com,2026-10-07 21:57:38,reports/graphs/OM_d.png,reports/graphs/OM_w.png
2026-10-07 21:57:38,PRTA,Prothena Corp Public Ltd Co,10%,Scully William P,2026-10-02,2026-10-06,P - Purchase,8.57,100000,1428000,857%,OpenInsider.com,2026-10-07 21:57:38,reports/graphs/PRTA_d.png,reports/graphs/PRTA_w.png
2026-10-07 21:57:38,FGBI,"First Guaranty Bancshares, Inc.","Dir, 10%",Smith Edgar R. III,2026-09-30,2026-10-02,P - Purchase,8.28,99277,5612558,822%,OpenInsider.com,2026-10-07 21:57:38,reports/graphs/FGBI_d.png,reports/graphs/FGBI_w.png
2026-10-07 21:57:38,DLHC,Dlh Holdings Corp.,10%,Mink Brook Asset Management LLC,2026-10-01,2026-10-02,P - Purchase,3.7,199099,2882004,736%,OpenInsider.com,2026-10-07 21:57:38,reports/graphs/DLHC_d.png,reports/graphs/DLHC_w.png
2026-10-07 21:57:38,IRIX,Iridex Corp,10%,Lin Shih-Yao David,2025-03-25,2026-10-07,P - Purchase,1.05,570184,570184,597%,OpenInsider.com,2026-10-07 21:57:38,reports/graphs/IRIX_d.png,reports/graphs/IRIX_w.png
2026-10-07 21:57:38,XENE,Xenon Pharmaceuticals Inc.,CFO,Kelly Thomas Patrick,2026-09-30,2026-10-01,P - Purchase,37.32,15000,15000,559%,OpenInsider.com,2026-10-07 21:57:38,reports/graphs/XENE_d.png,reports/graphs/XENE_w.png
2026-10-07 21:57:38,DKS,"Dick'S Sporting Goods, Inc.",Pres - Foot Locker Intl,Barnes Matthew,2026-09-30,2026-10-01,P - Purchase,136.39,3665,11965,499%,OpenInsider.com,2026-10-07 21:57:38,reports/graphs/DKS_d.png,reports/graphs/DKS_w.png
2026-10-07 21:57:38,IRIX,Iridex Corp,10%,Lin Shih-Yao David,2025-12-03,2026-10-07,P - Purchase,1.25,350557,1186809,438%,OpenInsider.com,2026-10-07 21:57:38,reports/graphs/IRIX_d.png,reports/graphs/IRIX_w.png
2026-10-07 21:57:38,TKLF,"Tokyo Lifestyle Co., Ltd.","Representative Dir (PEO), 10%",Kanayama Mei,2026-09-29,2026-10-01,P - Purchase,0.27,1396755,34467204,382%,OpenInsider.com,2026-10-07 21:57:38,reports/graphs/TKLF_d.png,reports/graphs/TKLF_w.png
2026-10-07 21:57:38,VCIG,Vci Global Ltd,"CEO, Dir, 10%",Hoo Voon Him,2026-09-30,2026-10-05,P - Purchase,1.62,193349,341719,313%,OpenInsider.com,2026-10-07 21:57:38,reports/graphs/VCIG_d.png,reports/graphs/VCIG_w.png
2026-10-07 21:57:38,FLNA,"Filana Therapeutics, Inc.","Pres, CEO",Barry Richard,2026-09-29,2026-10-01,P - Purchase,0.91,306813,1337964,278%,OpenInsider.com,2026-10-07 21:57:38,reports/graphs/FLNA_d.png,reports/graphs/FLNA_w.png
2026-10-07 21:57:38,IRIX,Iridex Corp,10%,Lin Shih-Yao David,2025-06-06,2026-10-07,P - Purchase,1.03,266068,836252,273%,OpenInsider.com,2026-10-07 21:57:38,reports/graphs/IRIX_d.png,reports/graphs/IRIX_w.png
2026-10-07 21:57:38,GME,Gamestop Corp.,Dir,Turner Nat,2026-10-01,2026-10-01,P - Purchase,24.33,10462,10462,254%,OpenInsider.com,2026-10-07 21:57:38,reports/graphs/GME_d.png,reports/graphs/GME_w.png
2026-10-07 21:57:38,TRCK,"Track Group, Inc.",10%,"Jcp Investment Management, LLC",2026-09-30,2026-10-01,P - Purchase,0.6,384021,17248025,230%,OpenInsider.com,2026-10-07 21:57:38,reports/graphs/TRCK_d.png,reports/graphs/TRCK_w.png
2026-10-07 21:57:38,NXRT,"Nexpoint Residential Trust, Inc.",See Remarks,McGraner Matt,2026-10-01,2026-10-05,P - Purchase,18.65,10780,500275,201%,OpenInsider.com,2026-10-07 21:57:38,reports/graphs/NXRT_d.png,reports/graphs/NXRT_w.png
2026-10-07 21:57:38,HRL,Hormel Foods Corp /De/,Chairman of the Board,Newlands William A,2026-10-05,2026-10-06,P - Purchase,20.1,10000,76375,201%,OpenInsider.com,2026-10-07 21:57:38,reports/graphs/HRL_d.png,reports/graphs/HRL_w.png
2026-10-07 21:57:38,LND,Brasilagro - Brazilian Agricultural Real Estate Co,Dir,Elsztain Alejandro Gustavo,2026-09-30,2026-10-05,P - Purchase,3.52,56750,727120,199%,OpenInsider.com,2026-10-07 21:57:38,reports/graphs/LND_d.png,reports/graphs/LND_w.png
2026-10-07 21:57:38,CRESY,Cresud Inc,CEO,Elsztain Alejandro Gustavo,2026-09-30,2026-10-01,P - Purchase,11.5,17334,1243098,199%,OpenInsider.com,2026-10-07 21:57:38,reports/graphs/CRESY_d.png,reports/graphs/CRESY_w.png
2026-10-07 21:57:38,LILA,Liberty Latin America Ltd.,"Director Emeritus, 10%",Malone John C,2026-09-29,2026-10-01,P - Purchase,9.25,21525,7925808,199%,OpenInsider.com,2026-10-07 21:57:38,reports/graphs/LILA_d.png,reports/graphs/LILA_w.png
2026-10-07 21:57:38,ACCV,Accelevation Holdings Corp.,Dir,Jones Ginger M,2026-10-01,2026-10-05,P - Purchase,18.0,10000,10000,180%,OpenInsider.com,2026-10-07 21:57:38,reports/graphs/ACCV_d.png,reports/graphs/ACCV_w.png
2026-10-07 21:57:38,ACOG,Alpha Cognition Inc.,10%,Opaleye Management Inc.,2026-10-01,2026-10-02,P - Purchase,8.69,19050,3322954,165%,OpenInsider.com,2026-10-07 21:57:38,reports/graphs/ACOG_d.png,reports/graphs/ACOG_w.png
2026-10-07 21:57:38,ACCV,Accelevation Holdings Corp.,Dir,Donahue Paul D,2026-10-01,2026-10-05,P - Purchase,18.0,7000,7000,126%,OpenInsider.com,2026-10-07 21:57:38,reports/graphs/ACCV_d.png,reports/graphs/ACCV_w.png
2026-10-07 21:57:38,GTLB,Gitlab Inc.,CEO,Staples William,2026-09-30,2026-10-01,P - Purchase,46.62,2677,735080,124%,OpenInsider.com,2026-10-07 21:57:38,reports/graphs/GTLB_d.png,reports/graphs/GTLB_w.png
2026-10-07 21:57:38,GRCE,"Grace Therapeutics, Inc.",10%,Opaleye Management Inc.,2026-10-01,2026-10-05,P - Purchase,2.05,60490,2858657,123%,OpenInsider.com,2026-10-07 21:57:38,reports/graphs/GRCE_d.png,reports/graphs/GRCE_w.png
2026-10-07 21:57:38,RDGL,Vivos Inc,CEO,Korenko Michael K,2026-09-30,2026-10-01,P - Purchase,0.5,200000,11635090,99%,OpenInsider.com,2026-10-07 21:57:38,reports/graphs/RDGL_d.png,reports/graphs/RDGL_w.png
2026-10-07 21:57:38,FUL,Fuller H B Co,Dir,Happe Michael J,2026-09-29,2026-10-01,P - Purchase,49.63,2000,3343,99%,OpenInsider.com,2026-10-07 21:57:38,reports/graphs/FUL_d.png,reports/graphs/FUL_w.png
2026-10-07 21:57:38,SPG,Simon Property Group Inc.,Dir,Leibowitz Reuben S,2026-09-30,2026-10-01,P - Purchase,202.78,480,73177,97%,OpenInsider.com,2026-10-07 21:57:38,reports/graphs/SPG_d.png,reports/graphs/SPG_w.png
2026-10-07 21:57:38,AGMB,Agomab Therapeutics Nv,CEO,Knotnerus Tim Jasper,2026-10-05,2026-10-07,P - Purchase,8.58,11000,56217,94%,OpenInsider.com,2026-10-07 21:57:38,reports/graphs/AGMB_d.png,reports/graphs/AGMB_w.png
2026-10-07 21:57:38,PCG,Pg&E Corp,Dir,Larsen John O,2026-09-30,2026-10-01,P - Purchase,12.2,7500,36685,91%,OpenInsider.com,2026-10-07 21:57:38,reports/graphs/PCG_d.png,reports/graphs/PCG_w.png
2026-10-07 21:57:38,ACCV,Accelevation Holdings Corp.,Dir,Heckes Howard C,2026-10-01,2026-10-05,P - Purchase,18.0,5000,5000,90%,OpenInsider.com,2026-10-07 21:57:38,reports/graphs/ACCV_d.png,reports/graphs/ACCV_w.png
2026-10-07 21:57:38,LEEEF,Leef Brands Inc.,Dir,Mendola Robert James Jr,2026-05-18,2026-10-02,P - Purchase,0.25,357553,357553,89%,OpenInsider.com,2026-10-07 21:57:38,reports/graphs/LEEEF_d.png,reports/graphs/LEEEF_w.png
2026-10-07 21:57:38,AGMB,Agomab Therapeutics Nv,Dir,Epstein David R,2026-10-05,2026-10-07,P - Purchase,8.64,10000,10000,86%,OpenInsider.com,2026-10-07 21:57:38,reports/graphs/AGMB_d.png,reports/graphs/AGMB_w.png
2026-10-07 21:57:38,AGMB,Agomab Therapeutics Nv,CFO,Kemula Pierre Thadee Victor,2026-10-06,2026-10-07,P - Purchase,8.59,10000,10000,85%,OpenInsider.com,2026-10-07 21:57:38,reports/graphs/AGMB_d.png,reports/graphs/AGMB_w.png
2026-10-07 21:57:38,QVCG,"Qvc Group, Inc.",10%,Goldentree Asset Management LP,2026-09-30,2026-10-02,P - Purchase,13.62,5779,11077754,78%,OpenInsider.com,2026-10-07 21:57:38,reports/graphs/QVCG_d.png,reports/graphs/QVCG_w.png
2026-10-07 21:57:38,VENU,Venu Holding Corp,Dir,Finke Thomas M,2026-09-29,2026-10-01,P - Purchase,1.52,50000,379605,75%,OpenInsider.com,2026-10-07 21:57:38,reports/graphs/VENU_d.png,reports/graphs/VENU_w.png
2026-10-07 21:57:38,ESEA,Euroseas Ltd.,Dir,Pittas Aristeidis P,2026-10-02,2026-10-05,P - Purchase,71.07,1050,58950,74%,OpenInsider.com,2026-10-07 21:57:38,reports/graphs/ESEA_d.png,reports/graphs/ESEA_w.png
2026-10-07 21:57:38,SPG,Simon Property Group Inc.,Dir,Glasscock Larry C,2026-09-30,2026-10-01,P - Purchase,202.78,367,46269,74%,OpenInsider.com,2026-10-07 21:57:38,reports/graphs/SPG_d.png,reports/graphs/SPG_w.png
2026-10-07 21:57:38,PRHI,"Presurance Holdings, Inc.",Dir,Sarafa Joseph D,2026-09-30,2026-10-01,P - Purchase,6.75,11000,61000,74%,OpenInsider.com,2026-10-07 21:57:38,reports/graphs/PRHI_d.png,reports/graphs/PRHI_w.png
2026-10-07 21:57:38,SPG,Simon Property Group Inc.,Dir,Smith Daniel C.,2026-09-30,2026-10-01,P - Purchase,202.78,350,34830,70%,OpenInsider.com,2026-10-07 21:57:38,reports/graphs/SPG_d.png,reports/graphs/SPG_w.png
2026-10-07 21:57:38,SAH,Sonic Automotive Inc,10%,Rusnak Paul P.,2026-10-06,2026-10-07,P - Purchase,59.9,1119,5150520,67%,OpenInsider.com,2026-10-07 21:57:38,reports/graphs/SAH_d.png,reports/graphs/SAH_w.png
2026-10-07 21:57:38,BUKS,Butler National Corp,"Dir, 10%",Daly Joseph Patrick,2026-10-01,2026-10-02,P - Purchase,4.09,15000,8925000,61%,OpenInsider.com,2026-10-07 21:57:38,reports/graphs/BUKS_d.png,reports/graphs/BUKS_w.png
2026-10-07 21:57:38,INM,Inmed Pharmaceuticals Inc.,10%,"Adar1 Capital Management, LLC",2026-10-01,2026-10-05,P - Purchase,1.33,42920,935021,57%,OpenInsider.com,2026-10-07 21:57:38,reports/graphs/INM_d.png,reports/graphs/INM_w.png
2026-10-07 21:57:38,XAIR,"Beyond Air, Inc.",10%,Lin Yi-Chien,2026-09-29,2026-10-02,P - Purchase,2.77,20393,145393,56%,OpenInsider.com,2026-10-07 21:57:38,reports/graphs/XAIR_d.png,reports/graphs/XAIR_w.png
2026-10-07 21:57:38,LPCN,Lipocine Inc.,Dir,Higuchi John W.,2026-09-29,2026-10-01,P - Purchase,2.2,25007,241365,55%,OpenInsider.com,2026-10-07 21:57:38,reports/graphs/LPCN_d.png,reports/graphs/LPCN_w.png
2026-10-07 21:57:38,ALP,Alpha Compute Corp,See Remarks,Mitin Yury,2026-09-11,2026-10-05,P - Purchase,4.07,12657,17208,51%,OpenInsider.com,2026-10-07 21:57:38,reports/graphs/ALP_d.png,reports/graphs/ALP_w.png
2026-10-07 21:57:38,PRHI,"Presurance Holdings, Inc.",CEO,Roney Brian J,2026-09-30,2026-10-01,P - Purchase,6.75,7500,80390,50%,OpenInsider.com,2026-10-07 21:57:38,reports/graphs/PRHI_d.png,reports/graphs/PRHI_w.png
2026-10-07 21:57:38,VRA,"Vera Bradley, Inc.",Dir,Brockman Ivan,2026-10-06,2026-10-07,P - Purchase,5.02,10000,37574,50%,OpenInsider.com,2026-10-07 21:57:38,reports/graphs/VRA_d.png,reports/graphs/VRA_w.png
2026-10-07 21:57:38,GGROU,Golden Growers Cooperative,Dir,Johnson Chris A,2026-10-01,2026-10-05,P - Purchase,5.0,10000,71000,50%,OpenInsider.com,2026-10-07 21:57:38,reports/graphs/GGROU_d.png,reports/graphs/GGROU_w.png
2026-10-07 21:57:38,PRHI,"Presurance Holdings, Inc.",Dir,Smith James Grant,2026-09-30,2026-10-01,P - Purchase,6.75,7250,15953,48%,OpenInsider.com,2026-10-07 21:57:38,reports/graphs/PRHI_d.png,reports/graphs/PRHI_w.png
2026-10-07 21:57:38,PRHI,"Presurance Holdings, Inc.",Dir,O'Hanlon Isolde,2026-09-30,2026-10-01,P - Purchase,6.75,7250,7964,48%,OpenInsider.com,2026-10-07 21:57:38,reports/graphs/PRHI_d.png,reports/graphs/PRHI_w.png
2026-10-07 21:57:38,SPG,Simon Property Group Inc.,Dir,Rodkin Gary M,2026-09-30,2026-10-01,P - Purchase,202.78,232,21248,47%,OpenInsider.com,2026-10-07 21:57:38,reports/graphs/SPG_d.png,reports/graphs/SPG_w.png
2026-10-07 21:57:38,SPG,Simon Property Group Inc.,Dir,Aeppel Glyn,2026-09-30,2026-10-01,P - Purchase,202.78,222,21289,45%,OpenInsider.com,2026-10-07 21:57:38,reports/graphs/SPG_d.png,reports/graphs/SPG_w.png
2026-10-07 21:57:38,ACCV,Accelevation Holdings Corp.,COO,Jewell Brent C,2026-10-01,2026-10-05,P - Purchase,18.0,2500,304068,45%,OpenInsider.com,2026-10-07 21:57:38,reports/graphs/ACCV_d.png,reports/graphs/ACCV_w.png
2026-10-07 21:57:38,MKC,McCormick & Co Inc,Dir,Hattersley Gavin,2026-10-02,2026-10-05,P - Purchase,44.61,1000,4312,44%,OpenInsider.com,2026-10-07 21:57:38,reports/graphs/MKC_d.png,reports/graphs/MKC_w.png
2026-10-07 21:57:38,SPG,Simon Property Group Inc.,Dir,Selig Stefan M,2026-09-30,2026-10-01,P - Purchase,202.78,208,34020,42%,OpenInsider.com,2026-10-07 21:57:38,reports/graphs/SPG_d.png,reports/graphs/SPG_w.png
2026-10-07 21:57:38,SPG,Simon Property Group Inc.,Dir,Stewart Marta R,2026-09-30,2026-10-01,P - Purchase,202.78,199,18199,40%,OpenInsider.com,2026-10-07 21:57:38,reports/graphs/SPG_d.png,reports/graphs/SPG_w.png
2026-10-07 21:57:38,ASPI,Asp Isotopes Inc.,Dir,Ryan Robert John Andrew,2026-09-30,2026-10-01,P - Purchase,2.68,15000,675222,40%,OpenInsider.com,2026-10-07 21:57:38,reports/graphs/ASPI_d.png,reports/graphs/ASPI_w.png
2026-10-07 21:57:38,DYN,"Dyne Therapeutics, Inc.",Dir,Posner Brian S,2026-10-02,2026-10-06,P - Purchase,16.0,2500,27000,40%,OpenInsider.com,2026-10-07 21:57:38,reports/graphs/DYN_d.png,reports/graphs/DYN_w.png
2026-10-07 21:57:38,HELP,Helus Pharma Inc.,CFO,Cavers Greg,2026-09-29,2026-10-01,P - Purchase,12.91,3000,128937,38%,OpenInsider.com,2026-10-07 21:57:38,reports/graphs/HELP_d.png,reports/graphs/HELP_w.png
2026-10-07 21:57:38,SKYH,Sky Harbour Group Corp,CFO,Gonzalez Francisco,2026-10-02,2026-10-05,P - Purchase,9.25,3850,718538,35%,OpenInsider.com,2026-10-07 21:57:38,reports/graphs/SKYH_d.png,reports/graphs/SKYH_w.png
2026-10-07 21:57:38,GRCE,"Grace Therapeutics, Inc.",10%,Opaleye Management Inc.,2026-09-21,2026-10-01,P - Purchase,2.1,15089,2790318,31%,OpenInsider.com,2026-10-07 21:57:38,reports/graphs/GRCE_d.png,reports/graphs/GRCE_w.png
2026-10-07 21:57:38,PALI,"Palisade Bio, Inc.",Dir,Williams Donald Allen,2026-10-01,2026-10-05,P - Purchase,1.44,20000,1593294,28%,OpenInsider.com,2026-10-07 21:57:38,reports/graphs/PALI_d.png,reports/graphs/PALI_w.png
2026-10-07 21:57:38,EP,Empire Petroleum Corp,"Dir, 10%",Mulacek Phil E,2026-09-30,2026-10-05,P - Purchase,2.25,11915,11558395,26%,OpenInsider.com,2026-10-07 21:57:38,reports/graphs/EP_d.png,reports/graphs/EP_w.png
2026-10-07 21:57:38,PRHI,"Presurance Holdings, Inc.","CFO, Treasurer",Meloche Harold J,2026-09-30,2026-10-01,P - Purchase,6.38,4100,14468,26%,OpenInsider.com,2026-10-07 21:57:38,reports/graphs/PRHI_d.png,reports/graphs/PRHI_w.png
2026-10-07 21:57:38,JCTC,Jewett Cameron Trading Co Ltd,10%,"Ajb Investment Fund Ii, LP",2026-09-30,2026-10-02,P - Purchase,2.91,7916,518073,23%,OpenInsider.com,2026-10-07 21:57:38,reports/graphs/JCTC_d.png,reports/graphs/JCTC_w.png
2026-10-07 21:57:38,FUL,Fuller H B Co,Dir,Martin Celine Christine,2026-09-30,2026-10-01,P - Purchase,49.5,465,465,22%,OpenInsider.com,2026-10-07 21:57:38,reports/graphs/FUL_d.png,reports/graphs/FUL_w.png
2026-10-07 21:57:38,CINT,Ci&T Inc,"CEO, 10%",Gon Cesar Nivaldo,2026-09-29,2026-10-01,P - Purchase,3.01,6684,81892,20%,OpenInsider.com,2026-10-07 21:57:38,reports/graphs/CINT_d.png,reports/graphs/CINT_w.png
2026-10-07 21:57:38,INLX,"Intellinetics, Inc.",10%,Taglich Robert,2026-10-06,2026-10-07,P - Purchase,5.0,4000,459338,20%,OpenInsider.com,2026-10-07 21:57:38,reports/graphs/INLX_d.png,reports/graphs/INLX_w.png
2026-10-07 21:57:38,WVVI,Willamette Valley Vineyards Inc,CEO,Osborn Michael Jordan,2026-10-02,2026-10-05,P - Purchase,1.91,10000,30000,19%,OpenInsider.com,2026-10-07 21:57:38,reports/graphs/WVVI_d.png,reports/graphs/WVVI_w.png
2026-10-07 21:57:38,CMPX,"Compass Therapeutics, Inc.",CHIEF ACCOUNTING OFFICER,Lerner Neil,2026-10-01,2026-10-02,P - Purchase,0.92,20000,420000,18%,OpenInsider.com,2026-10-07 21:57:38,reports/graphs/CMPX_d.png,reports/graphs/CMPX_w.png
2026-10-07 21:57:38,SPG,Simon Property Group Inc.,Dir,Roe Peggy,2026-09-30,2026-10-01,P - Purchase,202.78,88,8135,17%,OpenInsider.com,2026-10-07 21:57:38,reports/graphs/SPG_d.png,reports/graphs/SPG_w.png
2026-10-07 21:57:38,GRCE,"Grace Therapeutics, Inc.",10%,Opaleye Management Inc.,2026-09-29,2026-10-01,P - Purchase,2.09,7849,2798167,16%,OpenInsider.com,2026-10-07 21:57:38,reports/graphs/GRCE_d.png,reports/graphs/GRCE_w.png
2026-10-07 21:57:38,PODC,"Podcastone, Inc.",Dir,Merriman D Jonathan,2026-09-30,2026-10-01,P - Purchase,2.21,7000,640695,15%,OpenInsider.com,2026-10-07 21:57:38,reports/graphs/PODC_d.png,reports/graphs/PODC_w.png
2026-10-07 21:57:38,SKYH,Sky Harbour Group Corp,CFO,Gonzalez Francisco,2026-10-01,2026-10-02,P - Purchase,9.4,1600,714688,15%,OpenInsider.com,2026-10-07 21:57:38,reports/graphs/SKYH_d.png,reports/graphs/SKYH_w.png
2026-10-07 21:57:38,SKYH,Sky Harbour Group Corp,CFO,Gonzalez Francisco,2026-09-30,2026-10-01,P - Purchase,9.69,1500,713088,14%,OpenInsider.com,2026-10-07 21:57:38,reports/graphs/SKYH_d.png,reports/graphs/SKYH_w.png
2026-10-07 21:57:38,SPG,Simon Property Group Inc.,Dir,Lewis Randall J,2026-09-30,2026-10-01,P - Purchase,202.78,65,7083,13%,OpenInsider.com,2026-10-07 21:57:38,reports/graphs/SPG_d.png,reports/graphs/SPG_w.png
2026-10-07 21:57:38,CINT,Ci&T Inc,"Dir, 10%",Martins Fernando Matt Borges,2026-10-01,2026-10-02,P - Purchase,3.18,4123,86319,13%,OpenInsider.com,2026-10-07 21:57:38,reports/graphs/CINT_d.png,reports/graphs/CINT_w.png
2026-10-07 21:57:38,UXIN,Uxin Ltd,CEO,Dai Kun,2026-10-01,2026-10-02,P - Purchase,1.42,9000,24883,12%,OpenInsider.com,2026-10-07 21:57:38,reports/graphs/UXIN_d.png,reports/graphs/UXIN_w.png
2026-10-07 21:57:38,PROP,Prairie Operating Co.,Dir,Frommer Richard N.,2026-09-03,2026-10-02,P - Purchase,0.45,28000,333372,12%,OpenInsider.com,2026-10-07 21:57:38,reports/graphs/PROP_d.png,reports/graphs/PROP_w.png
2026-10-07 21:57:38,LCU,Lion Copper Corp.,Dir,Sharman Mark Brady,2026-09-22,2026-10-02,P - Purchase,5.69,2075,343596,11%,OpenInsider.com,2026-10-07 21:57:38,reports/graphs/LCU_d.png,reports/graphs/LCU_w.png
2026-10-07 21:57:38,WVVI,Willamette Valley Vineyards Inc,Dir,Voorhies Gregory William,2026-10-02,2026-10-05,P - Purchase,1.92,6000,30000,11%,OpenInsider.com,2026-10-07 21:57:38,reports/graphs/WVVI_d.png,reports/graphs/WVVI_w.png
2026-10-07 21:57:38,UXIN,Uxin Ltd,CEO,Dai Kun,2026-10-05,2026-10-06,P - Purchase,1.27,8683,39238,11%,OpenInsider.com,2026-10-07 21:57:38,reports/graphs/UXIN_d.png,reports/graphs/UXIN_w.png
2026-10-07 21:57:38,MPB,Mid Penn Bancorp Inc,Dir,De Soto Matthew G,2026-09-30,2026-10-02,P - Purchase,35.4,283,125620,10%,OpenInsider.com,2026-10-07 21:57:38,reports/graphs/MPB_d.png,reports/graphs/MPB_w.png
2026-10-07 21:57:38,HEPA,"Hepion Pharmaceuticals, Inc.",Dir,Fisher Danina,2026-09-29,2026-10-02,P - Purchase,0.05,200000,200000,10%,OpenInsider.com,2026-10-07 21:57:38,reports/graphs/HEPA_d.png,reports/graphs/HEPA_w.png
2026-10-07 21:57:38,MPB,Mid Penn Bancorp Inc,Dir,Evans Albert J.,2026-09-30,2026-10-02,P - Purchase,35.4,282,45155,9%,OpenInsider.com,2026-10-07 21:57:38,reports/graphs/MPB_d.png,reports/graphs/MPB_w.png
2026-10-07 21:57:38,UXIN,Uxin Ltd,CEO,Dai Kun,2026-09-30,2026-10-01,P - Purchase,1.34,7443,15883,9%,OpenInsider.com,2026-10-07 21:57:38,reports/graphs/UXIN_d.png,reports/graphs/UXIN_w.png
2026-10-07 21:57:38,WVVI,Willamette Valley Vineyards Inc,Pres,Bernau James W,2026-10-01,2026-10-01,P - Purchase,1.73,5500,380001,9%,OpenInsider.com,2026-10-07 21:57:38,reports/graphs/WVVI_d.png,reports/graphs/WVVI_w.png
2026-10-07 21:57:38,SPG,Simon Property Group Inc.,Dir,Jones Nina P,2026-09-30,2026-10-01,P - Purchase,202.78,46,4229,9%,OpenInsider.com,2026-10-07 21:57:38,reports/graphs/SPG_d.png,reports/graphs/SPG_w.png
2026-10-07 21:57:38,UXIN,Uxin Ltd,CEO,Dai Kun,2026-10-06,2026-10-07,P - Purchase,1.24,7023,46261,8%,OpenInsider.com,2026-10-07 21:57:38,reports/graphs/UXIN_d.png,reports/graphs/UXIN_w.png
2026-10-07 21:57:38,CINT,Ci&T Inc,"Pres of N. Am. , Europe Ops, 10%",Guicardi Neto Bruno,2026-09-29,2026-10-01,P - Purchase,2.98,2825,100196,8%,OpenInsider.com,2026-10-07 21:57:38,reports/graphs/CINT_d.png,reports/graphs/CINT_w.png
2026-10-07 21:57:38,UXIN,Uxin Ltd,CEO,Dai Kun,2026-10-02,2026-10-05,P - Purchase,1.29,5672,30555,7%,OpenInsider.com,2026-10-07 21:57:38,reports/graphs/UXIN_d.png,reports/graphs/UXIN_w.png
2026-10-07 21:57:38,AIRG,Airgain Inc,Dir,Memmen Stephan D,2026-10-02,2026-10-05,P - Purchase,4.55,1500,56396,6%,OpenInsider.com,2026-10-07 21:57:38,reports/graphs/AIRG_d.png,reports/graphs/AIRG_w.png
2026-10-07 21:57:38,CZNC,Citizens & Northern Corp,Dir,Pellegrino Frank G,2026-10-02,2026-10-05,P - Purchase,25.51,245,52070,6%,OpenInsider.com,2026-10-07 21:57:38,reports/graphs/CZNC_d.png,reports/graphs/CZNC_w.png
2026-10-07 21:57:38,UUU,"Universal Safety Products, Inc.","Dir, 10%",Ault Milton C III,2026-09-30,2026-10-01,P - Purchase,0.29,18000,1205796,5%,OpenInsider.com,2026-10-07 21:57:38,reports/graphs/UUU_d.png,reports/graphs/UUU_w.png
2026-10-07 21:57:38,FG,"F&G Annuities & Life, Inc.","CEO, Pres",Murphy Conor,2026-09-30,2026-10-02,P - Purchase,21.68,231,196991,5%,OpenInsider.com,2026-10-07 21:57:38,reports/graphs/FG_d.png,reports/graphs/FG_w.png
2026-10-07 21:57:38,DLPN,"Dolphin Entertainment, Inc.","CEO, 10%",O'Dowd William IV,2026-10-05,2026-10-05,P - Purchase,1.08,4500,685783,4%,OpenInsider.com,2026-10-07 21:57:38,reports/graphs/DLPN_d.png,reports/graphs/DLPN_w.png
2026-10-07 21:57:38,WVVI,Willamette Valley Vineyards Inc,Dir,Riccardi Chris,2026-09-25,2026-10-02,P - Purchase,1.8,2617,491661,4%,OpenInsider.com,2026-10-07 21:57:38,reports/graphs/WVVI_d.png,reports/graphs/WVVI_w.png
2026-10-07 21:57:38,SBMT,Silver Bow Mining Corp.,VP of Exploration,Nickerson Phillip Anson,2026-09-29,2026-10-01,P - Purchase,8.86,500,22500,4%,OpenInsider.com,2026-10-07 21:57:38,reports/graphs/SBMT_d.png,reports/graphs/SBMT_w.png
2026-10-07 21:57:38,ZSQR,Z Squared Inc.,CMO,Schadel Christopher Ryan,2026-08-18,2026-10-02,P - Purchase,3.92,1000,4169,3%,OpenInsider.com,2026-10-07 21:57:38,reports/graphs/ZSQR_d.png,reports/graphs/ZSQR_w.png
2026-10-07 21:57:38,CNTM,"Connectm Technology Solutions, Inc.",Principal Financial Officer,Choudhury Mahesh,2026-09-02,2026-10-07,P - Purchase,5.18,683,41497,3%,OpenInsider.com,2026-10-07 21:57:38,reports/graphs/CNTM_d.png,reports/graphs/CNTM_w.png
2026-10-07 21:57:38,SPG,Simon Property Group Inc.,Dir,Cicco Martin J,2026-09-30,2026-10-01,P - Purchase,202.78,15,1402,3%,OpenInsider.com,2026-10-07 21:57:38,reports/graphs/SPG_d.png,reports/graphs/SPG_w.png
2026-10-07 21:57:38,CRL,"Charles River Laboratories International, Inc.","EVP, CFO",Coleman Glenn,2026-09-30,2026-10-02,P - Purchase,297.43,10,27762,2%,OpenInsider.com,2026-10-07 21:57:38,reports/graphs/CRL_d.png,reports/graphs/CRL_w.png
2026-10-07 21:57:38,MPB,Mid Penn Bancorp Inc,Dir,Frank Joel L.,2026-09-30,2026-10-02,P - Purchase,35.4,70,13260,2%,OpenInsider.com,2026-10-07 21:57:38,reports/graphs/MPB_d.png,reports/graphs/MPB_w.png
2026-10-07 21:57:38,MPB,Mid Penn Bancorp Inc,Dir,Brumbaugh Kimberly J,2026-09-30,2026-10-02,P - Purchase,35.4,70,15654,2%,OpenInsider.com,2026-10-07 21:57:38,reports/graphs/MPB_d.png,reports/graphs/MPB_w.png
2026-10-07 21:57:38,IBKR,"Interactive Brokers Group, Inc.",Dir,Conkling Lori A,2026-10-01,2026-10-05,P - Purchase,85.42,25,2584,2%,OpenInsider.com,2026-10-07 21:57:38,reports/graphs/IBKR_d.png,reports/graphs/IBKR_w.png
2026-10-07 21:57:38,AUBN,"Auburn National Bancorporation, Inc",Dir,Barrett J Tutt,2026-09-30,2026-10-02,P - Purchase,27.5,73,18090,2%,OpenInsider.com,2026-10-07 21:57:38,reports/graphs/AUBN_d.png,reports/graphs/AUBN_w.png
2026-10-07 21:57:38,MPB,Mid Penn Bancorp Inc,Dir,Mowery Theodore W,2026-09-30,2026-10-02,P - Purchase,35.4,56,67678,1%,OpenInsider.com,2026-10-07 21:57:38,reports/graphs/MPB_d.png,reports/graphs/MPB_w.png
2026-10-07 21:57:38,SUNB,"Sunbelt Rentals Holdings, Inc.","EVP, Specialty",Horgan Kyle,2026-10-01,2026-10-05,P - Purchase,73.3,25,95177,1%,OpenInsider.com,2026-10-07 21:57:38,reports/graphs/SUNB_d.png,reports/graphs/SUNB_w.png
2026-10-07 21:57:38,AUBN,"Auburn National Bancorporation, Inc",Dir,Housel David E,2026-09-30,2026-10-02,P - Purchase,27.49,51,9368,1%,OpenInsider.com,2026-10-07 21:57:38,reports/graphs/AUBN_d.png,reports/graphs/AUBN_w.png
2026-10-07 21:57:38,TPL,Texas Pacific Land Corp,10%,Horizon Kinetics Asset Management LLC,2026-09-29,2026-10-01,P - Purchase,340.96,4,3364203,1%,OpenInsider.com,2026-10-07 21:57:38,reports/graphs/TPL_d.png,reports/graphs/TPL_w.png
2026-10-07 21:57:38,AUBN,"Auburn National Bancorporation, Inc",Dir,Ham William F Jr,2026-09-30,2026-10-02,P - Purchase,27.41,47,5450,1%,OpenInsider.com,2026-10-07 21:57:38,reports/graphs/AUBN_d.png,reports/graphs/AUBN_w.png
2026-10-07 21:57:38,CTM,"Castellum, Inc.",Pres,Ives Glen R,2026-10-01,2026-10-01,P - Purchase,0.54,1700,202578,910%,OpenInsider.com,2026-10-07 21:57:38,reports/graphs/CTM_d.png,reports/graphs/CTM_w.png
2026-10-07 21:57:38,INLX,"Intellinetics, Inc.",Dir,Seid Paul,2026-10-01,2026-10-05,P - Purchase,5.15,162,193801,834%,OpenInsider.com,2026-10-07 21:57:38,reports/graphs/INLX_d.png,reports/graphs/INLX_w.png
2026-10-07 21:57:38,CTM,"Castellum, Inc.","GC , Secretary",Martin Tammy L,2026-10-01,2026-10-01,P - Purchase,0.54,1396,16427,747%,OpenInsider.com,2026-10-07 21:57:38,reports/graphs/CTM_d.png,reports/graphs/CTM_w.png
2026-10-07 21:57:38,CTM,"Castellum, Inc.",CFO,Bell David T,2026-10-01,2026-10-01,P - Purchase,0.54,1396,18651,747%,OpenInsider.com,2026-10-07 21:57:38,reports/graphs/CTM_d.png,reports/graphs/CTM_w.png
2026-10-07 21:57:38,CTM,"Castellum, Inc.",COO,Merriman Andrew,2026-10-01,2026-10-01,P - Purchase,0.54,1396,589927,747%,OpenInsider.com,2026-10-07 21:57:38,reports/graphs/CTM_d.png,reports/graphs/CTM_w.png
2026-10-07 21:57:38,AUBN,"Auburn National Bancorporation, Inc",SVP,O'Donnell Shannon,2026-09-30,2026-10-02,P - Purchase,27.53,27,1929,743%,OpenInsider.com,2026-10-07 21:57:38,reports/graphs/AUBN_d.png,reports/graphs/AUBN_w.png
2026-10-07 21:57:38,MPB,Mid Penn Bancorp Inc,Dir,Abel Robert A,2026-09-30,2026-10-02,P - Purchase,35.4,14,39219,496%,OpenInsider.com,2026-10-07 21:57:38,reports/graphs/MPB_d.png,reports/graphs/MPB_w.png
2026-10-07 21:57:38,CZNC,Citizens & Northern Corp,Dir,Shattuck Katherine W,2026-10-02,2026-10-05,P - Purchase,25.51,8,10719,204%,OpenInsider.com,2026-10-07 21:57:38,reports/graphs/CZNC_d.png,reports/graphs/CZNC_w.png
2026-10-07 21:57:38,RGCO,Rgc Resources Inc,"SVP, Secretary",Oliver Lawrence T.,2026-10-01,2026-10-02,P - Purchase,21.59,9,30165,200%,OpenInsider.com,2026-10-07 21:57:38,reports/graphs/RGCO_d.png,reports/graphs/RGCO_w.png
2026-10-07 21:57:38,RGCO,Rgc Resources Inc,"VP, HR",Miles Christen Brooke,2026-10-01,2026-10-02,P - Purchase,21.59,5,9947,100%,OpenInsider.com,2026-10-07 21:57:38,reports/graphs/RGCO_d.png,reports/graphs/RGCO_w.png
2026-10-07 21:57:38,JCTC,Jewett Cameron Trading Co Ltd,10%,"Ajb Investment Fund Ii, LP",2026-10-05,2026-10-07,P - Purchase,2.93,14,519597,41%,OpenInsider.com,2026-10-07 21:57:38,reports/graphs/JCTC_d.png,reports/graphs/JCTC_w.png
2026-10-07 21:57:38,ARBE,Arbe Robotics Ltd.,Dir,Crist Eugene Scott,2026-09-28,2026-10-01,P - Purchase,0.61,50,1354182,30%,OpenInsider.com,2026-10-07 21:57:38,reports/graphs/ARBE_d.png,reports/graphs/ARBE_w.png
