Ticker,Insider,Title,Date,Type,Price,Qty,Owned,Value,Source,ScrapedAt,Chart_Daily,Chart_Weekly
2026-07-29 07:45:45,SCTX,"Scribe Therapeutics, Inc.","See Remarks, 10%",P - Purchase,15.16,2391238,3088888,36%,OpenInsider.com,2026-07-29 07:45:45,reports/graphs/SCTX_d.png,reports/graphs/SCTX_w.png
2026-07-29 07:45:45,AVR,Anteris Technologies Global Corp.,10%,P - Purchase,5.75,5000000,7812000,28%,OpenInsider.com,2026-07-29 07:45:45,reports/graphs/AVR_d.png,reports/graphs/AVR_w.png
2026-07-29 07:45:45,COE,51Talk Online Education Group,"CEO, 10%",P - Purchase,16.18,1103820,82631240,17%,OpenInsider.com,2026-07-29 07:45:45,reports/graphs/COE_d.png,reports/graphs/COE_w.png
2026-07-29 07:45:45,COE,51Talk Online Education Group,"CEO, 10%",P - Purchase,16.86,622140,81527420,10%,OpenInsider.com,2026-07-29 07:45:45,reports/graphs/COE_d.png,reports/graphs/COE_w.png
2026-07-29 07:45:45,GSHD,"Goosehead Insurance, Inc.",10%,P - Purchase,59.22,153723,2534004,9%,OpenInsider.com,2026-07-29 07:45:45,reports/graphs/GSHD_d.png,reports/graphs/GSHD_w.png
2026-07-29 07:45:45,BRTMU,B&R Technology Merger Corp.,10%,P - Purchase,10.0,687500,687500,6%,OpenInsider.com,2026-07-29 07:45:45,reports/graphs/BRTMU_d.png,reports/graphs/BRTMU_w.png
2026-07-29 07:45:45,MTAK,Market Technology Acquisition Corp,10%,P - Purchase,10.0,452500,452500,4%,OpenInsider.com,2026-07-29 07:45:45,reports/graphs/MTAK_d.png,reports/graphs/MTAK_w.png
2026-07-29 07:45:45,FSBC,Five Star Bancorp,"Dir, 10%",P - Purchase,44.0,96591,3121868,4%,OpenInsider.com,2026-07-29 07:45:45,reports/graphs/FSBC_d.png,reports/graphs/FSBC_w.png
2026-07-29 07:45:45,STFS,Star Fashion Culture Holdings Ltd,CFO,P - Purchase,1.3,2000000,2032500,2%,OpenInsider.com,2026-07-29 07:45:45,reports/graphs/STFS_d.png,reports/graphs/STFS_w.png
2026-07-29 07:45:45,ARTV,"Artiva Biotherapeutics, Inc.","Dir, 10%",P - Purchase,9.76,264586,18402206,2%,OpenInsider.com,2026-07-29 07:45:45,reports/graphs/ARTV_d.png,reports/graphs/ARTV_w.png
2026-07-29 07:45:45,ENR,"Energizer Holdings, Inc.",10%,P - Purchase,20.62,120000,8000000,2%,OpenInsider.com,2026-07-29 07:45:45,reports/graphs/ENR_d.png,reports/graphs/ENR_w.png
2026-07-29 07:45:45,ENR,"Energizer Holdings, Inc.",10%,P - Purchase,20.26,120000,7880000,2%,OpenInsider.com,2026-07-29 07:45:45,reports/graphs/ENR_d.png,reports/graphs/ENR_w.png
2026-07-29 07:45:45,ACI,"Albertsons Companies, Inc.","EVP, M, A, Corporate Affairs",P - Purchase,11.51,170500,308946,1%,OpenInsider.com,2026-07-29 07:45:45,reports/graphs/ACI_d.png,reports/graphs/ACI_w.png
2026-07-29 07:45:45,CLIR,Clearsign Technologies Corp,10%,P - Purchase,3.54,500000,1343477,1%,OpenInsider.com,2026-07-29 07:45:45,reports/graphs/CLIR_d.png,reports/graphs/CLIR_w.png
2026-07-29 07:45:45,ACOG,Alpha Cognition Inc.,10%,P - Purchase,7.82,200086,3095193,1%,OpenInsider.com,2026-07-29 07:45:45,reports/graphs/ACOG_d.png,reports/graphs/ACOG_w.png
2026-07-29 07:45:45,FSBC,Five Star Bancorp,Dir,P - Purchase,44.0,31363,258898,1%,OpenInsider.com,2026-07-29 07:45:45,reports/graphs/FSBC_d.png,reports/graphs/FSBC_w.png
2026-07-29 07:45:45,PNFP,"Pinnacle Financial Partners, Inc.",Chief Banking Officer,P - Purchase,99.9,10013,324233,1%,OpenInsider.com,2026-07-29 07:45:45,reports/graphs/PNFP_d.png,reports/graphs/PNFP_w.png
2026-07-29 07:45:45,NMM,Navios Maritime Partners L.P.,"See Remarks, 10%",P - Purchase,280.15,3268,5767908,915%,OpenInsider.com,2026-07-29 07:45:45,reports/graphs/NMM_d.png,reports/graphs/NMM_w.png
2026-07-29 07:45:45,CVBF,Cvb Financial Corp,Dir,P - Purchase,22.77,20000,85780,455%,OpenInsider.com,2026-07-29 07:45:45,reports/graphs/CVBF_d.png,reports/graphs/CVBF_w.png
2026-07-29 07:45:45,ARTV,"Artiva Biotherapeutics, Inc.","Dir, 10%",P - Purchase,9.99,41319,18443525,412%,OpenInsider.com,2026-07-29 07:45:45,reports/graphs/ARTV_d.png,reports/graphs/ARTV_w.png
2026-07-29 07:45:45,TSM,Taiwan Semiconductor Manufacturing Co Ltd,VP,P - Purchase,75.15,4010,17469,301%,OpenInsider.com,2026-07-29 07:45:45,reports/graphs/TSM_d.png,reports/graphs/TSM_w.png
2026-07-29 07:45:45,GDTC,Cytomed Therapeutics Ltd,"Dir, 10%",P - Purchase,1.5,200000,630324,300%,OpenInsider.com,2026-07-29 07:45:45,reports/graphs/GDTC_d.png,reports/graphs/GDTC_w.png
2026-07-29 07:45:45,RBKB,"Rhinebeck Bancorp, Inc.",Dir,P - Purchase,11.94,25000,27270,298%,OpenInsider.com,2026-07-29 07:45:45,reports/graphs/RBKB_d.png,reports/graphs/RBKB_w.png
2026-07-29 07:45:45,FSBC,Five Star Bancorp,Dir,P - Purchase,44.0,5682,95074,250%,OpenInsider.com,2026-07-29 07:45:45,reports/graphs/FSBC_d.png,reports/graphs/FSBC_w.png
2026-07-29 07:45:45,CAPS,Capstone Holding Corp.,Dir,P - Purchase,4.0,41750,41750,167%,OpenInsider.com,2026-07-29 07:45:45,reports/graphs/CAPS_d.png,reports/graphs/CAPS_w.png
2026-07-29 07:45:45,BXSY,Bexil Investment Trust,"See ""Explanation of Responses""",P - Purchase,16.93,9400,266843,159%,OpenInsider.com,2026-07-29 07:45:45,reports/graphs/BXSY_d.png,reports/graphs/BXSY_w.png
2026-07-29 07:45:45,RBKB,"Rhinebeck Bancorp, Inc.",Dir,P - Purchase,11.93,12500,46828,149%,OpenInsider.com,2026-07-29 07:45:45,reports/graphs/RBKB_d.png,reports/graphs/RBKB_w.png
2026-07-29 07:45:45,RBKB,"Rhinebeck Bancorp, Inc.","Pres, CEO",P - Purchase,12.0,12425,36730,149%,OpenInsider.com,2026-07-29 07:45:45,reports/graphs/RBKB_d.png,reports/graphs/RBKB_w.png
2026-07-29 07:45:45,MPLT,"Maplight Therapeutics, Inc.",Dir,P - Purchase,9.52,15620,23484,148%,OpenInsider.com,2026-07-29 07:45:45,reports/graphs/MPLT_d.png,reports/graphs/MPLT_w.png
2026-07-29 07:45:45,BXSY,Bexil Investment Trust,"See ""Explanation of Responses""",P - Purchase,17.16,8387,257443,143%,OpenInsider.com,2026-07-29 07:45:45,reports/graphs/BXSY_d.png,reports/graphs/BXSY_w.png
2026-07-29 07:45:45,KRNY,Kearny Financial Corp.,Dir,P - Purchase,9.41,14700,57900,138%,OpenInsider.com,2026-07-29 07:45:45,reports/graphs/KRNY_d.png,reports/graphs/KRNY_w.png
2026-07-29 07:45:45,BMR,Beamr Imaging Ltd.,"CEO, 10%",P - Purchase,1.29,82650,3650840,106%,OpenInsider.com,2026-07-29 07:45:45,reports/graphs/BMR_d.png,reports/graphs/BMR_w.png
2026-07-29 07:45:45,BYRN,Byrna Technologies Inc.,Chairman of the Board,P - Purchase,3.53,29000,29000,102%,OpenInsider.com,2026-07-29 07:45:45,reports/graphs/BYRN_d.png,reports/graphs/BYRN_w.png
2026-07-29 07:45:45,VMI,Valmont Industries Inc,"EVP, CFO",P - Purchase,486.15,208,2992,101%,OpenInsider.com,2026-07-29 07:45:45,reports/graphs/VMI_d.png,reports/graphs/VMI_w.png
2026-07-29 07:45:45,FSBC,Five Star Bancorp,Dir,P - Purchase,44.0,2273,87531,100%,OpenInsider.com,2026-07-29 07:45:45,reports/graphs/FSBC_d.png,reports/graphs/FSBC_w.png
2026-07-29 07:45:45,DRIO,Dariohealth Corp.,Dir,P - Purchase,6.93,14430,43026,100%,OpenInsider.com,2026-07-29 07:45:45,reports/graphs/DRIO_d.png,reports/graphs/DRIO_w.png
2026-07-29 07:45:45,MCB,Metropolitan Bank Holding Corp.,"EVP, CFO",P - Purchase,89.98,1000,33769,89%,OpenInsider.com,2026-07-29 07:45:45,reports/graphs/MCB_d.png,reports/graphs/MCB_w.png
2026-07-29 07:45:45,BYRN,Byrna Technologies Inc.,CEO,P - Purchase,3.47,22198,22108,77%,OpenInsider.com,2026-07-29 07:45:45,reports/graphs/BYRN_d.png,reports/graphs/BYRN_w.png
2026-07-29 07:45:45,BYRN,Byrna Technologies Inc.,CEO,P - Purchase,3.47,22108,22198,76%,OpenInsider.com,2026-07-29 07:45:45,reports/graphs/BYRN_d.png,reports/graphs/BYRN_w.png
2026-07-29 07:45:45,BYRN,Byrna Technologies Inc.,Dir,P - Purchase,3.42,21681,326454,74%,OpenInsider.com,2026-07-29 07:45:45,reports/graphs/BYRN_d.png,reports/graphs/BYRN_w.png
2026-07-29 07:45:45,OVLY,Oak Valley Bancorp,Dir,P - Purchase,32.5,2000,14842,65%,OpenInsider.com,2026-07-29 07:45:45,reports/graphs/OVLY_d.png,reports/graphs/OVLY_w.png
2026-07-29 07:45:45,RBKB,"Rhinebeck Bancorp, Inc.","EVP, Head of Comm Banking",P - Purchase,11.94,5000,17580,59%,OpenInsider.com,2026-07-29 07:45:45,reports/graphs/RBKB_d.png,reports/graphs/RBKB_w.png
2026-07-29 07:45:45,ARTV,"Artiva Biotherapeutics, Inc.","Dir, 10%",P - Purchase,8.94,6522,16817543,58%,OpenInsider.com,2026-07-29 07:45:45,reports/graphs/ARTV_d.png,reports/graphs/ARTV_w.png
2026-07-29 07:45:45,MKC,McCormick & Co Inc,Dir,P - Purchase,50.21,1100,19952,55%,OpenInsider.com,2026-07-29 07:45:45,reports/graphs/MKC_d.png,reports/graphs/MKC_w.png
2026-07-29 07:45:45,GRML,Greenland Mines Ltd,Dir,P - Purchase,0.23,240000,240000,55%,OpenInsider.com,2026-07-29 07:45:45,reports/graphs/GRML_d.png,reports/graphs/GRML_w.png
2026-07-29 07:45:45,FSBC,Five Star Bancorp,Dir,P - Purchase,44.0,1136,14254,49%,OpenInsider.com,2026-07-29 07:45:45,reports/graphs/FSBC_d.png,reports/graphs/FSBC_w.png
2026-07-29 07:45:45,GLSI,"Greenwich Lifesciences, Inc.","CEO, CFO, 10%",P - Purchase,13.06,3600,5607702,47%,OpenInsider.com,2026-07-29 07:45:45,reports/graphs/GLSI_d.png,reports/graphs/GLSI_w.png
2026-07-29 07:45:45,SCTX,"Scribe Therapeutics, Inc.",Chief Business Officer,P - Purchase,15.0,3000,3000,45%,OpenInsider.com,2026-07-29 07:45:45,reports/graphs/SCTX_d.png,reports/graphs/SCTX_w.png
2026-07-29 07:45:45,SCTX,"Scribe Therapeutics, Inc.",CFO,P - Purchase,15.0,2666,2666,39%,OpenInsider.com,2026-07-29 07:45:45,reports/graphs/SCTX_d.png,reports/graphs/SCTX_w.png
2026-07-29 07:45:45,PEBO,Peoples Bancorp Inc,Dir,P - Purchase,39.81,1000,10256,39%,OpenInsider.com,2026-07-29 07:45:45,reports/graphs/PEBO_d.png,reports/graphs/PEBO_w.png
2026-07-29 07:45:45,NNOX,Nano-X Imaging Ltd.,CEO,P - Purchase,0.93,36000,96584,33%,OpenInsider.com,2026-07-29 07:45:45,reports/graphs/NNOX_d.png,reports/graphs/NNOX_w.png
2026-07-29 07:45:45,LBGJ,Li Bang International Corp Inc.,10%,P - Purchase,0.03,1068671,1234981,27%,OpenInsider.com,2026-07-29 07:45:45,reports/graphs/LBGJ_d.png,reports/graphs/LBGJ_w.png
2026-07-29 07:45:45,LOAN,"Manhattan Bridge Capital, Inc","Pres, CEO, 10%",P - Purchase,3.99,8000,2618000,31%,OpenInsider.com,2026-07-29 07:45:45,reports/graphs/LOAN_d.png,reports/graphs/LOAN_w.png
2026-07-29 07:45:45,BYRN,Byrna Technologies Inc.,Dir,P - Purchase,3.63,8150,61720,29%,OpenInsider.com,2026-07-29 07:45:45,reports/graphs/BYRN_d.png,reports/graphs/BYRN_w.png
2026-07-29 07:45:45,ZNB,Zeta Network Group,10%,P - Purchase,0.92,30854,38427,28%,OpenInsider.com,2026-07-29 07:45:45,reports/graphs/ZNB_d.png,reports/graphs/ZNB_w.png
2026-07-29 07:45:45,LGHL,Lion Group Holding Ltd,10%,P - Purchase,0.95,27702,82962,26%,OpenInsider.com,2026-07-29 07:45:45,reports/graphs/LGHL_d.png,reports/graphs/LGHL_w.png
2026-07-29 07:45:45,RANI,"Rani Therapeutics Holdings, Inc.","Dir, 10%",P - Purchase,0.69,36000,24853526,24%,OpenInsider.com,2026-07-29 07:45:45,reports/graphs/RANI_d.png,reports/graphs/RANI_w.png
2026-07-29 07:45:45,FFIN,First Financial Bankshares Inc,Dir,P - Purchase,34.89,700,114175,24%,OpenInsider.com,2026-07-29 07:45:45,reports/graphs/FFIN_d.png,reports/graphs/FFIN_w.png
2026-07-29 07:45:45,ANIX,Anixa Biosciences Inc,CEO,P - Purchase,3.44,5000,652000,17%,OpenInsider.com,2026-07-29 07:45:45,reports/graphs/ANIX_d.png,reports/graphs/ANIX_w.png
2026-07-29 07:45:45,BYRN,Byrna Technologies Inc.,Dir,P - Purchase,3.8,4000,173477,15%,OpenInsider.com,2026-07-29 07:45:45,reports/graphs/BYRN_d.png,reports/graphs/BYRN_w.png
2026-07-29 07:45:45,CUEN,Cuentas Inc.,CEO,P - Purchase,0.48,26900,897463,12%,OpenInsider.com,2026-07-29 07:45:45,reports/graphs/CUEN_d.png,reports/graphs/CUEN_w.png
2026-07-29 07:45:45,ANIX,Anixa Biosciences Inc,CEO,P - Purchase,3.73,3000,643812,11%,OpenInsider.com,2026-07-29 07:45:45,reports/graphs/ANIX_d.png,reports/graphs/ANIX_w.png
2026-07-29 07:45:45,ANIX,Anixa Biosciences Inc,CEO,P - Purchase,3.37,3188,647000,10%,OpenInsider.com,2026-07-29 07:45:45,reports/graphs/ANIX_d.png,reports/graphs/ANIX_w.png
2026-07-29 07:45:45,BYRN,Byrna Technologies Inc.,CFO,P - Purchase,3.42,2000,18887,6%,OpenInsider.com,2026-07-29 07:45:45,reports/graphs/BYRN_d.png,reports/graphs/BYRN_w.png
2026-07-29 07:45:45,JCTC,Jewett Cameron Trading Co Ltd,10%,P - Purchase,2.52,1024,430532,2%,OpenInsider.com,2026-07-29 07:45:45,reports/graphs/JCTC_d.png,reports/graphs/JCTC_w.png
2026-07-29 07:45:45,DLHC,Dlh Holdings Corp.,10%,P - Purchase,5.1,470,2853272,2%,OpenInsider.com,2026-07-29 07:45:45,reports/graphs/DLHC_d.png,reports/graphs/DLHC_w.png
2026-07-29 07:45:45,ACOG,Alpha Cognition Inc.,10%,P - Purchase,7.9,130,3095323,1%,OpenInsider.com,2026-07-29 07:45:45,reports/graphs/ACOG_d.png,reports/graphs/ACOG_w.png
2026-07-29 07:45:45,TPL,Texas Pacific Land Corp,10%,P - Purchase,429.51,1,3263682,430%,OpenInsider.com,2026-07-29 07:45:45,reports/graphs/TPL_d.png,reports/graphs/TPL_w.png
2026-07-29 07:45:45,TPL,Texas Pacific Land Corp,10%,P - Purchase,427.42,1,3263681,427%,OpenInsider.com,2026-07-29 07:45:45,reports/graphs/TPL_d.png,reports/graphs/TPL_w.png
2026-07-29 07:45:45,TPL,Texas Pacific Land Corp,10%,P - Purchase,423.94,1,3263683,424%,OpenInsider.com,2026-07-29 07:45:45,reports/graphs/TPL_d.png,reports/graphs/TPL_w.png
2026-07-29 07:45:45,TPL,Texas Pacific Land Corp,10%,P - Purchase,409.31,1,3263684,409%,OpenInsider.com,2026-07-29 07:45:45,reports/graphs/TPL_d.png,reports/graphs/TPL_w.png
2026-07-29 07:45:45,NMZ,Nuveen Municipal High Income Opportunity Fund,10%,P - Purchase,10.24,9,0,92%,OpenInsider.com,2026-07-29 07:45:45,reports/graphs/NMZ_d.png,reports/graphs/NMZ_w.png
2026-07-29 07:45:45,DLHC,Dlh Holdings Corp.,10%,P - Purchase,5.09,10,2853282,51%,OpenInsider.com,2026-07-29 07:45:45,reports/graphs/DLHC_d.png,reports/graphs/DLHC_w.png
2026-07-29 07:45:45,NVA,Nova Minerals Corp,CEO,P - Purchase,6.9,5,160370,35%,OpenInsider.com,2026-07-29 07:45:45,reports/graphs/NVA_d.png,reports/graphs/NVA_w.png
