Ticker,Insider,Title,Date,Type,Price,Qty,Owned,Value,Source,ScrapedAt,Chart_Daily,Chart_Weekly
2025-06-11 16:40:56,POST,"Post Holdings, Inc.",Dir,P - Purchase,109.12,186740,4852168,20%,OpenInsider.com,2025-06-11 16:40:56,reports/graphs/POST_d.png,reports/graphs/POST_w.png
2025-06-11 16:40:56,RFL,"Rafael Holdings, Inc.","Exec COB, CEO, Pres, 10%",P - Purchase,1.28,13080457,14688994,16%,OpenInsider.com,2025-06-11 16:40:56,reports/graphs/RFL_d.png,reports/graphs/RFL_w.png
2025-06-11 16:40:56,APPF,Appfolio Inc,Dir,P - Purchase,217.18,22000,22000,4%,OpenInsider.com,2025-06-11 16:40:56,reports/graphs/APPF_d.png,reports/graphs/APPF_w.png
2025-06-11 16:40:56,MODG,Topgolf Callaway Brands Corp.,Dir,P - Purchase,6.62,461583,1073205,3%,OpenInsider.com,2025-06-11 16:40:56,reports/graphs/MODG_d.png,reports/graphs/MODG_w.png
2025-06-11 16:40:56,CB,Chubb Ltd,"Pres, COO",P - Purchase,292.99,9810,267124,2%,OpenInsider.com,2025-06-11 16:40:56,reports/graphs/CB_d.png,reports/graphs/CB_w.png
2025-06-11 16:40:56,QTRX,Quanterix Corp,Dir,P - Purchase,5.4,210000,1706933,1%,OpenInsider.com,2025-06-11 16:40:56,reports/graphs/QTRX_d.png,reports/graphs/QTRX_w.png
2025-06-11 16:40:56,PBF,Pbf Energy Inc.,"Add'l Rep. Persons-see Ex.99-1, 10%",P - Purchase,17.99,48500,30823498,872%,OpenInsider.com,2025-06-11 16:40:56,reports/graphs/PBF_d.png,reports/graphs/PBF_w.png
2025-06-11 16:40:56,APPF,Appfolio Inc,Dir,P - Purchase,217.73,4000,27856,870%,OpenInsider.com,2025-06-11 16:40:56,reports/graphs/APPF_d.png,reports/graphs/APPF_w.png
2025-06-11 16:40:56,RHP,"Ryman Hospitality Properties, Inc.",Exec. COB,P - Purchase,96.92,8356,1429695,809%,OpenInsider.com,2025-06-11 16:40:56,reports/graphs/RHP_d.png,reports/graphs/RHP_w.png
2025-06-11 16:40:56,ONTF,On24 Inc.,10%,P - Purchase,5.6,135667,8369664,759%,OpenInsider.com,2025-06-11 16:40:56,reports/graphs/ONTF_d.png,reports/graphs/ONTF_w.png
2025-06-11 16:40:56,QTRX,Quanterix Corp,Dir,P - Purchase,5.44,93113,139094,506%,OpenInsider.com,2025-06-11 16:40:56,reports/graphs/QTRX_d.png,reports/graphs/QTRX_w.png
2025-06-11 16:40:56,SUI,Sun Communities Inc,Dir,P - Purchase,117.99,3665,9265,432%,OpenInsider.com,2025-06-11 16:40:56,reports/graphs/SUI_d.png,reports/graphs/SUI_w.png
2025-06-11 16:40:56,MSTR,Microstrategy Inc,Dir,P - Purchase,85.0,5000,43000,425%,OpenInsider.com,2025-06-11 16:40:56,reports/graphs/MSTR_d.png,reports/graphs/MSTR_w.png
2025-06-11 16:40:56,MSTR,Microstrategy Inc,"Pres, CEO",P - Purchase,85.0,4500,35290,382%,OpenInsider.com,2025-06-11 16:40:56,reports/graphs/MSTR_d.png,reports/graphs/MSTR_w.png
2025-06-11 16:40:56,SHEN,Shenandoah Telecommunications Co/Va/,10%,P - Purchase,13.55,23684,2679421,321%,OpenInsider.com,2025-06-11 16:40:56,reports/graphs/SHEN_d.png,reports/graphs/SHEN_w.png
2025-06-11 16:40:56,MSTR,Microstrategy Inc,"EVP, GC",P - Purchase,85.0,3527,16753,299%,OpenInsider.com,2025-06-11 16:40:56,reports/graphs/MSTR_d.png,reports/graphs/MSTR_w.png
2025-06-11 16:40:56,QTRX,Quanterix Corp,"Pres, CEO",P - Purchase,5.42,45900,518922,248%,OpenInsider.com,2025-06-11 16:40:56,reports/graphs/QTRX_d.png,reports/graphs/QTRX_w.png
2025-06-11 16:40:56,TISI,Team Inc,10%,P - Purchase,18.87,13122,1582422,247%,OpenInsider.com,2025-06-11 16:40:56,reports/graphs/TISI_d.png,reports/graphs/TISI_w.png
2025-06-11 16:40:56,VTS,"Vitesse Energy, Inc.",CEO,P - Purchase,23.29,10000,1432603,232%,OpenInsider.com,2025-06-11 16:40:56,reports/graphs/VTS_d.png,reports/graphs/VTS_w.png
2025-06-11 16:40:56,GTE,Gran Tierra Energy Inc.,10%,P - Purchase,4.79,48441,6704968,231%,OpenInsider.com,2025-06-11 16:40:56,reports/graphs/GTE_d.png,reports/graphs/GTE_w.png
2025-06-11 16:40:56,NNUP,Nocopi Technologies Inc/Md/,10%,P - Purchase,1.1,195852,1467782,215%,OpenInsider.com,2025-06-11 16:40:56,reports/graphs/NNUP_d.png,reports/graphs/NNUP_w.png
2025-06-11 16:40:56,NNUP,Nocopi Technologies Inc/Md/,10%,P - Purchase,1.1,195851,1445851,215%,OpenInsider.com,2025-06-11 16:40:56,reports/graphs/NNUP_d.png,reports/graphs/NNUP_w.png
2025-06-11 16:40:56,MSTR,Microstrategy Inc,"EVP, CFO",P - Purchase,85.0,2250,28210,191%,OpenInsider.com,2025-06-11 16:40:56,reports/graphs/MSTR_d.png,reports/graphs/MSTR_w.png
2025-06-11 16:40:56,EOLS,"Evolus, Inc.",Dir,P - Purchase,9.45,20000,50378,189%,OpenInsider.com,2025-06-11 16:40:56,reports/graphs/EOLS_d.png,reports/graphs/EOLS_w.png
2025-06-11 16:40:56,ICFI,"Icf International, Inc.",Dir,P - Purchase,84.4,2000,17754,168%,OpenInsider.com,2025-06-11 16:40:56,reports/graphs/ICFI_d.png,reports/graphs/ICFI_w.png
2025-06-11 16:40:56,KMPR,Kemper Corp,Dir,P - Purchase,62.24,2500,21635,155%,OpenInsider.com,2025-06-11 16:40:56,reports/graphs/KMPR_d.png,reports/graphs/KMPR_w.png
2025-06-11 16:40:56,TLYS,"Tilly'S, Inc.",10%,P - Purchase,1.54,100000,2967422,154%,OpenInsider.com,2025-06-11 16:40:56,reports/graphs/TLYS_d.png,reports/graphs/TLYS_w.png
2025-06-11 16:40:56,VRM,"Vroom, Inc.",10%,P - Purchase,27.22,4570,3968979,124%,OpenInsider.com,2025-06-11 16:40:56,reports/graphs/VRM_d.png,reports/graphs/VRM_w.png
2025-06-11 16:40:56,DLHC,Dlh Holdings Corp.,10%,P - Purchase,5.47,22303,2194010,121%,OpenInsider.com,2025-06-11 16:40:56,reports/graphs/DLHC_d.png,reports/graphs/DLHC_w.png
2025-06-11 16:40:56,NBBK,"Nb Bancorp, Inc.","Pres, CEO",P - Purchase,16.26,7000,425811,113%,OpenInsider.com,2025-06-11 16:40:56,reports/graphs/NBBK_d.png,reports/graphs/NBBK_w.png
2025-06-11 16:40:56,NNUP,Nocopi Technologies Inc/Md/,CEO,P - Purchase,1.1,101416,235916,111%,OpenInsider.com,2025-06-11 16:40:56,reports/graphs/NNUP_d.png,reports/graphs/NNUP_w.png
2025-06-11 16:40:56,FLWS,1 800 Flowers Com Inc,10%,P - Purchase,5.03,21320,9439673,107%,OpenInsider.com,2025-06-11 16:40:56,reports/graphs/FLWS_d.png,reports/graphs/FLWS_w.png
2025-06-11 16:40:56,ICFI,"Icf International, Inc.",Dir,P - Purchase,83.98,1250,7653,104%,OpenInsider.com,2025-06-11 16:40:56,reports/graphs/ICFI_d.png,reports/graphs/ICFI_w.png
2025-06-11 16:40:56,CAL,Caleres Inc,"Pres, CEO, Caleres",P - Purchase,13.39,7600,461920,101%,OpenInsider.com,2025-06-11 16:40:56,reports/graphs/CAL_d.png,reports/graphs/CAL_w.png
2025-06-11 16:40:56,BRKR,Bruker Corp,"Pres, CEO, 10%",P - Purchase,38.36,2608,40456558,100%,OpenInsider.com,2025-06-11 16:40:56,reports/graphs/BRKR_d.png,reports/graphs/BRKR_w.png
2025-06-11 16:40:56,AYTU,"Aytu Biopharma, Inc",CEO,P - Purchase,1.5,66666,153257,99%,OpenInsider.com,2025-06-11 16:40:56,reports/graphs/AYTU_d.png,reports/graphs/AYTU_w.png
2025-06-11 16:40:56,REYN,Reynolds Consumer Products Inc.,Dir,P - Purchase,21.7,4500,26389,97%,OpenInsider.com,2025-06-11 16:40:56,reports/graphs/REYN_d.png,reports/graphs/REYN_w.png
2025-06-11 16:40:56,OVBC,Ohio Valley Banc Corp,Dir,P - Purchase,31.56,2500,5693,78%,OpenInsider.com,2025-06-11 16:40:56,reports/graphs/OVBC_d.png,reports/graphs/OVBC_w.png
2025-06-11 16:40:56,CNTX,Context Therapeutics Inc.,CEO,P - Purchase,0.7,100000,1079891,70%,OpenInsider.com,2025-06-11 16:40:56,reports/graphs/CNTX_d.png,reports/graphs/CNTX_w.png
2025-06-11 16:40:56,UEIC,Universal Electronics Inc,Dir,P - Purchase,6.78,8935,150000,60%,OpenInsider.com,2025-06-11 16:40:56,reports/graphs/UEIC_d.png,reports/graphs/UEIC_w.png
2025-06-11 16:40:56,BRT,Brt Apartments Corp.,"Pres, CEO",P - Purchase,15.93,3626,4554829,57%,OpenInsider.com,2025-06-11 16:40:56,reports/graphs/BRT_d.png,reports/graphs/BRT_w.png
2025-06-11 16:40:56,PX,"P10, Inc.",See Remarks,P - Purchase,9.87,5000,188134,49%,OpenInsider.com,2025-06-11 16:40:56,reports/graphs/PX_d.png,reports/graphs/PX_w.png
2025-06-11 16:40:56,PX,"P10, Inc.",See remarks,P - Purchase,9.81,5000,87735,49%,OpenInsider.com,2025-06-11 16:40:56,reports/graphs/PX_d.png,reports/graphs/PX_w.png
2025-06-11 16:40:56,EEX,"Emerald Holding, Inc.","Pres, Connections Group",P - Purchase,4.78,10000,270417,47%,OpenInsider.com,2025-06-11 16:40:56,reports/graphs/EEX_d.png,reports/graphs/EEX_w.png
2025-06-11 16:40:56,CCO,"Clear Channel Outdoor Holdings, Inc.",10%,P - Purchase,1.06,38815,64134352,41%,OpenInsider.com,2025-06-11 16:40:56,reports/graphs/CCO_d.png,reports/graphs/CCO_w.png
2025-06-11 16:40:56,BWFG,"Bankwell Financial Group, Inc.",Dir,P - Purchase,35.67,1049,79195,37%,OpenInsider.com,2025-06-11 16:40:56,reports/graphs/BWFG_d.png,reports/graphs/BWFG_w.png
2025-06-11 16:40:56,VREO,Vireo Growth Inc.,10%,P - Purchase,0.41,86500,111313155,35%,OpenInsider.com,2025-06-11 16:40:56,reports/graphs/VREO_d.png,reports/graphs/VREO_w.png
2025-06-11 16:40:56,NWTG,"Newton Golf Company, Inc.","Exec COB, CEO",P - Purchase,1.66,20000,55944,33%,OpenInsider.com,2025-06-11 16:40:56,reports/graphs/NWTG_d.png,reports/graphs/NWTG_w.png
2025-06-11 16:40:56,MATV,"Mativ Holdings, Inc.",Dir,P - Purchase,6.4,5000,16113,32%,OpenInsider.com,2025-06-11 16:40:56,reports/graphs/MATV_d.png,reports/graphs/MATV_w.png
2025-06-11 16:40:56,KMPR,Kemper Corp,Dir,P - Purchase,61.71,500,10323,30%,OpenInsider.com,2025-06-11 16:40:56,reports/graphs/KMPR_d.png,reports/graphs/KMPR_w.png
2025-06-11 16:40:56,HOVR,New Horizon Aircraft Ltd.,CEO,P - Purchase,0.58,45926,2367819,26%,OpenInsider.com,2025-06-11 16:40:56,reports/graphs/HOVR_d.png,reports/graphs/HOVR_w.png
2025-06-11 16:40:56,CNTX,Context Therapeutics Inc.,CFO,P - Purchase,0.64,40010,80010,25%,OpenInsider.com,2025-06-11 16:40:56,reports/graphs/CNTX_d.png,reports/graphs/CNTX_w.png
2025-06-11 16:40:56,AYTU,"Aytu Biopharma, Inc",Chief Business Officer,P - Purchase,1.5,16666,29462,24%,OpenInsider.com,2025-06-11 16:40:56,reports/graphs/AYTU_d.png,reports/graphs/AYTU_w.png
2025-06-11 16:40:56,BARK,"Bark, Inc.",Exec COB,P - Purchase,0.99,25000,10784653,24%,OpenInsider.com,2025-06-11 16:40:56,reports/graphs/BARK_d.png,reports/graphs/BARK_w.png
2025-06-11 16:40:56,HLF,Herbalife Ltd.,Dir,P - Purchase,7.5,3143,170000,23%,OpenInsider.com,2025-06-11 16:40:56,reports/graphs/HLF_d.png,reports/graphs/HLF_w.png
2025-06-11 16:40:56,BWFG,"Bankwell Financial Group, Inc.",Dir,P - Purchase,35.67,641,49166,22%,OpenInsider.com,2025-06-11 16:40:56,reports/graphs/BWFG_d.png,reports/graphs/BWFG_w.png
2025-06-11 16:40:56,ZEOX,"Zeo Scientifix, Inc.",Former 10% Owner,P - Purchase,2.0,11100,405707,22%,OpenInsider.com,2025-06-11 16:40:56,reports/graphs/ZEOX_d.png,reports/graphs/ZEOX_w.png
2025-06-11 16:40:56,NYC,American Strategic Investment Co.,10%,P - Purchase,10.11,2072,1548308,20%,OpenInsider.com,2025-06-11 16:40:56,reports/graphs/NYC_d.png,reports/graphs/NYC_w.png
2025-06-11 16:40:56,JMSB,"John Marshall Bancorp, Inc.",Dir,P - Purchase,17.37,1150,603811,19%,OpenInsider.com,2025-06-11 16:40:56,reports/graphs/JMSB_d.png,reports/graphs/JMSB_w.png
2025-06-11 16:40:56,BWFG,"Bankwell Financial Group, Inc.",Dir,P - Purchase,35.67,550,748994,19%,OpenInsider.com,2025-06-11 16:40:56,reports/graphs/BWFG_d.png,reports/graphs/BWFG_w.png
2025-06-11 16:40:56,HOVR,New Horizon Aircraft Ltd.,CFO,P - Purchase,0.58,31600,31600,18%,OpenInsider.com,2025-06-11 16:40:56,reports/graphs/HOVR_d.png,reports/graphs/HOVR_w.png
2025-06-11 16:40:56,BWFG,"Bankwell Financial Group, Inc.",Dir,P - Purchase,35.67,501,10578,17%,OpenInsider.com,2025-06-11 16:40:56,reports/graphs/BWFG_d.png,reports/graphs/BWFG_w.png
2025-06-11 16:40:56,HOVR,New Horizon Aircraft Ltd.,COO,P - Purchase,0.58,30446,265968,17%,OpenInsider.com,2025-06-11 16:40:56,reports/graphs/HOVR_d.png,reports/graphs/HOVR_w.png
2025-06-11 16:40:56,CALC,"Calcimedica, Inc.","CHIEF BUSINESS OFFICER, 10%",P - Purchase,1.74,10100,987910,17%,OpenInsider.com,2025-06-11 16:40:56,reports/graphs/CALC_d.png,reports/graphs/CALC_w.png
2025-06-11 16:40:56,NBBK,"Nb Bancorp, Inc.","EVP, Dir Spec. Bank. Ctr.",P - Purchase,16.29,1000,38297,16%,OpenInsider.com,2025-06-11 16:40:56,reports/graphs/NBBK_d.png,reports/graphs/NBBK_w.png
2025-06-11 16:40:56,BFST,"Business First Bancshares, Inc.",Dir,P - Purchase,23.4,680,97960,15%,OpenInsider.com,2025-06-11 16:40:56,reports/graphs/BFST_d.png,reports/graphs/BFST_w.png
2025-06-11 16:40:56,COCH,"Envoy Medical, Inc.",Dir,P - Purchase,1.46,10000,17500,14%,OpenInsider.com,2025-06-11 16:40:56,reports/graphs/COCH_d.png,reports/graphs/COCH_w.png
2025-06-11 16:40:56,PROP,Prairie Operating Co.,Dir,P - Purchase,3.95,3500,19012,13%,OpenInsider.com,2025-06-11 16:40:56,reports/graphs/PROP_d.png,reports/graphs/PROP_w.png
2025-06-11 16:40:56,STRW,"Strawberry Fields Reit, Inc.",CEO,P - Purchase,10.28,1304,721848,13%,OpenInsider.com,2025-06-11 16:40:56,reports/graphs/STRW_d.png,reports/graphs/STRW_w.png
2025-06-11 16:40:56,ADV,Advantage Solutions Inc.,Dir,P - Purchase,1.29,9700,1373480,12%,OpenInsider.com,2025-06-11 16:40:56,reports/graphs/ADV_d.png,reports/graphs/ADV_w.png
2025-06-11 16:40:56,TOFB,Tofutti Brands Inc,10%,P - Purchase,0.66,18500,567500,12%,OpenInsider.com,2025-06-11 16:40:56,reports/graphs/TOFB_d.png,reports/graphs/TOFB_w.png
2025-06-11 16:40:56,GROV,"Grove Collaborative Holdings, Inc.","Pres, CEO",P - Purchase,1.31,8900,361976,11%,OpenInsider.com,2025-06-11 16:40:56,reports/graphs/GROV_d.png,reports/graphs/GROV_w.png
2025-06-11 16:40:56,CNTX,Context Therapeutics Inc.,"GC, Corp. Sec",P - Purchase,0.58,20000,81983,11%,OpenInsider.com,2025-06-11 16:40:56,reports/graphs/CNTX_d.png,reports/graphs/CNTX_w.png
2025-06-11 16:40:56,TPL,Texas Pacific Land Corp,Dir,P - Purchase,1114.01,10,1166181,11%,OpenInsider.com,2025-06-11 16:40:56,reports/graphs/TPL_d.png,reports/graphs/TPL_w.png
2025-06-11 16:40:56,ROLR,"High Roller Technologies, Inc.","Dir, 10%",P - Purchase,3.04,3433,3365835,10%,OpenInsider.com,2025-06-11 16:40:56,reports/graphs/ROLR_d.png,reports/graphs/ROLR_w.png
2025-06-11 16:40:56,FRGT,"Freight Technologies, Inc.",CFO,P - Purchase,2.6,4000,4000,10%,OpenInsider.com,2025-06-11 16:40:56,reports/graphs/FRGT_d.png,reports/graphs/FRGT_w.png
2025-06-11 16:40:56,IMUX,"Immunic, Inc.","Pres, COO",P - Purchase,0.79,12512,12512,9%,OpenInsider.com,2025-06-11 16:40:56,reports/graphs/IMUX_d.png,reports/graphs/IMUX_w.png
2025-06-11 16:40:56,WSBK,"Winchester Bancorp, Inc./Md/",Dir,P - Purchase,9.21,1050,51050,9%,OpenInsider.com,2025-06-11 16:40:56,reports/graphs/WSBK_d.png,reports/graphs/WSBK_w.png
2025-06-11 16:40:56,BWFG,"Bankwell Financial Group, Inc.",Dir,P - Purchase,35.67,255,258226,9%,OpenInsider.com,2025-06-11 16:40:56,reports/graphs/BWFG_d.png,reports/graphs/BWFG_w.png
2025-06-11 16:40:56,TURN,180 Degree Capital Corp. /Ny/,"VP, Head of Fund Development",P - Purchase,3.98,2000,133005,7%,OpenInsider.com,2025-06-11 16:40:56,reports/graphs/TURN_d.png,reports/graphs/TURN_w.png
2025-06-11 16:40:56,ASBP,"Aspire Biopharma Holdings, Inc.",Dir,P - Purchase,0.39,20000,20000,7%,OpenInsider.com,2025-06-11 16:40:56,reports/graphs/ASBP_d.png,reports/graphs/ASBP_w.png
2025-06-11 16:40:56,WLK,Westlake Corp,"EVP, PEM Segment Head",P - Purchase,93.39,83,34932,7%,OpenInsider.com,2025-06-11 16:40:56,reports/graphs/WLK_d.png,reports/graphs/WLK_w.png
2025-06-11 16:40:56,DLPN,"Dolphin Entertainment, Inc.",CEO,P - Purchase,1.2,4150,331320,4%,OpenInsider.com,2025-06-11 16:40:56,reports/graphs/DLPN_d.png,reports/graphs/DLPN_w.png
2025-06-11 16:40:56,EDBL,Edible Garden AG Inc,"Pres, CEO",P - Purchase,2.67,1850,3643,4%,OpenInsider.com,2025-06-11 16:40:56,reports/graphs/EDBL_d.png,reports/graphs/EDBL_w.png
2025-06-11 16:40:56,BMNM,"Bimini Capital Management, Inc.","Dir, 10%",P - Purchase,0.88,5000,1369209,4%,OpenInsider.com,2025-06-11 16:40:56,reports/graphs/BMNM_d.png,reports/graphs/BMNM_w.png
2025-06-11 16:40:56,PHIO,Phio Pharmaceuticals Corp.,"COB, Pres, CEO",P - Purchase,2.75,1500,25149,4%,OpenInsider.com,2025-06-11 16:40:56,reports/graphs/PHIO_d.png,reports/graphs/PHIO_w.png
2025-06-11 16:40:56,CZNC,Citizens & Northern Corp,Dir,P - Purchase,18.6,218,44623,4%,OpenInsider.com,2025-06-11 16:40:56,reports/graphs/CZNC_d.png,reports/graphs/CZNC_w.png
2025-06-11 16:40:56,THFF,First Financial Corp /In/,Dir,P - Purchase,51.36,33,2083,1%,OpenInsider.com,2025-06-11 16:40:56,reports/graphs/THFF_d.png,reports/graphs/THFF_w.png
2025-06-11 16:40:56,GROV,"Grove Collaborative Holdings, Inc.","Pres, CEO",P - Purchase,1.31,1100,353076,1%,OpenInsider.com,2025-06-11 16:40:56,reports/graphs/GROV_d.png,reports/graphs/GROV_w.png
2025-06-11 16:40:56,IRIX,Iridex Corp,CFO,P - Purchase,0.98,835,15000,822%,OpenInsider.com,2025-06-11 16:40:56,reports/graphs/IRIX_d.png,reports/graphs/IRIX_w.png
2025-06-11 16:40:56,PAPL,Pineapple Financial Inc.,Dir,P - Purchase,0.06,9824,800000,589%,OpenInsider.com,2025-06-11 16:40:56,reports/graphs/PAPL_d.png,reports/graphs/PAPL_w.png
2025-06-11 16:40:56,BRID,Bridgford Foods Corp,Consultant,P - Purchase,7.7,75,45075,578%,OpenInsider.com,2025-06-11 16:40:56,reports/graphs/BRID_d.png,reports/graphs/BRID_w.png
2025-06-11 16:40:56,PAPL,Pineapple Financial Inc.,COO,P - Purchase,0.05,10000,2067049,510%,OpenInsider.com,2025-06-11 16:40:56,reports/graphs/PAPL_d.png,reports/graphs/PAPL_w.png
2025-06-11 16:40:56,HKHC,Horizon Kinetics Holding Corp,"CEO, CIO, 10%",P - Purchase,47.0,10,9302937,470%,OpenInsider.com,2025-06-11 16:40:56,reports/graphs/HKHC_d.png,reports/graphs/HKHC_w.png
2025-06-11 16:40:56,BRID,Bridgford Foods Corp,V.P. Ind. Relations & Safety,P - Purchase,7.9,50,2900,395%,OpenInsider.com,2025-06-11 16:40:56,reports/graphs/BRID_d.png,reports/graphs/BRID_w.png
2025-06-11 16:40:56,CZNC,Citizens & Northern Corp,Dir,P - Purchase,18.6,20,9329,372%,OpenInsider.com,2025-06-11 16:40:56,reports/graphs/CZNC_d.png,reports/graphs/CZNC_w.png
2025-06-11 16:40:56,PAPL,Pineapple Financial Inc.,COO,P - Purchase,0.06,3584,2057049,198%,OpenInsider.com,2025-06-11 16:40:56,reports/graphs/PAPL_d.png,reports/graphs/PAPL_w.png
