ticker,target_mean,reco_mean,analyst_count,snapshots,target_change_1d_pct,reco_change_1d,analyst_count_change_1d,target_change_7d_pct,reco_change_7d,analyst_count_change_7d,target_change_30d_pct,reco_change_30d,analyst_count_change_30d,upgrade_days_14d,downgrade_days_14d
FTNT,164.31944,2.77273,36.0,13.0,0.0,0.0,0.0,0.0,0.0,0.0,0.0,0.0,0.0,0.0,0.0
ASML,2084.5654,1.40476,16.0,13.0,-0.55,0.0,0.0,-1.73,0.0,0.0,-2.49,-0.01,0.0,0.0,2.0
CVX,224.625,1.72,24.0,64.0,0.19,0.0,0.0,0.32,0.0,0.0,2.9,0.0,0.0,2.0,0.0
APH,99.68421,1.42105,19.0,13.0,0.0,0.0,0.0,0.3,0.02,1.0,0.42,0.05,2.0,0.0,0.0
MSFT,578.82245,1.32143,53.0,64.0,-0.01,0.01,1.0,0.27,0.01,1.0,1.3,0.04,1.0,0.0,0.0
AVGO,531.3149,1.26,47.0,13.0,0.0,0.0,0.0,-0.1,0.0,0.0,-0.1,0.0,0.0,0.0,0.0
TECK,52.48608,2.52941,4.0,64.0,-0.47,0.0,0.0,-0.9,0.0,0.0,-3.35,0.0,0.0,0.0,0.0
KYCCF,,,,,,,,,,,,,,,
WST,407.5625,1.35294,16.0,64.0,0.0,0.0,0.0,0.0,0.0,0.0,0.7,,1.0,1.0,0.0
AAPL,328.09384,2.20455,39.0,13.0,0.0,0.0,0.0,-0.04,0.0,0.0,0.08,0.0,0.0,0.0,0.0
BRK-B,547.6667,2.0,3.0,64.0,0.0,0.0,0.0,0.0,0.0,0.0,0.0,0.0,0.0,0.0,0.0
TNE.AX,30.95933,2.13333,15.0,64.0,0.07,-0.01,-1.0,-0.65,-0.13,-1.0,-0.65,,-1.0,0.0,1.0
4684.T,5513.3335,1.58333,12.0,13.0,0.0,0.0,0.0,0.0,,0.0,0.0,0.0,0.0,0.0,0.0
CBOE,312.8,2.88889,15.0,64.0,-0.9,0.11,1.0,-0.9,0.17,1.0,-0.74,0.17,1.0,0.0,1.0
NUE,283.9375,1.76471,16.0,64.0,0.22,0.0,0.0,0.11,-0.12,0.0,0.4,-0.24,0.0,0.0,1.0
THC,284.63635,1.56522,22.0,64.0,0.0,0.0,0.0,0.0,0.0,0.0,-0.16,-0.07,1.0,0.0,0.0
VEEV,297.2963,1.96552,27.0,64.0,0.0,0.0,0.0,0.0,0.0,0.0,1.1,0.03,0.0,0.0,0.0
ODFL,227.95454,2.33333,22.0,13.0,-1.28,0.0,0.0,-0.36,,-1.0,-0.36,0.11,-1.0,1.0,1.0
NDSN,349.7143,,7.0,64.0,0.0,,0.0,0.0,,0.0,0.0,,0.0,0.0,0.0
AME,280.27777,1.75,18.0,64.0,0.1,0.0,0.0,0.7,0.0,0.0,0.8,0.0,0.0,1.0,0.0
7741.T,30200.0,,15.0,64.0,0.0,,0.0,0.0,,0.0,-1.52,,0.0,0.0,1.0
GOOG,419.64572,1.38333,14.0,13.0,-0.64,0.0,-1.0,-0.64,0.0,-1.0,-0.64,-0.01,-1.0,0.0,1.0
BLK,1315.6471,1.44444,17.0,13.0,-0.54,0.03,1.0,-0.54,0.03,1.0,-0.58,0.03,1.0,0.0,1.0
OXY,68.36,2.23077,25.0,64.0,0.18,0.08,0.0,0.53,0.08,0.0,2.3,0.1,2.0,0.0,0.0
CDNS,405.47116,1.36,26.0,64.0,0.0,0.0,0.0,0.0,0.0,0.0,0.58,0.08,-1.0,1.0,0.0
SAP,251.5,1.625,12.0,64.0,0.0,0.0,0.0,0.0,0.0,0.0,1.72,0.0,0.0,1.0,0.0
TMO,652.8461,1.53571,26.0,64.0,0.0,0.0,0.0,-0.04,-0.02,-1.0,3.2,0.04,0.0,1.0,0.0
TT,526.67365,1.88,22.0,64.0,0.0,0.0,0.0,-0.14,0.08,0.0,-0.06,0.12,1.0,0.0,0.0
DSGX,101.23077,1.57143,13.0,64.0,0.0,0.0,0.0,0.0,0.0,0.0,1.0,0.0,0.0,0.0,0.0
RACE,457.17715,1.46154,13.0,64.0,-0.48,-0.03,-1.0,-0.32,,-1.0,-1.28,-0.03,-1.0,0.0,2.0
CTAS,218.3125,2.2,16.0,64.0,0.0,0.0,0.0,0.03,0.0,0.0,0.92,0.0,0.0,1.0,0.0
HHH,89.66667,2.0,3.0,64.0,0.0,0.0,0.0,0.0,0.0,0.0,0.0,,0.0,0.0,0.0
NDAQ,108.9375,1.83333,16.0,64.0,-0.66,-0.07,1.0,-0.66,-0.07,1.0,-0.79,-0.07,1.0,0.0,1.0
EQIX,1234.1936,1.5,31.0,64.0,0.0,0.0,0.0,0.06,0.0,0.0,-0.03,0.03,2.0,0.0,0.0
HEI,393.7,1.95833,20.0,64.0,0.0,0.0,0.0,-0.19,0.0,0.0,-0.51,-0.05,1.0,0.0,0.0
IDXX,701.3333,2.15385,12.0,64.0,0.0,0.0,0.0,0.0,0.0,0.0,0.34,0.06,-1.0,0.0,0.0
KO,94.65217,1.75,23.0,64.0,0.0,0.0,0.0,-0.05,0.0,0.0,-0.05,0.0,0.0,0.0,0.0
COF,257.85715,1.56522,21.0,64.0,0.0,0.0,0.0,-0.35,0.0,0.0,-0.16,-0.02,-1.0,0.0,0.0
MA,666.7138,1.425,37.0,64.0,0.0,0.0,0.0,0.0,0.0,0.0,-0.63,-0.05,0.0,0.0,0.0
ORCL,237.97415,1.5814,41.0,13.0,0.0,0.02,0.0,0.0,0.02,0.0,-0.43,0.02,0.0,0.0,0.0
DHR,234.72726,1.44,22.0,64.0,0.98,0.0,0.0,1.69,0.06,-1.0,2.58,0.06,-1.0,3.0,0.0
MANH,220.7,1.72727,10.0,13.0,0.0,0.0,0.0,0.0,-0.18,0.0,1.38,-0.18,0.0,1.0,0.0
6383.T,7462.143,1.64286,14.0,13.0,-1.04,0.0,0.0,-1.04,0.0,0.0,-1.04,0.0,0.0,0.0,1.0
UNP,329.41666,1.72,24.0,13.0,0.0,0.0,0.0,0.03,0.0,0.0,-0.32,0.0,0.0,0.0,0.0
AMZN,330.59192,1.32203,57.0,13.0,0.19,0.0,0.0,0.32,0.0,0.0,0.72,-0.01,-2.0,0.0,0.0
FAST,48.83846,2.72222,13.0,64.0,0.0,0.0,0.0,0.0,0.0,0.0,0.63,0.0,0.0,0.0,0.0
META,794.9607,1.4127,58.0,13.0,0.0,0.0,0.0,0.59,-0.06,1.0,5.25,-0.07,2.0,2.0,0.0
V,419.36163,1.45,37.0,64.0,0.0,0.0,0.0,0.0,0.0,0.0,0.0,0.0,0.0,0.0,0.0
ADSK,307.54147,1.52778,34.0,13.0,0.0,0.0,0.0,-0.36,0.0,0.0,-1.7,-0.01,-1.0,0.0,1.0
SYK,367.8,1.67857,25.0,64.0,0.0,0.0,0.0,-0.33,0.0,0.0,-3.9,0.0,0.0,0.0,1.0
GGG,91.28571,2.6,7.0,13.0,0.0,0.0,0.0,0.0,0.0,0.0,0.0,0.0,0.0,0.0,0.0
MCO,561.9048,1.70833,21.0,64.0,0.0,0.0,0.0,0.0,0.0,0.0,0.25,0.04,0.0,0.0,0.0
HRI,189.08333,1.81818,12.0,64.0,0.0,0.0,0.0,0.0,0.0,0.0,1.34,0.09,0.0,1.0,0.0
ALLY,51.95,1.61111,18.0,64.0,0.0,0.0,0.0,-2.4,-0.11,0.0,-3.39,0.02,0.0,0.0,2.0
PAYX,113.92857,3.0,14.0,64.0,0.0,0.0,0.0,0.0,0.0,0.0,0.19,0.22,0.0,1.0,2.0
MTD,1458.0769,2.57143,13.0,64.0,0.0,0.0,0.0,0.04,0.03,-1.0,-1.0,-0.19,1.0,0.0,0.0
UNH,481.72,1.57692,25.0,64.0,0.0,0.0,0.0,0.0,0.0,0.0,1.37,-0.02,-1.0,0.0,0.0
SHW,388.4091,2.0,22.0,64.0,0.0,0.0,0.0,-0.18,0.0,0.0,-0.66,-0.04,0.0,0.0,0.0
LMT,636.7368,2.42857,19.0,13.0,0.0,0.0,0.0,-0.17,0.0,0.0,-0.54,0.0,1.0,0.0,0.0
MSI,526.9091,1.64286,11.0,64.0,0.0,0.0,0.0,0.0,0.0,0.0,0.02,0.0,0.0,0.0,0.0
FHN,27.69048,2.38095,21.0,64.0,0.0,0.0,0.0,-1.02,0.0,0.0,-1.48,,2.0,0.0,3.0
JNJ,279.27274,1.91304,22.0,64.0,0.0,0.0,0.0,0.49,0.0,0.0,1.32,0.0,0.0,0.0,0.0
COST,1057.9429,1.94872,35.0,64.0,0.0,0.0,0.0,0.01,0.0,0.0,-1.8,0.05,0.0,0.0,1.0
NYT,78.55556,1.7,9.0,63.0,0.0,0.0,0.0,0.0,0.0,0.0,1.14,,0.0,1.0,1.0
CNI,135.22485,2.23333,13.0,64.0,-0.95,0.0,0.0,-1.27,0.0,0.0,-3.8,0.0,0.0,0.0,2.0
ATLKY,26.0,,1.0,64.0,0.0,,0.0,0.0,,0.0,0.0,,0.0,0.0,0.0
VLTO,114.78571,1.875,14.0,64.0,0.0,0.0,0.0,0.0,0.0,0.0,1.28,0.07,-1.0,1.0,0.0
GWW,1331.6428,2.73684,14.0,64.0,0.0,0.0,0.0,0.0,0.0,0.0,-0.07,0.05,0.0,0.0,0.0
FICO,1207.051,2.2381,19.0,64.0,-3.93,0.0,0.0,-15.88,-0.24,0.0,-17.54,-0.24,0.0,0.0,3.0
CSU.TO,4064.0308,,12.0,64.0,0.47,,0.0,0.91,,0.0,3.6,,0.0,0.0,0.0
PSA,335.33334,2.5,18.0,13.0,-0.35,0.0,0.0,-0.35,0.0,0.0,-0.66,0.0,0.0,0.0,0.0
ISRG,476.34482,1.78125,29.0,64.0,0.0,,0.0,0.0,,0.0,-0.35,0.04,-1.0,0.0,0.0
BRO,75.6875,2.78947,16.0,64.0,0.0,0.0,0.0,-1.06,0.0,0.0,-1.3,0.0,0.0,0.0,1.0
ICE,185.86667,1.6875,15.0,64.0,-0.76,-0.22,1.0,-0.76,-0.22,1.0,-0.42,-0.22,1.0,0.0,1.0
DOL.TO,207.4706,1.94118,17.0,13.0,0.0,0.0,0.0,0.0,0.0,0.0,-0.23,0.0,0.0,0.0,0.0
ASAZY,21.7435,,1.0,64.0,0.0,,0.0,0.0,,0.0,0.0,,0.0,0.0,0.0
TW,123.73333,2.125,15.0,64.0,0.07,0.08,1.0,0.07,,1.0,0.02,0.08,1.0,0.0,0.0
WTKWY,108.6,1.0,1.0,64.0,0.0,0.0,0.0,0.0,0.0,0.0,0.0,,0.0,0.0,0.0
BAC,67.95238,1.5,21.0,64.0,-0.42,0.0,0.0,-0.97,0.0,0.0,-1.19,,-1.0,0.0,1.0
UBER,100.79,1.58,46.0,64.0,0.02,-0.01,-1.0,0.02,-0.01,-1.0,-1.0,-0.07,-1.0,0.0,0.0
FCNCA,2327.8462,2.69231,13.0,64.0,0.0,0.0,0.0,-0.49,0.0,0.0,-0.63,-0.03,1.0,0.0,0.0
DBOEY,33.85046,1.0,1.0,64.0,-0.55,0.0,0.0,-1.72,0.0,0.0,-2.19,0.0,0.0,1.0,3.0
CLPBY,8.3325,2.5,4.0,64.0,0.0,0.0,0.0,0.0,,0.0,0.15,0.0,0.0,0.0,0.0
RMD,250.22295,2.3,17.0,13.0,0.0,0.0,0.0,0.0,0.0,0.0,1.54,0.12,1.0,1.0,0.0
FERG,287.4762,1.86364,21.0,13.0,0.0,0.0,0.0,0.0,0.0,0.0,0.0,0.0,0.0,0.0,0.0
ITW,300.64285,3.1875,14.0,64.0,0.0,0.0,0.0,-0.61,0.0,0.0,-0.4,0.06,0.0,0.0,1.0
ECL,324.9524,1.54167,21.0,64.0,0.0,0.0,0.0,0.0,0.0,0.0,0.0,0.0,0.0,0.0,0.0
AWK,141.45454,2.61538,11.0,64.0,0.0,0.0,0.0,0.0,0.0,0.0,0.78,0.0,0.0,0.0,0.0
ADP,287.6,2.72222,15.0,64.0,0.0,0.0,0.0,0.0,0.0,0.0,0.0,0.0,0.0,0.0,0.0
ETN,481.1642,1.57143,26.0,64.0,0.02,0.0,0.0,0.14,-0.07,0.0,1.18,0.02,1.0,0.0,0.0
BSX,60.7931,1.64516,29.0,13.0,-0.34,0.0,0.0,-0.34,0.0,0.0,-1.95,-0.06,0.0,0.0,1.0
ORLY,107.34615,1.58621,26.0,64.0,0.0,0.0,0.0,-0.42,-0.05,1.0,-0.42,-0.05,1.0,0.0,0.0
SBGSY,79.8,1.33333,3.0,63.0,0.42,,0.0,0.42,0.0,0.0,2.57,,0.0,0.0,0.0
ROL,42.82353,2.52632,17.0,64.0,0.0,0.0,0.0,-3.83,0.0,0.0,-6.06,0.0,0.0,0.0,4.0
BR,213.375,2.33333,8.0,64.0,0.0,0.0,0.0,0.0,0.0,0.0,0.0,0.0,0.0,0.0,0.0
AZO,3708.7083,1.46429,24.0,64.0,0.0,0.0,0.0,-0.19,0.02,1.0,-5.91,0.02,1.0,0.0,2.0
NOW,144.99261,1.42857,46.0,64.0,0.0,0.0,0.0,0.0,0.0,0.0,2.69,0.02,0.0,0.0,0.0
MLM,646.0417,1.83333,24.0,13.0,-0.51,0.0,0.0,-1.02,0.0,0.0,-1.84,0.04,0.0,0.0,3.0
PGR,232.04762,2.6,21.0,64.0,0.0,0.0,0.0,0.29,0.0,0.0,0.02,0.04,0.0,0.0,0.0
AXP,375.70374,2.17241,24.0,64.0,-0.03,0.0,0.0,-0.75,0.0,0.0,-0.07,0.13,-1.0,1.0,1.0
VRSN,324.4,1.8,5.0,64.0,0.0,0.0,0.0,0.0,0.2,0.0,0.93,0.2,0.0,1.0,0.0
TJX,169.8,,20.0,64.0,0.0,,0.0,0.0,,0.0,0.0,,0.0,0.0,0.0
SPGI,520.3,1.33333,20.0,64.0,0.0,,0.0,0.0,0.0,0.0,0.19,0.0,0.0,0.0,0.0
HD,377.1875,1.94444,32.0,13.0,0.0,0.0,0.0,0.0,0.0,0.0,0.0,0.0,0.0,0.0,0.0
BN,54.25,1.81818,10.0,64.0,-0.28,0.0,0.0,-0.28,0.0,0.0,-0.28,0.0,0.0,0.0,0.0
RSG,245.5,2.0,24.0,64.0,-0.17,0.0,0.0,-0.17,0.0,0.0,-0.17,0.0,0.0,0.0,0.0
MSCI,691.7647,1.5,17.0,64.0,0.0,0.0,0.0,-0.04,0.0,0.0,-0.04,0.0,0.0,0.0,0.0
QSR,85.95833,1.88889,24.0,64.0,-0.24,0.0,0.0,-0.34,0.04,0.0,0.05,0.0,0.0,0.0,0.0
WCN,200.84,1.42857,25.0,64.0,-0.59,0.0,0.0,-0.59,0.0,0.0,0.12,0.07,0.0,0.0,1.0
STZ,163.34782,2.04167,23.0,64.0,0.0,0.0,0.0,-0.45,0.0,0.0,-4.38,0.0,0.0,0.0,5.0
CME,283.375,2.47059,16.0,64.0,-0.08,0.09,1.0,-0.08,0.15,1.0,0.11,0.15,1.0,0.0,0.0
ROP,439.42856,2.42105,14.0,64.0,0.0,0.0,0.0,0.0,0.0,0.0,-1.3,,-1.0,0.0,1.0
SGSOY,14.0,,1.0,13.0,0.0,,0.0,0.0,,0.0,0.0,,0.0,0.0,0.0
CB,365.82608,2.44,23.0,64.0,0.0,0.0,0.0,-0.02,0.0,0.0,-0.08,0.04,0.0,0.0,0.0
CP,98.0347,1.8,13.0,64.0,-0.75,0.0,0.0,-0.98,0.0,0.0,-3.39,0.0,0.0,0.0,1.0
YUM,172.33636,2.11538,22.0,13.0,-0.18,0.0,0.0,-0.71,0.0,0.0,-0.32,-0.04,-1.0,0.0,0.0
DPZ,375.48148,2.13333,27.0,64.0,-0.25,0.0,0.0,-0.64,0.0,0.0,-1.26,0.03,-1.0,0.0,1.0
MCD,297.0345,2.05882,29.0,64.0,-0.06,0.0,0.0,-1.08,0.0,0.0,-5.82,0.0,-2.0,0.0,3.0
CRH,131.04375,1.30435,24.0,13.0,-0.63,0.0,0.0,-1.6,0.0,0.0,-2.82,0.0,0.0,0.0,3.0
ATO,185.0,2.71429,11.0,13.0,0.0,0.0,0.0,-0.29,0.0,0.0,-0.83,0.0,0.0,0.0,1.0
WM,258.56,1.75,25.0,64.0,-0.52,0.0,0.0,-0.52,0.0,0.0,-0.52,0.0,0.0,0.0,1.0
TYL,424.77274,1.54545,22.0,64.0,0.0,0.0,0.0,-0.44,0.0,0.0,-0.44,0.0,0.0,0.0,0.0
FDS,277.5625,3.22222,16.0,64.0,0.0,0.0,0.0,2.8,0.0,0.0,7.14,0.11,0.0,3.0,0.0
POOL,217.0,2.4,12.0,64.0,0.0,0.0,0.0,0.0,0.0,0.0,-1.14,0.0,0.0,0.0,0.0
CPRT,39.0,2.25,10.0,64.0,0.0,0.0,0.0,0.78,0.0,0.0,-2.99,-0.02,0.0,1.0,1.0
HLT,353.0,,26.0,13.0,0.0,,0.0,0.0,,0.0,0.0,,0.0,0.0,0.0
MRSH,205.57143,2.52174,21.0,41.0,0.0,0.0,0.0,-0.74,0.0,0.0,-0.74,0.0,0.0,0.0,1.0
DVA,219.85715,2.375,7.0,64.0,0.0,0.0,0.0,0.0,0.0,0.0,0.65,-0.09,0.0,0.0,0.0
LIN,542.6,1.67857,25.0,64.0,0.0,0.0,0.0,0.0,0.0,0.0,-0.85,0.03,0.0,0.0,0.0
KVUE,19.5,,12.0,64.0,0.0,,0.0,0.0,,0.0,0.0,,0.0,0.0,0.0
OTIS,86.53846,2.35714,13.0,64.0,0.0,0.0,0.0,-0.97,0.0,0.0,-2.58,-0.21,1.0,0.0,2.0
PEP,149.36365,2.75,22.0,64.0,0.0,0.0,0.0,-2.92,-0.12,0.0,-3.64,-0.08,0.0,1.0,4.0
RELX,53.35,1.0,2.0,64.0,0.0,0.0,0.0,0.57,,0.0,0.57,,0.0,1.0,0.0
INTU,405.6,2.05882,31.0,64.0,0.0,0.0,0.0,0.0,0.0,0.0,-1.48,0.0,0.0,0.0,0.0
ERIE,,,,,,,,,,,,,,,
AJG,288.3889,1.72727,18.0,64.0,0.0,0.0,0.0,-0.44,0.0,0.0,-1.09,0.0,0.0,0.0,0.0
IT,185.15385,2.8,13.0,64.0,0.0,0.0,0.0,0.0,0.0,0.0,0.0,0.0,0.0,0.0,0.0
ZTS,96.0,2.29412,14.0,63.0,0.0,0.0,0.0,0.0,0.0,0.0,0.0,-0.07,-1.0,0.0,0.0
GVDNY,96.47457,1.0,1.0,64.0,-0.07,0.0,0.0,14.45,,-1.0,11.52,,-1.0,2.0,2.0
CHD,105.10526,,19.0,64.0,0.0,,0.0,0.0,,0.0,-0.25,,0.0,0.0,0.0
PG,160.6087,2.2,23.0,64.0,0.0,0.0,0.0,0.0,0.0,0.0,0.0,0.0,0.0,0.0,0.0
HESAY,215.33333,1.33333,3.0,64.0,0.0,0.0,0.0,0.0,0.0,0.0,-6.51,0.0,0.0,0.0,1.0
VRSK,234.76471,2.05263,17.0,64.0,0.0,0.0,0.0,0.0,0.0,0.0,-1.24,0.0,0.0,0.0,0.0
JKHY,189.72221,1.75,18.0,64.0,0.0,0.0,0.0,-0.27,0.04,1.0,-0.95,0.01,3.0,0.0,0.0
MKC,54.84615,2.26667,13.0,64.0,-6.18,0.0,0.0,-8.71,0.0,0.0,-9.52,-0.13,0.0,0.0,2.0
LRLCY,103.16667,1.25,3.0,64.0,0.0,0.0,0.0,0.1,,0.0,0.1,0.25,0.0,0.0,0.0
AON,377.10526,2.14286,19.0,64.0,0.0,0.0,0.0,-1.76,0.0,0.0,-4.38,-0.09,3.0,1.0,1.0
EFX,207.04762,1.66667,21.0,13.0,-2.4,0.0,0.0,-3.42,0.0,0.0,-3.68,0.0,0.0,0.0,2.0
NVR,6441.1665,3.0,6.0,64.0,-4.12,-0.33,1.0,-4.12,-0.33,1.0,-5.03,-0.33,1.0,0.0,2.0
SXYAY,25.65,,2.0,64.0,0.0,,0.0,0.0,,0.0,0.0,,0.0,0.0,0.0
VCISY,38.82618,,3.0,13.0,0.0,,0.0,0.0,,0.0,0.0,,0.0,0.0,0.0
ABT,120.5836,1.44444,25.0,64.0,0.27,0.07,0.0,0.27,0.07,0.0,0.32,0.15,0.0,0.0,0.0
ESLOY,142.0,1.5,2.0,64.0,0.0,0.0,0.0,-1.05,,0.0,-1.05,,0.0,0.0,1.0
TEVA,45.5,1.55556,8.0,64.0,-1.7,0.07,1.0,3.41,-0.06,3.0,9.9,-0.06,-2.0,3.0,4.0
WMT,126.775,1.53488,40.0,64.0,0.0,0.0,0.0,-0.51,0.0,0.0,-0.74,0.0,0.0,0.0,1.0
CL,98.6,2.04762,20.0,64.0,0.0,0.0,0.0,-0.2,0.0,0.0,-0.35,0.0,0.0,0.0,0.0
LEN,79.0,3.5,14.0,64.0,0.0,-0.08,0.0,-1.34,-0.08,1.0,-8.39,-0.06,1.0,0.0,3.0
LPX,92.07143,1.57143,14.0,64.0,0.0,0.0,0.0,0.0,0.0,0.0,-0.17,0.04,1.0,0.0,0.0
KR,68.13636,2.0,22.0,64.0,0.0,0.0,0.0,0.33,0.08,0.0,-3.04,0.08,0.0,0.0,0.0
KHC,25.47222,3.05,18.0,64.0,0.0,0.0,0.0,0.0,0.0,0.0,1.29,0.06,1.0,1.0,0.0
TLC.AX,5.65467,2.375,15.0,13.0,0.0,0.0,0.0,0.0,0.0,0.0,-0.12,0.0,0.0,0.0,0.0
GPK,11.94545,3.0,11.0,62.0,-2.95,0.0,0.0,-3.67,0.0,0.0,-5.06,,0.0,0.0,3.0
CHTR,175.10526,3.0,19.0,64.0,0.0,0.0,0.0,-1.66,0.0,0.0,-5.05,-0.05,2.0,0.0,2.0
KD,14.2,,5.0,64.0,0.0,,0.0,0.0,,0.0,0.0,,0.0,0.0,0.0
