ticker,name,short_name,bond_type,currency,price,week52_high,week52_low,pct_from_high,yield_pct,sec_yield_pct,hist_avg_yield_pct,yield_vs_avg_pct,duration_years,modified_duration,expense_ratio_pct,value_rating,recommendation,avg_volume_3m,spread_pct,liquidity_rating,liquidity_note,generated_at
TLT,iShares 20+yr Treasury,iShares 20+ Year Treasury Bond ,Treasury,USD,77.78,92.19,77.55,-15.63,4.73,,3.8,0.93,17.0,17.0,0.15,MUY_ATRACTIVO,Bloquear yield alto con duración larga mientras dure,32510965,0.06,ALTA,"Entra y sale sin fricción, spread mínimo",2026-10-01T07:08:00Z
VGOV.L,Vanguard UK Govt Bond,VANGUARD FUNDS PLC UK GILT UCIT,UK_Gilt,GBP,15.115,16.49,0.0,-8.34,4.61,,4.2,0.41,13.5,13.5,,MUY_ATRACTIVO,"Gilt largo: yield históricamente alto — atractivo si BoE recorta tipos, riesgo divisa GBP",74919,-1.55,BAJA,"Poco volumen — orden límite obligatoria, no muevas cantidades grandes de golpe",2026-10-01T07:08:09Z
IEF,iShares 7-10yr Treasury,iShares 7-10 Year Treasury Bond,Treasury,USD,89.31,98.05,89.15,-8.91,3.97,,3.8,0.17,8.5,8.5,0.15,MUY_ATRACTIVO,Atractivo para asignación de renta fija,7633108,0.02,ALTA,"Entra y sale sin fricción, spread mínimo",2026-10-01T07:08:00Z
STIP,iShares 0-5yr TIPS Bond,iShares 0-5 Year TIPS Bond ETF,TIPS,USD,99.7,104.16,99.56,-4.28,5.37,,1.2,4.17,2.5,2.5,0.03,ATRACTIVO,TIPS cortos: protección inflación con mínimo riesgo de tipos,976307,,MEDIA,"Liquidez aceptable — usa orden límite, no market",2026-10-01T07:08:01Z
IBTS.MI,iShares EUR Govt 1-3yr,ISHARES $ TREASURY 1-3YR UCITS ,EUR_Govt,EUR,110.05,113.34,107.71,-2.9,5.0,,2.5,2.5,1.9,1.9,0.07,ATRACTIVO,"Bono europeo atractivo, diversifica fuera USD",2762,1.56,BAJA,"Poco volumen — orden límite obligatoria, no muevas cantidades grandes de golpe",2026-10-01T07:08:07Z
VCIT,Vanguard Intermediate IG Corp,Vanguard Intermediate-Term Corp,IG_Corp,USD,78.31,84.84,78.16,-7.7,4.89,,4.5,0.39,5.8,5.8,0.03,ATRACTIVO,"IG corporativo con spread atractivo, bajo riesgo crédito",9638374,0.07,ALTA,"Entra y sale sin fricción, spread mínimo",2026-10-01T07:08:03Z
LQD,iShares IG Corporate Bond,iShares iBoxx $ Investment Grad,IG_Corp,USD,102.18,112.93,102.04,-9.52,4.67,,4.8,-0.13,9.0,9.0,0.14,ATRACTIVO,"IG corporativo con spread atractivo, bajo riesgo crédito",29440811,,ALTA,"Entra y sale sin fricción, spread mínimo",2026-10-01T07:08:04Z
IGLT.L,iShares UK Gilts All Stocks,ISHARES II PLC ISHRS CORE UK GI,UK_Gilt,GBP,9.485,10.2807,0.0,-7.74,4.5,,4.0,0.5,9.5,9.5,0.07,ATRACTIVO,"Gilt corto: yield competitivo con bajo riesgo de duración, riesgo divisa GBP",415213,0.24,MEDIA,"Liquidez aceptable — usa orden límite, no market",2026-10-01T07:08:09Z
VCSH,Vanguard Short-Term IG Corp,Vanguard Short-Term Corporate B,IG_Corp,USD,77.25,80.26,77.14,-3.75,4.47,,4.0,0.47,2.8,2.8,0.03,ATRACTIVO,Corp IG corto: spread extra sobre Treasury sin riesgo de duración,4551900,0.01,ALTA,"Entra y sale sin fricción, spread mínimo",2026-10-01T07:08:03Z
AGG,iShares Core US Aggregate,iShares Core U.S. Aggregate Bon,Aggregate,USD,94.54,101.46,94.33,-6.82,4.05,,3.6,0.45,6.2,6.2,0.03,ATRACTIVO,Atractivo para asignación de renta fija,8894722,,ALTA,"Entra y sale sin fricción, spread mínimo",2026-10-01T07:08:02Z
BND,Vanguard Total Bond Market,Vanguard Total Bond Market ETF,Aggregate,USD,70.15,75.23,69.9737,-6.75,4.04,,3.6,0.44,6.5,6.5,0.03,ATRACTIVO,Atractivo para asignación de renta fija,8495236,0.03,ALTA,"Entra y sale sin fricción, spread mínimo",2026-10-01T07:08:02Z
IGLS.L,iShares UK Gilts 0-5yr,ISHARES III PLC ISHRS UK GILTS ,UK_Gilt,GBP,124.94,130.79,0.0,-4.47,3.97,,3.5,0.47,2.8,2.8,0.07,ATRACTIVO,"Gilt corto: yield competitivo con bajo riesgo de duración, riesgo divisa GBP",32617,-3.85,BAJA,"Poco volumen — orden límite obligatoria, no muevas cantidades grandes de golpe",2026-10-01T07:08:10Z
VGSH,Vanguard Short-Term Treasury,Vanguard Short-Term Treasury ET,Treasury,USD,57.56,59.01,57.47,-2.46,3.82,,3.5,0.32,2.0,2.0,0.03,ATRACTIVO,Tesoro corto plazo: rendimiento competitivo sin exposición a subida de tipos,4858206,0.02,ALTA,"Entra y sale sin fricción, spread mínimo",2026-10-01T07:07:59Z
SHY,iShares 1-3yr Treasury,iShares 1-3 Year Treasury Bond ,Treasury,USD,81.2,83.2,81.05,-2.4,3.63,,3.5,0.13,2.0,2.0,0.15,ATRACTIVO,Tesoro corto plazo: rendimiento competitivo sin exposición a subida de tipos,3978408,0.01,ALTA,"Entra y sale sin fricción, spread mínimo",2026-10-01T07:07:59Z
IB01.L,iShares $ Treasury Bond 0-1yr UCITS,ISHARES PLC ISH $ TR BND 0-1YR ,T_Bill,USD,121.94,129.0,0.0,-5.47,3.6,,3.5,0.1,0.5,0.5,0.07,ATRACTIVO,Liquidez remunerada ~4-5% sin riesgo de tipos — ideal para capital en espera,392582,-2.51,MEDIA,"Liquidez aceptable — usa orden límite, no market",2026-10-01T07:08:06Z
TIP,iShares TIPS Bond,iShares TIPS Bond ETF,TIPS,USD,104.04,112.24,103.8088,-7.31,4.98,,,,7.5,7.5,0.18,NEUTRAL,Precio justo — mantener si ya en cartera,1819904,,ALTA,"Entra y sale sin fricción, spread mínimo",2026-10-01T07:08:01Z
XEON.DE,Xtrackers EUR Overnight Rate,Xtrackers II EUR Over.Rate Sw.I,EUR_Cash,EUR,150.362,150.39,147.324,-0.02,2.04,,2.0,0.04,0.1,0.1,0.1,NEUTRAL,Precio justo — mantener si ya en cartera,198008,0.0,MEDIA,"Liquidez aceptable — usa orden límite, no market",2026-10-01T07:08:06Z
JNK,SPDR Bloomberg HY Bond,State Street SPDR Bloomberg Hig,HY_Corp,USD,92.75,98.08,92.7,-5.43,6.61,,7.2,-0.59,3.8,3.8,0.4,CARO,Caro vs histórico — esperar corrección,3056827,,ALTA,"Entra y sale sin fricción, spread mínimo",2026-10-01T07:08:05Z
HYG,iShares HY Corporate Bond,iShares iBoxx $ High Yield Corp,HY_Corp,USD,77.21,81.33,77.16,-5.07,5.88,,7.0,-1.12,4.0,4.0,0.49,CARO,Caro vs histórico — esperar corrección,37314641,,ALTA,"Entra y sale sin fricción, spread mínimo",2026-10-01T07:08:04Z
EMB,iShares USD Emerging Mkts Bond,iShares J.P. Morgan USD Emergin,EM_Bond,USD,90.84,97.8,90.775,-7.12,5.14,,6.5,-1.36,7.2,7.2,0.39,CARO,Caro vs histórico — esperar corrección,6374229,3.21,ALTA,"Entra y sale sin fricción, spread mínimo",2026-10-01T07:08:10Z
IEMB.MI,iShares EUR Emerging Mkts Bond,ISHARES J.P. MORGAN $ EM UCITS ,EM_Bond,EUR,77.16,82.11,77.06,-6.03,4.08,,5.5,-1.42,6.5,6.5,0.45,CARO,Caro vs histórico — esperar corrección,18567,1.19,BAJA,"Poco volumen — orden límite obligatoria, no muevas cantidades grandes de golpe",2026-10-01T07:08:08Z
BIL,SPDR Bloomberg 1-3m T-Bill,State Street SPDR Bloomberg 1-3,T_Bill,USD,91.64,91.77,91.26,-0.14,3.76,,3.8,-0.04,0.2,0.2,0.135,CARO,Caro vs histórico — esperar corrección,9862584,,ALTA,"Entra y sale sin fricción, spread mínimo",2026-10-01T07:07:57Z
SGOV,iShares 0-3m Treasury Bond,iShares 0-3 Month Treasury Bond,T_Bill,USD,100.68,100.73,100.27,-0.05,3.74,,3.8,-0.06,0.2,0.2,0.09,CARO,Caro vs histórico — esperar corrección,20167722,,ALTA,"Entra y sale sin fricción, spread mínimo",2026-10-01T07:07:58Z
SHV,iShares Short Treasury Bond,iShares 0-1 Year Treasury Bond ,T_Bill,USD,110.32,110.5,110.02,-0.16,3.73,,3.8,-0.07,0.4,0.4,0.15,CARO,Caro vs histórico — esperar corrección,2939963,,ALTA,"Entra y sale sin fricción, spread mínimo",2026-10-01T07:07:57Z
