ticker,name,short_name,commodity_type,sector,currency,ibkr_ireland,eu_alternative,price,week52_high,week52_low,pct_from_high,pct_from_low,range_position,avg_2y_price,pct_vs_2y_avg,vol_ratio,change_1d,dist_yield_pct,expense_ratio_pct,momentum_signal,seasonality,value_rating,recommendation,cycle_driver,cycle_bullish,cycle_bearish,generated_at
PALL,Aberdeen Palladium ETF,abrdn Physical Palladium Shares,Precious_Metal,Paladio,USD,False,PHPD.L,21.28,39.48,20.9,-46.1,1.82,0.02,22.74,-6.42,0.64,0.14,0.0,0.6,SOBREVENDIDO,neutral,MUY_ATRACTIVO,"Paladio: precio en zona de valor con momentum negativo — posible acumulación gradual. tipos reales bajos o negativos, dólar débil, incertidumbre macro","tipos reales, dólar, riesgo geopolítico","tipos reales bajos o negativos, dólar débil, incertidumbre macro","tipos reales altos, dólar fuerte, risk-on prolongado",2026-10-06T07:31:03.382708+00:00
UNG,United States Natural Gas,United States Natural Gas Fund ,Energy,Gas Natural,USD,False,NGAS.L,10.55,17.03,9.55,-38.05,10.47,0.134,13.87,-23.94,0.78,0.76,0.0,1.17,SOBREVENDIDO,bullish,MUY_ATRACTIVO,"Gas Natural: precio en zona de valor con momentum negativo — posible acumulación gradual. ola de frío/calor extremo, inventarios bajo la media 5a, demanda de exportación GNL alta","clima (calefacción/refrigeración), inventarios EIA, exportaciones GNL, producción shale","ola de frío/calor extremo, inventarios bajo la media 5a, demanda de exportación GNL alta","invierno suave, inventarios sobre la media, producción récord, mantenimiento de plantas GNL",2026-10-06T07:31:03.382708+00:00
GLD,SPDR Gold Shares,SPDR Gold Shares,Precious_Metal,Oro,USD,False,SGLN.L,379.55,509.7,360.12,-25.53,5.4,0.13,351.97,7.84,0.53,-0.16,0.0,0.4,SOBREVENDIDO,neutral,NEUTRAL,"Oro: precio en zona justa según medias históricas. Esperar señal técnica o catalizador. tipos reales, dólar, riesgo geopolítico","tipos reales, dólar, riesgo geopolítico","tipos reales bajos o negativos, dólar débil, incertidumbre macro","tipos reales altos, dólar fuerte, risk-on prolongado",2026-10-06T07:31:03.382708+00:00
PPLT,Aberdeen Platinum ETF,abrdn Physical Platinum Shares ,Precious_Metal,Platino,USD,False,PHPT.L,15.58,26.16,13.7,-40.45,13.72,0.151,13.83,12.65,1.25,0.97,0.0,0.6,SOBREVENDIDO,neutral,NEUTRAL,"Platino: precio en zona justa según medias históricas. Esperar señal técnica o catalizador. tipos reales, dólar, riesgo geopolítico","tipos reales, dólar, riesgo geopolítico","tipos reales bajos o negativos, dólar débil, incertidumbre macro","tipos reales altos, dólar fuerte, risk-on prolongado",2026-10-06T07:31:03.382708+00:00
SLV,iShares Silver Trust,iShares Silver Trust,Precious_Metal,Plata,USD,False,PHAG.L,55.13,109.83,41.7,-49.8,32.21,0.197,47.71,15.55,0.7,0.71,0.0,0.5,NEUTRAL,neutral,NEUTRAL,"Plata: precio en zona justa según medias históricas. Esperar señal técnica o catalizador. tipos reales, dólar, riesgo geopolítico","tipos reales, dólar, riesgo geopolítico","tipos reales bajos o negativos, dólar débil, incertidumbre macro","tipos reales altos, dólar fuerte, risk-on prolongado",2026-10-06T07:31:03.382708+00:00
JO,iPath Bloomberg Coffee ETN,iPathA Series B Bloomberg Coffe,Agricultural,Café,USD,False,COFF.L,54.0,59.85,40.75,-9.77,32.52,0.694,,,,-1.22,0.0,0.45,NEUTRAL,neutral,NEUTRAL,"Café: precio en zona justa según medias históricas. Esperar señal técnica o catalizador. clima, estacionalidad, geopolítica, costes energéticos","clima, estacionalidad, geopolítica, costes energéticos","La Niña/El Niño, conflictos exportadores, costes fertilizante altos","cosecha récord, invierno suave, oferta abundante",2026-10-06T07:31:03.382708+00:00
WEAT,Teucrium Wheat Fund,Teucrium Wheat Fund ETV,Agricultural,Trigo,USD,False,WEAT.L,25.09,28.41,19.78,-11.69,26.85,0.615,22.98,9.18,0.84,1.37,0.0,1.0,NEUTRAL,neutral,CARO,"Trigo: caro respecto a media histórica. No es momento de entrada. cosecha récord, invierno suave, oferta abundante","clima, estacionalidad, geopolítica, costes energéticos","La Niña/El Niño, conflictos exportadores, costes fertilizante altos","cosecha récord, invierno suave, oferta abundante",2026-10-06T07:31:03.382708+00:00
CORN,Teucrium Corn Fund,Teucrium Corn Fund ETV,Agricultural,Maíz,USD,False,CORN.L,18.9,20.43,16.37,-7.49,15.46,0.623,18.22,3.73,0.3,0.27,0.0,1.0,NEUTRAL,neutral,CARO,"Maíz: caro respecto a media histórica. No es momento de entrada. cosecha récord, invierno suave, oferta abundante","clima, estacionalidad, geopolítica, costes energéticos","La Niña/El Niño, conflictos exportadores, costes fertilizante altos","cosecha récord, invierno suave, oferta abundante",2026-10-06T07:31:03.382708+00:00
COPX,Global X Copper Miners ETF,Global X Copper Miners ETF,Industrial,Cobre,USD,False,COPA.L,86.33,99.99,56.93,-13.66,51.64,0.683,62.32,38.53,0.95,0.49,2.27,0.65,SOBRECOMPRADO,bullish,CARO,"Cobre: precio extendido sobre media histórica y sobrecomprado técnicamente. Evitar entrada nueva, gestionar stop si ya tienes posición. recesión China, exceso oferta, manufactura global débil","ciclo industrial global, demanda China, transición energética","expansión China, inversión en infraestructura, déficit de oferta","recesión China, exceso oferta, manufactura global débil",2026-10-06T07:31:03.382708+00:00
DBB,Invesco DB Base Metals Fund,Invesco DB Base Metals Fund,Industrial,Metales Base,USD,False,AIGI.L,25.08,26.71,20.66,-6.1,21.39,0.731,21.58,16.22,0.6,0.76,2.37,0.75,SOBRECOMPRADO,bullish,CARO,"Metales Base: precio extendido sobre media histórica y sobrecomprado técnicamente. Evitar entrada nueva, gestionar stop si ya tienes posición. recesión China, exceso oferta, manufactura global débil","ciclo industrial global, demanda China, transición energética","expansión China, inversión en infraestructura, déficit de oferta","recesión China, exceso oferta, manufactura global débil",2026-10-06T07:31:03.382708+00:00
USO,United States Oil Fund,United States Oil Fund,Energy,Petróleo WTI,USD,False,CRUD.L,143.99,163.35,65.99,-11.85,118.2,0.801,93.6,53.84,0.5,-2.29,0.0,0.86,SOBRECOMPRADO,neutral,CARO,"Petróleo WTI: precio extendido sobre media histórica y sobrecomprado técnicamente. Evitar entrada nueva, gestionar stop si ya tienes posición. recesión global, shale USA en máximos, acuerdo nuclear Irán","OPEC+, crecimiento global, inventarios EIA, geopolítica","OPEC+ recorta producción, demanda fuerte, tensiones Oriente Medio","recesión global, shale USA en máximos, acuerdo nuclear Irán",2026-10-06T07:31:03.382708+00:00
SOYB,Teucrium Soybean Fund,Teucrium Soybean Fund ETV,Agricultural,Soja,USD,False,SOYB.L,27.32,28.19,21.45,-3.09,27.37,0.871,23.26,17.45,0.76,0.37,0.0,1.0,SOBRECOMPRADO,neutral,CARO,"Soja: precio extendido sobre media histórica y sobrecomprado técnicamente. Evitar entrada nueva, gestionar stop si ya tienes posición. cosecha récord, invierno suave, oferta abundante","clima, estacionalidad, geopolítica, costes energéticos","La Niña/El Niño, conflictos exportadores, costes fertilizante altos","cosecha récord, invierno suave, oferta abundante",2026-10-06T07:31:03.382708+00:00
PDBC,Invesco Optimum Yield Diversified,Invesco Optimum Yield Diversifi,Diversified,Diversificado,USD,False,CMOD.L,19.25,20.16,13.11,-4.51,46.89,0.871,14.66,31.31,1.02,-0.98,2.64,0.59,SOBRECOMPRADO,neutral,CARO,"Diversificado: precio extendido sobre media histórica y sobrecomprado técnicamente. Evitar entrada nueva, gestionar stop si ya tienes posición. desinflación, dólar fuerte, recesión","mezcla energía, metales y agrícolas — proxy inflación","inflación al alza, debilidad dólar, ciclo expansion","desinflación, dólar fuerte, recesión",2026-10-06T07:31:03.382708+00:00
GSG,iShares GSCI Commodity ETF,iShares GSCI Commodity-Indexed ,Diversified,Diversificado,USD,False,CMOD.L,35.45,37.3,22.37,-4.96,58.47,0.876,26.17,35.46,1.19,-0.78,0.0,0.75,SOBRECOMPRADO,neutral,CARO,"Diversificado: precio extendido sobre media histórica y sobrecomprado técnicamente. Evitar entrada nueva, gestionar stop si ya tienes posición. desinflación, dólar fuerte, recesión","mezcla energía, metales y agrícolas — proxy inflación","inflación al alza, debilidad dólar, ciclo expansion","desinflación, dólar fuerte, recesión",2026-10-06T07:31:03.382708+00:00
DBC,Invesco DB Commodity Index,Invesco DB Commodity Index Trac,Diversified,Diversificado,USD,False,AIGC.L,32.39,33.78,21.98,-4.11,47.36,0.882,24.56,31.88,0.64,-0.46,2.3,0.85,SOBRECOMPRADO,neutral,CARO,"Diversificado: precio extendido sobre media histórica y sobrecomprado técnicamente. Evitar entrada nueva, gestionar stop si ya tienes posición. desinflación, dólar fuerte, recesión","mezcla energía, metales y agrícolas — proxy inflación","inflación al alza, debilidad dólar, ciclo expansion","desinflación, dólar fuerte, recesión",2026-10-06T07:31:03.382708+00:00
BNO,United States Brent Oil,"United States Brent Oil Fund, L",Energy,Petróleo Brent,USD,False,BRNT.L,61.45,63.98,27.14,-3.95,126.42,0.931,37.79,62.61,0.57,-2.61,0.0,1.15,SOBRECOMPRADO,neutral,CARO,"Petróleo Brent: precio extendido sobre media histórica y sobrecomprado técnicamente. Evitar entrada nueva, gestionar stop si ya tienes posición. recesión global, aumento oferta no-OPEP, acuerdo nuclear Irán","OPEC+, crecimiento global, inventarios, geopolítica (prima vs WTI)","OPEC+ recorta producción, tensiones Oriente Medio/Rusia, demanda Asia","recesión global, aumento oferta no-OPEP, acuerdo nuclear Irán",2026-10-06T07:31:03.382708+00:00
CANE,Teucrium Sugar Fund,Teucrium Sugar Fund ETV,Agricultural,Azúcar,USD,False,SUGA.L,12.19,12.2,8.97,-0.08,35.9,0.997,10.71,13.82,1.19,3.13,0.0,1.0,SOBRECOMPRADO,neutral,CARO,"Azúcar: precio extendido sobre media histórica y sobrecomprado técnicamente. Evitar entrada nueva, gestionar stop si ya tienes posición. cosecha récord, invierno suave, oferta abundante","clima, estacionalidad, geopolítica, costes energéticos","La Niña/El Niño, conflictos exportadores, costes fertilizante altos","cosecha récord, invierno suave, oferta abundante",2026-10-06T07:31:03.382708+00:00
