ticker,origin,verdict,confidence,reasons,blockers,trigger,source
FTNT,momentum,AVOID,90,,sobrevalorado vs analistas (-7%),Espera a que el precio caiga por debajo del target medio,rules
ETN,momentum,AVOID,75,,score bajo (19),Revisa si el score mejora tras próximo earnings,rules
DHR,momentum,AVOID,75,,score bajo (18),Revisa si el score mejora tras próximo earnings,rules
MANH,value,WAIT,60,ROE 96% · margen 19% · EPS acelerando,timing dice VIGILAR · upside 9.3% < 10%,Espera confirmación técnica (MA pass + RS subiendo),rules
7741.T,value,WAIT,60,ROE 26% · margen 27% · upside +31% analistas,timing dice ESPERAR · sin término medio histórico: o para aquí o se va a -24%,Espera confirmación técnica (MA pass + RS subiendo),rules
APH,value,WAIT,60,ROE 38% · margen 18% · upside +18% analistas,valoración triangulada -51%,Espera confirmación técnica (MA pass + RS subiendo),rules
PAYX,value,WAIT,60,ROE 47% · margen 27% · FCF yield 5.7%,timing dice ESPERAR · DCF y P/E se separan 22 pts: valoración poco firme,Espera confirmación técnica (MA pass + RS subiendo),rules
META,value,WAIT,60,score 50/100 · ROE 30% · margen 30%,timing dice VIGILAR,Espera confirmación técnica (MA pass + RS subiendo),rules
UNP,value,WAIT,60,ROE 40% · margen 29% · upside +20% analistas,timing dice VIGILAR · valoración triangulada -12%,Espera confirmación técnica (MA pass + RS subiendo),rules
MSFT,value,WAIT,60,score 70/100 · ROE 34% · margen 40%,timing dice VIGILAR,Espera confirmación técnica (MA pass + RS subiendo),rules
DSGX,value,WAIT,60,margen 24% · upside +28% analistas · Piotroski 6/9,timing dice VIGILAR · RS débil (23%),"Mantener la posición y esperar una confirmación de la tendencia alcista, como un cierre por encima de la media móvil de 200 días con volumen sostenido, antes de considerar una entr",ai
BLK,value,WAIT,60,margen 24% · upside +24% analistas · 84% de sus 45 episodios iguales acabaron arriba,timing dice VIGILAR · RS débil (24%),Espera confirmación técnica (MA pass + RS subiendo),rules
CTAS,value,WAIT,60,ROE 41% · margen 18% · EPS acelerando,timing dice VIGILAR · upside 8.8% < 10%,Espera confirmación técnica (MA pass + RS subiendo),rules
AXP,value,WAIT,60,ROE 34% · margen 16% · FCF yield 7.8%,timing dice ESPERAR · sin término medio histórico: o para aquí o se va a -35%,Espera confirmación técnica (MA pass + RS subiendo),rules
VLTO,value,WAIT,60,ROE 34% · margen 17% · upside +19% analistas,timing dice VIGILAR,Espera confirmación técnica (MA pass + RS subiendo),rules
AMZN,value,WAIT,60,ROE 31% · margen 17% · upside +34% analistas,timing dice VIGILAR · su soporte más cercano se rompe más veces de las que aguanta,Espera confirmación técnica (MA pass + RS subiendo),rules
KO,value,WAIT,60,score 62/100 · ROE 42% · margen 29%,upside 8.6% < 10%,Espera confirmación técnica (MA pass + RS subiendo),rules
PSA,value,WAIT,60,ROE 22% · margen 42% · FCF yield 5.4%,timing dice VIGILAR · valoración triangulada -19%,Espera confirmación técnica (MA pass + RS subiendo),rules
ROP,value,WAIT,60,margen 30% · FCF yield 7.3% · upside +24% analistas,timing dice ESPERAR · DCF y P/E se separan 96 pts: valoración poco firme,Espera confirmación técnica (MA pass + RS subiendo),rules
GGG,value,WAIT,60,ROE 21% · margen 24% · upside +17% analistas,timing dice ESPERAR · tus modelos se contradicen (uno la ve barata y el otro cara),Espera confirmación técnica (MA pass + RS subiendo),rules
RACE,value,WAIT,60,ROE 45% · margen 22% · upside +16% analistas,timing dice VIGILAR · tus modelos se contradicen (uno la ve barata y el otro cara),Espera confirmación técnica (MA pass + RS subiendo),rules
ICE,value,WAIT,60,score 52/100 · margen 38% · FCF yield 5.5%,timing dice ESPERAR,Espera confirmación técnica (MA pass + RS subiendo),rules
MCO,value,WAIT,60,score 52/100 · ROE 77% · margen 34%,timing dice ESPERAR · sin término medio histórico: o para aquí o se va a -25%,Espera confirmación técnica (MA pass + RS subiendo),rules
NYT,value,WAIT,60,ROE 20% · FCF yield 6.0% · upside +22% analistas,timing dice ESPERAR · sin término medio histórico: o para aquí o se va a -41%,Espera confirmación técnica (MA pass + RS subiendo),rules
4684.T,value,WAIT,60,score 61/100 · ROE 17% · margen 56%,timing dice VIGILAR · su soporte más cercano se rompe más veces de las que aguanta,Espera confirmación técnica (MA pass + RS subiendo),rules
SAP,value,WAIT,60,ROE 18% · margen 20% · upside +20% analistas,timing dice VIGILAR · DCF y P/E se separan 32 pts: valoración poco firme,Espera confirmación técnica (MA pass + RS subiendo),rules
FHN,value,WAIT,60,margen 30% · FCF yield 9.3% · upside +21% analistas,timing dice ESPERAR · RS débil (8%),Espera confirmación técnica (MA pass + RS subiendo),rules
CBOE,value,WAIT,60,score 58/100 · ROE 26% · margen 27%,timing dice VIGILAR · DCF y P/E se separan 67 pts: valoración poco firme,Espera confirmación técnica (MA pass + RS subiendo),rules
GOOG,value,WAIT,60,score 53/100 · ROE 49% · margen 55%,timing dice VIGILAR · tus modelos se contradicen (uno la ve barata y el otro cara),Espera confirmación técnica (MA pass + RS subiendo),rules
NDAQ,value,WAIT,60,ROE 16% · margen 35% · upside +18% analistas,timing dice VIGILAR · tus modelos se contradicen (uno la ve barata y el otro cara),Espera confirmación técnica (MA pass + RS subiendo),rules
JKHY,value,WAIT,60,ROE 24% · margen 20% · upside +29% analistas,timing dice ESPERAR · sin término medio histórico: o para aquí o se va a -24%,Espera confirmación técnica (MA pass + RS subiendo),rules
AVGO,value,WAIT,60,ROE 44% · margen 43% · upside +52% analistas,timing dice ESPERAR · valoración triangulada -2%,Espera confirmación técnica (MA pass + RS subiendo),rules
THC,value,WAIT,60,score 61/100 · ROE 37% · FCF yield 10.0%,sin término medio histórico: o para aquí o se va a -70% · DCF y P/E se separan 35 pts: valoración poco firme,Espera confirmación técnica (MA pass + RS subiendo),rules
BR,value,WAIT,60,ROE 41% · margen 15% · FCF yield 6.6%,timing dice ESPERAR · sin término medio histórico: o para aquí o se va a -15%,Espera confirmación técnica (MA pass + RS subiendo),rules
RMD,value,WAIT,60,score 59/100 · ROE 24% · margen 27%,timing dice ESPERAR · sin término medio histórico: o para aquí o se va a -39%,Espera confirmación técnica (MA pass + RS subiendo),rules
ADSK,value,WAIT,60,score 51/100 · ROE 54% · margen 21%,timing dice ESPERAR · RS débil (8%),Espera confirmación técnica (MA pass + RS subiendo),rules
BAC,value,WAIT,60,margen 30% · upside +24% analistas · EPS acelerando,timing dice VIGILAR · su soporte más cercano se rompe más veces de las que aguanta,Espera confirmación técnica (MA pass + RS subiendo),rules
WM,value,WAIT,60,ROE 30% · upside +26% analistas · EPS acelerando,timing dice ESPERAR · RS débil (2%),Espera confirmación técnica (MA pass + RS subiendo),rules
DPZ,value,WAIT,60,FCF yield 6.8% · upside +29% analistas · EPS acelerando,timing dice ESPERAR · RS débil (1%),Espera confirmación técnica (MA pass + RS subiendo),rules
AZO,value,WAIT,60,upside +27% analistas · EPS acelerando · Piotroski 6/9,timing dice ESPERAR · sin término medio histórico: o para aquí o se va a -34%,Espera confirmación técnica (MA pass + RS subiendo),rules
MSCI,value,WAIT,60,margen 41% · upside +28% analistas · Piotroski 8/9,timing dice ESPERAR · tus modelos se contradicen (uno la ve barata y el otro cara),Espera confirmación técnica (MA pass + RS subiendo),rules
FCNCA,value,WAIT,60,margen 25% · FCF yield 6.8% · upside +12% analistas,timing dice VIGILAR,Espera confirmación técnica (MA pass + RS subiendo),rules
MCD,value,WAIT,60,margen 32% · upside +28% analistas · EPS acelerando,timing dice ESPERAR · 30% del high 52w,Espera confirmación técnica (MA pass + RS subiendo),rules
6383.T,value,WAIT,60,score 52/100 · FCF yield 5.7% · upside +38% analistas,timing dice ESPERAR · sin término medio histórico: o para aquí o se va a -33%,Espera confirmación técnica (MA pass + RS subiendo),rules
VRSN,value,WAIT,60,score 59/100 · margen 50% · upside +15% analistas,timing dice VIGILAR · tus modelos se contradicen (uno la ve barata y el otro cara),Espera confirmación técnica (MA pass + RS subiendo),rules
LMT,value,WAIT,60,ROE 89% · FCF yield 7.3% · upside +23% analistas,timing dice ESPERAR · DCF y P/E se separan 66 pts: valoración poco firme,Espera confirmación técnica (MA pass + RS subiendo),rules
GEBN.SW,value_eu,WAIT,60,ROE 54% · margen 19% · EPS acelerando,timing dice ESPERAR · upside 5.8% < 10%,Espera confirmación técnica (MA pass + RS subiendo),rules
AZN.L,value_eu,WAIT,60,score 66/100 · ROE 22% · margen 17%,timing dice ESPERAR,Espera confirmación técnica (MA pass + RS subiendo),rules
RMV.L,value_eu,WAIT,60,score 62/100 · ROE 282% · margen 50%,timing dice VIGILAR · 38% del high 52w,Espera confirmación técnica (MA pass + RS subiendo),rules
OR.PA,value_eu,WAIT,60,ROE 19% · Piotroski 6/9 · 73% de sus 45 episodios iguales acabaron arriba,timing dice VIGILAR · upside 8.6% < 10%,Espera confirmación técnica (MA pass + RS subiendo),rules
STMN.SW,value_eu,WAIT,60,ROE 17% · upside +17% analistas · Piotroski 6/9,timing dice VIGILAR · valoración triangulada -1%,Entra si el precio cierra por encima del soporte real de 95.19 con volumen sostenido después de earnings,ai
SAF.PA,value_eu,WAIT,60,ROE 28% · upside +15% analistas · EPS acelerando,timing dice VIGILAR · sin término medio histórico: o para aquí o se va a -64%,Espera confirmación técnica (MA pass + RS subiendo),rules
ABBN.SW,value_eu,WAIT,60,ROE 33% · Piotroski 7/9 · 77% de sus 39 episodios iguales acabaron arriba,valoración triangulada -40% · upside 6.3% < 10%,Entra si el precio cierra por encima del soporte real de 78.55 con volumen sostenido,ai
DB1.DE,value_eu,WAIT,60,ROE 20% · margen 27% · FCF yield 5.0%,timing dice VIGILAR · upside 1.8% < 10%,Espera confirmación técnica (MA pass + RS subiendo),rules
SU.PA,value_eu,WAIT,60,ROE 19% · upside +13% analistas · Piotroski 6/9,valoración triangulada -19%,Espera confirmación técnica (MA pass + RS subiendo),rules
HEXA-B.ST,value_eu,WAIT,60,ROE 27% · FCF yield 6.0% · Piotroski 6/9,timing dice VIGILAR · upside 4.6% < 10%,Entra si el precio cierra por encima de 95.04 con volumen sostenido tras el reporte de earnings,ai
ROP.SW,value_eu,WAIT,60,ROE 38% · margen 20% · EPS acelerando,timing dice VIGILAR · upside 5.6% < 10%,Espera confirmación técnica (MA pass + RS subiendo),rules
HLMA.L,value_eu,WAIT,60,ROE 18% · upside +27% analistas · EPS acelerando,timing dice ESPERAR · sin término medio histórico: o para aquí o se va a -34%,Espera confirmación técnica (MA pass + RS subiendo),rules
SAP.DE,value_eu,WAIT,60,score 72/100 · ROE 18% · margen 20%,timing dice VIGILAR,Espera confirmación técnica (MA pass + RS subiendo),rules
LIFCO-B.ST,value_eu,WAIT,60,score 50/100 · ROE 20% · upside +12% analistas,timing dice VIGILAR · tus modelos se contradicen (uno la ve barata y el otro cara),Espera confirmación técnica (MA pass + RS subiendo),rules
NOVO-B.CO,value_eu,WAIT,60,score 53/100 · ROE 60% · margen 35%,timing dice ESPERAR · sin término medio histórico: o para aquí o se va a -54%,Espera confirmación técnica (MA pass + RS subiendo),rules
DSY.PA,value_eu,WAIT,60,score 55/100 · ROE 15% · margen 21%,timing dice VIGILAR · DCF y P/E se separan 46 pts: valoración poco firme,Espera confirmación técnica (MA pass + RS subiendo),rules
LR.PA,value_eu,WAIT,60,score 56/100 · ROE 18% · upside +24% analistas,timing dice ESPERAR · valoración triangulada -24%,Espera confirmación técnica (MA pass + RS subiendo),rules
RACE.MI,value_eu,WAIT,60,score 56/100 · ROE 45% · margen 22%,tus modelos se contradicen (uno la ve barata y el otro cara),Espera confirmación técnica (MA pass + RS subiendo),rules
ITX.MC,value_eu,WAIT,60,score 57/100 · ROE 37% · margen 16%,timing dice ESPERAR · tus modelos se contradicen (uno la ve barata y el otro cara),Espera confirmación técnica (MA pass + RS subiendo),rules
AUTO.L,value_eu,WAIT,60,score 60/100 · ROE 60% · margen 47%,timing dice VIGILAR · 45% del high 52w,Espera confirmación técnica (MA pass + RS subiendo),rules
ULVR.L,value_eu,WAIT,60,score 65/100 · ROE 32% · margen 18%,timing dice VIGILAR,Espera confirmación técnica (MA pass + RS subiendo),rules
DPLM.L,value_eu,WAIT,60,ROE 19% · EPS acelerando · Piotroski 8/9,timing dice VIGILAR · upside 7.1% < 10%,Espera confirmación técnica (MA pass + RS subiendo),rules
COLO-B.CO,value_eu,WAIT,60,ROE 18% · FCF yield 6.7% · upside +11% analistas,timing dice ESPERAR · sin término medio histórico: o para aquí o se va a -39%,Espera confirmación técnica (MA pass + RS subiendo),rules
ASSA-B.ST,value_eu,WAIT,60,score 53/100 · ROE 16% · upside +14% analistas,timing dice VIGILAR,Espera confirmación técnica (MA pass + RS subiendo),rules
AI.PA,value_eu,WAIT,60,upside +17% analistas · Piotroski 7/9 · 84% de sus 50 episodios iguales acabaron arriba,timing dice VIGILAR,Espera confirmación técnica (MA pass + RS subiendo),rules
CVX,momentum,WAIT,60,FCF yield 6.9% · EPS acelerando · sobre MA50/150/200,timing dice nan · upside 8.7% < 10%,Entra si el precio cierra sobre el MA50 con volumen sostenido tras el reporte de earnings,ai
