ticker,company_name,fundamental_score,sin_score_motivo,base_periodos,tier,quality,price_currency,financial_currency,fx_applied,fx_reliable,per_share_reliable,shares_price_ratio,coherence_issues,earnings_quality_score,growth_acceleration_score,relative_strength_score,financial_health_score,catalyst_timing_score,rs_line_score,rs_line_percentile,rs_line_at_new_high,rs_line_trend,eps_growth_yoy,eps_accelerating,eps_accel_quarters,rev_growth_yoy,rev_accelerating,rev_accel_quarters,earnings_details,growth_details,rs_details,health_details,catalyst_details,current_price,market_cap,sector,industry,short_percent_float,short_ratio,short_squeeze_potential,fifty_two_week_high,proximity_to_52w_high,trend_template_score,trend_template_pass,dist_ma50_pct,target_price_analyst,target_price_analyst_high,target_price_analyst_low,analyst_count,analyst_recommendation,analyst_upside_pct,target_price_dcf,target_price_dcf_upside_pct,target_price_pe,target_price_pe_upside_pct,pe_eps_usado,pe_ancla,pe_sin_ancla_motivo,fcf_yield_pct,fcf_per_share,fcf_minoritarios_pct,dividend_yield_pct,payout_ratio_pct,dividend_rate,five_yr_avg_dividend_yield_pct,buyback_active,shares_change_pct,ai_descartados,piotroski_evaluables,piotroski_motivo,interest_coverage,interest_coverage_base,interest_coverage_ebit,analyst_revision_momentum,days_to_earnings,earnings_date,earnings_warning,earnings_fecha_conocida,earnings_catalyst,piotroski_score,piotroski_label,ebit_ev_yield,roic_greenblatt,peg_ratio,hv_30d,atm_iv,iv_ratio,iv_premium_pts,analyzed_at,market,pe_ancla_n,pe_ancla_dispersion,pe_ancla_fragil,dcf_no_aplicable,acciones_efectivas,shares_change_es_gasto,per_share_no_fiable,pe_ancla_excluidos,value_score,fcf_es_caja_libre,fcf_bonus,dividend_bonus,buyback_bonus,revision_bonus,risk_reward_ratio,eu_insider_bonus,market_regime,modelos_dispersion_pts,modelos_acuerdo,upside_triangulated_pct,upside_divergence_pts,upside_divergence,why_cheap,why_cheap_resumen,why_cheap_fuentes,oe_ai_adjustment,oe_ai_verdict,is_stage2,ma_score,atr_ratio,volume_dryup,pct_from_52w_high,pct_from_52w_low,relative_strength_6m,trend_direction,tech_stage,entry_readiness,entry_readiness_reason,tasa_base_frase,tasa_base_n,tasa_base_caida_mediana_pct,tasa_base_caida_peor_pct,tasa_base_arriba_pct,tasa_base_bimodal,soporte_frase,soporte_nivel,soporte_distancia_pct,soporte_dias,soporte_aguanto,soporte_roto,soporte_antiguo
ULVR.L,Unilever PLC,60.8,,anual,⭐⭐ GOOD,🟡 Good,GBp,EUR,True,True,False,100.0,"acciones × precio no cuadra con la capitalización (ratio 100.0000) y los estados van en EUR mientras cotiza en GBP — puede ser un ADR. Los ratios por acción (EPS, FCF/acción, DCF) no son utilizables",90.0,30.0,50.0,65.0,65.0,,,,,4.7,True,2,-3.8,False,0,"{'eps_growth_yoy': 4.7, 'op_growth_yoy': -1.5, 'crecimiento_respaldado': True, 'positive_quarters': 4, 'earnings_accelerating': True, 'eps_accel_quarters': 2, 'profit_margin_pct': 18.3, 'score_bruto_sin_capar': 90.0, 'satura': False}","{'revenue_growth_yoy': -3.8, 'revenue_accelerating': False, 'rev_accel_quarters': 0}","{'rs_3m': nan, 'rs_6m': nan}","{'roe_pct': 31.9, 'debt_to_equity': 1.75, 'current_ratio': 0.74, 'operating_margin_pct': 20.3}","{'days_to_earnings': 'N/A', 'recommendation': 'buy', 'analyst_upside_pct': 15.2}",4500.5,96920027136,Consumer Defensive,Household & Personal Products,,,False,5542.11,-18.8,0,False,,5186.43,5982.0,3872.07,14,buy,15.2,,,,,reportado,,,5.92,266.43,,3.67,46.2,165.0,3.56,,,,9,,,,,-3.9,126.0,2027-02-09,False,True,False,7,NEUTRAL,8.09,112.6,1.77,18.4,,,,2026-10-06T06:48:13.388516,FTSE100,,,,,,,"acciones × precio no cuadra con la capitalización (ratio 100.0000) y los estados van en EUR mientras cotiza en GBP — puede ser un ADR. Los ratios por acción (EPS, FCF/acción, DCF) no son utilizables",,73.3,True,6.0,8.0,0.0,0.0,1.9,15.0,UPTREND_PRESSURE,,,,,,,,,0,,False,1,0.796,False,-18.77,23.51,3.32,sideways,stage4,ESPERAR,En caída (bajo MA200 descendente) — espera a que haga suelo,"las 20 veces anteriores (RSI normal, bajo su MA200 que baja) cayó otro 7% de mediana (peor caso -22%); al año el 65% estaba en positivo (mediana +10%).",20,-7.1,-21.7,65,False,"soporte vivo más cercano en 4493.31 (-0.2%), puesto a prueba hace 4 días; aguantó 6 y se rompió 1",4493.31,-0.2,4,6,1,False
SAP.DE,SAP SE,73.0,,trimestral,⭐⭐⭐ EXCELLENT,🟢 Excellent,EUR,EUR,False,True,True,1.0,,95.0,60.0,50.0,90.0,60.0,,,,,28.5,False,0,9.4,True,1,"{'eps_growth_yoy': 28.5, 'op_growth_yoy': 7.2, 'crecimiento_respaldado': True, 'positive_quarters': 4, 'earnings_accelerating': False, 'eps_accel_quarters': 0, 'profit_margin_pct': 20.4, 'score_bruto_sin_capar': 95.0, 'satura': False}","{'revenue_growth_yoy': 9.4, 'revenue_accelerating': True, 'rev_accel_quarters': 1}","{'rs_3m': nan, 'rs_6m': nan}","{'roe_pct': 18.3, 'debt_to_equity': 0.22, 'current_ratio': 1.15, 'operating_margin_pct': 27.6}","{'days_to_earnings': 'N/A', 'recommendation': 'strong_buy', 'analyst_upside_pct': 13.7}",185.04,213573959680,Technology,Software - Application,,,False,244.3,-24.3,0,False,,210.39,290.0,160.0,26,strong_buy,13.7,204.23,10.4,223.21,20.6,reportado,múltiplo propio,,4.09,7.57,,1.35,37.4,2.5,1.34,True,-1.61,,9,,18.2,Operating Income,20.7,30.6,15.0,2026-10-21,False,True,True,8,STRONG,4.53,131.1,0.74,26.6,,,,2026-10-06T06:47:24.960702,DAX40,3.0,0.63,True,,,,,2024-12-31,72.2,True,3.0,0.0,3.0,5.0,1.71,15.0,UPTREND_PRESSURE,10.2,COHERENTES,13.7,-1.8,,EVENTO,"Dos adquisiciones AI (Dremio, Prior Labs) completadas en julio 2026 diluyeron guidance full-year en €0.1bn por lado. Crecimiento cloud sigue fuerte (26% backlog, 25% ERP revenue) pero márgenes presionados por inversión IA y cautela macro.",https://www.otcmarkets.com/filing/html?id=19635595&guid=ZjUXkWH9JeQ0Oth | https://news.sap.com/2026/07/sap-announces-q2-and-half-year-2026-results/ | https://www.sap.com/docs/download/investors/2026/sap-2026-q2-statement.pdf | https://www.nasdaq.com/press-release/sap-quarterly-statement-q2-2026-2026-07-23,0,,False,2,0.905,False,-22.97,45.13,33.59,uptrend,stage1,VIGILAR,Construyendo base (lateral) — espera la reconquista de las medias,"las 10 veces anteriores (RSI normal, sobre su MA200 que baja) cayó otro 10% de mediana (peor caso -30%); al año el 60% estaba en positivo (mediana +6%).",10,-10.2,-30.0,60,False,"soporte vivo más cercano en 182.86 (-1.2%), puesto a prueba hace 34 días; aguantó 1 y se rompió 1",182.86,-1.2,34,1,1,False
SGE.L,The Sage Group plc,62.5,,anual,⭐⭐ GOOD,🟡 Good,GBp,GBP,True,True,True,100.0,"acciones × precio no cuadra (ratio 100.0000) pero la divisa sí: son clases múltiples. Se usan 9 M de acciones efectivas (capitalización ÷ precio) en vez de las 901 M declaradas | FCF declarado (632,249,984) se aparta del derivado de flujo operativo menos capex (471,000,000)",80.0,60.0,50.0,50.0,60.0,,,,,14.2,False,0,7.8,True,1,"{'eps_growth_yoy': 14.2, 'op_growth_yoy': 17.3, 'crecimiento_respaldado': True, 'positive_quarters': 4, 'earnings_accelerating': False, 'eps_accel_quarters': 0, 'profit_margin_pct': 14.6, 'score_bruto_sin_capar': 80.0, 'satura': False}","{'revenue_growth_yoy': 7.8, 'revenue_accelerating': True, 'rev_accel_quarters': 1}","{'rs_3m': nan, 'rs_6m': nan}","{'roe_pct': 75.6, 'debt_to_equity': 9.19, 'current_ratio': 0.62, 'operating_margin_pct': 22.3}","{'days_to_earnings': 'N/A', 'recommendation': 'buy', 'analyst_upside_pct': 12.9}",1002.0,9023493120,Technology,Software - Application,,,False,1181.0,-15.2,0,False,,1131.06,1400.0,850.0,18,buy,12.9,153027.0,15172.2,,,reportado,,múltiplo propio 2959x fuera del rango 8-45,5.22,52.3,,2.24,55.0,22.0,2.03,,,,9,,,,,14.3,44.0,2026-11-19,False,True,False,6,NEUTRAL,4.92,368.1,1.26,30.2,,,,2026-10-06T06:47:55.530553,FTSE100,,,,,9005482.0,,,,71.0,True,6.0,5.0,0.0,3.0,1.61,15.0,UPTREND_PRESSURE,,,,,,,,,0,,False,1,0.847,False,-15.14,29.86,15.8,sideways,stage1,VIGILAR,Construyendo base (lateral) — espera la reconquista de las medias,"las 12 veces anteriores (RSI normal, sobre su MA200 que baja) o paró casi donde estaba o se desplomó hasta -23% — sin término medio; al año el 58% estaba en positivo (mediana +7%).",12,-10.2,-23.0,58,True,"soporte vivo más cercano en 953.76 (-4.8%), puesto a prueba hace 7 días; aguantó 4 y se rompió 1",953.76,-4.8,7,4,1,False
ASML.AS,ASML Holding N.V.,80.8,,trimestral,🏆 ELITE,🟢 Elite,EUR,EUR,False,True,True,1.0,,100.0,80.0,50.0,95.0,65.0,,,,,27.4,True,1,21.3,True,1,"{'eps_growth_yoy': 27.4, 'op_growth_yoy': 29.7, 'crecimiento_respaldado': True, 'positive_quarters': 4, 'earnings_accelerating': True, 'eps_accel_quarters': 1, 'profit_margin_pct': 30.1, 'score_bruto_sin_capar': 105.0, 'satura': True}","{'revenue_growth_yoy': 21.3, 'revenue_accelerating': True, 'rev_accel_quarters': 1}","{'rs_3m': nan, 'rs_6m': nan}","{'roe_pct': 53.9, 'debt_to_equity': 0.09, 'current_ratio': 1.33, 'operating_margin_pct': 37.1}","{'days_to_earnings': 'N/A', 'recommendation': 'strong_buy', 'analyst_upside_pct': 23.5}",1656.2,636146417664,Technology,Semiconductor Equipment & Materials,,,False,1741.0,-4.9,0,False,,2044.69,2500.0,1291.0,32,strong_buy,23.5,513.04,-69.0,913.23,-44.9,reportado,múltiplo propio,,1.55,25.67,,0.47,28.4,7.78,0.77,True,-1.94,,7,,,,,28.5,8.0,2026-10-14,False,True,True,6,NEUTRAL,1.79,77.5,1.56,34.0,,,,2026-10-06T06:48:04.651711,AEX25,4.0,0.1,False,,,,,,60.3,True,0.0,0.0,3.0,5.0,2.94,0.0,UPTREND_PRESSURE,24.1,DISPERSOS,-44.9,80.4,ALTA,,,,0,,True,3,0.806,False,-4.76,104.84,29.43,uptrend,stage3,VIGILAR,Extendida cerca de máximos — espera un pullback,"las 43 veces anteriores (RSI normal, sobre su MA200 que sube) cayó otro 12% de mediana (peor caso -43%); al año el 67% estaba en positivo (mediana +18%).",43,-11.5,-42.8,67,False,"soporte vivo más cercano en 1509.28 (-8.9%), puesto a prueba hace 47 días; aguantó 4 y se rompió 1",1509.28,-8.9,47,4,1,False
AUTO.L,Autotrader Group plc,64.0,,anual,⭐⭐ GOOD,🟡 Good,GBp,GBP,True,True,True,100.0,acciones × precio no cuadra (ratio 100.0000) pero la divisa sí: son clases múltiples. Se usan 8 M de acciones efectivas (capitalización ÷ precio) en vez de las 768 M declaradas,75.0,50.0,50.0,90.0,55.0,,,,,4.0,False,0,3.9,False,0,"{'eps_growth_yoy': 4.0, 'op_growth_yoy': 4.1, 'crecimiento_respaldado': True, 'positive_quarters': 4, 'earnings_accelerating': False, 'eps_accel_quarters': 0, 'profit_margin_pct': 47.1, 'score_bruto_sin_capar': 75.0, 'satura': False}","{'revenue_growth_yoy': 3.9, 'revenue_accelerating': False, 'rev_accel_quarters': 0}","{'rs_3m': nan, 'rs_6m': nan}","{'roe_pct': 60.2, 'debt_to_equity': 0.52, 'current_ratio': 1.73, 'operating_margin_pct': 62.2}","{'days_to_earnings': 'N/A', 'recommendation': 'hold', 'analyst_upside_pct': 21.6}",460.6,3536144896,Communication Services,Internet Content & Information,,,False,828.8,-44.4,0,False,,560.11,800.0,410.0,19,hold,21.6,108703.0,23500.3,,,reportado,,sin histórico de múltiplo (beneficio negativo o pocos años),8.35,38.46,,2.52,32.0,12.0,1.31,,,,8,,,,,2.0,30.0,2026-11-05,False,True,False,5,NEUTRAL,9.9,328.2,2.07,29.0,,,,2026-10-06T06:47:18.564094,FTSE100,,,,,7677258.0,,,,51.6,True,8.0,5.0,0.0,1.0,2.7,0.0,UPTREND_PRESSURE,,,,,,,,,-8,RELIABLE/AVOID (-8),False,1,1.065,False,-44.41,10.05,-5.45,sideways,stage1,VIGILAR,Construyendo base (lateral) — espera la reconquista de las medias,"las 13 veces anteriores (RSI normal, bajo su MA200 que baja) cayó otro 17% de mediana (peor caso -47%); al año el 62% estaba en positivo (mediana +5%).",13,-16.8,-47.4,62,False,"soporte vivo más cercano en 454.58 (-1.3%), puesto a prueba hace 12 días; aguantó 6 y se rompió 1",454.58,-1.3,12,6,1,False
ITX.MC,"Industria de Diseño Textil, S.A.",78.2,,trimestral,⭐⭐⭐ EXCELLENT,🟢 Excellent,EUR,EUR,False,True,True,1.0,,90.0,90.0,50.0,85.0,60.0,,,,,23.0,True,1,33.0,True,1,"{'eps_growth_yoy': 23.0, 'op_growth_yoy': 27.2, 'crecimiento_respaldado': True, 'positive_quarters': 4, 'earnings_accelerating': True, 'eps_accel_quarters': 1, 'profit_margin_pct': 15.5, 'score_bruto_sin_capar': 90.0, 'satura': False}","{'revenue_growth_yoy': 33.0, 'revenue_accelerating': True, 'rev_accel_quarters': 1}","{'rs_3m': nan, 'rs_6m': nan}","{'roe_pct': 36.8, 'debt_to_equity': 0.35, 'current_ratio': 1.16, 'operating_margin_pct': 18.9}","{'days_to_earnings': 'N/A', 'recommendation': 'buy', 'analyst_upside_pct': 13.9}",53.0,165095489536,Consumer Cyclical,Apparel Retail,,,False,59.42,-10.8,0,False,,60.39,67.0,41.5,24,buy,13.9,54.31,2.5,49.22,-7.1,reportado,múltiplo propio,,4.68,2.48,,1.23,56.7,0.65,1.88,,,,9,,37.5,Operating Income,38.5,8.0,57.0,2026-12-02,False,True,False,7,NEUTRAL,5.01,36.3,1.54,21.0,,,,2026-10-06T06:47:35.301573,IBEX35,4.0,0.33,False,,,,,,57.3,True,3.0,0.0,0.0,3.0,1.74,0.0,UPTREND_PRESSURE,9.6,CONTRADICEN,,21.0,MEDIA,,,,0,,False,1,0.979,False,-10.8,17.02,-1.59,sideways,stage4_ma_alcista,ESPERAR,"Ha perdido la MA200, aunque la media sigue subiendo — corrección dentro de tendencia, espera a que la recupere","las 13 veces anteriores (RSI normal, bajo su MA200 que sube) cayó otro 7% de mediana (peor caso -32%); al año el 77% estaba en positivo (mediana +16%).",13,-7.4,-32.5,77,False,"soporte vivo más cercano en 52.91 (-0.2%), puesto a prueba hace 21 días; aguantó 6 y se rompió 1",52.91,-0.2,21,6,1,False
RACE.MI,Ferrari N.V.,75.5,,trimestral,⭐⭐⭐ EXCELLENT,🟢 Excellent,EUR,EUR,False,True,True,1.0,,95.0,70.0,50.0,90.0,60.0,,,,,9.0,True,2,8.4,True,2,"{'eps_growth_yoy': 9.0, 'op_growth_yoy': 9.5, 'crecimiento_respaldado': True, 'positive_quarters': 4, 'earnings_accelerating': True, 'eps_accel_quarters': 2, 'profit_margin_pct': 22.2, 'score_bruto_sin_capar': 95.0, 'satura': False}","{'revenue_growth_yoy': 8.4, 'revenue_accelerating': True, 'rev_accel_quarters': 2}","{'rs_3m': nan, 'rs_6m': nan}","{'roe_pct': 45.4, 'debt_to_equity': 0.86, 'current_ratio': 2.43, 'operating_margin_pct': 31.1}","{'days_to_earnings': 'N/A', 'recommendation': 'buy', 'analyst_upside_pct': 14.2}",341.2,59871559680,Consumer Cyclical,Auto Manufacturers,,,False,429.9,-20.6,0,False,,389.6,430.4,330.0,19,buy,14.2,261.25,-23.4,374.66,9.8,reportado,múltiplo propio,,2.45,8.36,,1.05,39.2,3.62,0.64,True,-1.38,,9,,63.9,Operating Income,63.9,10.1,27.0,2026-11-03,False,True,False,9,STRONG,3.4,46.7,1.49,22.3,,,,2026-10-06T06:47:27.144240,FTSEMIB,4.0,0.31,False,,,,,,56.2,True,0.0,0.0,3.0,3.0,1.78,0.0,UPTREND_PRESSURE,33.2,CONTRADICEN,,37.6,MEDIA,,,,0,,False,2,0.987,False,-19.09,28.28,12.97,sideways,stage2,VIGILAR,Sobre MA200 pero las medias aún no están apiladas (50>150>200) — falta confirmación,"las 35 veces anteriores (RSI normal, sobre su MA200 que sube) cayó otro 9% de mediana (peor caso -37%); al año el 86% estaba en positivo (mediana +19%).",35,-8.6,-37.2,86,False,"soporte vivo más cercano en 340.44 (-0.2%), puesto a prueba hace 4 días; aguantó 2 y se rompió 2",340.44,-0.2,4,2,2,False
LR.PA,Legrand SA,77.2,,trimestral,⭐⭐⭐ EXCELLENT,🟢 Excellent,EUR,EUR,False,True,True,1.0,,90.0,90.0,50.0,75.0,65.0,,,,,23.9,True,1,25.7,True,2,"{'eps_growth_yoy': 23.9, 'op_growth_yoy': 25.6, 'crecimiento_respaldado': True, 'positive_quarters': 4, 'earnings_accelerating': True, 'eps_accel_quarters': 1, 'profit_margin_pct': 13.0, 'score_bruto_sin_capar': 90.0, 'satura': False}","{'revenue_growth_yoy': 25.7, 'revenue_accelerating': True, 'rev_accel_quarters': 2}","{'rs_3m': nan, 'rs_6m': nan}","{'roe_pct': 18.2, 'debt_to_equity': 1.03, 'current_ratio': 1.58, 'operating_margin_pct': 19.0}","{'days_to_earnings': 'N/A', 'recommendation': 'buy', 'analyst_upside_pct': 17.8}",143.1,37508456448,Industrials,Electrical Equipment & Parts,,,False,166.95,-14.3,0,False,,168.56,200.0,120.0,18,buy,17.8,103.39,-27.7,102.25,-28.5,reportado,múltiplo propio,,3.52,5.04,,1.65,47.9,2.38,1.88,False,-0.3,,9,,10.9,Operating Income,11.3,8.5,30.0,2026-11-05,False,True,False,6,NEUTRAL,4.18,44.5,2.66,42.4,,,,2026-10-06T06:47:37.872641,CAC40,4.0,0.4,False,,,True,,,55.9,True,3.0,5.0,0.0,3.0,2.22,0.0,UPTREND_PRESSURE,0.8,COHERENTES,-27.7,45.9,ALTA,,,,0,,False,2,1.208,False,-12.89,19.25,-3.73,sideways,stage2,VIGILAR,Sobre MA200 pero las medias aún no están apiladas (50>150>200) — falta confirmación,"las 46 veces anteriores (RSI normal, sobre su MA200 que sube) cayó otro 7% de mediana (peor caso -33%); al año el 85% estaba en positivo (mediana +13%).",46,-7.3,-32.8,85,False,"soporte vivo más cercano en 138.65 (-3.1%), puesto a prueba hace 0 días; aguantó 2 y se rompió 4",138.65,-3.1,0,2,4,False
CPG.L,Compass Group PLC,65.8,,anual,⭐⭐ GOOD,🟡 Good,USD,USD,False,True,True,1.0,"FCF declarado (1,974,125,056) se aparta del derivado de flujo operativo menos capex (2,725,999,872)",95.0,50.0,50.0,55.0,65.0,,,,,33.0,True,1,9.7,False,0,"{'eps_growth_yoy': 33.0, 'op_growth_yoy': 11.8, 'crecimiento_respaldado': True, 'positive_quarters': 4, 'earnings_accelerating': True, 'eps_accel_quarters': 1, 'profit_margin_pct': 4.2, 'score_bruto_sin_capar': 95.0, 'satura': False}","{'revenue_growth_yoy': 9.7, 'revenue_accelerating': False, 'rev_accel_quarters': 0}","{'rs_3m': nan, 'rs_6m': nan}","{'roe_pct': 26.9, 'debt_to_equity': 1.13, 'current_ratio': 0.7, 'operating_margin_pct': 6.7}","{'days_to_earnings': 'N/A', 'recommendation': 'buy', 'analyst_upside_pct': 28.2}",29.63,50380500992,Consumer Cyclical,Restaurants,,,False,35.227425,-15.9,0,False,,38.0,43.0,31.0,19,buy,28.2,53.67,81.1,34.17,15.3,reportado,múltiplo propio,,5.41,1.6,,2.31,54.4,0.69,2.01,,,,9,,,,,16.3,49.0,2026-11-24,False,True,False,6,NEUTRAL,5.58,111.8,1.11,23.0,,,,2026-10-06T06:47:04.025326,FTSE100,4.0,0.43,False,,,,,,55.3,True,6.0,5.0,0.0,5.0,3.52,0.0,UPTREND_PRESSURE,65.8,DISPERSOS,28.2,-20.0,,,,,0,,False,2,0.854,False,-13.92,49.31,1.07,sideways,stage2,VIGILAR,Sobre MA200 pero las medias aún no están apiladas (50>150>200) — falta confirmación,"las 48 veces anteriores (RSI normal, sobre su MA200 que sube) cayó otro 6% de mediana (peor caso -50%); al año el 85% estaba en positivo (mediana +15%).",48,-6.0,-49.9,85,False,"soporte vivo más cercano en 29.37 (-0.9%), puesto a prueba hace 14 días; aguantó 3 y se rompió 1",29.37,-0.9,14,3,1,False
ASSA-B.ST,ASSA ABLOY AB (publ),72.0,,trimestral,⭐⭐⭐ EXCELLENT,🟢 Excellent,SEK,SEK,False,True,True,,,100.0,60.0,50.0,70.0,65.0,,,,,80.4,True,1,3.5,True,1,"{'eps_growth_yoy': 80.4, 'op_growth_yoy': 53.9, 'crecimiento_respaldado': False, 'crecimiento_puntuado': 78.9, 'positive_quarters': 4, 'earnings_accelerating': True, 'eps_accel_quarters': 1, 'profit_margin_pct': 10.8, 'score_bruto_sin_capar': 110.0, 'satura': True}","{'revenue_growth_yoy': 3.5, 'revenue_accelerating': True, 'rev_accel_quarters': 1}","{'rs_3m': nan, 'rs_6m': nan}","{'roe_pct': 15.6, 'debt_to_equity': 0.64, 'current_ratio': 1.01, 'operating_margin_pct': 16.9}","{'days_to_earnings': 'N/A', 'recommendation': 'buy', 'analyst_upside_pct': 16.0}",352.4,0,Industrials,Security & Protection Services,,,False,396.9,-11.2,0,False,,408.76,500.0,340.0,21,buy,16.0,,,334.89,-5.0,reportado,múltiplo propio,,,,,1.81,41.7,6.4,1.69,False,,,9,,,,,15.9,21.0,2026-10-27,False,True,True,8,STRONG,5.14,120.6,5.62,18.2,,,,2026-10-06T06:47:10.045650,OMXSTO,4.0,0.41,False,,,,,,52.8,True,0.0,5.0,0.0,5.0,2.0,0.0,UPTREND_PRESSURE,,,5.5,21.0,MEDIA,,,,0,,False,1,0.969,False,-10.42,13.16,-3.59,sideways,stage1,VIGILAR,Construyendo base (lateral) — espera la reconquista de las medias,"las 13 veces anteriores (RSI normal, sobre su MA200 que baja) cayó otro 11% de mediana (peor caso -23%); al año el 77% estaba en positivo (mediana +11%).",13,-11.2,-22.6,77,False,"soporte vivo más cercano en 346.87 (-1.6%), puesto a prueba hace 4 días; aguantó 4 y se rompió 2",346.87,-1.6,4,4,2,False
NOVO-B.CO,Novo Nordisk A/S,55.0,,trimestral,⭐ AVERAGE,🟡 Average,DKK,DKK,False,True,True,0.7566,"acciones × precio no cuadra (ratio 0.7566) pero la divisa sí: son clases múltiples. Se usan 4,416 M de acciones efectivas (capitalización ÷ precio) en vez de las 3,341 M declaradas",55.0,50.0,50.0,70.0,55.0,,,,,-20.8,False,0,2.1,False,0,"{'eps_growth_yoy': -20.8, 'op_growth_yoy': -19.1, 'crecimiento_respaldado': True, 'positive_quarters': 4, 'earnings_accelerating': False, 'eps_accel_quarters': 0, 'profit_margin_pct': 35.3, 'score_bruto_sin_capar': 55.0, 'satura': False}","{'revenue_growth_yoy': 2.1, 'revenue_accelerating': False, 'rev_accel_quarters': 0}","{'rs_3m': nan, 'rs_6m': nan}","{'roe_pct': 59.8, 'debt_to_equity': 0.63, 'current_ratio': 0.87, 'operating_margin_pct': 42.5}","{'days_to_earnings': 'N/A', 'recommendation': 'hold', 'analyst_upside_pct': 24.6}",246.8,1089765179392,Healthcare,Drug Manufacturers - General,,,False,409.95,-39.8,0,False,,307.56,452.0,203.0,23,hold,24.6,,,,,reportado,múltiplo propio,"objetivo 786 sobre un precio de 247 (+218%): el BPA no cuadra con el múltiplo histórico, no se publica",3.83,9.45,,4.74,44.7,11.7,1.48,False,-0.24,,9,,25.6,Operating Income,26.9,-8.2,29.0,2026-11-04,False,True,False,5,NEUTRAL,10.75,61.3,0.48,32.6,,,,2026-10-06T06:46:39.633673,OMXCPH,4.0,0.71,False,"el capex se lleva el 68% del flujo operativo: lo que queda no es lo que gana el dueño, es lo que sobra tras decidir invertir",4415580143.0,,,,50.0,False,0.0,8.0,0.0,0.0,3.08,0.0,UPTREND_PRESSURE,,,,,,,,,0,,False,1,0.607,False,-36.93,15.3,4.89,downtrend,stage4,ESPERAR,En caída (bajo MA200 descendente) — espera a que haga suelo,"las 7 veces anteriores (sobrevendido (RSI<25), bajo su MA200 que baja) o paró casi donde estaba o se desplomó hasta -54% — sin término medio; al año el 43% estaba en positivo (mediana -13%).",7,-35.0,-53.5,43,True,"soporte vivo más cercano en 240.88 (-2.4%), puesto a prueba hace 0 días; aguantó 1 y se rompió 1",240.88,-2.4,0,1,1,False
GEBN.SW,Geberit AG,72.2,,anual,⭐⭐⭐ EXCELLENT,🟢 Excellent,CHF,CHF,False,True,True,1.0,"FCF declarado (482,224,992) se aparta del derivado de flujo operativo menos capex (686,900,000)",90.0,70.0,50.0,85.0,50.0,,,,,0.1,True,2,2.5,True,2,"{'eps_growth_yoy': 0.1, 'op_growth_yoy': 0.7, 'crecimiento_respaldado': True, 'positive_quarters': 4, 'earnings_accelerating': True, 'eps_accel_quarters': 2, 'profit_margin_pct': 19.4, 'score_bruto_sin_capar': 90.0, 'satura': False}","{'revenue_growth_yoy': 2.5, 'revenue_accelerating': True, 'rev_accel_quarters': 2}","{'rs_3m': nan, 'rs_6m': nan}","{'roe_pct': 54.1, 'debt_to_equity': 1.34, 'current_ratio': 1.64, 'operating_margin_pct': 24.6}","{'days_to_earnings': 'N/A', 'recommendation': 'hold', 'analyst_upside_pct': 9.3}",534.0,17279385600,Industrials,Building Products & Equipment,,,False,659.8,-19.1,0,False,,583.44,712.0,465.0,16,hold,9.3,340.08,-36.3,518.37,-2.9,reportado,múltiplo propio,,3.98,21.25,,2.42,68.4,12.9,2.31,,,,9,,,,,5.0,28.0,2026-11-03,False,True,False,7,NEUTRAL,4.12,50.1,,21.3,,,,2026-10-06T06:47:29.118778,SMI20,4.0,0.52,False,,,,,,49.9,True,3.0,5.0,0.0,1.0,1.16,0.0,UPTREND_PRESSURE,33.4,DISPERSOS,-2.9,28.9,MEDIA,,,,0,,False,1,1.034,False,-17.09,8.89,-1.82,downtrend,stage1,ESPERAR,En caída (bajo MA200 descendente) — espera a que haga suelo,"las 13 veces anteriores (RSI normal, bajo su MA200 que baja) o paró casi donde estaba o se desplomó hasta -30% — sin término medio; al año el 69% estaba en positivo (mediana +21%).",13,-5.1,-30.1,69,True,"soporte vivo más cercano en 524.00 (-1.9%), puesto a prueba hace 4 días; aguantó 3 y se rompió 3",524.0,-1.9,4,3,3,False
DGE.L,Diageo plc,51.8,,anual,⭐ AVERAGE,🟡 Average,GBp,USD,True,True,False,100.0,"acciones × precio no cuadra con la capitalización (ratio 100.0000) y los estados van en USD mientras cotiza en GBP — puede ser un ADR. Los ratios por acción (EPS, FCF/acción, DCF) no son utilizables",55.0,30.0,50.0,75.0,65.0,,,,,-26.2,True,1,-3.0,False,0,"{'eps_growth_yoy': -26.2, 'op_growth_yoy': -27.2, 'crecimiento_respaldado': True, 'positive_quarters': 4, 'earnings_accelerating': True, 'eps_accel_quarters': 1, 'profit_margin_pct': 8.8, 'score_bruto_sin_capar': 55.0, 'satura': False}","{'revenue_growth_yoy': -3.0, 'revenue_accelerating': False, 'rev_accel_quarters': 0}","{'rs_3m': nan, 'rs_6m': nan}","{'roe_pct': 15.0, 'debt_to_equity': 1.71, 'current_ratio': 1.6, 'operating_margin_pct': 27.0}","{'days_to_earnings': 'N/A', 'recommendation': 'buy', 'analyst_upside_pct': 29.3}",1575.5,35048263680,Consumer Defensive,Beverages - Wineries & Distilleries,,,False,1903.905,-17.2,0,False,,2036.56,2513.89,1555.59,22,buy,29.3,,,,,reportado,,,6.07,95.63,,2.88,108.2,45.0,2.76,,,,9,,,,,,121.0,2027-02-04,False,True,False,6,NEUTRAL,5.48,20.4,,18.9,,,,2026-10-06T06:48:11.060612,FTSE100,,,,,,,"acciones × precio no cuadra con la capitalización (ratio 100.0000) y los estados van en USD mientras cotiza en GBP — puede ser un ADR. Los ratios por acción (EPS, FCF/acción, DCF) no son utilizables",,49.7,True,6.0,-2.0,0.0,0.0,3.66,15.0,UPTREND_PRESSURE,,,,,,,,,0,,False,1,0.659,False,-17.24,21.61,8.13,sideways,stage4,ESPERAR,En caída (bajo MA200 descendente) — espera a que haga suelo,"las 24 veces anteriores (RSI normal, bajo su MA200 que baja) o paró casi donde estaba o se desplomó hasta -37% — sin término medio; al año el 33% estaba en positivo (mediana -11%).",24,-20.1,-37.0,33,True,"soporte vivo más cercano en 1527.00 (-3.1%), puesto a prueba hace 74 días; aguantó 2 y se rompió 3",1527.0,-3.1,74,2,3,False
HLMA.L,Halma plc,80.0,,anual,🏆 ELITE,🟢 Elite,GBp,GBP,True,True,True,,"FCF declarado (261,262,496) se aparta del derivado de flujo operativo menos capex (409,600,000)",100.0,80.0,50.0,90.0,65.0,,,,,25.6,True,1,14.9,True,2,"{'eps_growth_yoy': 25.6, 'op_growth_yoy': 28.4, 'crecimiento_respaldado': True, 'positive_quarters': 4, 'earnings_accelerating': True, 'eps_accel_quarters': 1, 'profit_margin_pct': 14.4, 'score_bruto_sin_capar': 100.0, 'satura': False}","{'revenue_growth_yoy': 14.9, 'revenue_accelerating': True, 'rev_accel_quarters': 2}","{'rs_3m': nan, 'rs_6m': nan}","{'roe_pct': 18.3, 'debt_to_equity': 0.42, 'current_ratio': 2.14, 'operating_margin_pct': 20.6}","{'days_to_earnings': 'N/A', 'recommendation': 'buy', 'analyst_upside_pct': 24.6}",3528.0,0,Industrials,Conglomerates,,,False,4902.0,-28.0,0,False,,4395.88,5180.0,3650.0,17,buy,24.6,,,,,reportado,,múltiplo propio 3469x fuera del rango 8-45,,,,0.7,24.2,25.0,0.77,,,,9,,,,,11.2,44.0,2026-11-19,False,True,False,7,NEUTRAL,3.73,57.9,1.44,33.9,,,,2026-10-06T06:46:55.262323,FTSE100,,,,,,,,,49.0,True,0.0,0.0,0.0,3.0,3.08,0.0,UPTREND_PRESSURE,,,,,,,,,0,,False,1,0.983,False,-28.03,7.96,-14.05,downtrend,stage1,ESPERAR,En caída (bajo MA200 descendente) — espera a que haga suelo,"las 9 veces anteriores (RSI normal, bajo su MA200 que baja) o paró casi donde estaba o se desplomó hasta -23% — sin término medio; al año el 67% estaba en positivo (mediana +10%).",9,-14.4,-22.7,67,True,"soporte vivo más cercano en 3493.95 (-1.0%), puesto a prueba hace 0 días; aguantó 12 de 12 veces",3493.95,-1.0,0,12,0,False
ROP.SW,Roche Holding AG,71.2,,anual,⭐⭐⭐ EXCELLENT,🟢 Excellent,CHF,CHF,False,True,True,0.8661,acciones × precio no cuadra (ratio 0.8661) pero la divisa sí: son clases múltiples. Se usan 797 M de acciones efectivas (capitalización ÷ precio) en vez de las 690 M declaradas,100.0,50.0,50.0,85.0,60.0,,,,,55.6,True,1,1.5,False,0,"{'eps_growth_yoy': 55.6, 'op_growth_yoy': 37.7, 'crecimiento_respaldado': True, 'positive_quarters': 4, 'earnings_accelerating': True, 'eps_accel_quarters': 1, 'profit_margin_pct': 19.6, 'score_bruto_sin_capar': 110.0, 'satura': True}","{'revenue_growth_yoy': 1.5, 'revenue_accelerating': False, 'rev_accel_quarters': 0}","{'rs_3m': -0.2, 'rs_6m': -7.1}","{'roe_pct': 38.1, 'debt_to_equity': 0.91, 'current_ratio': 1.23, 'operating_margin_pct': 36.2}","{'days_to_earnings': 'N/A', 'recommendation': 'buy', 'analyst_upside_pct': 7.7}",348.9,277991620608,Healthcare,Drug Manufacturers - General,,,False,375.8,-7.2,5,False,-2.9,375.66,434.5,230.0,19,buy,7.7,394.83,13.2,251.9,-27.8,reportado,múltiplo propio,,4.9,17.1,,2.81,63.9,9.8,3.22,,,,9,,,,,-5.4,114.0,2027-01-28,False,True,False,7,NEUTRAL,6.05,54.9,11.16,23.0,,,,2026-10-06T06:48:08.910277,SMI20,3.0,0.27,True,,796765895.0,,,2024-12-31,48.5,True,3.0,5.0,0.0,0.0,0.96,0.0,UPTREND_PRESSURE,41.0,CONTRADICEN,,35.5,MEDIA,,,,0,,False,1,0.978,False,-7.16,39.26,9.65,sideways,stage2,VIGILAR,Sobre MA200 pero las medias aún no están apiladas (50>150>200) — falta confirmación,"las 37 veces anteriores (RSI normal, sobre su MA200 que sube) cayó otro 7% de mediana (peor caso -24%); al año el 68% estaba en positivo (mediana +9%).",37,-7.3,-24.5,68,False,"soporte vivo más cercano en 341.49 (-2.1%), puesto a prueba hace 4 días; aguantó 2 y se rompió 1",341.49,-2.1,4,2,1,False
DSY.PA,Dassault Systèmes SE,72.8,,trimestral,⭐⭐⭐ EXCELLENT,🟢 Excellent,EUR,EUR,False,True,True,1.0,,100.0,60.0,50.0,85.0,50.0,,,,,42.9,True,1,2.1,True,1,"{'eps_growth_yoy': 42.9, 'op_growth_yoy': 47.3, 'crecimiento_respaldado': True, 'positive_quarters': 4, 'earnings_accelerating': True, 'eps_accel_quarters': 1, 'profit_margin_pct': 21.3, 'score_bruto_sin_capar': 105.0, 'satura': True}","{'revenue_growth_yoy': 2.1, 'revenue_accelerating': True, 'rev_accel_quarters': 1}","{'rs_3m': nan, 'rs_6m': nan}","{'roe_pct': 15.1, 'debt_to_equity': 0.36, 'current_ratio': 1.99, 'operating_margin_pct': 23.4}","{'days_to_earnings': 'N/A', 'recommendation': 'hold', 'analyst_upside_pct': 9.0}",21.4,28120756224,Technology,Software - Application,,,False,30.36,-29.5,0,False,,23.32,33.35,16.0,20,hold,9.0,30.52,42.6,38.93,81.9,reportado,múltiplo propio,,5.54,1.19,,1.31,27.8,0.27,0.53,False,-0.52,,9,,,,,12.7,22.0,2026-10-28,False,True,False,8,STRONG,5.35,39.8,1.73,24.2,,,,2026-10-06T06:47:50.938835,CAC40,4.0,0.69,False,,,,,,47.1,True,6.0,0.0,0.0,3.0,1.12,0.0,UPTREND_PRESSURE,39.3,DISPERSOS,42.6,-53.2,,,,,0,,False,2,0.94,False,-28.56,37.05,27.55,uptrend,stage1,VIGILAR,Construyendo base (lateral) — espera la reconquista de las medias,"las 9 veces anteriores (RSI normal, sobre su MA200 que baja) cayó otro 7% de mediana (peor caso -34%); al año el 78% estaba en positivo (mediana +16%).",9,-7.1,-33.8,78,False,"soporte vivo más cercano en 20.81 (-2.8%), puesto a prueba hace 31 días; aguantó 1 y se rompió 1",20.81,-2.8,31,1,1,False
PGHN.SW,Partners Group Holding AG,71.5,,anual,⭐⭐⭐ EXCELLENT,🟢 Excellent,CHF,CHF,False,True,True,1.0,,85.0,90.0,30.0,80.0,55.0,,,,,11.8,False,0,21.9,True,2,"{'eps_growth_yoy': 11.8, 'op_growth_yoy': 17.8, 'crecimiento_respaldado': True, 'positive_quarters': 4, 'earnings_accelerating': False, 'eps_accel_quarters': 0, 'profit_margin_pct': 48.0, 'score_bruto_sin_capar': 85.0, 'satura': False}","{'revenue_growth_yoy': 21.9, 'revenue_accelerating': True, 'rev_accel_quarters': 2}","{'rs_3m': -14.6, 'rs_6m': -44.6}","{'roe_pct': 75.4, 'debt_to_equity': 1.93, 'current_ratio': 1.06, 'operating_margin_pct': 59.4}","{'days_to_earnings': 'N/A', 'recommendation': 'hold', 'analyst_upside_pct': 29.3}",605.2,15589869568,Financial Services,Asset Management,,,False,1097.5,-44.9,0,False,-10.3,782.5,940.0,605.0,14,hold,29.3,,,1038.0,71.5,reportado,múltiplo propio,,12.3,74.44,,7.6,100.4,46.0,3.4,,,,9,,,,,-4.8,,,False,False,False,7,NEUTRAL,8.45,74.3,1.77,25.4,,,,2026-10-06T06:46:46.165759,SMI20,4.0,0.45,False,"Asset Management: el flujo operativo son depósitos, préstamos o primas, no caja libre para el accionista",,,,,46.6,False,0.0,-2.0,0.0,0.0,3.66,0.0,UPTREND_PRESSURE,,,50.4,-42.2,,,,,0,,False,0,0.885,False,-41.89,2.4,-27.91,downtrend,stage1,ESPERAR,En caída (bajo MA200 descendente) — espera a que haga suelo,"las 12 veces anteriores (RSI normal, bajo su MA200 que baja) cayó otro 17% de mediana (peor caso -40%); al año el 50% estaba en positivo (mediana +7%).",12,-17.2,-39.6,50,False,"el soporte más cercano está en 591.00 (-2.3%), puesto a prueba hace 11 días; nunca llegó a resolverse",591.0,-2.3,11,0,0,False
SU.PA,Schneider Electric S.E.,61.2,,anual,⭐⭐ GOOD,🟡 Good,EUR,EUR,False,True,True,1.0,,70.0,50.0,50.0,75.0,65.0,,,,,1.4,False,0,5.2,False,0,"{'eps_growth_yoy': 1.4, 'op_growth_yoy': 6.7, 'crecimiento_respaldado': True, 'positive_quarters': 4, 'earnings_accelerating': False, 'eps_accel_quarters': 0, 'profit_margin_pct': 11.3, 'score_bruto_sin_capar': 70.0, 'satura': False}","{'revenue_growth_yoy': 5.2, 'revenue_accelerating': False, 'rev_accel_quarters': 0}","{'rs_3m': nan, 'rs_6m': nan}","{'roe_pct': 18.6, 'debt_to_equity': 0.84, 'current_ratio': 1.09, 'operating_margin_pct': 18.2}","{'days_to_earnings': 'N/A', 'recommendation': 'strong_buy', 'analyst_upside_pct': 19.2}",272.8,153668550656,Industrials,Specialty Industrial Machinery,,,False,312.3,-12.6,0,False,,325.1,370.0,262.0,22,strong_buy,19.2,185.65,-31.9,229.37,-15.9,reportado,múltiplo propio,,3.71,10.12,,1.39,50.5,4.2,1.72,,,,9,,,,,29.3,142.0,2027-02-25,False,True,False,6,NEUTRAL,4.12,77.8,3.47,36.6,,,,2026-10-06T06:47:12.042635,CAC40,4.0,0.41,False,,,,,,46.5,True,3.0,0.0,0.0,5.0,2.4,0.0,UPTREND_PRESSURE,16.0,COHERENTES,-15.9,43.1,ALTA,,,,0,,False,2,1.217,False,-12.65,25.71,5.06,sideways,stage2,VIGILAR,Sobre MA200 pero las medias aún no están apiladas (50>150>200) — falta confirmación,"las 45 veces anteriores (RSI normal, sobre su MA200 que sube) cayó otro 9% de mediana (peor caso -34%); al año el 73% estaba en positivo (mediana +14%).",45,-9.2,-34.4,73,False,"soporte vivo más cercano en 270.52 (-0.8%), puesto a prueba hace 0 días; aguantó 3 y se rompió 2",270.52,-0.8,0,3,2,False
HEIA.AS,Heineken N.V.,57.8,,anual,⭐ AVERAGE,🟡 Average,EUR,EUR,False,True,True,1.0,,85.0,30.0,50.0,55.0,65.0,,,,,92.7,True,1,-3.6,False,0,"{'eps_growth_yoy': 92.7, 'op_growth_yoy': -4.4, 'crecimiento_respaldado': False, 'crecimiento_puntuado': 25.0, 'positive_quarters': 4, 'earnings_accelerating': True, 'eps_accel_quarters': 1, 'profit_margin_pct': 7.7, 'score_bruto_sin_capar': 95.0, 'satura': False}","{'revenue_growth_yoy': -3.6, 'revenue_accelerating': False, 'rev_accel_quarters': 0}","{'rs_3m': nan, 'rs_6m': nan}","{'roe_pct': 12.1, 'debt_to_equity': 0.95, 'current_ratio': 0.75, 'operating_margin_pct': 10.5}","{'days_to_earnings': 'N/A', 'recommendation': 'buy', 'analyst_upside_pct': 27.4}",69.96,38747021312,Consumer Defensive,Beverages - Brewers,,,False,80.44,-13.0,0,False,,89.14,126.0,70.0,23,buy,27.4,114.39,63.5,83.68,19.6,reportado,múltiplo propio,,8.79,6.15,,2.76,46.3,1.92,1.87,,,,9,,,,,54.1,127.0,2027-02-10,False,True,False,7,NEUTRAL,5.67,22.9,,17.4,,,,2026-10-06T06:48:02.346645,AEX25,3.0,0.19,True,,,,,2024-12-31,46.1,True,8.0,5.0,0.0,5.0,3.42,0.0,UPTREND_PRESSURE,43.9,DISPERSOS,27.4,-14.2,,,,,0,,False,1,0.934,False,-12.18,10.55,1.94,sideways,stage1,VIGILAR,Construyendo base (lateral) — espera la reconquista de las medias,"las 19 veces anteriores (RSI normal, bajo su MA200 que sube) cayó otro 12% de mediana (peor caso -24%); al año el 58% estaba en positivo (mediana +1%).",19,-11.5,-24.1,58,False,"soporte vivo más cercano en 68.70 (-1.8%), puesto a prueba hace 6 días; aguantó 1 y se rompió 3",68.7,-1.8,6,1,3,False
COLO-B.CO,Coloplast A/S,67.5,,trimestral,⭐⭐ GOOD,🟡 Good,DKK,DKK,False,True,True,0.9201,acciones × precio no cuadra (ratio 0.9201) pero la divisa sí: son clases múltiples. Se usan 225 M de acciones efectivas (capitalización ÷ precio) en vez de las 207 M declaradas,85.0,60.0,50.0,80.0,50.0,,,,,60.3,True,1,6.1,True,1,"{'eps_growth_yoy': 60.3, 'op_growth_yoy': 2.0, 'crecimiento_respaldado': False, 'crecimiento_puntuado': 27.0, 'positive_quarters': 3, 'earnings_accelerating': True, 'eps_accel_quarters': 1, 'profit_margin_pct': 9.7, 'score_bruto_sin_capar': 88.0, 'satura': False}","{'revenue_growth_yoy': 6.1, 'revenue_accelerating': True, 'rev_accel_quarters': 1}","{'rs_3m': nan, 'rs_6m': nan}","{'roe_pct': 18.5, 'debt_to_equity': 1.78, 'current_ratio': 1.56, 'operating_margin_pct': 26.2}","{'days_to_earnings': 'N/A', 'recommendation': 'hold', 'analyst_upside_pct': 14.2}",410.0,92400943104,Healthcare,Medical Instruments & Supplies,,,False,631.4,-35.1,0,False,,468.29,625.0,377.0,21,hold,14.2,764.4,86.4,383.23,-6.5,reportado,múltiplo propio,,6.85,28.09,,5.61,187.6,23.0,2.67,False,,,9,,7.2,Operating Income,4.6,32.7,28.0,2026-11-03,False,True,False,7,NEUTRAL,6.32,107.0,0.53,18.3,,,,2026-10-06T06:46:35.121095,OMXCPH,3.0,0.18,True,,225368154.0,,,,46.0,True,6.0,-2.0,0.0,5.0,1.78,0.0,UPTREND_PRESSURE,92.9,CONTRADICEN,,20.7,MEDIA,,,,0,,False,1,0.781,False,-32.15,10.9,-3.78,downtrend,stage1,ESPERAR,En caída (bajo MA200 descendente) — espera a que haga suelo,"las 19 veces anteriores (RSI normal, bajo su MA200 que baja) cayó otro 10% de mediana (peor caso -38%); al año el 63% estaba en positivo (mediana +7%).",19,-10.4,-37.5,63,False,"soporte vivo más cercano en 396.89 (-3.2%), puesto a prueba hace 74 días; aguantó 2 y se rompió 1",396.89,-3.2,74,2,1,False
OR.PA,L'Oréal S.A.,54.0,,anual,⭐ AVERAGE,🟡 Average,EUR,EUR,False,True,True,1.0,,50.0,50.0,50.0,70.0,60.0,,,,,-4.4,False,0,1.3,False,0,"{'eps_growth_yoy': -4.4, 'op_growth_yoy': 2.4, 'crecimiento_respaldado': True, 'positive_quarters': 4, 'earnings_accelerating': False, 'eps_accel_quarters': 0, 'profit_margin_pct': 13.9, 'score_bruto_sin_capar': 50.0, 'satura': False}","{'revenue_growth_yoy': 1.3, 'revenue_accelerating': False, 'rev_accel_quarters': 0}","{'rs_3m': nan, 'rs_6m': nan}","{'roe_pct': 19.4, 'debt_to_equity': 0.49, 'current_ratio': 0.97, 'operating_margin_pct': 21.3}","{'days_to_earnings': 'N/A', 'recommendation': 'buy', 'analyst_upside_pct': 11.9}",373.45,198918078464,Consumer Defensive,Household & Personal Products,,,False,405.8,-8.0,0,False,,417.96,460.0,340.0,24,buy,11.9,304.35,-18.5,357.61,-4.2,reportado,múltiplo propio,,3.77,14.08,,1.93,61.1,7.2,1.51,,,,9,,,,,3.8,126.0,2027-02-09,False,True,False,6,NEUTRAL,4.2,70.0,9.84,19.5,,,,2026-10-06T06:46:26.731044,CAC40,4.0,0.32,False,,,,,,44.6,True,3.0,5.0,0.0,1.0,1.49,0.0,UPTREND_PRESSURE,14.3,COHERENTES,-4.2,23.2,MEDIA,,,,0,,False,1,0.951,False,-6.87,12.38,4.67,sideways,stage2,VIGILAR,Sobre MA200 pero las medias aún no están apiladas (50>150>200) — falta confirmación,"las 44 veces anteriores (RSI normal, sobre su MA200 que sube) cayó otro 8% de mediana (peor caso -29%); al año el 73% estaba en positivo (mediana +14%).",44,-7.6,-29.4,73,False,"soporte vivo más cercano en 369.04 (-1.2%), puesto a prueba hace 4 días; aguantó 11 y se rompió 4",369.04,-1.2,4,11,4,False
DB1.DE,Deutsche Börse AG,63.0,,trimestral,⭐⭐ GOOD,🟡 Good,EUR,EUR,False,True,True,1.0,,75.0,50.0,50.0,80.0,60.0,,,,,8.4,False,0,7.8,False,0,"{'eps_growth_yoy': 8.4, 'op_growth_yoy': 8.2, 'crecimiento_respaldado': True, 'positive_quarters': 4, 'earnings_accelerating': False, 'eps_accel_quarters': 0, 'profit_margin_pct': 27.3, 'score_bruto_sin_capar': 75.0, 'satura': False}","{'revenue_growth_yoy': 7.8, 'revenue_accelerating': False, 'rev_accel_quarters': 0}","{'rs_3m': nan, 'rs_6m': nan}","{'roe_pct': 20.4, 'debt_to_equity': 0.58, 'current_ratio': 1.01, 'operating_margin_pct': 41.9}","{'days_to_earnings': 'N/A', 'recommendation': 'buy', 'analyst_upside_pct': 4.4}",289.7,52229337088,Financial Services,Financial Data & Stock Exchanges,,,False,291.8,-0.7,0,False,,302.36,345.0,252.0,14,buy,4.4,433.09,49.5,224.94,-22.4,reportado,múltiplo propio,,4.95,14.34,,1.45,36.2,4.2,1.82,,,,9,,,,,13.7,14.0,2026-10-20,False,True,True,5,NEUTRAL,5.22,65.3,2.07,17.2,,,,2026-10-06T06:46:30.981941,DAX40,4.0,0.1,False,,,,,,43.2,True,3.0,0.0,0.0,3.0,0.55,0.0,UPTREND_PRESSURE,71.9,CONTRADICEN,,26.8,MEDIA,,,,0,,True,3,0.846,False,-0.72,47.3,15.31,uptrend,stage3,VIGILAR,Extendida cerca de máximos — espera un pullback,"las 48 veces anteriores (RSI normal, sobre su MA200 que sube) cayó otro 6% de mediana (peor caso -34%); al año el 83% estaba en positivo (mediana +18%).",48,-6.1,-34.5,83,False,"soporte vivo más cercano en 276.59 (-4.5%), puesto a prueba hace 33 días; aguantó 1 de 1 veces",276.59,-4.5,33,1,0,False
LIFCO-B.ST,Lifco AB (publ),69.5,,trimestral,⭐⭐ GOOD,🟡 Good,SEK,SEK,False,True,True,0.9331,acciones × precio no cuadra (ratio 0.9331) pero la divisa sí: son clases múltiples. Se usan 454 M de acciones efectivas (capitalización ÷ precio) en vez de las 424 M declaradas,90.0,70.0,50.0,60.0,60.0,,,,,22.8,True,1,11.0,True,1,"{'eps_growth_yoy': 22.8, 'op_growth_yoy': 19.9, 'crecimiento_respaldado': True, 'positive_quarters': 4, 'earnings_accelerating': True, 'eps_accel_quarters': 1, 'profit_margin_pct': 13.2, 'score_bruto_sin_capar': 90.0, 'satura': False}","{'revenue_growth_yoy': 11.0, 'revenue_accelerating': True, 'rev_accel_quarters': 1}","{'rs_3m': nan, 'rs_6m': nan}","{'roe_pct': 20.2, 'debt_to_equity': 0.58, 'current_ratio': 0.94, 'operating_margin_pct': 19.3}","{'days_to_earnings': 'N/A', 'recommendation': 'buy', 'analyst_upside_pct': 7.7}",323.8,147075235840,Industrials,Conglomerates,,,False,388.2,-16.6,0,False,,348.62,373.0,330.0,8,buy,7.7,206.07,-36.4,323.14,-0.2,reportado,múltiplo propio,,3.19,10.33,,0.84,31.8,2.7,0.7,False,,,9,,,,,12.5,17.0,2026-10-23,False,True,True,7,NEUTRAL,3.28,164.1,4.37,16.5,,,,2026-10-06T06:47:46.391690,OMXSTO,4.0,0.42,False,,454216294.0,,,,42.8,True,3.0,0.0,0.0,3.0,0.96,0.0,UPTREND_PRESSURE,36.2,DISPERSOS,-0.2,26.0,MEDIA,,,,0,,False,2,1.066,False,-15.84,21.81,11.7,uptrend,stage1,VIGILAR,Construyendo base (lateral) — espera la reconquista de las medias,"las 3 veces anteriores (RSI normal, sobre su MA200 que baja) cayó otro 1% de mediana (peor caso -8%); al año el 100% estaba en positivo (mediana +29%). ⚠ solo 3 casos, no decide nada",3,-1.3,-8.5,100,False,"soporte vivo más cercano en 313.47 (-3.2%), puesto a prueba hace 53 días; aguantó 11 y se rompió 4",313.47,-3.2,53,11,4,False
SAF.PA,Safran SA,61.5,,anual,⭐⭐ GOOD,🟡 Good,EUR,EUR,False,True,True,1.0,"FCF declarado (3,562,749,952) se aparta del derivado de flujo operativo menos capex (4,895,000,064)",65.0,60.0,50.0,70.0,65.0,,,,,,True,1,12.5,False,0,"{'positive_quarters': 2, 'earnings_accelerating': True, 'eps_accel_quarters': 1, 'profit_margin_pct': 11.6, 'score_bruto_sin_capar': 65.0, 'satura': False}","{'revenue_growth_yoy': 12.5, 'revenue_accelerating': False, 'rev_accel_quarters': 0}","{'rs_3m': nan, 'rs_6m': nan}","{'roe_pct': 27.5, 'debt_to_equity': 0.34, 'current_ratio': 0.92, 'operating_margin_pct': 14.6}","{'days_to_earnings': 'N/A', 'recommendation': 'buy', 'analyst_upside_pct': 16.1}",329.8,136661139456,Industrials,Aerospace & Defense,,,False,366.5,-10.0,0,False,,382.86,460.0,257.0,22,buy,16.1,305.47,-7.4,,,reportado,,sin histórico de múltiplo (beneficio negativo o pocos años),3.58,11.81,,1.01,36.0,3.35,0.66,,,,9,,,,,-65.1,126.0,2027-02-09,False,True,False,7,NEUTRAL,3.38,73.4,,25.1,,,,2026-10-06T06:46:59.758337,CAC40,,,,,,,,,41.6,True,3.0,0.0,0.0,-3.0,2.01,0.0,UPTREND_PRESSURE,,,4.4,23.5,MEDIA,,,,0,,False,2,1.012,False,-10.01,27.0,5.02,sideways,stage2,VIGILAR,Sobre MA200 pero las medias aún no están apiladas (50>150>200) — falta confirmación,"las 46 veces anteriores (RSI normal, sobre su MA200 que sube) cayó otro 7% de mediana (peor caso -64%); al año el 74% estaba en positivo (mediana +25%).",46,-7.2,-64.0,74,False,"soporte vivo más cercano en 328.00 (-0.5%), puesto a prueba hace 34 días; aguantó 3 y se rompió 1",328.0,-0.5,34,3,1,False
ABBN.SW,ABB Ltd,71.0,,trimestral,⭐⭐⭐ EXCELLENT,🟢 Excellent,CHF,USD,True,True,True,1.0,,80.0,80.0,50.0,80.0,50.0,,,,,14.8,False,0,28.4,True,1,"{'eps_growth_yoy': 14.8, 'op_growth_yoy': 32.1, 'crecimiento_respaldado': True, 'positive_quarters': 4, 'earnings_accelerating': False, 'eps_accel_quarters': 0, 'profit_margin_pct': 14.1, 'score_bruto_sin_capar': 80.0, 'satura': False}","{'revenue_growth_yoy': 28.4, 'revenue_accelerating': True, 'rev_accel_quarters': 1}","{'rs_3m': nan, 'rs_6m': nan}","{'roe_pct': 32.6, 'debt_to_equity': 0.56, 'current_ratio': 1.43, 'operating_margin_pct': 16.9}","{'days_to_earnings': 'N/A', 'recommendation': 'hold', 'analyst_upside_pct': 3.3}",81.7,147847135232,Industrials,Electrical Equipment & Parts,,,False,89.14,-8.3,0,False,,84.38,97.63,67.26,25,hold,3.3,43.47,-46.8,46.25,-43.4,reportado,múltiplo propio,,2.65,2.17,,1.15,42.6,0.94,1.94,True,-1.25,,9,,105.6,Operating Income,115.6,3.3,14.0,2026-10-20,False,True,True,7,NEUTRAL,3.77,39.2,1.06,30.5,,,,2026-10-06T06:48:24.426852,SMI20,4.0,0.24,False,,,,,,41.4,True,0.0,0.0,3.0,1.0,0.41,0.0,UPTREND_PRESSURE,3.4,COHERENTES,-43.4,48.4,ALTA,,,,0,,True,3,0.993,False,-7.36,55.82,15.21,uptrend,stage2,ENTRADA,Stage 2: sobre MA200 ascendente sin sobreextensión — suelo confirmado,"las 40 veces anteriores (RSI normal, sobre su MA200 que sube) o paró casi donde estaba o se desplomó hasta -37% — sin término medio; al año el 78% estaba en positivo (mediana +14%).",40,-7.3,-36.7,78,True,"soporte vivo más cercano en 82.00 (-0.7%), puesto a prueba hace 83 días; aguantó 3 y se rompió 2",82.0,-0.7,83,3,2,False
KNEBV.HE,KONE Oyj,68.2,,trimestral,⭐⭐ GOOD,🟡 Good,EUR,EUR,False,True,True,0.853,acciones × precio no cuadra (ratio 0.8530) pero la divisa sí: son clases múltiples. Se usan 518 M de acciones efectivas (capitalización ÷ precio) en vez de las 442 M declaradas,85.0,60.0,50.0,75.0,65.0,,,,,11.9,True,1,9.9,True,1,"{'eps_growth_yoy': 11.9, 'op_growth_yoy': 16.4, 'crecimiento_respaldado': True, 'positive_quarters': 4, 'earnings_accelerating': True, 'eps_accel_quarters': 1, 'profit_margin_pct': 8.3, 'score_bruto_sin_capar': 85.0, 'satura': False}","{'revenue_growth_yoy': 9.9, 'revenue_accelerating': True, 'rev_accel_quarters': 1}","{'rs_3m': nan, 'rs_6m': nan}","{'roe_pct': 41.4, 'debt_to_equity': 0.29, 'current_ratio': 0.99, 'operating_margin_pct': 11.0}","{'days_to_earnings': 'N/A', 'recommendation': 'buy', 'analyst_upside_pct': 19.1}",50.68,26266615808,Industrials,Specialty Industrial Machinery,,,False,64.42,-21.3,0,False,,60.36,83.0,45.0,21,buy,19.1,54.5,7.5,47.67,-5.9,reportado,múltiplo propio,,4.74,2.4,,3.55,98.9,1.8,3.53,False,,,9,,25.0,Operating Income,26.1,-9.2,22.0,2026-10-28,False,True,False,8,STRONG,5.17,98.9,2.54,18.8,,,,2026-10-06T06:46:57.554032,OMXHEL,4.0,0.32,False,,518283658.0,,,,41.3,True,3.0,-2.0,0.0,0.0,2.39,0.0,UPTREND_PRESSURE,13.4,CONTRADICEN,,25.0,MEDIA,,,,0,,False,0,1.219,False,-18.9,9.65,-12.3,downtrend,stage1,ESPERAR,En caída (bajo MA200 descendente) — espera a que haga suelo,"las 15 veces anteriores (RSI normal, bajo su MA200 que baja) o paró casi donde estaba o se desplomó hasta -37% — sin término medio; al año el 80% estaba en positivo (mediana +15%).",15,-5.6,-37.2,80,True,"soporte vivo más cercano en 50.21 (-0.9%), puesto a prueba hace 4 días; aguantó 5 y se rompió 2",50.21,-0.9,4,5,2,False
LONN.SW,Lonza Group AG,76.0,,anual,⭐⭐⭐ EXCELLENT,🟢 Excellent,CHF,CHF,False,True,True,1.0,"FCF declarado (-1,567,000,064) se aparta del derivado de flujo operativo menos capex (62,000,064)",100.0,70.0,50.0,80.0,65.0,,,,,51.2,True,2,19.2,True,1,"{'eps_growth_yoy': 51.2, 'op_growth_yoy': 54.5, 'crecimiento_respaldado': True, 'positive_quarters': 4, 'earnings_accelerating': True, 'eps_accel_quarters': 2, 'profit_margin_pct': -1.6, 'score_bruto_sin_capar': 115.0, 'satura': True}","{'revenue_growth_yoy': 19.2, 'revenue_accelerating': True, 'rev_accel_quarters': 1}","{'rs_3m': nan, 'rs_6m': nan}","{'roe_pct': 12.9, 'debt_to_equity': 0.51, 'current_ratio': 1.66, 'operating_margin_pct': 23.4}","{'days_to_earnings': 'N/A', 'recommendation': 'buy', 'analyst_upside_pct': 19.7}",574.8,40146464768,Healthcare,Diagnostics & Research,,,False,597.8,-3.8,0,False,,688.17,835.0,550.0,23,buy,19.7,,,577.14,0.4,reportado,múltiplo propio,,0.15,0.86,,0.87,32.3,5.0,0.66,,,,9,,,,,39.2,113.0,2027-01-27,False,True,False,6,NEUTRAL,3.1,11.8,0.87,22.7,,,,2026-10-06T06:46:48.268007,SMI20,3.0,0.83,True,"el capex se lleva el 96% del flujo operativo: lo que queda no es lo que gana el dueño, es lo que sobra tras decidir invertir",,,,,40.4,False,0.0,0.0,0.0,5.0,2.46,0.0,UPTREND_PRESSURE,,,10.0,19.3,,,,,0,,False,2,1.149,False,-3.85,27.77,12.77,uptrend,stage3,VIGILAR,Extendida cerca de máximos — espera un pullback,"las 45 veces anteriores (RSI normal, sobre su MA200 que sube) cayó otro 8% de mediana (peor caso -46%); al año el 82% estaba en positivo (mediana +26%).",45,-8.4,-46.0,82,False,"soporte vivo más cercano en 560.27 (-2.5%), puesto a prueba hace 4 días; aguantó 6 y se rompió 5",560.27,-2.5,4,6,5,False
STMN.SW,Straumann Holding AG,58.2,,anual,⭐ AVERAGE,🟡 Average,CHF,CHF,False,True,True,1.0,"FCF declarado (399,016,384) se aparta del derivado de flujo operativo menos capex (299,766,008)",50.0,50.0,50.0,95.0,65.0,,,,,-22.1,False,0,4.1,False,0,"{'eps_growth_yoy': -22.1, 'op_growth_yoy': -8.6, 'crecimiento_respaldado': True, 'positive_quarters': 4, 'earnings_accelerating': False, 'eps_accel_quarters': 0, 'profit_margin_pct': 14.0, 'score_bruto_sin_capar': 50.0, 'satura': False}","{'revenue_growth_yoy': 4.1, 'revenue_accelerating': False, 'rev_accel_quarters': 0}","{'rs_3m': nan, 'rs_6m': nan}","{'roe_pct': 17.0, 'debt_to_equity': 0.21, 'current_ratio': 2.26, 'operating_margin_pct': 25.1}","{'days_to_earnings': 'N/A', 'recommendation': 'buy', 'analyst_upside_pct': 23.6}",91.5,14589748224,Healthcare,Medical Instruments & Supplies,,,False,109.8,-16.7,0,False,,113.05,136.0,86.0,19,buy,23.6,28.39,-69.0,94.12,2.9,reportado,múltiplo propio,,2.05,1.88,,1.09,43.3,1.0,0.64,,,,9,,,,,5.8,22.0,2026-10-28,False,True,False,6,NEUTRAL,3.76,33.6,4.09,21.7,,,,2026-10-06T06:46:50.672197,SMI20,3.0,1.16,True,,,,,,40.3,True,0.0,0.0,0.0,3.0,2.95,0.0,UPTREND_PRESSURE,71.9,CONTRADICEN,,92.6,ALTA,,,,0,,False,1,1.082,False,-16.67,26.7,8.71,sideways,stage4_ma_alcista,ESPERAR,"Ha perdido la MA200, aunque la media sigue subiendo — corrección dentro de tendencia, espera a que la recupere","las 14 veces anteriores (RSI normal, bajo su MA200 que sube) cayó otro 15% de mediana (peor caso -42%); al año el 64% estaba en positivo (mediana +26%).",14,-15.4,-42.1,64,False,"soporte vivo más cercano en 91.11 (-0.4%), puesto a prueba hace 6 días; aguantó 15 y se rompió 2",91.11,-0.4,6,15,2,False
IMCD.AS,IMCD N.V.,52.2,,anual,⭐ AVERAGE,🟡 Average,EUR,EUR,False,True,True,1.0,"FCF declarado (266,937,248) se aparta del derivado de flujo operativo menos capex (363,683,008)",45.0,50.0,50.0,65.0,65.0,,,,,-21.8,False,0,1.1,False,0,"{'eps_growth_yoy': -21.8, 'op_growth_yoy': -12.7, 'crecimiento_respaldado': True, 'positive_quarters': 4, 'earnings_accelerating': False, 'eps_accel_quarters': 0, 'profit_margin_pct': 4.6, 'score_bruto_sin_capar': 45.0, 'satura': False}","{'revenue_growth_yoy': 1.1, 'revenue_accelerating': False, 'rev_accel_quarters': 0}","{'rs_3m': nan, 'rs_6m': nan}","{'roe_pct': 11.2, 'debt_to_equity': 0.85, 'current_ratio': 1.35, 'operating_margin_pct': 8.8}","{'days_to_earnings': 'N/A', 'recommendation': 'buy', 'analyst_upside_pct': 22.6}",95.72,5651783680,Basic Materials,Specialty Chemicals,,,False,105.05,-8.9,0,False,,117.36,150.0,75.0,14,buy,22.6,116.69,21.9,110.8,15.8,reportado,múltiplo propio,,6.43,6.15,,1.9,46.5,1.81,1.36,,,,9,,,,,10.0,30.0,2026-11-05,False,True,False,5,NEUTRAL,5.15,40.4,1.47,20.7,,,,2026-10-06T06:46:41.937965,AEX25,3.0,0.23,True,,,,,,39.9,True,6.0,5.0,0.0,3.0,2.82,0.0,UPTREND_PRESSURE,6.1,COHERENTES,21.9,3.8,,,,,0,,False,2,0.818,False,-7.25,42.99,4.57,sideways,stage2,VIGILAR,Sobre MA200 pero las medias aún no están apiladas (50>150>200) — falta confirmación,"las 35 veces anteriores (RSI normal, sobre su MA200 que sube) cayó otro 10% de mediana (peor caso -51%); al año el 74% estaba en positivo (mediana +21%).",35,-10.5,-51.4,74,False,"soporte vivo más cercano en 94.54 (-1.2%), puesto a prueba hace 20 días; aguantó 5 y se rompió 2",94.54,-1.2,20,5,2,False
INDT.ST,Indutrade AB (publ),72.5,,trimestral,⭐⭐⭐ EXCELLENT,🟢 Excellent,SEK,SEK,False,True,True,1.0,,95.0,70.0,50.0,70.0,60.0,,,,,25.7,True,1,11.8,True,1,"{'eps_growth_yoy': 25.7, 'op_growth_yoy': 22.2, 'crecimiento_respaldado': True, 'positive_quarters': 4, 'earnings_accelerating': True, 'eps_accel_quarters': 1, 'profit_margin_pct': 8.1, 'score_bruto_sin_capar': 95.0, 'satura': False}","{'revenue_growth_yoy': 11.8, 'revenue_accelerating': True, 'rev_accel_quarters': 1}","{'rs_3m': nan, 'rs_6m': nan}","{'roe_pct': 15.7, 'debt_to_equity': 0.61, 'current_ratio': 1.49, 'operating_margin_pct': 12.6}","{'days_to_earnings': 'N/A', 'recommendation': 'buy', 'analyst_upside_pct': 7.6}",262.0,95452626944,Industrials,Industrial Distribution,,,False,266.6,-1.7,0,False,,282.0,320.0,260.0,8,buy,7.6,151.53,-42.2,239.12,-8.7,reportado,múltiplo propio,,3.76,9.85,,1.2,42.1,3.1,1.06,False,,,9,,,,,22.8,17.0,2026-10-23,False,True,True,8,STRONG,3.61,33.7,,17.7,,,,2026-10-06T06:47:44.309806,OMXSTO,4.0,0.26,False,,,,,,39.0,True,3.0,0.0,0.0,5.0,0.95,0.0,UPTREND_PRESSURE,33.5,DISPERSOS,-8.7,33.1,MEDIA,,,,0,,False,2,0.991,False,-0.32,44.99,18.1,uptrend,stage3,VIGILAR,Extendida cerca de máximos — espera un pullback,"las 46 veces anteriores (RSI normal, sobre su MA200 que sube) cayó otro 8% de mediana (peor caso -36%); al año el 83% estaba en positivo (mediana +21%).",46,-8.4,-36.5,83,False,"soporte vivo más cercano en 249.04 (-4.9%), puesto a prueba hace 4 días; aguantó 6 y se rompió 2",249.04,-4.9,4,6,2,False
SIKA.SW,Sika AG,51.7,,anual,⭐ AVERAGE,🟡 Average,CHF,CHF,False,True,True,1.0,,45.0,30.0,68.5,70.0,65.0,,,,,-16.2,False,0,-4.8,False,0,"{'eps_growth_yoy': -16.2, 'op_growth_yoy': -11.1, 'crecimiento_respaldado': True, 'positive_quarters': 4, 'earnings_accelerating': False, 'eps_accel_quarters': 0, 'profit_margin_pct': 9.4, 'score_bruto_sin_capar': 45.0, 'satura': False}","{'revenue_growth_yoy': -4.8, 'revenue_accelerating': False, 'rev_accel_quarters': 0}","{'rs_3m': 4.4, 'rs_6m': 10.3}","{'roe_pct': 16.0, 'debt_to_equity': 0.89, 'current_ratio': 1.3, 'operating_margin_pct': 14.3}","{'days_to_earnings': 'N/A', 'recommendation': 'buy', 'analyst_upside_pct': 15.3}",175.0,28076867584,Basic Materials,Specialty Chemicals,,,False,197.6,-11.4,6,False,-6.4,201.7,233.0,150.0,20,buy,15.3,112.95,-35.5,174.75,-0.1,reportado,múltiplo propio,,4.64,8.12,,2.11,57.1,3.7,1.33,,,,9,,,,,-0.6,135.0,2027-02-18,False,True,False,7,NEUTRAL,4.55,45.8,,30.0,,,,2026-10-06T06:47:08.206032,SMI20,4.0,0.55,False,,,,,,38.7,True,3.0,5.0,0.0,0.0,1.91,0.0,UPTREND_PRESSURE,35.4,DISPERSOS,-0.1,33.1,MEDIA,,,,0,,False,2,1.18,False,-11.44,49.56,26.97,sideways,stage2,VIGILAR,Sobre MA200 pero las medias aún no están apiladas (50>150>200) — falta confirmación,"las 43 veces anteriores (RSI normal, sobre su MA200 que sube) cayó otro 8% de mediana (peor caso -42%); al año el 77% estaba en positivo (mediana +24%).",43,-8.5,-41.9,77,False,"soporte vivo más cercano en 173.16 (-1.1%), puesto a prueba hace 0 días; aguantó 4 y se rompió 1",173.16,-1.1,0,4,1,False
AI.PA,L'Air Liquide S.A.,58.5,,anual,⭐ AVERAGE,🟡 Average,EUR,EUR,False,True,True,1.0,"FCF declarado (243,312,496) se aparta del derivado de flujo operativo menos capex (1,652,500,160)",70.0,50.0,50.0,60.0,60.0,,,,,6.4,False,0,-0.4,True,2,"{'eps_growth_yoy': 6.4, 'op_growth_yoy': 1.5, 'crecimiento_respaldado': True, 'positive_quarters': 4, 'earnings_accelerating': False, 'eps_accel_quarters': 0, 'profit_margin_pct': 13.1, 'score_bruto_sin_capar': 70.0, 'satura': False}","{'revenue_growth_yoy': -0.4, 'revenue_accelerating': True, 'rev_accel_quarters': 2}","{'rs_3m': nan, 'rs_6m': nan}","{'roe_pct': 14.0, 'debt_to_equity': 0.63, 'current_ratio': 0.88, 'operating_margin_pct': 20.1}","{'days_to_earnings': 'N/A', 'recommendation': 'strong_buy', 'analyst_upside_pct': 15.0}",170.76,108972875776,Basic Materials,Specialty Chemicals,,,False,182.26,-6.3,0,False,,196.32,216.0,162.0,20,strong_buy,15.0,,,137.81,-19.3,reportado,múltiplo propio,,1.52,2.6,,1.98,60.5,3.36,1.83,,,,9,,,,,0.7,135.0,2027-02-18,False,True,False,7,NEUTRAL,4.2,19.8,2.02,19.5,,,,2026-10-06T06:46:24.650349,CAC40,4.0,0.2,False,"el capex se lleva el 70% del flujo operativo: lo que queda no es lo que gana el dueño, es lo que sobra tras decidir invertir",,,,,38.4,False,0.0,5.0,0.0,1.0,1.88,0.0,UPTREND_PRESSURE,,,-2.2,34.3,MEDIA,,,,0,,True,3,1.202,False,-6.31,23.9,0.34,uptrend,stage2,ENTRADA,Stage 2: sobre MA200 ascendente sin sobreextensión — suelo confirmado,"las 50 veces anteriores (RSI normal, sobre su MA200 que sube) cayó otro 7% de mediana (peor caso -23%); al año el 84% estaba en positivo (mediana +11%).",50,-6.7,-23.4,84,False,"soporte vivo más cercano en 167.66 (-1.8%), puesto a prueba hace 26 días; aguantó 3 y se rompió 1",167.66,-1.8,26,3,1,False
DPLM.L,Diploma PLC,73.8,,anual,⭐⭐⭐ EXCELLENT,🟢 Excellent,GBp,GBP,True,True,True,100.0,acciones × precio no cuadra (ratio 100.0000) pero la divisa sí: son clases múltiples. Se usan 1 M de acciones efectivas (capitalización ÷ precio) en vez de las 134 M declaradas,100.0,60.0,50.0,85.0,60.0,,,,,43.0,True,1,11.8,False,0,"{'eps_growth_yoy': 43.0, 'op_growth_yoy': 37.8, 'crecimiento_respaldado': True, 'positive_quarters': 4, 'earnings_accelerating': True, 'eps_accel_quarters': 1, 'profit_margin_pct': 11.5, 'score_bruto_sin_capar': 100.0, 'satura': False}","{'revenue_growth_yoy': 11.8, 'revenue_accelerating': False, 'rev_accel_quarters': 0}","{'rs_3m': nan, 'rs_6m': nan}","{'roe_pct': 19.0, 'debt_to_equity': 0.47, 'current_ratio': 2.06, 'operating_margin_pct': 19.7}","{'days_to_earnings': 'N/A', 'recommendation': 'buy', 'analyst_upside_pct': 5.8}",7870.0,10553264128,Industrials,Industrial Distribution,,,False,7910.0,-0.5,0,False,,8329.38,9000.0,7000.0,16,buy,5.8,563419.0,7059.1,,,reportado,,múltiplo propio 3593x fuera del rango 8-45,2.55,200.69,,0.8,44.2,63.0,1.36,,,,9,,,,,4.5,42.0,2026-11-17,False,True,False,8,STRONG,2.59,62.9,1.36,17.3,,,,2026-10-06T06:46:44.074842,FTSE100,,,,,1340948.0,,,,36.5,True,0.0,0.0,0.0,1.0,0.72,0.0,UPTREND_PRESSURE,,,,,,,,,0,,True,3,0.986,False,-0.51,58.35,19.65,uptrend,stage3,VIGILAR,Extendida cerca de máximos — espera un pullback,"las 48 veces anteriores (RSI normal, sobre su MA200 que sube) cayó otro 9% de mediana (peor caso -34%); al año el 85% estaba en positivo (mediana +21%).",48,-9.0,-33.7,85,False,"soporte vivo más cercano en 7288.14 (-7.4%), puesto a prueba hace 53 días; aguantó 2 y se rompió 1",7288.14,-7.4,53,2,1,False
GIVN.SW,Givaudan SA,55.2,,anual,⭐ AVERAGE,🟡 Average,CHF,CHF,False,True,True,1.0,"FCF declarado (605,625,024) se aparta del derivado de flujo operativo menos capex (1,143,000,000)",50.0,50.0,56.0,70.0,60.0,,,,,-1.7,False,0,0.8,False,0,"{'eps_growth_yoy': -1.7, 'op_growth_yoy': -2.2, 'crecimiento_respaldado': True, 'positive_quarters': 4, 'earnings_accelerating': False, 'eps_accel_quarters': 0, 'profit_margin_pct': 12.9, 'score_bruto_sin_capar': 50.0, 'satura': False}","{'revenue_growth_yoy': 0.8, 'revenue_accelerating': False, 'rev_accel_quarters': 0}","{'rs_3m': -5.3, 'rs_6m': 2.8}","{'roe_pct': 22.3, 'debt_to_equity': 1.11, 'current_ratio': 1.29, 'operating_margin_pct': 18.8}","{'days_to_earnings': 'N/A', 'recommendation': 'buy', 'analyst_upside_pct': 4.2}",3381.0,31211083776,Basic Materials,Specialty Chemicals,,,False,3592.0,-5.9,7,True,2.5,3523.7,4010.6,2886.0,18,buy,4.2,3066.89,-9.3,3118.33,-7.8,reportado,múltiplo propio,,3.66,123.74,,2.13,70.1,72.0,1.92,,,,9,,,,,-14.0,113.0,2027-01-27,False,True,False,7,NEUTRAL,3.84,33.7,3.34,21.9,,,,2026-10-06T06:46:33.114562,SMI20,4.0,0.25,False,,,,,,36.1,True,3.0,5.0,0.0,-3.0,0.52,0.0,UPTREND_PRESSURE,1.5,COHERENTES,-7.8,12.8,,,,,0,,True,3,0.999,False,-4.68,31.76,19.5,uptrend,stage3,VIGILAR,Extendida cerca de máximos — espera un pullback,"las 45 veces anteriores (RSI normal, sobre su MA200 que sube) cayó otro 7% de mediana (peor caso -36%); al año el 78% estaba en positivo (mediana +17%).",45,-7.4,-36.3,78,False,"soporte vivo más cercano en 3325.61 (-1.6%), puesto a prueba hace 4 días; aguantó 1 y se rompió 4",3325.61,-1.6,4,1,4,False
SGSN.SW,SGS SA,63.8,,anual,⭐⭐ GOOD,🟡 Good,CHF,CHF,False,True,True,1.0,"FCF declarado (756,124,992) se aparta del derivado de flujo operativo menos capex (1,028,000,064)",95.0,50.0,50.0,45.0,60.0,,,,,15.0,True,2,2.2,False,0,"{'eps_growth_yoy': 15.0, 'op_growth_yoy': 5.5, 'crecimiento_respaldado': True, 'positive_quarters': 4, 'earnings_accelerating': True, 'eps_accel_quarters': 2, 'profit_margin_pct': 9.2, 'score_bruto_sin_capar': 95.0, 'satura': False}","{'revenue_growth_yoy': 2.2, 'revenue_accelerating': False, 'rev_accel_quarters': 0}","{'rs_3m': -4.3, 'rs_6m': -7.9}","{'roe_pct': 76.3, 'debt_to_equity': 4.64, 'current_ratio': 0.95, 'operating_margin_pct': 13.1}","{'days_to_earnings': 'N/A', 'recommendation': 'buy', 'analyst_upside_pct': 8.7}",94.0,18574370816,Industrials,Consulting Services,,,False,98.76,-4.8,5,False,-0.1,102.16,123.5,84.0,19,buy,8.7,128.44,36.6,82.87,-11.8,reportado,múltiplo propio,,5.53,5.2,,3.4,94.1,3.2,3.59,,,,9,,,,,-2.6,128.0,2027-02-11,False,True,False,5,NEUTRAL,4.23,37.7,4.48,13.0,,,,2026-10-06T06:48:19.790936,SMI20,4.0,0.23,False,,,,,,34.5,True,6.0,-2.0,0.0,0.0,1.09,0.0,UPTREND_PRESSURE,48.4,CONTRADICEN,,20.5,MEDIA,,,,0,,False,2,1.141,False,-4.82,18.79,8.77,sideways,stage3,VIGILAR,Extendida cerca de máximos — espera un pullback,"las 37 veces anteriores (RSI normal, sobre su MA200 que sube) cayó otro 12% de mediana (peor caso -26%); al año el 65% estaba en positivo (mediana +4%).",37,-11.7,-26.3,65,False,"soporte vivo más cercano en 92.83 (-1.2%), puesto a prueba hace 54 días; aguantó 1 de 1 veces",92.83,-1.2,54,1,0,False
NESTE.HE,Neste Oyj,62.9,,trimestral,⭐⭐ GOOD,🟡 Good,EUR,EUR,False,True,True,1.0,,58.0,70.0,50.0,80.0,60.0,,,,,,False,0,19.3,True,1,"{'positive_quarters': 3, 'earnings_accelerating': False, 'eps_accel_quarters': 0, 'profit_margin_pct': 7.4, 'score_bruto_sin_capar': 58.0, 'satura': False}","{'revenue_growth_yoy': 19.3, 'revenue_accelerating': True, 'rev_accel_quarters': 1}","{'rs_3m': nan, 'rs_6m': nan}","{'roe_pct': 19.4, 'debt_to_equity': 0.56, 'current_ratio': 1.8, 'operating_margin_pct': 15.4}","{'days_to_earnings': 'N/A', 'recommendation': 'buy', 'analyst_upside_pct': 7.2}",32.45,24930772992,Energy,Oil & Gas Refining & Marketing,,,False,35.94,-9.7,0,False,,34.78,41.5,18.4,19,buy,7.2,32.49,0.1,,,reportado,,los P/E históricos se separan 5.5x la mediana: el ancla la decidiría un año suelto,5.38,1.75,,0.62,10.1,0.2,1.89,False,,,9,,13.9,Operating Income,12.8,,23.0,2026-10-29,False,True,False,7,NEUTRAL,1.21,3.0,,42.3,,,,2026-10-06T06:48:22.137592,OMXHEL,,,,,,,,,33.2,True,6.0,0.0,0.0,0.0,0.9,0.0,UPTREND_PRESSURE,,,3.6,7.1,,,,,0,,True,3,1.159,False,-9.71,104.69,26.68,uptrend,stage2,ENTRADA,Stage 2: sobre MA200 ascendente sin sobreextensión — suelo confirmado,"las 40 veces anteriores (RSI normal, sobre su MA200 que sube) o paró casi donde estaba o se desplomó hasta -42% — sin término medio; al año el 78% estaba en positivo (mediana +34%).",40,-7.7,-42.5,78,True,"soporte vivo más cercano en 31.56 (-2.7%), puesto a prueba hace 3 días; aguantó 3 de 3 veces",31.56,-2.7,3,3,0,False
NESN.SW,Nestlé S.A.,44.2,,anual,⚠️ WEAK,🔴 Weak,CHF,CHF,False,True,True,1.0,"FCF declarado (4,374,249,984) se aparta del derivado de flujo operativo menos capex (11,462,000,192)",45.0,30.0,50.0,45.0,65.0,,,,,-17.0,False,0,-2.0,False,0,"{'eps_growth_yoy': -17.0, 'op_growth_yoy': -10.5, 'crecimiento_respaldado': True, 'positive_quarters': 4, 'earnings_accelerating': False, 'eps_accel_quarters': 0, 'profit_margin_pct': 8.4, 'score_bruto_sin_capar': 45.0, 'satura': False}","{'revenue_growth_yoy': -2.0, 'revenue_accelerating': False, 'rev_accel_quarters': 0}","{'rs_3m': nan, 'rs_6m': nan}","{'roe_pct': 26.2, 'debt_to_equity': 2.13, 'current_ratio': 0.83, 'operating_margin_pct': 16.1}","{'days_to_earnings': 'N/A', 'recommendation': 'buy', 'analyst_upside_pct': 18.5}",74.48,191578947584,Consumer Defensive,Packaged Foods,,,False,87.09,-14.5,0,False,,88.23,100.0,69.0,22,buy,18.5,101.8,36.7,61.07,-18.0,reportado,múltiplo propio,,5.98,4.45,,4.16,107.3,3.1,3.04,,,,9,,,,,-22.0,135.0,2027-02-18,False,True,False,5,NEUTRAL,5.62,43.0,18.89,21.8,,,,2026-10-06T06:48:06.748264,SMI20,4.0,0.51,False,,,,,,31.7,True,6.0,-2.0,0.0,-3.0,2.31,0.0,UPTREND_PRESSURE,54.7,CONTRADICEN,,36.5,MEDIA,,,,0,,False,2,0.783,False,-14.48,10.29,-2.99,sideways,stage1,VIGILAR,Construyendo base (lateral) — espera la reconquista de las medias,"las 21 veces anteriores (RSI normal, bajo su MA200 que sube) cayó otro 4% de mediana (peor caso -14%); al año el 81% estaba en positivo (mediana +12%).",21,-4.2,-14.0,81,False,"soporte vivo más cercano en 73.63 (-1.1%), puesto a prueba hace 4 días; aguantó 4 y se rompió 3",73.63,-1.1,4,4,3,False
CPR.MI,Davide Campari-Milano N.V.,60.0,,anual,⭐⭐ GOOD,🟡 Good,EUR,EUR,False,True,True,1.0,"FCF declarado (172,050,000) se aparta del derivado de flujo operativo menos capex (257,300,000)",85.0,30.0,50.0,70.0,65.0,,,,,71.8,True,1,-0.6,False,0,"{'eps_growth_yoy': 71.8, 'op_growth_yoy': 34.1, 'crecimiento_respaldado': False, 'crecimiento_puntuado': 59.1, 'positive_quarters': 4, 'earnings_accelerating': True, 'eps_accel_quarters': 1, 'profit_margin_pct': 8.9, 'score_bruto_sin_capar': 105.0, 'satura': True}","{'revenue_growth_yoy': -0.6, 'revenue_accelerating': False, 'rev_accel_quarters': 0}","{'rs_3m': nan, 'rs_6m': nan}","{'roe_pct': 6.7, 'debt_to_equity': 0.7, 'current_ratio': 2.58, 'operating_margin_pct': 17.4}","{'days_to_earnings': 'N/A', 'recommendation': 'buy', 'analyst_upside_pct': 18.5}",6.032,7234553344,Consumer Defensive,Beverages - Wineries & Distilleries,,,False,6.82,-11.6,0,False,,7.15,10.8,5.3,21,buy,18.5,,,4.69,-22.2,reportado,múltiplo propio,,3.56,0.21,,1.66,64.6,0.1,0.72,,,,9,,,,,-25.6,22.0,2026-10-28,False,True,False,8,STRONG,6.46,19.2,,25.4,,,,2026-10-06T06:47:59.958800,FTSEMIB,3.0,0.45,True,"el capex se lleva el 54% del flujo operativo: lo que queda no es lo que gana el dueño, es lo que sobra tras decidir invertir",,,,2024-12-31,31.0,False,0.0,5.0,0.0,-3.0,2.31,0.0,UPTREND_PRESSURE,,,-1.8,40.7,ALTA,,,,0,,False,2,1.067,False,-10.2,14.94,-9.5,uptrend,stage2,VIGILAR,Sobre MA200 pero las medias aún no están apiladas (50>150>200) — falta confirmación,"las 39 veces anteriores (RSI normal, sobre su MA200 que sube) cayó otro 7% de mediana (peor caso -39%); al año el 74% estaba en positivo (mediana +9%).",39,-7.1,-38.9,74,False,"soporte vivo más cercano en 5.94 (-1.6%), puesto a prueba hace 4 días; aguantó 5 y se rompió 3",5.94,-1.6,4,5,3,False
SY1.DE,Symrise AG,47.5,,anual,⚠️ WEAK,🔴 Weak,EUR,EUR,False,True,True,1.0,"FCF declarado (220,897,376) se aparta del derivado de flujo operativo menos capex (676,591,976)",45.0,30.0,50.0,70.0,60.0,,,,,-47.9,False,0,-1.4,False,0,"{'eps_growth_yoy': -47.9, 'op_growth_yoy': -13.2, 'crecimiento_respaldado': True, 'positive_quarters': 4, 'earnings_accelerating': False, 'eps_accel_quarters': 0, 'profit_margin_pct': 5.0, 'score_bruto_sin_capar': 45.0, 'satura': False}","{'revenue_growth_yoy': -1.4, 'revenue_accelerating': False, 'rev_accel_quarters': 0}","{'rs_3m': nan, 'rs_6m': nan}","{'roe_pct': 6.7, 'debt_to_equity': 0.61, 'current_ratio': 2.98, 'operating_margin_pct': 15.8}","{'days_to_earnings': 'N/A', 'recommendation': 'buy', 'analyst_upside_pct': 11.6}",90.78,12453216256,Basic Materials,Specialty Chemicals,,,False,95.0,-4.4,0,False,,101.3,112.0,75.0,15,buy,11.6,107.22,18.1,68.43,-24.6,reportado,múltiplo propio,,5.43,4.93,,1.38,70.6,1.25,1.09,,,,9,,,,,-0.4,149.0,2027-03-04,False,True,False,6,NEUTRAL,4.32,17.4,,22.0,,,,2026-10-06T06:47:31.091106,DAX40,4.0,0.5,False,,,,,,30.0,True,6.0,0.0,0.0,0.0,1.45,0.0,UPTREND_PRESSURE,42.7,CONTRADICEN,,36.2,MEDIA,,,,0,,True,3,0.926,False,-4.44,42.66,24.67,uptrend,stage3,VIGILAR,Extendida cerca de máximos — espera un pullback,"las 42 veces anteriores (RSI normal, sobre su MA200 que sube) cayó otro 10% de mediana (peor caso -34%); al año el 79% estaba en positivo (mediana +12%).",42,-9.8,-34.1,79,False,"soporte vivo más cercano en 89.22 (-1.7%), puesto a prueba hace 4 días; aguantó 4 y se rompió 2",89.22,-1.7,4,4,2,False
