fund,cik,filing_date,ticker,name,cusip,value_usd,shares,portfolio_pct
Berkshire Hathaway (Buffett),0001067983,2026-08-14,AXP,AMERICAN EXPRESS CO,025816109,50419898471,149061045,16.849
Berkshire Hathaway (Buffett),0001067983,2026-08-14,GOOGL,ALPHABET INC,02079K305,23523689772,65824467,7.861
Berkshire Hathaway (Buffett),0001067983,2026-08-14,AAPL,APPLE INC,037833100,23341172315,80664820,7.8
Berkshire Hathaway (Buffett),0001067983,2026-08-14,KO,COCA COLA CO,191216100,22976876186,282722729,7.678
Berkshire Hathaway (Buffett),0001067983,2026-08-14,AAPL,APPLE INC,037833100,17808079008,61542988,5.951
Berkshire Hathaway (Buffett),0001067983,2026-08-14,BAC,BANK OF AMER CORP,060505104,17595909185,308808515,5.88
Berkshire Hathaway (Buffett),0001067983,2026-08-14,OXY,OCCIDENTAL PETE CORP,674599105,12868205304,264941431,4.3
Berkshire Hathaway (Buffett),0001067983,2026-08-14,,CHUBB LIMITED,H1467J104,11670066615,34249183,3.9
Berkshire Hathaway (Buffett),0001067983,2026-08-14,AAPL,APPLE INC,037833100,10047736640,34724000,3.358
Berkshire Hathaway (Buffett),0001067983,2026-08-14,CVX,CHEVRON CORPORATION,166764100,9655809914,58251749,3.227
Berkshire Hathaway (Buffett),0001067983,2026-08-14,GOOG,ALPHABET INC,02079K107,9606489032,27188433,3.21
Berkshire Hathaway (Buffett),0001067983,2026-08-14,KHC,KRAFT HEINZ CO,500754106,7691494401,325634818,2.57
Berkshire Hathaway (Buffett),0001067983,2026-08-14,BAC,BANK OF AMER CORP,060505104,7163525600,125720000,2.394
Berkshire Hathaway (Buffett),0001067983,2026-08-14,KO,COCA COLA CO,191216100,6524615664,80283200,2.18
Berkshire Hathaway (Buffett),0001067983,2026-08-14,MCO,MOODYS CORP,615369105,5717548850,12623750,1.911
Berkshire Hathaway (Buffett),0001067983,2026-08-14,MCO,MOODYS CORP,615369105,5423231470,11973928,1.812
Berkshire Hathaway (Buffett),0001067983,2026-08-14,DAL,DELTA AIR LINES INC,247361702,5368591200,57320000,1.794
Berkshire Hathaway (Buffett),0001067983,2026-08-14,AAPL,APPLE INC,037833100,4494339520,15532000,1.502
Berkshire Hathaway (Buffett),0001067983,2026-08-14,AAPL,APPLE INC,037833100,4187617920,14472000,1.399
Berkshire Hathaway (Buffett),0001067983,2026-08-14,DVA,DAVITA INC,23918K108,3331328308,14973608,1.113
Berkshire Hathaway (Buffett),0001067983,2026-08-14,SIRI,SIRIUSXM HOLDINGS INC,829933100,3214608586,108822227,1.074
Berkshire Hathaway (Buffett),0001067983,2026-08-14,DVA,DAVITA INC,23918K108,3093940590,13906601,1.034
Berkshire Hathaway (Buffett),0001067983,2026-08-14,GOOGL,ALPHABET INC,02079K305,2394379000,6700000,0.8
Berkshire Hathaway (Buffett),0001067983,2026-08-14,CVX,CHEVRON CORPORATION,166764100,2234059905,13477678,0.747
Berkshire Hathaway (Buffett),0001067983,2026-08-14,GOOGL,ALPHABET INC,02079K305,2233562500,6250000,0.746
Berkshire Hathaway (Buffett),0001067983,2026-08-14,AAPL,APPLE INC,037833100,2084549440,7204000,0.697
Berkshire Hathaway (Buffett),0001067983,2026-08-14,VRSN,VERISIGN INC,92343E102,2016739665,8016933,0.674
Berkshire Hathaway (Buffett),0001067983,2026-08-14,CVX,CHEVRON CORPORATION,166764100,1523694265,9192171,0.509
Berkshire Hathaway (Buffett),0001067983,2026-08-14,KR,KROGER CO,501044101,1513595648,27257260,0.506
Berkshire Hathaway (Buffett),0001067983,2026-08-14,KO,COCA COLA CO,191216100,1218269808,14990400,0.407
Berkshire Hathaway (Buffett),0001067983,2026-08-14,BAC,BANK OF AMER CORP,060505104,1196580000,21000000,0.4
Berkshire Hathaway (Buffett),0001067983,2026-08-14,KO,COCA COLA CO,191216100,1171198224,14411200,0.391
Berkshire Hathaway (Buffett),0001067983,2026-08-14,LEN,LENNAR CORP,526057104,1119030921,12366349,0.374
Berkshire Hathaway (Buffett),0001067983,2026-08-14,AAPL,APPLE INC,037833100,1111142400,3840000,0.371
Berkshire Hathaway (Buffett),0001067983,2026-08-14,AAPL,APPLE INC,037833100,1092623360,3776000,0.365
Berkshire Hathaway (Buffett),0001067983,2026-08-14,NYT,NEW YORK TIMES CO MTN BE,650111107,1000714000,14300000,0.334
Berkshire Hathaway (Buffett),0001067983,2026-08-14,AAPL,APPLE INC,037833100,788216640,2724000,0.263
Berkshire Hathaway (Buffett),0001067983,2026-08-14,AAPL,APPLE INC,037833100,784744320,2712000,0.262
Berkshire Hathaway (Buffett),0001067983,2026-08-14,BAC,BANK OF AMER CORP,060505104,678062000,11900000,0.227
Berkshire Hathaway (Buffett),0001067983,2026-08-14,LLYVK,LIBERTY LIVE HOLDINGS INC,530909308,581821068,5507583,0.194
Berkshire Hathaway (Buffett),0001067983,2026-08-14,ALLY,ALLY FINL INC,02005N100,577211815,12561737,0.193
Berkshire Hathaway (Buffett),0001067983,2026-08-14,CVX,CHEVRON CORPORATION,166764100,572577806,3454258,0.191
Berkshire Hathaway (Buffett),0001067983,2026-08-14,BAC,BANK OF AMER CORP,060505104,558404000,9800000,0.187
Berkshire Hathaway (Buffett),0001067983,2026-08-14,AXP,AMERICAN EXPRESS CO,025816109,473452922,1399713,0.158
Berkshire Hathaway (Buffett),0001067983,2026-08-14,SIRI,SIRIUSXM HOLDINGS INC,829933100,472193651,15984890,0.158
Berkshire Hathaway (Buffett),0001067983,2026-08-14,NUE,NUCOR CORP,670346105,413814258,1857752,0.138
Berkshire Hathaway (Buffett),0001067983,2026-08-14,AXP,AMERICAN EXPRESS CO,025816109,388967882,1149942,0.13
Berkshire Hathaway (Buffett),0001067983,2026-08-14,COF,CAPITAL ONE FINL CORP,14040H105,373531971,1861888,0.125
Berkshire Hathaway (Buffett),0001067983,2026-08-14,LLYVK,LIBERTY LIVE HOLDINGS INC,530909308,367590332,3479651,0.123
Berkshire Hathaway (Buffett),0001067983,2026-08-14,LPX,LOUISIANA PAC CORP,546347105,341770542,4344909,0.114
Berkshire Hathaway (Buffett),0001067983,2026-08-14,LLYVA,LIBERTY LIVE HOLDINGS INC,530909100,332616317,3284775,0.111
Berkshire Hathaway (Buffett),0001067983,2026-08-14,KR,KROGER CO,501044101,311361708,5607090,0.104
Berkshire Hathaway (Buffett),0001067983,2026-08-14,KR,KROGER CO,501044101,298036118,5367119,0.1
Berkshire Hathaway (Buffett),0001067983,2026-08-14,KO,COCA COLA CO,191216100,288671040,3552000,0.096
Berkshire Hathaway (Buffett),0001067983,2026-08-14,VRSN,VERISIGN INC,92343E102,244754547,972947,0.082
Berkshire Hathaway (Buffett),0001067983,2026-08-14,COF,CAPITAL ONE FINL CORP,14040H105,228328029,1138112,0.076
Berkshire Hathaway (Buffett),0001067983,2026-08-14,BAC,BANK OF AMER CORP,060505104,223361600,3920000,0.075
Berkshire Hathaway (Buffett),0001067983,2026-08-14,ALLY,ALLY FINL INC,02005N100,203264788,4423608,0.068
Berkshire Hathaway (Buffett),0001067983,2026-08-14,AAPL,APPLE INC,037833100,200237120,692000,0.067
Berkshire Hathaway (Buffett),0001067983,2026-08-14,ALLY,ALLY FINL INC,02005N100,194285790,4228200,0.065
Berkshire Hathaway (Buffett),0001067983,2026-08-14,LLYVK,LIBERTY LIVE HOLDINGS INC,530909308,151835210,1437289,0.051
Berkshire Hathaway (Buffett),0001067983,2026-08-14,KO,COCA COLA CO,191216100,148236480,1824000,0.05
Berkshire Hathaway (Buffett),0001067983,2026-08-14,M,MACYS INC,55616P104,130170294,5527401,0.043
Berkshire Hathaway (Buffett),0001067983,2026-08-14,ALLY,ALLY FINL INC,02005N100,128838056,2803875,0.043
Berkshire Hathaway (Buffett),0001067983,2026-08-14,BAC,BANK OF AMER CORP,060505104,119658000,2100000,0.04
Berkshire Hathaway (Buffett),0001067983,2026-08-14,LPX,LOUISIANA PAC CORP,546347105,103822075,1319884,0.035
Berkshire Hathaway (Buffett),0001067983,2026-08-14,LLYVA,LIBERTY LIVE HOLDINGS INC,530909100,102444539,1011698,0.034
Berkshire Hathaway (Buffett),0001067983,2026-08-14,NYT,NEW YORK TIMES CO MTN BE,650111107,97972000,1400000,0.033
Berkshire Hathaway (Buffett),0001067983,2026-08-14,ALLY,ALLY FINL INC,02005N100,78463301,1707580,0.026
Berkshire Hathaway (Buffett),0001067983,2026-08-14,KO,COCA COLA CO,191216100,78019200,960000,0.026
Berkshire Hathaway (Buffett),0001067983,2026-08-14,NVR,NVR INC,62944T105,75710501,11112,0.025
Berkshire Hathaway (Buffett),0001067983,2026-08-14,LEN,LENNAR CORP,526057104,67450522,745392,0.023
Berkshire Hathaway (Buffett),0001067983,2026-08-14,KO,COCA COLA CO,191216100,65016000,800000,0.022
Berkshire Hathaway (Buffett),0001067983,2026-08-14,ALLY,ALLY FINL INC,02005N100,58586250,1275000,0.02
Berkshire Hathaway (Buffett),0001067983,2026-08-14,LLYVA,LIBERTY LIVE HOLDINGS INC,530909100,46252328,456768,0.015
Berkshire Hathaway (Buffett),0001067983,2026-08-14,KR,KROGER CO,501044101,42676526,768531,0.014
Berkshire Hathaway (Buffett),0001067983,2026-08-14,MCO,MOODYS CORP,615369105,32655532,72100,0.011
Berkshire Hathaway (Buffett),0001067983,2026-08-14,M,MACYS INC,55616P104,32410122,1376226,0.011
Berkshire Hathaway (Buffett),0001067983,2026-08-14,KO,COCA COLA CO,191216100,30189448,371471,0.01
Berkshire Hathaway (Buffett),0001067983,2026-08-14,LEN/B,LENNAR CORP,526057302,26445959,298117,0.009
Berkshire Hathaway (Buffett),0001067983,2026-08-14,LLYVA,LIBERTY LIVE HOLDINGS INC,530909100,23628717,233347,0.008
Berkshire Hathaway (Buffett),0001067983,2026-08-14,JEF,JEFFERIES FINANCIAL GROUP IN,47233W109,21669229,433558,0.007
Berkshire Hathaway (Buffett),0001067983,2026-08-14,LLYVK,LIBERTY LIVE HOLDINGS INC,530909308,17179177,162620,0.006
Berkshire Hathaway (Buffett),0001067983,2026-08-14,M,MACYS INC,55616P104,10451466,443799,0.003
Berkshire Hathaway (Buffett),0001067983,2026-08-14,AAPL,APPLE INC,037833100,9838240,34000,0.003
Berkshire Hathaway (Buffett),0001067983,2026-08-14,BAC,BANK OF AMER CORP,060505104,8290590,145500,0.003
Berkshire Hathaway (Buffett),0001067983,2026-08-14,KO,COCA COLA CO,191216100,6907950,85000,0.002
Berkshire Hathaway (Buffett),0001067983,2026-08-14,GOOGL,ALPHABET INC,02079K305,5968079,16700,0.002
Berkshire Hathaway (Buffett),0001067983,2026-08-14,DHI,D R HORTON INC,23331A109,580504,3564,0.0
Pershing Square (Ackman),0001336528,2026-05-15,BN,BROOKFIELD CORP,11271J107,2415946008,59697208,17.616
Pershing Square (Ackman),0001336528,2026-05-15,AMZN,AMAZON COM INC,023135106,2385104083,11451981,17.391
Pershing Square (Ackman),0001336528,2026-05-15,UBER,UBER TECHNOLOGIES INC,90353T100,2154934398,29958771,15.713
Pershing Square (Ackman),0001336528,2026-05-15,MSFT,MICROSOFT CORP,594918104,2092970053,5654078,15.261
Pershing Square (Ackman),0001336528,2026-05-15,QSR,RESTAURANT BRANDS INTL INC,76131D103,1673501194,22645483,12.203
Pershing Square (Ackman),0001336528,2026-05-15,META,META PLATFORMS INC,30303M102,1522358404,2660861,11.101
Pershing Square (Ackman),0001336528,2026-05-15,HHH,HOWARD HUGHES HOLDINGS INC,44267T102,1192581569,18852064,8.696
Pershing Square (Ackman),0001336528,2026-05-15,SEG,SEAPORT ENTMT GROUP INC,812215200,107910794,5023780,0.787
Pershing Square (Ackman),0001336528,2026-05-15,GOOG,ALPHABET INC,02079K107,89421720,311726,0.652
Pershing Square (Ackman),0001336528,2026-05-15,HTZ,HERTZ GLOBAL HLDGS INC,42806J700,70261595,15241127,0.512
Pershing Square (Ackman),0001336528,2026-05-15,GOOGL,ALPHABET INC,02079K305,9310043,32376,0.068
Appaloosa (Tepper),0001079114,2024-02-14,GRBK,GREEN BRICK PARTNERS INC,392709101,406697887,7830148,19.858
Appaloosa (Tepper),0001079114,2024-02-14,GRBK,GREEN BRICK PARTNERS INC,392709101,142325469,2740190,6.949
Appaloosa (Tepper),0001079114,2024-02-14,CEIXEUR,CONSOL ENERGY INC NEW,20854L108,107345230,1067793,5.241
Appaloosa (Tepper),0001079114,2024-02-14,BHF,BRIGHTHOUSE FINL INC,10922N103,86746358,1639198,4.236
Appaloosa (Tepper),0001079114,2024-02-14,KD,KYNDRYL HLDGS INC,50155Q100,69716381,3354975,3.404
Appaloosa (Tepper),0001079114,2024-02-14,CEIXEUR,CONSOL ENERGY INC NEW,20854L108,68031064,676724,3.322
Appaloosa (Tepper),0001079114,2024-02-14,THC,TENET HEALTHCARE CORP,88033G407,51858477,686231,2.532
Appaloosa (Tepper),0001079114,2024-02-14,ODP1,THE ODP CORP,88337F105,49571193,880483,2.42
Appaloosa (Tepper),0001079114,2024-02-14,ALIT,ALIGHT INC,01626W101,44565156,5224520,2.176
Appaloosa (Tepper),0001079114,2024-02-14,GRBK,GREEN BRICK PARTNERS INC,392709101,43346267,834545,2.117
Appaloosa (Tepper),0001079114,2024-02-14,KD,KYNDRYL HLDGS INC,50155Q100,43218452,2079810,2.11
Appaloosa (Tepper),0001079114,2024-02-14,GLD,SPDR GOLD TR,78463V107,41705838,218161,2.036
Appaloosa (Tepper),0001079114,2024-02-14,BHF,BRIGHTHOUSE FINL INC,10922N103,40709610,769267,1.988
Appaloosa (Tepper),0001079114,2024-02-14,CEIXEUR,CONSOL ENERGY INC NEW,20854L108,34545425,343633,1.687
Appaloosa (Tepper),0001079114,2024-02-14,TECK,TECK RESOURCES LTD,878742204,32697324,773535,1.597
Appaloosa (Tepper),0001079114,2024-02-14,,LIVANOVA PLC,G5509L101,32197492,622294,1.572
Appaloosa (Tepper),0001079114,2024-02-14,THC,TENET HEALTHCARE CORP,88033G407,32165766,425642,1.571
Appaloosa (Tepper),0001079114,2024-02-14,ODP1,THE ODP CORP,88337F105,32035601,569016,1.564
Appaloosa (Tepper),0001079114,2024-02-14,GPK,GRAPHIC PACKAGING HLDG CO,388689101,31672637,1284894,1.547
Appaloosa (Tepper),0001079114,2024-02-14,ALIT,ALIGHT INC,01626W101,30639675,3591990,1.496
Appaloosa (Tepper),0001079114,2024-02-14,GLD,SPDR GOLD TR,78463V107,26290272,137523,1.284
Appaloosa (Tepper),0001079114,2024-02-14,BHF,BRIGHTHOUSE FINL INC,10922N103,23994246,453406,1.172
Appaloosa (Tepper),0001079114,2024-02-14,,WEATHERFORD INTL PLC,G48833118,22262390,227562,1.087
Appaloosa (Tepper),0001079114,2024-02-14,TECK,TECK RESOURCES LTD,878742204,21337811,504798,1.042
Appaloosa (Tepper),0001079114,2024-02-14,VTRS,VIATRIS INC,92556V106,21319072,1968520,1.041
Appaloosa (Tepper),0001079114,2024-02-14,,LIVANOVA PLC,G5509L101,20573480,397632,1.005
Appaloosa (Tepper),0001079114,2024-02-14,,DHT HOLDINGS INC,Y2065G121,20444040,2084000,0.998
Appaloosa (Tepper),0001079114,2024-02-14,GPK,GRAPHIC PACKAGING HLDG CO,388689101,20277484,822616,0.99
Appaloosa (Tepper),0001079114,2024-02-14,KD,KYNDRYL HLDGS INC,50155Q100,19144282,921284,0.935
Appaloosa (Tepper),0001079114,2024-02-14,FCNCA,FIRST CTZNS BANCSHARES INC N,31946M103,18318903,12910,0.894
Appaloosa (Tepper),0001079114,2024-02-14,ODP1,THE ODP CORP,88337F105,16811236,298601,0.821
Appaloosa (Tepper),0001079114,2024-02-14,THC,TENET HEALTHCARE CORP,88033G407,15423610,204097,0.753
Appaloosa (Tepper),0001079114,2024-02-14,NPWR,NET POWER INC,64107A105,15061474,1491235,0.735
Appaloosa (Tepper),0001079114,2024-02-14,VTRS,VIATRIS INC,92556V106,15023918,1387250,0.734
Appaloosa (Tepper),0001079114,2024-02-14,GPOR,GULFPORT ENERGY CORP,402635502,14802516,111130,0.723
Appaloosa (Tepper),0001079114,2024-02-14,,WEATHERFORD INTL PLC,G48833118,14529027,148513,0.709
Appaloosa (Tepper),0001079114,2024-02-14,,SEADRILL 2021 LTD,G7997W102,13547138,286530,0.661
Appaloosa (Tepper),0001079114,2024-02-14,,DHT HOLDINGS INC,Y2065G121,12917121,1316730,0.631
Appaloosa (Tepper),0001079114,2024-02-14,FCNCA,FIRST CTZNS BANCSHARES INC N,31946M103,11961917,8430,0.584
Appaloosa (Tepper),0001079114,2024-02-14,TECK,TECK RESOURCES LTD,878742204,11570567,273730,0.565
Appaloosa (Tepper),0001079114,2024-02-14,,LIVANOVA PLC,G5509L101,10833839,209390,0.529
Appaloosa (Tepper),0001079114,2024-02-14,,AERCAP HOLDINGS NV,N00985106,10769711,144910,0.526
Appaloosa (Tepper),0001079114,2024-02-14,GPK,GRAPHIC PACKAGING HLDG CO,388689101,10564744,428590,0.516
Appaloosa (Tepper),0001079114,2024-02-14,NPWR,NET POWER INC,64107A105,9829027,973171,0.48
Appaloosa (Tepper),0001079114,2024-02-14,HRI,HERC HLDGS INC,42704L104,9662663,64898,0.472
Appaloosa (Tepper),0001079114,2024-02-14,GPOR,GULFPORT ENERGY CORP,402635502,9659664,72520,0.472
Appaloosa (Tepper),0001079114,2024-02-14,BHF,BRIGHTHOUSE FINL INC,10922N103,9618316,181752,0.47
Appaloosa (Tepper),0001079114,2024-02-14,FHN,FIRST HORIZON CORPORATION,320517105,9338237,659480,0.456
Appaloosa (Tepper),0001079114,2024-02-14,XAR,SPDR SER TR,78464A631,8908876,65787,0.435
Appaloosa (Tepper),0001079114,2024-02-14,NYCBEUR,NEW YORK CMNTY BANCORP INC,649445103,8789821,859220,0.429
Appaloosa (Tepper),0001079114,2024-02-14,,SEADRILL 2021 LTD,G7997W102,8705430,184125,0.425
Appaloosa (Tepper),0001079114,2024-02-14,PPA,INVESCO EXCHANGE TRADED FD T,46137V100,8674191,94121,0.424
Appaloosa (Tepper),0001079114,2024-02-14,,WEATHERFORD INTL PLC,G48833118,7878250,80530,0.385
Appaloosa (Tepper),0001079114,2024-02-14,,AERCAP HOLDINGS NV,N00985106,7810289,105090,0.381
Appaloosa (Tepper),0001079114,2024-02-14,HRI,HERC HLDGS INC,42704L104,6966861,46792,0.34
Appaloosa (Tepper),0001079114,2024-02-14,KVUE,KENVUE INC,49177J102,6950745,322840,0.339
Appaloosa (Tepper),0001079114,2024-02-14,FHN,FIRST HORIZON CORPORATION,320517105,6722318,474740,0.328
Appaloosa (Tepper),0001079114,2024-02-14,NYCBEUR,NEW YORK CMNTY BANCORP INC,649445103,6327562,618530,0.309
Appaloosa (Tepper),0001079114,2024-02-14,GLD,SPDR GOLD TR,78463V107,5975974,31260,0.292
Appaloosa (Tepper),0001079114,2024-02-14,XAR,SPDR SER TR,78464A631,5691703,42030,0.278
Appaloosa (Tepper),0001079114,2024-02-14,PPA,INVESCO EXCHANGE TRADED FD T,46137V100,5542502,60140,0.271
Appaloosa (Tepper),0001079114,2024-02-14,NPWR,NET POWER INC,64107A105,5329810,527704,0.26
Appaloosa (Tepper),0001079114,2024-02-14,GPOR,GULFPORT ENERGY CORP,402635502,5237424,39320,0.256
Appaloosa (Tepper),0001079114,2024-02-14,KVUE,KENVUE INC,49177J102,4987425,231650,0.244
Appaloosa (Tepper),0001079114,2024-02-14,GPRO,GOPRO INC,38268T103,4961128,1429720,0.242
Appaloosa (Tepper),0001079114,2024-02-14,FCNCA,FIRST CTZNS BANCSHARES INC N,31946M103,4938016,3480,0.241
Appaloosa (Tepper),0001079114,2024-02-14,COYA,COYA THERAPEUTICS INC,22407B108,4410158,595163,0.215
Appaloosa (Tepper),0001079114,2024-02-14,,DHT HOLDINGS INC,Y2065G121,3719462,379150,0.182
Appaloosa (Tepper),0001079114,2024-02-14,NYCBEUR,NEW YORK CMNTY BANCORP INC,649445103,3590525,350980,0.175
Appaloosa (Tepper),0001079114,2024-02-14,GPRO,GOPRO INC,38268T103,3571393,1029220,0.174
Appaloosa (Tepper),0001079114,2024-02-14,HRI,HERC HLDGS INC,42704L104,3561449,23920,0.174
Appaloosa (Tepper),0001079114,2024-02-14,GLPG,GALAPAGOS NV,36315X101,3470900,85385,0.169
Appaloosa (Tepper),0001079114,2024-02-14,,SEADRILL 2021 LTD,G7997W102,3464678,73280,0.169
Appaloosa (Tepper),0001079114,2024-02-14,FHN,FIRST HORIZON CORPORATION,320517105,3439039,242870,0.168
Appaloosa (Tepper),0001079114,2024-02-14,COYA,COYA THERAPEUTICS INC,22407B108,3258637,439762,0.159
Appaloosa (Tepper),0001079114,2024-02-14,ALIT,ALIGHT INC,01626W101,3166933,371270,0.155
Appaloosa (Tepper),0001079114,2024-02-14,XAR,SPDR SER TR,78464A631,2958927,21850,0.144
Appaloosa (Tepper),0001079114,2024-02-14,PPA,INVESCO EXCHANGE TRADED FD T,46137V100,2880922,31260,0.141
Appaloosa (Tepper),0001079114,2024-02-14,GLPG,GALAPAGOS NV,36315X101,2300099,56583,0.112
Appaloosa (Tepper),0001079114,2024-02-14,SHC,SOTERA HEALTH CO,83601L102,2249997,133531,0.11
Appaloosa (Tepper),0001079114,2024-02-14,SHC,SOTERA HEALTH CO,83601L102,2215775,131500,0.108
Appaloosa (Tepper),0001079114,2024-02-14,COYA,COYA THERAPEUTICS INC,22407B108,1771738,239101,0.087
Appaloosa (Tepper),0001079114,2024-02-14,CEIXEUR,CONSOL ENERGY INC NEW,20854L108,1751936,17427,0.086
Appaloosa (Tepper),0001079114,2024-02-14,TEVA,TEVA PHARMACEUTICAL INDS LTD,881624209,1644404,157510,0.08
Appaloosa (Tepper),0001079114,2024-02-14,OIH,VANECK ETF TRUST,92189H607,1532124,4950,0.075
Appaloosa (Tepper),0001079114,2024-02-14,,DANIMER SCIENTIFIC INC,236272100,1385095,1357936,0.068
Appaloosa (Tepper),0001079114,2024-02-14,GPRO,GOPRO INC,38268T103,1263635,364160,0.062
Appaloosa (Tepper),0001079114,2024-02-14,SHC,SOTERA HEALTH CO,83601L102,1212172,71939,0.059
Appaloosa (Tepper),0001079114,2024-02-14,TEVA,TEVA PHARMACEUTICAL INDS LTD,881624209,1158422,110960,0.057
Appaloosa (Tepper),0001079114,2024-02-14,OIH,VANECK ETF TRUST,92189H607,1002845,3240,0.049
Appaloosa (Tepper),0001079114,2024-02-14,,DANIMER SCIENTIFIC INC,236272100,997099,977548,0.049
Appaloosa (Tepper),0001079114,2024-02-14,GANX,GAIN THERAPEUTICS INC,36269B105,851394,260764,0.042
Appaloosa (Tepper),0001079114,2024-02-14,GLPG,GALAPAGOS NV,36315X101,837797,20610,0.041
Appaloosa (Tepper),0001079114,2024-02-14,GANX,GAIN THERAPEUTICS INC,36269B105,828154,253646,0.04
Appaloosa (Tepper),0001079114,2024-02-14,FCG,FIRST TR EXCHANGE-TRADED FD,33733E807,640770,26380,0.031
Appaloosa (Tepper),0001079114,2024-02-14,PDBC,INVESCO ACTVELY MNGD ETC FD,46090F100,581077,43690,0.028
Appaloosa (Tepper),0001079114,2024-02-14,FCG,FIRST TR EXCHANGE-TRADED FD,33733E807,560370,23070,0.027
Appaloosa (Tepper),0001079114,2024-02-14,TLIS,TALIS BIOMEDICAL CORP,87424L207,522364,70116,0.026
Appaloosa (Tepper),0001079114,2024-02-14,PDBC,INVESCO ACTVELY MNGD ETC FD,46090F100,508459,38230,0.025
Appaloosa (Tepper),0001079114,2024-02-14,ALIT,ALIGHT INC,01626W101,459682,53890,0.022
Appaloosa (Tepper),0001079114,2024-02-14,TLIS,TALIS BIOMEDICAL CORP,87424L207,443275,59500,0.022
Appaloosa (Tepper),0001079114,2024-02-14,,DANIMER SCIENTIFIC INC,236272100,372500,365196,0.018
Appaloosa (Tepper),0001079114,2024-02-14,OIH,VANECK ETF TRUST,92189H607,334282,1080,0.016
Appaloosa (Tepper),0001079114,2024-02-14,GANX,GAIN THERAPEUTICS INC,36269B105,241610,74000,0.012
Appaloosa (Tepper),0001079114,2024-02-14,FCG,FIRST TR EXCHANGE-TRADED FD,33733E807,220796,9090,0.011
Appaloosa (Tepper),0001079114,2024-02-14,PDBC,INVESCO ACTVELY MNGD ETC FD,46090F100,200431,15070,0.01
Appaloosa (Tepper),0001079114,2024-02-14,TLIS,TALIS BIOMEDICAL CORP,87424L207,144798,19436,0.007
Appaloosa (Tepper),0001079114,2024-02-14,NUVB,NUVATION BIO INC,67080N101,52842,34995,0.003
Appaloosa (Tepper),0001079114,2024-02-14,OHRPEUR,NEUBASE THERAPEUTICS INC,64132K201,47055,63579,0.002
Appaloosa (Tepper),0001079114,2024-02-14,OHRPEUR,NEUBASE THERAPEUTICS INC,64132K201,40506,54731,0.002
Appaloosa (Tepper),0001079114,2024-02-14,,DANIMER SCIENTIFIC INC,236272100,34578,33900,0.002
Appaloosa (Tepper),0001079114,2024-02-14,OHRPEUR,NEUBASE THERAPEUTICS INC,64132K201,13351,18040,0.001
Appaloosa (Tepper),0001079114,2024-02-14,NUVB/WS,NUVATION BIO INC,67080N119,6000,100000,0.0
Appaloosa (Tepper),0001079114,2024-02-14,KPLTW,KATAPULT HOLDINGS INC,485859110,916,123747,0.0
Appaloosa (Tepper),0001079114,2024-02-14,KPLTW,KATAPULT HOLDINGS INC,485859110,761,102880,0.0
Appaloosa (Tepper),0001079114,2024-02-14,KPLTW,KATAPULT HOLDINGS INC,485859110,263,35600,0.0
