industry,sector,num_tickers,avg_rs_percentile,avg_rs_score,avg_fundamental_score,pct_at_new_high,pct_eps_accel,rank,rank_total,percentile,label
Medical Care Facilities,Healthcare,2,62.2,57.2,70.6,0.0,50.0,1,32,100.0,Top 10%
Software - Infrastructure,Technology,4,53.4,59.6,74.8,0.0,50.0,2,32,96.9,Top 10%
Internet Content & Information,Communication Services,2,53.3,61.3,74.2,0.0,0.0,3,32,93.8,Top 10%
Diagnostics & Research,Healthcare,4,51.0,58.7,72.6,0.0,75.0,4,32,90.6,Top 10%
Drug Manufacturers - Specialty & Generic,Healthcare,2,45.8,53.4,50.8,0.0,50.0,5,32,87.5,Top 25%
Railroads,Industrials,3,43.7,47.3,66.4,0.0,100.0,6,32,84.4,Top 25%
Specialty Industrial Machinery,Industrials,9,42.2,45.4,67.6,0.0,88.9,7,32,81.2,Top 25%
Beverages - Non-Alcoholic,Consumer Defensive,2,34.2,40.4,64.9,0.0,50.0,8,32,78.1,Top 25%
Specialty Chemicals,Basic Materials,5,32.3,43.3,58.9,0.0,40.0,9,32,75.0,Top 25%
Financial Data & Stock Exchanges,Financial Services,9,30.0,44.0,66.9,0.0,22.2,10,32,71.9,Medio
Medical Instruments & Supplies,Healthcare,6,29.7,37.0,66.7,0.0,50.0,11,32,68.8,Medio
Software - Application,Technology,16,26.2,42.7,67.8,0.0,37.5,12,32,65.6,Medio
Industrial Distribution,Industrials,4,26.1,32.4,63.6,0.0,50.0,13,32,62.5,Medio
Credit Services,Financial Services,5,24.1,41.2,69.1,0.0,60.0,14,32,59.4,Medio
Insurance - Property & Casualty,Financial Services,2,20.9,40.0,61.2,0.0,100.0,15,32,56.2,Medio
Banks - Regional,Financial Services,2,19.8,40.0,65.8,0.0,100.0,16,32,53.1,Medio
Information Technology Services,Technology,4,18.6,36.5,53.0,0.0,50.0,17,32,50.0,Medio
Specialty Business Services,Industrials,4,17.8,38.8,63.6,0.0,75.0,18,32,46.9,Bajo 50%
Household & Personal Products,Consumer Defensive,5,17.5,37.6,52.8,0.0,20.0,19,32,43.8,Bajo 50%
Building Products & Equipment,Industrials,2,17.0,29.5,59.4,0.0,50.0,20,32,40.6,Bajo 50%
Aerospace & Defense,Industrials,2,14.9,30.0,69.8,0.0,50.0,21,32,37.5,Bajo 50%
Discount Stores,Consumer Defensive,3,13.4,28.0,60.1,0.0,66.7,22,32,34.4,Bajo 50%
Asset Management,Financial Services,2,12.8,37.2,70.0,0.0,50.0,23,32,31.2,Bajo 50%
Packaged Foods,Consumer Defensive,2,12.4,30.0,51.1,0.0,0.0,24,32,28.1,Bajo 50%
Residential Construction,Consumer Cyclical,2,9.6,24.0,48.6,0.0,100.0,25,32,25.0,Bajo 50%
Insurance Brokers,Financial Services,5,9.5,26.4,57.2,0.0,0.0,26,32,21.9,Bottom 25%
Medical Devices,Healthcare,3,7.8,21.9,59.6,0.0,33.3,27,32,18.8,Bottom 25%
Waste Management,Industrials,3,6.2,24.0,60.5,0.0,100.0,28,32,15.6,Bottom 25%
Auto Parts,Consumer Cyclical,2,5.6,24.0,62.9,0.0,100.0,29,32,12.5,Bottom 25%
Consulting Services,Industrials,3,4.8,28.0,55.3,0.0,66.7,30,32,9.4,Bottom 25%
Restaurants,Consumer Cyclical,4,1.0,24.0,61.2,0.0,100.0,31,32,6.2,Bottom 25%
Building Materials,Basic Materials,2,0.8,15.0,61.0,0.0,100.0,32,32,3.1,Bottom 25%
Apparel Retail,Consumer Cyclical,1,6.3,24.0,62.5,0.0,100.0,,32,,Sin datos suficientes
Auto Manufacturers,Consumer Cyclical,1,30.5,50.3,74.6,0.0,100.0,,32,,Sin datos suficientes
Banks - Diversified,Financial Services,1,40.1,44.0,66.0,0.0,100.0,,32,,Sin datos suficientes
Beverages - Brewers,Consumer Defensive,1,0.0,15.0,59.0,0.0,100.0,,32,,Sin datos suficientes
Capital Markets,Financial Services,1,9.8,26.7,64.6,0.0,100.0,,32,,Sin datos suficientes
Communication Equipment,Technology,1,37.2,46.7,67.1,0.0,100.0,,32,,Sin datos suficientes
Consumer Electronics,Technology,1,78.4,76.7,81.6,0.0,100.0,,32,,Sin datos suficientes
Copper,Basic Materials,1,76.0,73.1,79.9,0.0,0.0,,32,,Sin datos suficientes
Drug Manufacturers - General,Healthcare,1,73.6,56.7,67.6,0.0,100.0,,32,,Sin datos suficientes
Electronic Components,Technology,1,71.8,62.4,81.2,0.0,0.0,,32,,Sin datos suficientes
Engineering & Construction,Industrials,1,2.1,24.0,49.8,0.0,0.0,,32,,Sin datos suficientes
Gambling,Consumer Cyclical,1,30.0,30.0,42.8,0.0,0.0,,32,,Sin datos suficientes
Grocery Stores,Consumer Defensive,1,8.9,26.7,46.2,0.0,0.0,,32,,Sin datos suficientes
Health Information Services,Healthcare,1,61.6,75.0,77.2,0.0,0.0,,32,,Sin datos suficientes
Healthcare Plans,Healthcare,1,50.4,66.0,70.7,0.0,0.0,,32,,Sin datos suficientes
Home Improvement Retail,Consumer Cyclical,1,0.0,15.0,61.5,0.0,100.0,,32,,Sin datos suficientes
Insurance - Diversified,Financial Services,1,21.0,36.0,79.2,0.0,100.0,,32,,Sin datos suficientes
Internet Retail,Consumer Cyclical,1,34.3,47.6,69.8,0.0,100.0,,32,,Sin datos suficientes
Lodging,Consumer Cyclical,1,25.5,44.0,58.8,0.0,0.0,,32,,Sin datos suficientes
Luxury Goods,Consumer Cyclical,1,0.9,15.0,53.2,0.0,0.0,,32,,Sin datos suficientes
Oil & Gas E&P,Energy,1,35.1,38.3,76.2,0.0,100.0,,32,,Sin datos suficientes
Oil & Gas Integrated,Energy,1,45.0,38.3,81.4,0.0,100.0,,32,,Sin datos suficientes
Packaging & Containers,Consumer Cyclical,1,1.2,36.0,43.3,0.0,100.0,,32,,Sin datos suficientes
Personal Services,Consumer Cyclical,1,0.0,15.0,63.2,0.0,100.0,,32,,Sin datos suficientes
Pollution & Treatment Controls,Industrials,1,32.6,46.7,67.1,0.0,0.0,,32,,Sin datos suficientes
Publishing,Communication Services,1,4.2,24.0,67.0,0.0,100.0,,32,,Sin datos suficientes
REIT - Industrial,Real Estate,1,5.4,36.0,65.7,0.0,0.0,,32,,Sin datos suficientes
REIT - Specialty,Real Estate,1,49.1,44.0,70.3,0.0,0.0,,32,,Sin datos suficientes
Real Estate - Development,Real Estate,1,17.7,36.0,73.5,0.0,100.0,,32,,Sin datos suficientes
Rental & Leasing Services,Industrials,1,30.7,52.4,67.1,0.0,100.0,,32,,Sin datos suficientes
Scientific & Technical Instruments,Technology,1,72.4,66.0,78.0,0.0,100.0,,32,,Sin datos suficientes
Security & Protection Services,Industrials,1,8.1,36.0,67.5,0.0,100.0,,32,,Sin datos suficientes
Semiconductor Equipment & Materials,Technology,1,66.9,62.4,83.2,0.0,100.0,,32,,Sin datos suficientes
Semiconductors,Technology,1,4.9,36.0,82.7,0.0,100.0,,32,,Sin datos suficientes
Steel,Basic Materials,1,75.5,76.7,79.3,0.0,0.0,,32,,Sin datos suficientes
Telecom Services,Communication Services,1,0.0,15.0,40.5,0.0,100.0,,32,,Sin datos suficientes
Trucking,Industrials,1,21.6,15.0,73.2,0.0,100.0,,32,,Sin datos suficientes
Utilities - Regulated Gas,Utilities,1,0.4,24.0,59.5,0.0,0.0,,32,,Sin datos suficientes
Utilities - Regulated Water,Utilities,1,17.6,24.0,64.0,0.0,100.0,,32,,Sin datos suficientes
