ticker,current_price,position_size_pct,position_value,shares,stop_loss_price,stop_loss_pct,risk_amount,risk_pct_portfolio,volatility,kelly_pct,multipliers,kelly_horizon,kelly_win_rate
PODD,227.08,9.23,9230.77,40,212.56,6.39,580.81,0.58,3.2,10.0,"{'score': 1.2, 'timing': 1.2, 'sector': 1.2, 'volatility': 1.2}",90d,55.1
CVS,71.29,9.23,9230.77,129,67.71,5.02,461.56,0.46,2.51,10.0,"{'score': 1.2, 'timing': 1.2, 'sector': 1.2, 'volatility': 1.2}",90d,55.1
INTC,44.01,8.33,8333.33,189,38.8,11.83,984.09,0.98,5.92,10.0,"{'score': 1.3, 'timing': 1.2, 'sector': 1.2, 'volatility': 1.0}",90d,55.1
KKR,90.84,8.33,8333.33,91,84.93,6.51,537.74,0.54,3.25,10.0,"{'score': 1.3, 'timing': 1.2, 'sector': 1.0, 'volatility': 1.2}",90d,55.1
PRU,94.29,8.33,8333.33,88,90.56,3.95,327.81,0.33,1.98,10.0,"{'score': 1.3, 'timing': 1.2, 'sector': 1.0, 'volatility': 1.2}",90d,55.1
WRB,65.55,7.69,7692.31,117,63.03,3.85,294.96,0.29,1.92,10.0,"{'score': 1.2, 'timing': 1.2, 'sector': 1.0, 'volatility': 1.2}",90d,55.1
ROP,353.48,6.41,6410.26,18,334.99,5.23,332.89,0.33,2.62,10.0,"{'score': 1.0, 'timing': 1.0, 'sector': 1.2, 'volatility': 1.2}",90d,55.1
GPN,71.06,5.38,5384.62,75,67.2,5.44,289.74,0.29,2.72,10.0,"{'score': 1.2, 'timing': 1.2, 'sector': 0.7, 'volatility': 1.2}",90d,55.1
URI,732.05,5.38,5384.62,7,687.69,6.06,310.5,0.31,3.03,10.0,"{'score': 1.2, 'timing': 1.2, 'sector': 0.7, 'volatility': 1.2}",90d,55.1
ALLY,39.22,5.34,5341.88,136,37.2,5.15,274.63,0.27,2.57,10.0,"{'score': 1.0, 'timing': 1.0, 'sector': 1.0, 'volatility': 1.2}",90d,55.1
POOL,205.26,3.74,3739.32,18,193.47,5.75,212.3,0.21,2.87,10.0,"{'score': 1.0, 'timing': 1.0, 'sector': 0.7, 'volatility': 1.2}",90d,55.1
GL,137.38,3.74,3739.32,27,132.23,3.75,138.98,0.14,1.87,10.0,"{'score': 0.7, 'timing': 1.0, 'sector': 1.0, 'volatility': 1.2}",90d,55.1
EXE,107.64,1.87,1869.66,17,101.23,5.95,108.94,0.11,2.98,10.0,"{'score': 0.7, 'timing': 1.0, 'sector': 0.5, 'volatility': 1.2}",90d,55.1
