ticker,name,issuer,sector,par_value,stated_div_pct,annual_div,price,pct_from_par,week52_high,week52_low,pct_from_high,current_yield,risk_tier,value_rating,recommendation,avg_volume_3m,spread_pct,liquidity_rating,liquidity_note,currency,generated_at
PSA-PK,Public Storage Pref K,Public Storage,REIT,25.0,5.875,1.4688,16.64,-33.44,20.69,16.54,-19.57,8.83,MEDIO,MUY_ATRACTIVO,"Yield 8.8% fijo, riesgo MEDIO — bajo par: yield alto + potencial de precio si la empresa la llama",20996,,BAJA,"Poco volumen — orden límite obligatoria, no muevas cantidades grandes de golpe",USD,2026-09-29T07:02:45Z
BAC-PM,BofA Preferred M,Bank of America,Bank,25.0,6.1,1.525,19.48,-22.08,23.31,19.31,-16.43,7.83,BAJO,MUY_ATRACTIVO,"Yield 7.8% fijo, riesgo BAJO — bajo par: yield alto + potencial de precio si la empresa la llama",145224,,MEDIA,"Liquidez aceptable — usa orden límite, no market",USD,2026-09-29T07:02:40Z
GS-PA,Goldman Sachs Pref A,Goldman Sachs,Bank,25.0,5.5,1.375,19.125,-23.5,22.0,18.87,-13.07,7.19,BAJO,MUY_ATRACTIVO,"Yield 7.2% fijo, riesgo BAJO — bajo par: yield alto + potencial de precio si la empresa la llama",64936,,BAJA,"Poco volumen — orden límite obligatoria, no muevas cantidades grandes de golpe",USD,2026-09-29T07:02:42Z
PSA-PL,Public Storage Pref L,Public Storage,REIT,25.0,4.625,1.1562,16.16,-35.36,20.2,16.13,-20.0,7.16,MEDIO,MUY_ATRACTIVO,"Yield 7.2% fijo, riesgo MEDIO — bajo par: yield alto + potencial de precio si la empresa la llama",56287,,BAJA,"Poco volumen — orden límite obligatoria, no muevas cantidades grandes de golpe",USD,2026-09-29T07:02:45Z
PSA-PH,Public Storage Pref H,Public Storage,REIT,25.0,5.6,1.4,19.73,-21.08,24.9499,19.58,-20.92,7.1,MEDIO,MUY_ATRACTIVO,"Yield 7.1% fijo, riesgo MEDIO — bajo par: yield alto + potencial de precio si la empresa la llama",32218,,BAJA,"Poco volumen — orden límite obligatoria, no muevas cantidades grandes de golpe",USD,2026-09-29T07:02:44Z
JPM-PD,JPMorgan Chase Pref D,JPMorgan Chase,Bank,25.0,6.1,1.525,21.68,-13.28,25.4,21.51,-14.65,7.03,BAJO,MUY_ATRACTIVO,"Yield 7.0% fijo, riesgo BAJO — bajo par: yield alto + potencial de precio si la empresa la llama",194484,,MEDIA,"Liquidez aceptable — usa orden límite, no market",USD,2026-09-29T07:02:39Z
WFC-PY,Wells Fargo Pref Y,Wells Fargo,Bank,25.0,5.63,1.4075,20.04,-19.84,25.08,19.8201,-20.1,7.02,BAJO,MUY_ATRACTIVO,"Yield 7.0% fijo, riesgo BAJO — bajo par: yield alto + potencial de precio si la empresa la llama",79950,,BAJA,"Poco volumen — orden límite obligatoria, no muevas cantidades grandes de golpe",USD,2026-09-29T07:02:41Z
SCHW-PD,Charles Schwab Pref D,Charles Schwab,Bank,25.0,5.95,1.4875,21.49,-14.04,25.41,21.33,-15.43,6.92,BAJO,MUY_ATRACTIVO,"Yield 6.9% fijo, riesgo BAJO — bajo par: yield alto + potencial de precio si la empresa la llama",68566,,BAJA,"Poco volumen — orden límite obligatoria, no muevas cantidades grandes de golpe",USD,2026-09-29T07:02:44Z
JPM-PC,JPMorgan Chase Pref C,JPMorgan Chase,Bank,25.0,6.0,1.5,22.88,-8.48,25.72,22.75,-11.04,6.56,BAJO,MUY_ATRACTIVO,"Yield 6.6% fijo, riesgo BAJO — bajo par: yield alto + potencial de precio si la empresa la llama",196312,,MEDIA,"Liquidez aceptable — usa orden límite, no market",USD,2026-09-29T07:02:40Z
DUK-PA,Duke Energy Pref A,Duke Energy,Utility,25.0,5.75,1.4375,22.1,-11.6,25.405,21.85,-13.01,6.5,BAJO,MUY_ATRACTIVO,"Yield 6.5% fijo, riesgo BAJO — bajo par: yield alto + potencial de precio si la empresa la llama",104211,,MEDIA,"Liquidez aceptable — usa orden límite, no market",USD,2026-09-29T07:02:43Z
ALL-PB,Allstate Preferred B,Allstate,Insurance,25.0,6.625,1.6562,25.75,3.0,26.58,25.32,-3.12,6.43,BAJO-MEDIO,NEUTRAL,"Yield 6.4% aceptable, sin prima especial vs alternativas",29747,,BAJA,"Poco volumen — orden límite obligatoria, no muevas cantidades grandes de golpe",USD,2026-09-29T07:02:43Z
C-PN,Citigroup Preferred N,Citigroup,Bank,25.0,6.3,1.575,26.55,6.2,31.13,25.8,-14.71,5.93,BAJO,NEUTRAL,"Yield 5.9% aceptable, sin prima especial vs alternativas",253441,,MEDIA,"Liquidez aceptable — usa orden límite, no market",USD,2026-09-29T07:02:42Z
