ticker,company_name,source,sector,bullish_count,bearish_count,net_signals,net_score,bias,top_bullish_signal,top_bearish_signal,most_recent_signal,generated_at
ICE,"Intercontinental Exchange, Inc.",portfolio,Financial Services,7,0,7,15,BULLISH,Golden Cross,,RSI Zona Baja,2026-10-05 06:38
SGE.L,The Sage Group plc,value_eu,Technology,7,0,7,14,BULLISH,Morning Star,,Squeeze Bollinger,2026-10-05 06:38
B3SA3.SA,"B3 S.A. - Brasil, Bolsa, Balcão",value_global,Financial Services,11,5,6,14,BULLISH,Golden Cross,MACD Cruce Bajista,Precio sobre MA50,2026-10-05 06:38
HEXA-B.ST,Hexagon AB (publ),value_eu,Technology,10,3,7,13,BULLISH,Golden Cross,Shooting Star,Precio sobre MA50,2026-10-05 06:38
WEGE3.SA,WEG S.A.,value_global,Industrials,8,1,7,13,BULLISH,Morning Star,Extendido sobre MA200,Precio sobre MA50,2026-10-05 06:38
ABEV3.SA,Ambev S.A.,value_global,Consumer Defensive,11,4,7,13,BULLISH,Morning Star,Extendido sobre MA200,Precio sobre MA50,2026-10-05 06:38
SGSOY,SGS SA,value_us,Industrials,9,1,8,12,BULLISH,Squeeze Bollinger,Extendido sobre MA200,MACD Histograma Creciente,2026-10-05 06:38
DSGX,The Descartes Systems Group Inc.,value_us,Technology,7,0,7,12,BULLISH,Rebote MA50,,Precio sobre MA50,2026-10-05 06:38
SGSN.SW,SGS SA,value_eu,Industrials,9,2,7,11,BULLISH,Rebote MA50,Evening Star,Precio sobre MA50,2026-10-05 06:38
RDOR3.SA,Rede D'Or São Luiz S.A.,value_global,Healthcare,10,3,7,11,BULLISH,Bullish Engulfing,Extendido sobre MA200,Precio sobre MA50,2026-10-05 06:38
ITUB4.SA,Itaú Unibanco Holding S.A.,value_global,Financial Services,9,3,6,10,BULLISH,Precio sobre MA50,Extendido sobre MA200,Precio sobre MA50,2026-10-05 06:38
MSFT,Microsoft Corporation,portfolio,Technology,8,3,5,10,BULLISH,Precio sobre MA50,Extendido sobre MA200,Precio sobre MA50,2026-10-05 06:38
ASML.AS,ASML Holding N.V.,value_eu,Technology,8,4,4,10,BULLISH,Morning Star,Extendido sobre MA200,Precio sobre MA50,2026-10-05 06:38
NOW,"ServiceNow, Inc.",portfolio,nan,6,1,5,10,BULLISH,Bullish Engulfing,Tendencia Bajista LH/LL,Precio sobre MA50,2026-10-05 06:38
DB1.DE,Deutsche Börse AG,value_eu,Financial Services,8,3,5,9,BULLISH,Squeeze Bollinger,Shooting Star,Precio sobre MA50,2026-10-05 06:38
ASSA-B.ST,ASSA ABLOY AB (publ),value_eu,Industrials,7,1,6,9,BULLISH,Golden Cross,Bearish Engulfing,Precio sobre MA50,2026-10-05 06:38
L,L,portfolio,nan,6,2,4,9,BULLISH,Divergencia RSI Alcista,Cerca de Mínimo 52s,Divergencia RSI Alcista,2026-10-05 06:38
6758.T,Sony Group Corporation,value_global,Technology,5,0,5,8,BULLISH,Rebote MA50,,Precio sobre MA50,2026-10-05 06:38
6861.T,Keyence Corporation,value_global,Technology,5,1,4,8,BULLISH,Rebote MA50,Toque Banda Superior BB,Precio sobre MA50,2026-10-05 06:38
9432.T,"NTT, Inc.",value_global,Communication Services,5,0,5,8,BULLISH,Hammer,,Precio sobre MA50,2026-10-05 06:38
7733.T,Olympus Corporation,value_global,Healthcare,5,1,4,8,BULLISH,Rebote MA50,MACD Histograma Cayendo,MACD Histograma Cayendo,2026-10-05 06:38
IT,"Gartner, Inc.",value_us,Technology,8,4,4,7,BULLISH,Golden Cross,Precio bajo MA200,Precio sobre MA50,2026-10-05 06:38
TOTS3.SA,TOTVS S.A.,value_global,Technology,5,1,4,7,BULLISH,Precio sobre MA50,Bearish Engulfing,Precio sobre MA50,2026-10-05 06:38
LR.PA,Legrand SA,value_eu,Industrials,8,3,5,7,BULLISH,Morning Star,Bearish Engulfing,Precio sobre MA50,2026-10-05 06:38
GIVN.SW,Givaudan SA,value_eu,Basic Materials,5,1,4,7,BULLISH,Rebote MA50,MACD Cruce Bajista,Precio sobre MA50,2026-10-05 06:38
V,Visa Inc.,portfolio,Financial Services,5,1,4,7,BULLISH,Toque Banda Inferior BB,Extendido sobre MA200,Toque Banda Inferior BB,2026-10-05 06:38
005930.KS,"Samsung Electronics Co., Ltd.",value_global,Technology,6,3,3,7,BULLISH,Bullish Engulfing,Extendido sobre MA200,Precio sobre MA50,2026-10-05 06:38
SAP.DE,SAP SE,value_eu,Technology,7,3,4,7,BULLISH,Bullish Engulfing,Bearish Engulfing,Precio sobre MA50,2026-10-05 06:38
FDS,FactSet Research Systems Inc.,portfolio,nan,5,1,4,6,BULLISH,Squeeze Bollinger,Precio bajo MA200,Squeeze Bollinger,2026-10-05 06:38
6367.T,"Daikin Industries,Ltd.",value_global,Industrials,3,1,2,6,BULLISH,Divergencia RSI Alcista,Tendencia Bajista LH/LL,Divergencia RSI Alcista,2026-10-05 06:38
KIM,KIM,portfolio,nan,5,1,4,6,BULLISH,RSI Sobrevendido,Tendencia Bajista LH/LL,RSI Sobrevendido,2026-10-05 06:38
SAP,SAP SE,portfolio,Technology,5,1,4,6,BULLISH,Rebote MA50,Shooting Star,Precio sobre MA50,2026-10-05 06:38
MANH,"Manhattan Associates, Inc.",portfolio,nan,6,2,4,6,BULLISH,Rebote MA50,Extendido sobre MA200,Precio sobre MA50,2026-10-05 06:38
2020.HK,ANTA Sports Products Limited,value_global,Consumer Cyclical,3,0,3,6,BULLISH,MACD Cruce Alcista,,Squeeze Bollinger,2026-10-05 06:38
INDT.ST,Indutrade AB (publ),value_eu,Industrials,5,1,4,6,BULLISH,Tendencia Alcista HH/HL,Shooting Star,Precio sobre MA50,2026-10-05 06:38
DPLM.L,Diploma PLC,value_eu,Industrials,6,3,3,6,BULLISH,Precio sobre MA50,Bearish Engulfing,Precio sobre MA50,2026-10-05 06:38
AI.PA,L'Air Liquide S.A.,value_eu,Basic Materials,4,0,4,6,BULLISH,Squeeze Bollinger,,Precio sobre MA50,2026-10-05 06:38
ASML,ASML Holding N.V.,portfolio,nan,5,3,2,5,BULLISH,Precio sobre MA50,Extendido sobre MA200,Precio sobre MA50,2026-10-05 06:38
APH,Amphenol Corporation,value_us,Technology,6,4,2,5,BULLISH,Precio sobre MA50,Extendido sobre MA200,Precio sobre MA50,2026-10-05 06:38
FTNT,"Fortinet, Inc.",portfolio,Technology,7,5,2,5,BULLISH,Precio sobre MA50,Extendido sobre MA200,Precio sobre MA50,2026-10-05 06:38
BF-B,BF-B,portfolio,nan,5,3,2,5,BULLISH,Bullish Engulfing,Precio bajo MA200,MACD Histograma Creciente,2026-10-05 06:38
VLTO,Veralto Corporation,value_us,Industrials,5,2,3,5,BULLISH,Squeeze Bollinger,MACD Cruce Bajista,MACD Histograma Cayendo,2026-10-05 06:38
4684.T,"OBIC Co.,Ltd.",value_us,Technology,6,2,4,5,BULLISH,Precio sobre MA50,Bearish Engulfing,Precio sobre MA50,2026-10-05 06:38
1299.HK,AIA Group Limited,value_global,Financial Services,4,3,1,4,BULLISH,Divergencia RSI Alcista,Precio bajo MA50,Precio bajo MA50,2026-10-05 06:38
RENT3.SA,Localiza Rent a Car S.A.,value_global,Industrials,4,2,2,4,BULLISH,Precio sobre MA50,Tendencia Bajista LH/LL,Precio sobre MA50,2026-10-05 06:38
SIKA.SW,Sika AG,value_eu,Basic Materials,4,1,3,4,BULLISH,Squeeze Bollinger,Bearish Engulfing,Squeeze Bollinger,2026-10-05 06:38
ABBN.SW,ABB Ltd,value_eu,Industrials,6,3,3,4,BULLISH,Morning Star,Shooting Star,Precio sobre MA50,2026-10-05 06:38
ADP,"Automatic Data Processing, Inc.",portfolio,nan,5,2,3,4,BULLISH,Toque Banda Inferior BB,Bearish Engulfing,RSI Zona Baja,2026-10-05 06:38
THC,Tenet Healthcare Corporation,portfolio,nan,5,2,3,4,BULLISH,Squeeze Bollinger,Extendido sobre MA200,Extendido sobre MA200,2026-10-05 06:38
LIFCO-B.ST,Lifco AB (publ),value_eu,Industrials,7,4,3,4,BULLISH,Tendencia Alcista HH/HL,Shooting Star,Precio sobre MA50,2026-10-05 06:38
TT,Trane Technologies plc,portfolio,nan,7,5,2,4,BULLISH,Rebote MA50,Bearish Engulfing,Precio sobre MA50,2026-10-05 06:38
NESTE.HE,Neste Oyj,value_eu,Energy,5,4,1,4,BULLISH,Golden Cross,MACD Cruce Bajista,MACD Histograma Cayendo,2026-10-05 06:38
FHN,First Horizon Corporation,portfolio,Financial Services,4,3,1,4,BULLISH,Bullish Engulfing,Tendencia Bajista LH/LL,Tendencia Bajista LH/LL,2026-10-05 06:38
UNH,UnitedHealth Group Incorporated,portfolio,Healthcare,5,4,1,4,BULLISH,Bullish Engulfing,Evening Star,Bullish Engulfing,2026-10-05 06:38
6098.T,"Recruit Holdings Co., Ltd.",value_global,Communication Services,3,1,2,4,BULLISH,Precio sobre MA50,Extendido sobre MA200,Precio sobre MA50,2026-10-05 06:38
RACE,Ferrari N.V.,value_us,Consumer Cyclical,4,1,3,3,NEUTRAL,Toque Banda Inferior BB,Death Cross,RSI Zona Baja,2026-10-05 06:38
8035.T,Tokyo Electron Limited,value_global,Technology,3,2,1,3,NEUTRAL,Precio sobre MA50,Extendido sobre MA200,Precio sobre MA50,2026-10-05 06:38
8766.T,"Tokio Marine Holdings, Inc.",value_global,Financial Services,5,3,2,3,NEUTRAL,Precio sobre MA50,Evening Star,Precio sobre MA50,2026-10-05 06:38
7203.T,Toyota Motor Corporation,value_global,Consumer Cyclical,2,1,1,3,NEUTRAL,Morning Star,Cerca de Mínimo 52s,Squeeze Bollinger,2026-10-05 06:38
OR.PA,L'Oréal S.A.,value_eu,Consumer Defensive,5,4,1,3,NEUTRAL,Toque Banda Inferior BB,MACD Cruce Bajista,MACD Histograma Cayendo,2026-10-05 06:38
AMZN,"Amazon.com, Inc.",portfolio,Consumer Cyclical,5,3,2,3,NEUTRAL,Morning Star,Extendido sobre MA200,Squeeze Bollinger,2026-10-05 06:38
CFG,CFG,portfolio,nan,5,3,2,3,NEUTRAL,Hammer,Tendencia Bajista LH/LL,RSI Zona Baja,2026-10-05 06:38
MA,Mastercard Incorporated,portfolio,Financial Services,6,3,3,3,NEUTRAL,Toque Banda Inferior BB,Evening Star,RSI Zona Baja,2026-10-05 06:38
4568.T,"Daiichi Sankyo Company, Limited",value_global,Healthcare,3,2,1,3,NEUTRAL,Bullish Engulfing,MACD Cruce Bajista,Bullish Engulfing,2026-10-05 06:38
MSI,"Motorola Solutions, Inc.",value_us,Technology,4,2,2,3,NEUTRAL,Toque Banda Inferior BB,Shooting Star,RSI Zona Baja,2026-10-05 06:38
0700.HK,Tencent Holdings Limited,value_global,Communication Services,3,3,0,3,NEUTRAL,Bullish Engulfing,Cerca de Mínimo 52s,MACD Histograma Cayendo,2026-10-05 06:38
SY1.DE,Symrise AG,value_eu,Basic Materials,5,4,1,3,NEUTRAL,Tendencia Alcista HH/HL,MACD Cruce Bajista,Precio sobre MA50,2026-10-05 06:38
META,"Meta Platforms, Inc.",portfolio,Communication Services,4,4,0,2,NEUTRAL,Precio sobre MA50,MACD Cruce Bajista,Precio sobre MA50,2026-10-05 06:38
RMD,ResMed Inc.,value_us,Healthcare,3,1,2,2,NEUTRAL,Squeeze Bollinger,Bearish Engulfing,Squeeze Bollinger,2026-10-05 06:38
GL,GL,portfolio,nan,3,1,2,2,NEUTRAL,Precio sobre MA50,Extendido sobre MA200,RSI Zona Baja,2026-10-05 06:38
CTAS,Cintas Corporation,value_us,Industrials,4,2,2,2,NEUTRAL,Toque Banda Inferior BB,Bearish Engulfing,MACD Histograma Cayendo,2026-10-05 06:38
DSY.PA,Dassault Systèmes SE,value_eu,Technology,4,2,2,2,NEUTRAL,Squeeze Bollinger,Precio bajo MA200,Squeeze Bollinger,2026-10-05 06:38
SU.PA,Schneider Electric S.E.,value_eu,Industrials,5,4,1,1,NEUTRAL,Cerca de Máximo 52s,Shooting Star,Precio sobre MA50,2026-10-05 06:38
HRI,Herc Holdings Inc.,portfolio,nan,4,3,1,1,NEUTRAL,Golden Cross,Evening Star,MACD Cruce Alcista,2026-10-05 06:38
HEI,HEICO Corporation,portfolio,nan,4,4,0,1,NEUTRAL,Bullish Engulfing,Precio bajo MA50,Precio bajo MA50,2026-10-05 06:38
FCNCA,"First Citizens BancShares, Inc.",portfolio,Financial Services,7,6,1,1,NEUTRAL,Bullish Engulfing,Evening Star,Tendencia Bajista LH/LL,2026-10-05 06:38
KO,The Coca-Cola Company,portfolio,Consumer Defensive,5,4,1,1,NEUTRAL,Toque Banda Inferior BB,Bearish Engulfing,RSI Zona Baja,2026-10-05 06:38
9983.T,"Fast Retailing Co., Ltd.",value_global,Consumer Cyclical,2,2,0,0,NEUTRAL,Tendencia Alcista HH/HL,Tendencia Bajista LH/LL,Precio sobre MA50,2026-10-05 06:38
ESS,ESS,portfolio,nan,2,1,1,0,NEUTRAL,Squeeze Bollinger,Bearish Engulfing,Squeeze Bollinger,2026-10-05 06:38
OXY,Occidental Petroleum Corporation,portfolio,Energy,3,3,0,0,NEUTRAL,Precio sobre MA50,Tendencia Bajista LH/LL,Tendencia Bajista LH/LL,2026-10-05 06:38
LONN.SW,Lonza Group AG,value_eu,Healthcare,3,3,0,0,NEUTRAL,Tendencia Alcista HH/HL,Evening Star,Tendencia Alcista HH/HL,2026-10-05 06:38
GOOG,Alphabet Inc.,portfolio,Communication Services,4,4,0,0,NEUTRAL,Squeeze Bollinger,Bearish Engulfing,Squeeze Bollinger,2026-10-05 06:38
PNC,PNC,portfolio,nan,5,4,1,0,NEUTRAL,RSI Sobrevendido,Precio bajo MA50,Precio bajo MA50,2026-10-05 06:38
ABT,Abbott Laboratories,portfolio,nan,5,4,1,0,NEUTRAL,RSI Sobrevendido,Death Cross,Precio bajo MA50,2026-10-05 06:38
ASAZY,ASSA ABLOY AB (publ),portfolio,nan,4,5,-1,0,NEUTRAL,Divergencia RSI Alcista,Evening Star,Divergencia RSI Alcista,2026-10-05 06:38
AJG,Arthur J. Gallagher & Co.,portfolio,nan,4,4,0,0,NEUTRAL,Divergencia RSI Alcista,Precio bajo MA50,Precio bajo MA50,2026-10-05 06:38
ISRG,"Intuitive Surgical, Inc.",portfolio,nan,2,2,0,0,NEUTRAL,Tendencia Alcista HH/HL,Precio bajo MA50,Precio sobre MA50,2026-10-05 06:38
IMCD.AS,IMCD N.V.,value_eu,Basic Materials,3,4,-1,0,NEUTRAL,MACD Cruce Alcista,Precio bajo MA200,MACD Histograma Cayendo,2026-10-05 06:38
4063.T,"Shin-Etsu Chemical Co., Ltd.",value_global,Basic Materials,3,2,1,0,NEUTRAL,Squeeze Bollinger,Death Cross,Precio sobre MA50,2026-10-05 06:38
ULVR.L,Unilever PLC,value_eu,Consumer Defensive,4,4,0,0,NEUTRAL,Toque Banda Inferior BB,Shooting Star,RSI Zona Baja,2026-10-05 06:38
VEEV,Veeva Systems Inc.,portfolio,Healthcare,5,5,0,0,NEUTRAL,Precio sobre MA50,Death Cross,Precio sobre MA50,2026-10-05 06:38
ITX.MC,"Industria de Diseño Textil, S.A.",value_eu,Consumer Cyclical,3,4,-1,0,NEUTRAL,Morning Star,Shooting Star,Shooting Star,2026-10-05 06:38
0388.HK,Hong Kong Exchanges and Clearing Limited,value_global,Financial Services,5,4,1,-1,NEUTRAL,Toque Banda Inferior BB,Bearish Engulfing,RSI Zona Baja,2026-10-05 06:38
WTKWY,Wolters Kluwer N.V.,value_us,Industrials,3,3,0,-1,NEUTRAL,Golden Cross,Bearish Engulfing,Squeeze Bollinger,2026-10-05 06:38
PKG,PKG,portfolio,nan,5,5,0,-1,NEUTRAL,Tendencia Alcista HH/HL,Extendido sobre MA200,RSI Zona Baja,2026-10-05 06:38
SYF,SYF,portfolio,nan,4,4,0,-1,NEUTRAL,Squeeze Bollinger,Tendencia Bajista LH/LL,RSI Zona Baja,2026-10-05 06:38
MRSH,"Marsh & McLennan Companies, Inc.",portfolio,nan,4,4,0,-1,NEUTRAL,MACD Cruce Alcista,Tendencia Bajista LH/LL,RSI Zona Baja,2026-10-05 06:38
RJF,RJF,portfolio,nan,3,4,-1,-1,NEUTRAL,Bullish Engulfing,Tendencia Bajista LH/LL,RSI Zona Baja,2026-10-05 06:38
RACE.MI,Ferrari N.V.,value_eu,Consumer Cyclical,3,3,0,-1,NEUTRAL,Toque Banda Inferior BB,Bearish Engulfing,Toque Banda Inferior BB,2026-10-05 06:38
ORLY,"O'Reilly Automotive, Inc.",portfolio,nan,4,5,-1,-1,NEUTRAL,Morning Star,Bearish Engulfing,Squeeze Bollinger,2026-10-05 06:38
DOL.TO,Dollarama Inc.,value_us,Consumer Defensive,4,4,0,-1,NEUTRAL,Rebote MA50,Evening Star,Precio sobre MA50,2026-10-05 06:38
2382.HK,Sunny Optical Technology (Group) Company Limited,value_global,Technology,4,3,1,-1,NEUTRAL,Golden Cross,Evening Star,RSI Zona Baja,2026-10-05 06:38
HHH,Howard Hughes Holdings Inc.,value_us,Real Estate,3,3,0,-2,NEUTRAL,Precio sobre MA50,Bearish Engulfing,Precio sobre MA50,2026-10-05 06:38
AVGO,Broadcom Inc.,value_us,Technology,3,3,0,-2,NEUTRAL,Squeeze Bollinger,Evening Star,MACD Histograma Creciente,2026-10-05 06:38
CPG.L,Compass Group PLC,value_eu,Consumer Cyclical,3,2,1,-2,NEUTRAL,Doji en Caída,Evening Star,Tendencia Bajista LH/LL,2026-10-05 06:38
LMT,Lockheed Martin Corporation,value_us,Industrials,4,4,0,-2,NEUTRAL,Toque Banda Inferior BB,Death Cross,Precio bajo MA50,2026-10-05 06:38
NYT,The New York Times Company,value_us,Communication Services,4,3,1,-2,NEUTRAL,Hammer,Evening Star,RSI Zona Baja,2026-10-05 06:38
ROP.SW,Roche Holding AG,value_eu,Healthcare,4,5,-1,-2,NEUTRAL,Precio sobre MA50,MACD Cruce Bajista,RSI Zona Baja,2026-10-05 06:38
ADSK,"Autodesk, Inc.",value_us,Technology,3,5,-2,-2,NEUTRAL,Bullish Engulfing,Precio bajo MA50,Precio bajo MA50,2026-10-05 06:38
ABNB,ABNB,portfolio,nan,3,4,-1,-2,NEUTRAL,Precio sobre MA50,Tendencia Bajista LH/LL,Tendencia Bajista LH/LL,2026-10-05 06:38
INVH,INVH,portfolio,nan,5,5,0,-2,NEUTRAL,RSI Sobrevendido,Bearish Engulfing,Precio bajo MA50,2026-10-05 06:38
GD,GD,portfolio,nan,5,6,-1,-2,NEUTRAL,RSI Sobrevendido,Bearish Engulfing,Precio bajo MA50,2026-10-05 06:38
9999.HK,"NetEase, Inc.",value_global,Communication Services,2,3,-1,-2,NEUTRAL,Squeeze Bollinger,Death Cross,Squeeze Bollinger,2026-10-05 06:38
BLK,"BlackRock, Inc.",portfolio,Financial Services,4,5,-1,-2,NEUTRAL,Squeeze Bollinger,Bearish Engulfing,Squeeze Bollinger,2026-10-05 06:38
BNY,BNY,portfolio,nan,3,4,-1,-2,NEUTRAL,RSI Sobrevendido,Tendencia Bajista LH/LL,RSI Sobrevendido,2026-10-05 06:38
GGG,Graco Inc.,value_us,Industrials,2,4,-2,-3,NEUTRAL,Squeeze Bollinger,Evening Star,Toque Banda Superior BB,2026-10-05 06:38
CAH,CAH,portfolio,nan,4,5,-1,-3,NEUTRAL,MACD Cruce Alcista,Shooting Star,MACD Cruce Alcista,2026-10-05 06:38
BMY,BMY,portfolio,nan,2,4,-2,-3,NEUTRAL,Precio sobre MA50,Tendencia Bajista LH/LL,Tendencia Bajista LH/LL,2026-10-05 06:38
SBUX,SBUX,portfolio,nan,4,4,0,-3,NEUTRAL,Divergencia RSI Alcista,Bearish Engulfing,RSI Zona Baja,2026-10-05 06:38
STMN.SW,Straumann Holding AG,value_eu,Healthcare,4,5,-1,-3,NEUTRAL,Toque Banda Inferior BB,Bearish Engulfing,RSI Zona Baja,2026-10-05 06:38
PAYX,"Paychex, Inc.",portfolio,nan,3,5,-2,-3,NEUTRAL,Divergencia RSI Alcista,Bearish Engulfing,Precio bajo MA50,2026-10-05 06:38
4661.T,"Oriental Land Co., Ltd.",value_global,Consumer Cyclical,1,2,-1,-3,NEUTRAL,RSI Zona Baja,Shooting Star,RSI Zona Baja,2026-10-05 06:38
QSR,Restaurant Brands International Inc.,portfolio,Consumer Cyclical,2,3,-1,-3,NEUTRAL,RSI Zona Baja,Tendencia Bajista LH/LL,RSI Zona Baja,2026-10-05 06:38
KVUE,KVUE,portfolio,nan,3,5,-2,-3,NEUTRAL,Toque Banda Inferior BB,Bearish Engulfing,RSI Zona Baja,2026-10-05 06:38
DVA,DaVita Inc.,value_us,Healthcare,2,4,-2,-3,NEUTRAL,Bullish Engulfing,Evening Star,Shooting Star,2026-10-05 06:38
HLMA.L,Halma plc,value_eu,Industrials,3,3,0,-3,NEUTRAL,MACD Cruce Alcista,Evening Star,Precio sobre MA50,2026-10-05 06:38
NDAQ,"Nasdaq, Inc.",value_us,Financial Services,5,6,-1,-3,NEUTRAL,Rebote MA50,Bearish Engulfing,RSI Zona Baja,2026-10-05 06:38
SAF.PA,Safran SA,value_eu,Industrials,3,4,-1,-3,NEUTRAL,Squeeze Bollinger,Evening Star,Squeeze Bollinger,2026-10-05 06:38
GEBN.SW,Geberit AG,value_eu,Industrials,3,4,-1,-4,BEARISH,MACD Cruce Alcista,Bearish Engulfing,Squeeze Bollinger,2026-10-05 06:38
STT,STT,portfolio,nan,2,4,-2,-4,BEARISH,Precio sobre MA50,Tendencia Bajista LH/LL,RSI Zona Baja,2026-10-05 06:38
SYY,SYY,portfolio,nan,4,4,0,-4,BEARISH,Hammer,Bearish Engulfing,RSI Zona Baja,2026-10-05 06:38
BAC,Bank of America Corporation,portfolio,Financial Services,2,5,-3,-4,BEARISH,RSI Sobrevendido,Precio bajo MA50,Precio bajo MA50,2026-10-05 06:38
BRO,"Brown & Brown, Inc.",portfolio,nan,4,6,-2,-4,BEARISH,Divergencia RSI Alcista,Precio bajo MA200,Precio bajo MA50,2026-10-05 06:38
UNP,Union Pacific Corporation,portfolio,Industrials,3,4,-1,-4,BEARISH,MACD Cruce Alcista,Bearish Engulfing,MACD Cruce Alcista,2026-10-05 06:38
105560.KS,KB Financial Group Inc.,value_global,Financial Services,3,5,-2,-5,BEARISH,Rebote MA50,Bearish Engulfing,Toque Banda Inferior BB,2026-10-05 06:38
7741.T,HOYA Corporation,portfolio,nan,1,3,-2,-5,BEARISH,Precio sobre MA50,Evening Star,Precio sobre MA50,2026-10-05 06:38
VRSN,"VeriSign, Inc.",portfolio,Technology,1,4,-3,-5,BEARISH,Precio sobre MA50,Shooting Star,Shooting Star,2026-10-05 06:38
TYL,"Tyler Technologies, Inc.",portfolio,nan,1,3,-2,-5,BEARISH,Tendencia Alcista HH/HL,Precio bajo MA200,Tendencia Bajista LH/LL,2026-10-05 06:38
NESN.SW,Nestlé S.A.,value_eu,Consumer Defensive,4,7,-3,-5,BEARISH,Toque Banda Inferior BB,Shooting Star,RSI Zona Baja,2026-10-05 06:38
ROP,"Roper Technologies, Inc.",portfolio,nan,3,4,-1,-5,BEARISH,Tendencia Alcista HH/HL,Precio bajo MA200,Precio bajo MA50,2026-10-05 06:38
MSCI,MSCI Inc.,value_us,Financial Services,4,6,-2,-5,BEARISH,Toque Banda Inferior BB,Death Cross,RSI Zona Baja,2026-10-05 06:38
DPZ,"Domino's Pizza, Inc.",value_us,Consumer Cyclical,6,8,-2,-5,BEARISH,Divergencia RSI Alcista,Precio bajo MA200,Precio bajo MA50,2026-10-05 06:38
BR,"Broadridge Financial Solutions, Inc.",value_us,Technology,3,4,-1,-5,BEARISH,Toque Banda Inferior BB,Death Cross,RSI Zona Baja,2026-10-05 06:38
SHW,The Sherwin-Williams Company,portfolio,nan,2,5,-3,-5,BEARISH,Squeeze Bollinger,Bearish Engulfing,Squeeze Bollinger,2026-10-05 06:38
KNEBV.HE,KONE Oyj,value_eu,Industrials,3,6,-3,-6,BEARISH,Tendencia Alcista HH/HL,Bearish Engulfing,MACD Cruce Bajista,2026-10-05 06:38
CBOE,"Cboe Global Markets, Inc.",portfolio,nan,2,4,-2,-6,BEARISH,MACD Cruce Alcista,Bearish Engulfing,MACD Histograma Creciente,2026-10-05 06:38
BALL,BALL,portfolio,nan,2,5,-3,-6,BEARISH,RSI Sobrevendido,Evening Star,Precio bajo MA50,2026-10-05 06:38
COLO-B.CO,Coloplast A/S,value_eu,Healthcare,3,4,-1,-6,BEARISH,Tendencia Alcista HH/HL,Bearish Engulfing,RSI Zona Baja,2026-10-05 06:38
YUM,"Yum! Brands, Inc.",portfolio,Consumer Cyclical,4,5,-1,-6,BEARISH,Toque Banda Inferior BB,Bearish Engulfing,RSI Zona Baja,2026-10-05 06:38
HEIA.AS,Heineken N.V.,value_eu,Consumer Defensive,2,6,-4,-7,BEARISH,Tendencia Alcista HH/HL,Shooting Star,RSI Zona Baja,2026-10-05 06:38
MCO,Moody's Corporation,portfolio,Financial Services,3,7,-4,-7,BEARISH,RSI Sobrevendido,Precio bajo MA50,Precio bajo MA50,2026-10-05 06:38
NOVO-B.CO,Novo Nordisk A/S,value_eu,Healthcare,4,7,-3,-7,BEARISH,Bullish Engulfing,Death Cross,Death Cross,2026-10-05 06:38
2318.HK,"Ping An Insurance (Group) Company of China, Ltd.",value_global,Financial Services,5,7,-2,-8,BEARISH,Toque Banda Inferior BB,Bearish Engulfing,RSI Zona Baja,2026-10-05 06:38
RSG,"Republic Services, Inc.",portfolio,nan,1,5,-4,-9,BEARISH,RSI Zona Baja,Bearish Engulfing,RSI Zona Baja,2026-10-05 06:38
SYK,Stryker Corporation,portfolio,nan,3,6,-3,-9,BEARISH,MACD Cruce Alcista,Precio bajo MA200,Precio bajo MA50,2026-10-05 06:38
AXP,American Express Company,portfolio,Financial Services,3,7,-4,-10,BEARISH,Hammer,Death Cross,RSI Zona Baja,2026-10-05 06:38
CLPBY,Coloplast A/S,portfolio,nan,3,7,-4,-10,BEARISH,RSI Sobrevendido,Volumen Extraordinario Bajista,Precio bajo MA50,2026-10-05 06:38
INTU,Intuit Inc.,portfolio,nan,3,6,-3,-11,BEARISH,RSI Zona Baja,Precio bajo MA200,Precio bajo MA50,2026-10-05 06:38
AUTO.L,Autotrader Group plc,value_eu,Communication Services,3,8,-5,-11,BEARISH,Tendencia Alcista HH/HL,Precio bajo MA200,Precio bajo MA50,2026-10-05 06:38
MCD,McDonald's Corporation,portfolio,Consumer Cyclical,4,9,-5,-11,BEARISH,RSI Sobrevendido,Precio bajo MA200,Precio bajo MA50,2026-10-05 06:38
KD,"Kyndryl Holdings, Inc.",portfolio,nan,4,7,-3,-11,BEARISH,Squeeze Bollinger,Precio bajo MA200,Precio bajo MA50,2026-10-05 06:38
WCN,"Waste Connections, Inc.",portfolio,nan,3,8,-5,-11,BEARISH,Divergencia RSI Alcista,Death Cross,RSI Zona Baja,2026-10-05 06:38
AON,Aon plc,portfolio,nan,3,9,-6,-13,BEARISH,RSI Sobrevendido,Death Cross,Precio bajo MA50,2026-10-05 06:38
BSX,Boston Scientific Corporation,value_us,Healthcare,4,9,-5,-14,BEARISH,Squeeze Bollinger,Precio bajo MA200,Precio bajo MA50,2026-10-05 06:38
