ticker,signal,call_pct,total_premium_usd,total_call_premium,total_put_premium,net_premium,call_volume,put_volume,avg_iv,unusual_score,has_large_premium,max_single_premium,detected_at
QQQ,BEARISH,32.7,462559343.0,151179208.0,311380135.0,-160200927.0,967044,1307808,0.142,100,True,26380008.0,2026-10-09T07:26:52.255941+00:00
SPY,MIXED,59.7,372580721.0,222535080.0,150045641.0,72489439.0,1543633,1523148,0.099,100,True,21422650.0,2026-10-09T07:26:54.462868+00:00
META,BULLISH,78.4,199106708.0,156041323.0,43065385.0,112975938.0,224266,99815,0.227,100,True,7659160.0,2026-10-09T07:26:46.196947+00:00
AAPL,BULLISH,81.2,185675806.0,150734034.0,34941772.0,115792262.0,610208,329773,0.18,100,True,30695400.0,2026-10-09T07:26:26.158060+00:00
ORCL,MIXED,61.6,135356100.0,83354726.0,52001374.0,31353352.0,327845,148951,0.142,100,True,11697660.0,2026-10-09T07:26:49.769819+00:00
AMZN,MIXED,52.7,96086152.0,50609471.0,45476681.0,5132790.0,303026,151467,0.184,100,True,7767920.0,2026-10-09T07:26:27.139940+00:00
MSFT,MIXED,55.2,92441533.0,50995776.0,41445757.0,9550019.0,190407,134877,0.145,100,True,7726990.0,2026-10-09T07:26:47.825462+00:00
AVGO,MIXED,39.2,89378198.0,35067682.0,54310516.0,-19242834.0,176432,110612,0.196,100,True,5743305.0,2026-10-09T07:26:28.282325+00:00
INTU,BEARISH,30.2,61011418.0,18449168.0,42562250.0,-24113082.0,9150,7288,0.223,100,True,19198998.0,2026-10-09T07:26:41.172219+00:00
TLT,BEARISH,19.8,60362583.0,11943197.0,48419386.0,-36476189.0,297731,176264,0.122,100,True,19068690.0,2026-10-09T07:26:56.618924+00:00
IWM,MIXED,56.0,50094386.0,28034039.0,22060347.0,5973692.0,275882,180644,0.113,100,True,4954796.0,2026-10-09T07:26:42.193913+00:00
ASML,MIXED,57.9,44892936.0,25977823.0,18915113.0,7062710.0,10382,9679,0.191,100,True,1974300.0,2026-10-09T07:26:28.121968+00:00
JNJ,BULLISH,96.7,39522705.0,38226350.0,1296355.0,36929995.0,10082,5504,0.159,100,True,31860120.0,2026-10-09T07:26:42.661349+00:00
GOOG,MIXED,64.8,37430671.0,24239667.0,13191004.0,11048663.0,91669,43934,0.167,100,True,1798140.0,2026-10-09T07:26:38.988582+00:00
UNH,MIXED,45.3,22408119.0,10160728.0,12247391.0,-2086663.0,15021,15070,0.16,100,True,3598350.0,2026-10-09T07:26:58.118316+00:00
HD,MIXED,52.6,20195267.0,10630641.0,9564626.0,1066015.0,27999,7954,0.167,100,True,3759000.0,2026-10-09T07:26:39.522400+00:00
FICO,BEARISH,19.0,19411726.0,3691813.0,15719913.0,-12028100.0,2096,1438,0.288,100,True,2062200.0,2026-10-09T07:26:37.124552+00:00
BAC,BEARISH,33.7,18122770.0,6100810.0,12021960.0,-5921150.0,96065,45735,0.162,100,True,6077745.0,2026-10-09T07:26:29.055655+00:00
AXP,BULLISH,94.3,17241306.0,16253530.0,987776.0,15265754.0,15991,3807,0.192,100,True,5890500.0,2026-10-09T07:26:29.131083+00:00
NOW,BULLISH,76.0,16182664.0,12295868.0,3886796.0,8409072.0,49972,19091,0.127,100,True,1284178.0,2026-10-09T07:26:48.776685+00:00
GLD,BEARISH,30.6,15597307.0,4770524.0,10826783.0,-6056259.0,41323,25479,0.168,100,True,2574280.0,2026-10-09T07:26:38.814034+00:00
PEP,MIXED,42.8,15175983.0,6491335.0,8684648.0,-2193313.0,36908,25689,0.131,100,True,3940625.0,2026-10-09T07:26:50.633057+00:00
MCD,MIXED,44.1,14773983.0,6509677.0,8264306.0,-1754629.0,35382,11008,0.147,100,True,3011360.0,2026-10-09T07:26:45.857882+00:00
COST,BULLISH,69.9,14717692.0,10286795.0,4430897.0,5855898.0,16467,10231,0.161,89,True,666600.0,2026-10-09T07:26:33.921295+00:00
WMT,BULLISH,83.9,12653842.0,10618523.0,2035319.0,8583204.0,76620,45532,0.126,100,True,1200414.0,2026-10-09T07:26:59.934952+00:00
BLK,BULLISH,82.9,9374015.0,7774491.0,1599524.0,6174967.0,1339,881,0.184,100,True,1015875.0,2026-10-09T07:26:29.884804+00:00
UBER,BULLISH,67.0,8548046.0,5724812.0,2823234.0,2901578.0,50145,25298,0.133,100,True,1053360.0,2026-10-09T07:26:57.718036+00:00
TMO,MIXED,49.4,7981685.0,3941645.0,4040040.0,-98395.0,4467,5549,0.128,100,True,1826280.0,2026-10-09T07:26:56.533983+00:00
MA,BULLISH,86.8,7503960.0,6514063.0,989897.0,5524166.0,2557,3727,0.157,86,True,615600.0,2026-10-09T07:26:45.731585+00:00
AZO,MIXED,55.4,7394571.0,4096855.0,3297716.0,799139.0,504,616,0.105,8,False,34800.0,2026-10-09T07:26:28.236623+00:00
BRK-B,BULLISH,80.8,6535855.0,5280127.0,1255728.0,4024399.0,12444,12805,0.179,100,True,1074500.0,2026-10-09T07:26:30.050481+00:00
V,BULLISH,67.7,6489944.0,4391560.0,2098384.0,2293176.0,9497,14168,0.16,73,True,370180.0,2026-10-09T07:26:58.590489+00:00
GWW,BULLISH,80.5,6484687.0,5218226.0,1266461.0,3951765.0,521,397,0.456,100,True,3157440.0,2026-10-09T07:26:38.269800+00:00
XLE,BULLISH,87.1,6287683.0,5479652.0,808031.0,4671621.0,41745,24068,0.125,100,True,1061118.0,2026-10-09T07:27:00.585813+00:00
CHTR,BEARISH,15.7,5138892.0,805513.0,4333379.0,-3527866.0,4051,2410,0.3,100,True,2315061.0,2026-10-09T07:26:31.969768+00:00
CVX,BULLISH,82.0,4954700.0,4060507.0,894193.0,3166314.0,17305,8241,0.141,87,True,620830.0,2026-10-09T07:26:34.797752+00:00
FDS,BULLISH,94.6,4918520.0,4651349.0,267171.0,4384178.0,2525,529,0.143,100,True,4456305.0,2026-10-09T07:26:36.712450+00:00
OXY,BULLISH,93.8,4424230.0,4151611.0,272619.0,3878992.0,52395,4123,0.131,100,True,1375968.0,2026-10-09T07:26:50.103052+00:00
LMT,MIXED,54.8,4309494.0,2363517.0,1945977.0,417540.0,2537,1537,0.127,98,True,934371.0,2026-10-09T07:26:45.130858+00:00
APH,MIXED,49.4,4178875.0,2063107.0,2115768.0,-52661.0,4165,10816,0.241,100,True,1001984.0,2026-10-09T07:26:27.091536+00:00
MTD,BULLISH,85.2,3745165.0,3189927.0,555238.0,2634689.0,546,434,0.295,73,True,377330.0,2026-10-09T07:26:47.281230+00:00
ISRG,BULLISH,66.9,3714669.0,2486487.0,1228182.0,1258305.0,1718,1203,0.247,20,False,53630.0,2026-10-09T07:26:41.295991+00:00
KO,BULLISH,90.6,3647703.0,3306160.0,341543.0,2964617.0,18890,7518,0.121,77,True,433000.0,2026-10-09T07:26:43.175546+00:00
XLK,BULLISH,66.6,3637267.0,2420803.0,1216464.0,1204339.0,4375,6416,0.1,60,True,235900.0,2026-10-09T07:27:00.663589+00:00
KR,BULLISH,97.9,3569340.0,3494229.0,75111.0,3419118.0,39556,1179,0.174,100,True,1399495.0,2026-10-09T07:26:43.856591+00:00
STZ,BULLISH,69.6,2812969.0,1957219.0,855750.0,1101469.0,7211,4943,0.186,68,True,307650.0,2026-10-09T07:26:54.535483+00:00
EQIX,BULLISH,71.9,2502952.0,1798414.0,704538.0,1093876.0,753,212,0.091,75,True,403263.0,2026-10-09T07:26:35.823268+00:00
FCNCA,BULLISH,72.4,2429383.0,1759365.0,670018.0,1089347.0,130,127,0.177,0,False,0.0,2026-10-09T07:26:36.302448+00:00
ETN,MIXED,58.9,2295387.0,1351395.0,943992.0,407403.0,1172,1937,0.144,23,False,59400.0,2026-10-09T07:26:37.059242+00:00
CBOE,BULLISH,83.4,2291318.0,1911789.0,379529.0,1532260.0,2291,1015,0.145,61,True,243470.0,2026-10-09T07:26:31.177792+00:00
AON,BEARISH,10.9,2149229.0,234487.0,1914742.0,-1680255.0,475,706,0.282,93,True,776080.0,2026-10-09T07:26:27.217230+00:00
SYK,BULLISH,79.8,2144408.0,1712126.0,432282.0,1279844.0,4700,300,0.125,100,True,1577094.0,2026-10-09T07:26:53.834993+00:00
FTNT,BULLISH,75.6,1946636.0,1472498.0,474138.0,998360.0,1225,1934,0.169,43,True,125840.0,2026-10-09T07:26:38.137090+00:00
SPGI,BEARISH,15.4,1890375.0,290397.0,1599978.0,-1309581.0,1031,1639,0.186,94,True,822501.0,2026-10-09T07:26:54.238843+00:00
PG,BULLISH,76.0,1857850.0,1411659.0,446191.0,965468.0,7469,3902,0.135,55,True,192600.0,2026-10-09T07:26:50.881483+00:00
HLT,BULLISH,90.3,1774640.0,1602675.0,171965.0,1430710.0,425,546,0.209,95,True,841820.0,2026-10-09T07:26:40.090886+00:00
NYT,BEARISH,17.0,1667704.0,284145.0,1383559.0,-1099414.0,4777,1911,0.301,95,True,861000.0,2026-10-09T07:26:48.314028+00:00
CDNS,BULLISH,87.9,1618106.0,1422881.0,195225.0,1227656.0,744,751,0.146,51,True,166500.0,2026-10-09T07:26:31.775354+00:00
MLM,BEARISH,12.6,1523249.0,192287.0,1330962.0,-1138675.0,388,359,0.271,74,True,385560.0,2026-10-09T07:26:46.351054+00:00
NUE,BULLISH,82.2,1465966.0,1205117.0,260849.0,944268.0,539,514,0.503,66,True,288150.0,2026-10-09T07:26:47.983172+00:00
TJX,MIXED,47.2,1440987.0,679962.0,761025.0,-81063.0,1564,1196,0.179,83,True,548514.0,2026-10-09T07:26:56.083261+00:00
DHR,BEARISH,26.5,1321468.0,350569.0,970899.0,-620330.0,1876,2949,0.136,52,True,174420.0,2026-10-09T07:26:34.979700+00:00
VRSN,BULLISH,90.9,1231602.0,1119635.0,111967.0,1007668.0,257,357,0.275,0,False,0.0,2026-10-09T07:26:58.620986+00:00
BN,BEARISH,21.7,1189346.0,258224.0,931122.0,-672898.0,1690,7073,0.26,90,True,696325.0,2026-10-09T07:26:29.257940+00:00
MSI,BULLISH,91.5,1145421.0,1048446.0,96975.0,951471.0,343,107,0.208,86,True,612792.0,2026-10-09T07:26:46.914878+00:00
POOL,BEARISH,4.1,1115490.0,45211.0,1070279.0,-1025068.0,277,524,0.431,59,True,224910.0,2026-10-09T07:26:50.648270+00:00
LIN,MIXED,37.5,1091960.0,409848.0,682112.0,-272264.0,511,779,0.144,34,False,88810.0,2026-10-09T07:26:43.890585+00:00
LEN,MIXED,46.6,952291.0,443542.0,508749.0,-65207.0,2553,6958,0.136,41,True,113900.0,2026-10-09T07:26:44.165149+00:00
ADSK,MIXED,40.7,943677.0,383803.0,559874.0,-176071.0,803,2068,0.216,65,True,276930.0,2026-10-09T07:26:26.113270+00:00
THC,BULLISH,83.1,922273.0,766303.0,155970.0,610333.0,334,140,0.215,86,True,603680.0,2026-10-09T07:26:54.906030+00:00
KHC,MIXED,61.8,875643.0,541018.0,334625.0,206393.0,14124,3327,0.148,48,True,147573.0,2026-10-09T07:26:43.128186+00:00
CME,BULLISH,69.0,852981.0,588820.0,264161.0,324659.0,2384,955,0.143,51,True,169264.0,2026-10-09T07:26:32.778706+00:00
TEVA,BULLISH,93.5,850003.0,794713.0,55290.0,739423.0,5320,697,0.111,58,True,214515.0,2026-10-09T07:26:55.408206+00:00
BSX,BEARISH,8.4,849907.0,71360.0,778547.0,-707187.0,2522,2917,0.151,68,True,315700.0,2026-10-09T07:26:31.033011+00:00
MKC,BEARISH,2.4,815843.0,19335.0,796508.0,-777173.0,162,1734,0.15,93,True,773500.0,2026-10-09T07:26:45.832659+00:00
ABT,BULLISH,67.2,776853.0,521994.0,254859.0,267135.0,1803,867,0.155,42,True,117800.0,2026-10-09T07:26:26.067104+00:00
VEEV,BULLISH,79.5,764906.0,608393.0,156513.0,451880.0,276,156,0.106,0,False,0.0,2026-10-09T07:26:57.651395+00:00
SHW,BULLISH,82.7,753535.0,623002.0,130533.0,492469.0,2453,142,0.089,73,True,375950.0,2026-10-09T07:26:53.028649+00:00
COF,MIXED,45.0,744413.0,334792.0,409621.0,-74829.0,1837,1068,0.129,52,True,172074.0,2026-10-09T07:26:33.055457+00:00
AJG,MIXED,65.0,637275.0,413998.0,223277.0,190721.0,310,133,0.214,0,False,0.0,2026-10-09T07:26:25.282527+00:00
ODFL,BULLISH,79.0,635287.0,502047.0,133240.0,368807.0,483,216,1.029,0,False,0.0,2026-10-09T07:26:48.346478+00:00
DPZ,MIXED,41.4,630332.0,261082.0,369250.0,-108168.0,364,307,0.128,37,False,99110.0,2026-10-09T07:26:34.234941+00:00
RMD,BULLISH,90.8,618997.0,562334.0,56663.0,505671.0,470,237,0.501,47,True,145000.0,2026-10-09T07:26:51.841533+00:00
CNI,BEARISH,31.8,585458.0,186440.0,399018.0,-212578.0,291,293,0.277,65,True,277350.0,2026-10-09T07:26:32.110850+00:00
DVA,MIXED,42.1,570404.0,240089.0,330315.0,-90226.0,553,680,0.491,24,False,62700.0,2026-10-09T07:26:35.087725+00:00
ZTS,MIXED,37.6,556210.0,209283.0,346927.0,-137644.0,839,1144,0.39,41,True,115810.0,2026-10-09T07:27:00.465347+00:00
ITW,BULLISH,95.8,555657.0,532498.0,23159.0,509339.0,5159,108,0.156,9,False,35007.0,2026-10-09T07:26:41.042647+00:00
EFX,BEARISH,16.0,546788.0,87565.0,459223.0,-371658.0,388,403,0.169,52,True,175120.0,2026-10-09T07:26:35.716220+00:00
ROP,BULLISH,71.3,495245.0,352927.0,142318.0,210609.0,153,88,0.36,0,False,0.0,2026-10-09T07:26:52.617868+00:00
XLF,MIXED,45.5,490774.0,223106.0,267668.0,-44562.0,11497,6473,0.138,52,True,172692.0,2026-10-09T07:27:00.647396+00:00
WM,MIXED,63.7,484445.0,308381.0,176064.0,132317.0,521,394,0.169,24,False,61965.0,2026-10-09T07:26:58.900099+00:00
ICE,MIXED,63.1,476143.0,300387.0,175756.0,124631.0,2032,1461,0.129,37,False,99320.0,2026-10-09T07:26:40.815195+00:00
GGG,BULLISH,96.3,466129.0,449095.0,17034.0,432061.0,163,41,0.324,76,True,425780.0,2026-10-09T07:26:37.676556+00:00
TT,BULLISH,71.4,444910.0,317873.0,127037.0,190836.0,155,107,0.104,0,False,0.0,2026-10-09T07:26:56.022431+00:00
PAYX,BULLISH,80.7,426211.0,344031.0,82180.0,261851.0,2290,1225,0.127,65,True,281436.0,2026-10-09T07:26:49.482526+00:00
CB,MIXED,51.7,380361.0,196607.0,183754.0,12853.0,315,503,0.107,36,False,97340.0,2026-10-09T07:26:30.313531+00:00
SAP,MIXED,50.6,379969.0,192114.0,187855.0,4259.0,1170,314,0.153,35,False,93049.0,2026-10-09T07:26:53.601040+00:00
HEI,BEARISH,31.5,377094.0,118606.0,258488.0,-139882.0,120,135,0.279,0,False,0.0,2026-10-09T07:26:38.971622+00:00
ORLY,MIXED,63.8,374925.0,239341.0,135584.0,103757.0,650,682,0.326,30,False,76800.0,2026-10-09T07:26:49.008028+00:00
RACE,MIXED,46.3,367872.0,170203.0,197669.0,-27466.0,432,327,0.192,7,False,32844.0,2026-10-09T07:26:52.535924+00:00
MCO,MIXED,44.4,367519.0,163304.0,204215.0,-40911.0,169,181,0.156,0,False,0.0,2026-10-09T07:26:45.215674+00:00
IDXX,MIXED,35.9,366819.0,131709.0,235110.0,-103401.0,423,205,0.375,5,False,30992.0,2026-10-09T07:26:39.977575+00:00
MANH,BULLISH,81.4,352477.0,286776.0,65701.0,221075.0,109,108,0.914,0,False,0.0,2026-10-09T07:26:44.864293+00:00
MSCI,MIXED,35.6,348452.0,124091.0,224361.0,-100270.0,129,203,0.146,52,True,171120.0,2026-10-09T07:26:46.725935+00:00
AME,BULLISH,88.9,339337.0,301717.0,37620.0,264097.0,286,86,0.139,46,True,137610.0,2026-10-09T07:26:26.303785+00:00
UNP,MIXED,57.0,337641.0,192569.0,145072.0,47497.0,880,430,0.17,0,False,0.0,2026-10-09T07:26:57.928987+00:00
CPRT,BEARISH,17.4,323134.0,56165.0,266969.0,-210804.0,917,619,0.161,43,True,123900.0,2026-10-09T07:26:33.078096+00:00
CRH,MIXED,63.2,315287.0,199204.0,116083.0,83121.0,1102,354,0.128,32,False,82628.0,2026-10-09T07:26:34.029757+00:00
ADP,MIXED,60.9,314909.0,191777.0,123132.0,68645.0,666,430,0.116,7,False,32430.0,2026-10-09T07:26:26.084599+00:00
MRSH,BEARISH,28.6,246887.0,70717.0,176170.0,-105453.0,163,788,0.203,42,True,120540.0,2026-10-09T07:26:46.216339+00:00
ROL,MIXED,41.9,244988.0,102696.0,142292.0,-39596.0,793,295,0.152,24,False,61500.0,2026-10-09T07:26:51.897077+00:00
CP,BEARISH,13.0,223927.0,29093.0,194834.0,-165741.0,114,344,0.081,32,False,84240.0,2026-10-09T07:26:32.974952+00:00
FERG,BEARISH,16.4,210920.0,34508.0,176412.0,-141904.0,50,170,0.133,0,False,0.0,2026-10-09T07:26:36.840812+00:00
HHH,BULLISH,96.1,202030.0,194139.0,7891.0,186248.0,221,92,0.255,48,True,150400.0,2026-10-09T07:26:39.191400+00:00
TECK,BULLISH,78.3,201009.0,157478.0,43531.0,113947.0,731,291,0.162,31,False,79900.0,2026-10-09T07:26:54.841429+00:00
ECL,MIXED,52.6,188497.0,99191.0,89306.0,9885.0,183,1838,0.308,25,False,62900.0,2026-10-09T07:26:35.224755+00:00
VRSK,BULLISH,91.8,177734.0,163242.0,14492.0,148750.0,1169,19,0.078,45,True,132704.0,2026-10-09T07:26:58.529191+00:00
PGR,BULLISH,65.1,176640.0,115038.0,61602.0,53436.0,658,536,0.14,0,False,0.0,2026-10-09T07:26:50.908642+00:00
FAST,MIXED,51.0,167694.0,85606.0,82088.0,3518.0,701,401,0.157,13,False,41768.0,2026-10-09T07:26:36.051999+00:00
BR,BEARISH,21.8,158868.0,34656.0,124212.0,-89556.0,132,166,0.096,0,False,0.0,2026-10-09T07:26:29.300793+00:00
RSG,BULLISH,80.8,150011.0,121206.0,28805.0,92401.0,193,79,0.34,0,False,0.0,2026-10-09T07:26:52.777792+00:00
CHD,BULLISH,93.6,146971.0,137568.0,9403.0,128165.0,182,145,0.416,0,False,0.0,2026-10-09T07:26:31.049329+00:00
VLTO,BULLISH,97.4,142857.0,139151.0,3706.0,135445.0,123,22,0.331,38,True,102960.0,2026-10-09T07:26:57.564553+00:00
WST,BULLISH,80.3,140034.0,112400.0,27634.0,84766.0,130,71,0.081,0,False,0.0,2026-10-09T07:26:59.499456+00:00
ERIE,BULLISH,78.0,133021.0,103799.0,29222.0,74577.0,956,40,0.097,24,False,61272.0,2026-10-09T07:26:35.918337+00:00
ATO,MIXED,41.8,129213.0,53995.0,75218.0,-21223.0,59,104,0.279,0,False,0.0,2026-10-09T07:26:27.246027+00:00
YUM,BEARISH,30.8,123698.0,38152.0,85546.0,-47394.0,197,237,0.137,0,False,0.0,2026-10-09T07:27:00.000874+00:00
CTAS,MIXED,50.6,116816.0,59136.0,57680.0,1456.0,202,228,0.114,0,False,0.0,2026-10-09T07:26:34.704280+00:00
TYL,MIXED,53.9,112014.0,60393.0,51621.0,8772.0,85,73,0.156,0,False,0.0,2026-10-09T07:26:56.545504+00:00
LPX,BULLISH,76.5,109877.0,84078.0,25799.0,58279.0,74,80,0.311,0,False,0.0,2026-10-09T07:26:44.245074+00:00
OTIS,BULLISH,73.4,109773.0,80521.0,29252.0,51269.0,234,153,0.096,14,False,42840.0,2026-10-09T07:26:49.061809+00:00
ALLY,BEARISH,25.7,108007.0,27723.0,80284.0,-52561.0,627,352,0.221,0,False,0.0,2026-10-09T07:26:25.254384+00:00
QSR,BEARISH,33.2,99763.0,33138.0,66625.0,-33487.0,4052,249,0.141,9,False,35720.0,2026-10-09T07:26:51.656862+00:00
NDSN,BULLISH,92.7,96817.0,89739.0,7078.0,82661.0,115,11,0.036,0,False,0.0,2026-10-09T07:26:47.309906+00:00
NDAQ,MIXED,46.8,94953.0,44459.0,50494.0,-6035.0,421,304,0.099,0,False,0.0,2026-10-09T07:26:47.968634+00:00
IT,MIXED,55.0,78440.0,43161.0,35279.0,7882.0,105,148,0.161,0,False,0.0,2026-10-09T07:26:40.840663+00:00
HRI,MIXED,42.1,73635.0,31010.0,42625.0,-11615.0,276,51,0.176,0,False,0.0,2026-10-09T07:26:39.868664+00:00
PSA,BEARISH,16.6,72328.0,12014.0,60314.0,-48300.0,56,48,0.089,0,False,0.0,2026-10-09T07:26:50.731094+00:00
DSGX,BEARISH,13.6,62403.0,8484.0,53919.0,-45435.0,36,312,0.097,18,False,49000.0,2026-10-09T07:26:34.959847+00:00
TW,BULLISH,77.4,60321.0,46713.0,13608.0,33105.0,64,22,0.343,0,False,0.0,2026-10-09T07:26:55.926613+00:00
CL,BULLISH,72.7,59482.0,43233.0,16249.0,26984.0,308,220,0.079,0,False,0.0,2026-10-09T07:26:32.140118+00:00
BRO,BEARISH,21.4,51635.0,11072.0,40563.0,-29491.0,35,415,0.102,3,False,28320.0,2026-10-09T07:26:30.024068+00:00
KD,BULLISH,87.6,50114.0,43876.0,6238.0,37638.0,494,78,0.13,0,False,0.0,2026-10-09T07:26:42.060332+00:00
AWK,BEARISH,10.9,32788.0,3587.0,29201.0,-25614.0,69,94,0.084,0,False,0.0,2026-10-09T07:26:28.044537+00:00
FHN,BULLISH,68.5,30176.0,20674.0,9502.0,11172.0,183,109,0.169,0,False,0.0,2026-10-09T07:26:37.011381+00:00
KVUE,BULLISH,65.6,26266.0,17222.0,9044.0,8178.0,305,587,0.135,0,False,0.0,2026-10-09T07:26:43.869974+00:00
WCN,BEARISH,23.6,23493.0,5534.0,17959.0,-12425.0,37,132,0.088,0,False,0.0,2026-10-09T07:26:58.754506+00:00
RELX,BULLISH,72.2,16589.0,11978.0,4611.0,7367.0,54,22,0.792,0,False,0.0,2026-10-09T07:26:51.691450+00:00
JKHY,BEARISH,22.7,13029.0,2957.0,10072.0,-7115.0,20,25,0.118,0,False,0.0,2026-10-09T07:26:41.927302+00:00
GPK,MIXED,44.6,1415.0,631.0,784.0,-153.0,41,7,0.2,0,False,0.0,2026-10-09T07:26:37.995675+00:00
